{
  "timestamp": "20260413_001451",
  "file_ids": [
    "1",
    "2",
    "3",
    "4",
    "6",
    "7",
    "8",
    "10",
    "11",
    "12",
    "13",
    "14",
    "15",
    "16",
    "17",
    "18",
    "19",
    "20",
    "21",
    "22",
    "23",
    "24",
    "25",
    "26",
    "27",
    "28",
    "29",
    "30",
    "31",
    "33",
    "34",
    "35",
    "36",
    "37",
    "38",
    "39",
    "40",
    "41",
    "42",
    "43",
    "45",
    "46",
    "47",
    "48",
    "49",
    "50",
    "51",
    "52",
    "53",
    "54",
    "..."
  ],
  "total_samples": 4621,
  "train_samples": 3234,
  "val_samples": 462,
  "test_samples": 925,
  "evaluation": {
    "aggression": {
      "MAE": 0.20795413851737976,
      "RMSE": 0.2972032965383892,
      "R2": -0.003499746322631836
    },
    "stress": {
      "MAE": 0.2994650602340698,
      "RMSE": 0.385626898811896,
      "R2": -0.0021736621856689453
    },
    "tension": {
      "MAE": 0.2640938460826874,
      "RMSE": 0.3433210232161239,
      "R2": -0.005719780921936035
    },
    "suspicious": {
      "MAE": 0.19602826237678528,
      "RMSE": 0.2634313546003557,
      "R2": -0.001267075538635254
    },
    "balance": {
      "MAE": 0.2688423693180084,
      "RMSE": 0.35329536826509333,
      "R2": -0.018768668174743652
    },
    "confidence": {
      "MAE": 0.2711912989616394,
      "RMSE": 0.35273822642913644,
      "R2": -0.007640361785888672
    },
    "vitality": {
      "MAE": 0.3027893304824829,
      "RMSE": 0.3821079036830169,
      "R2": 0.008172273635864258
    },
    "self_regulation": {
      "MAE": 0.25578173995018005,
      "RMSE": 0.32500860221188976,
      "R2": -0.019332289695739746
    },
    "depression": {
      "MAE": 0.28164899349212646,
      "RMSE": 0.3697219791924257,
      "R2": -0.006134152412414551
    },
    "neuroticism": {
      "MAE": 0.2921907305717468,
      "RMSE": 0.36815764727682276,
      "R2": -0.008716702461242676
    }
  }
}