{
  "dominant_freq": [
    0.27761711972238284,
    0.27453462567966386,
    4.098138283441798
  ],
  "amp_mean_x": [
    0.38687917590141296,
    1.915971040725708,
    2.562378168106079
  ],
  "amp_mean_y": [
    0.6919631361961365,
    2.924973487854004,
    5.746667385101318
  ],
  "symmetry_ratio": [
    0.5591037273406982,
    0.6550387740135193,
    0.445889413356781
  ],
  "energy_distribution": [
    0.2682281732559204,
    0.22204627096652985,
    0.5814577341079712
  ],
  "motion_stability": [
    1.613530158996582,
    2.7171120643615723,
    2.9211955070495605
  ],
  "freq_entropy": [
    8.98542594909668,
    8.90751838684082,
    7.863123416900635
  ]
}