{
  "dominant_freq": [
    0.5479350704826996,
    3.8733606138107413,
    3.552,
    4.521071672354948
  ],
  "amp_mean_x": [
    0.4356327950954437,
    0.6282612681388855,
    0.33189067244529724,
    0.8217862844467163
  ],
  "amp_mean_y": [
    1.0149623155593872,
    0.8017131090164185,
    0.5121651291847229,
    1.2410389184951782
  ],
  "symmetry_ratio": [
    0.4292108118534088,
    0.7836484909057617,
    0.6480149626731873,
    0.6621760725975037
  ],
  "energy_distribution": [
    0.24697783589363098,
    0.2277720868587494,
    0.2853699326515198,
    0.17370042204856873
  ],
  "motion_stability": [
    2.729077100753784,
    2.5280332565307617,
    1.9500806331634521,
    2.7464704513549805
  ],
  "freq_entropy": [
    10.332076072692871,
    10.225603103637695,
    9.846710205078125,
    10.299246788024902
  ]
}