{
  "dominant_freq": [
    0.10290128755364807,
    0.6688042105263157,
    0.1009515789473684
  ],
  "amp_mean_x": [
    1.681127667427063,
    0.08639296889305115,
    0.1192929819226265
  ],
  "amp_mean_y": [
    3.7671666145324707,
    0.25297439098358154,
    0.2654774785041809
  ],
  "symmetry_ratio": [
    0.4462578594684601,
    0.34150874614715576,
    0.44935256242752075
  ],
  "energy_distribution": [
    0.5873842835426331,
    0.27075111865997314,
    0.4042077362537384
  ],
  "motion_stability": [
    5.149392127990723,
    2.115600824356079,
    1.1489171981811523
  ],
  "freq_entropy": [
    8.34558391571045,
    8.996360778808594,
    8.750815391540527
  ]
}