{
  "dominant_freq": [
    5.993999999999999,
    0.4542821052631578,
    4.959246315789473
  ],
  "amp_mean_x": [
    0.09098362922668457,
    0.068361297249794,
    0.07445230334997177
  ],
  "amp_mean_y": [
    0.12555654346942902,
    0.091506727039814,
    0.0774569883942604
  ],
  "symmetry_ratio": [
    0.7246426939964294,
    0.7470631003379822,
    0.9612083435058594
  ],
  "energy_distribution": [
    0.19708016514778137,
    0.20430967211723328,
    0.1823922097682953
  ],
  "motion_stability": [
    2.083150625228882,
    1.2440409660339355,
    1.4850363731384277
  ],
  "freq_entropy": [
    9.278921127319336,
    8.983777046203613,
    8.916409492492676
  ]
}