{
  "dominant_freq": [
    0.5506607929515418,
    0.7382892057026478
  ],
  "amp_mean_x": [
    0.3113078773021698,
    1.4426175355911255
  ],
  "amp_mean_y": [
    0.4065614938735962,
    1.6321332454681396
  ],
  "symmetry_ratio": [
    0.7657092213630676,
    0.8838846683502197
  ],
  "energy_distribution": [
    0.2793461084365845,
    0.31560900807380676
  ],
  "motion_stability": [
    4.073936462402344,
    2.3297202587127686
  ],
  "freq_entropy": [
    10.236515045166016,
    10.27325439453125
  ]
}