{
  "dominant_freq": [
    7.5016508914813995,
    2.101898101898102
  ],
  "amp_mean_x": [
    0.8128932118415833,
    0.527213990688324
  ],
  "amp_mean_y": [
    1.3112269639968872,
    0.19293490052223206
  ],
  "symmetry_ratio": [
    0.6199485063552856,
    2.732600450515747
  ],
  "energy_distribution": [
    0.15871737897396088,
    0.22281235456466675
  ],
  "motion_stability": [
    4.155857563018799,
    2.2588720321655273
  ],
  "freq_entropy": [
    9.657060623168945,
    9.695194244384766
  ]
}