{
  "dominant_freq": [
    0.1,
    3.85,
    0.1,
    0.1,
    0.3
  ],
  "amp_mean_x": [
    0.059178780764341354,
    0.029581798240542412,
    0.0642646998167038,
    0.23344644904136658,
    0.03683293238282204
  ],
  "amp_mean_y": [
    0.06876829266548157,
    0.06468495726585388,
    0.1532651036977768,
    0.16447775065898895,
    0.04880157485604286
  ],
  "symmetry_ratio": [
    0.8605532646179199,
    0.4573211371898651,
    0.4193041920661926,
    1.4193192720413208,
    0.7547488212585449
  ],
  "energy_distribution": [
    0.22821609675884247,
    0.27274590730667114,
    0.31987255811691284,
    0.4463513493537903,
    0.2299768328666687
  ],
  "motion_stability": [
    1.3953616619110107,
    1.1422500610351562,
    0.7629861831665039,
    2.6546413898468018,
    1.3649439811706543
  ],
  "freq_entropy": [
    8.016546249389648,
    7.820196151733398,
    7.8880743980407715,
    7.7437944412231445,
    7.9411468505859375
  ]
}