{
  "dominant_freq": [
    0.2902360797097639,
    0.2902360797097639,
    0.2902360797097639
  ],
  "amp_mean_x": [
    0.09973839670419693,
    0.0785890445113182,
    0.13183870911598206
  ],
  "amp_mean_y": [
    0.16862088441848755,
    0.20695188641548157,
    0.23989295959472656
  ],
  "symmetry_ratio": [
    0.5914949178695679,
    0.3797454833984375,
    0.5495730638504028
  ],
  "energy_distribution": [
    0.23970121145248413,
    0.274051696062088,
    0.2963245213031769
  ],
  "motion_stability": [
    1.2215042114257812,
    1.1274555921554565,
    1.7814693450927734
  ],
  "freq_entropy": [
    8.93429183959961,
    8.89639949798584,
    8.916967391967773
  ]
}