{
  "dominant_freq": [
    3.2357142857142858,
    0.1001908396946565
  ],
  "amp_mean_x": [
    0.3433903157711029,
    0.738804817199707
  ],
  "amp_mean_y": [
    0.2704240679740906,
    0.5495732426643372
  ],
  "symmetry_ratio": [
    1.2698215246200562,
    1.3443245887756348
  ],
  "energy_distribution": [
    0.26209014654159546,
    0.4805119037628174
  ],
  "motion_stability": [
    1.485215663909912,
    3.079061269760132
  ],
  "freq_entropy": [
    9.424891471862793,
    8.983680725097656
  ]
}