{
  "dominant_freq": [
    4.776824034334765,
    0.8745980707395499,
    0.43174603174603177
  ],
  "amp_mean_x": [
    2.1201107501983643,
    1.861183762550354,
    0.7497439384460449
  ],
  "amp_mean_y": [
    3.211829423904419,
    2.634904146194458,
    1.8275132179260254
  ],
  "symmetry_ratio": [
    0.6600944399833679,
    0.7063573002815247,
    0.410253643989563
  ],
  "energy_distribution": [
    0.21279694139957428,
    0.2274167239665985,
    0.33639490604400635
  ],
  "motion_stability": [
    2.3632874488830566,
    1.7036664485931396,
    1.7813934087753296
  ],
  "freq_entropy": [
    8.994678497314453,
    8.94963264465332,
    8.965201377868652
  ]
}