{
  "dominant_freq": [
    1.2,
    0.48,
    1.6907044601917467
  ],
  "amp_mean_x": [
    0.10878261923789978,
    0.10037372261285782,
    0.17976097762584686
  ],
  "amp_mean_y": [
    0.09797525405883789,
    0.11587785184383392,
    0.14181390404701233
  ],
  "symmetry_ratio": [
    1.1103070974349976,
    0.8662028312683105,
    1.2675836086273193
  ],
  "energy_distribution": [
    0.21508046984672546,
    0.18829557299613953,
    0.14358477294445038
  ],
  "motion_stability": [
    3.8213837146759033,
    1.37005615234375,
    3.3516252040863037
  ],
  "freq_entropy": [
    10.63688850402832,
    10.23859977722168,
    10.365612983703613
  ]
}