{
  "dominant_freq": [
    0.5497461118762894,
    2.7058655630084205,
    2.6202369059511916,
    0.25688597117168543
  ],
  "amp_mean_x": [
    2.484980821609497,
    0.30881357192993164,
    0.3342949151992798,
    0.19286882877349854
  ],
  "amp_mean_y": [
    2.431253671646118,
    0.7397168874740601,
    0.8641139268875122,
    0.3973282277584076
  ],
  "symmetry_ratio": [
    1.0220985412597656,
    0.4174753427505493,
    0.38686439394950867,
    0.4854143559932709
  ],
  "energy_distribution": [
    0.22474056482315063,
    0.32539552450180054,
    0.31742483377456665,
    0.23288387060165405
  ],
  "motion_stability": [
    4.940160751342773,
    1.8759061098098755,
    2.1261672973632812,
    3.0702075958251953
  ],
  "freq_entropy": [
    8.4839448928833,
    8.441208839416504,
    8.441986083984375,
    8.802421569824219
  ]
}