{
  "dominant_freq": [
    1.356808022922636,
    0.46239428571428576,
    0.47952,
    5.531605714285714
  ],
  "amp_mean_x": [
    0.0933694839477539,
    0.08033780008554459,
    0.08777305483818054,
    0.11626771092414856
  ],
  "amp_mean_y": [
    0.16892339289188385,
    0.05503687635064125,
    0.05726933106780052,
    0.07032912224531174
  ],
  "symmetry_ratio": [
    0.5527327060699463,
    1.459708571434021,
    1.532636284828186,
    1.6531944274902344
  ],
  "energy_distribution": [
    0.17709076404571533,
    0.2953757047653198,
    0.20723764598369598,
    0.20401744544506073
  ],
  "motion_stability": [
    4.220832347869873,
    1.7498676776885986,
    1.5455535650253296,
    1.6605100631713867
  ],
  "freq_entropy": [
    9.000991821289062,
    8.464330673217773,
    8.521111488342285,
    8.541357040405273
  ]
}