{
  "dominant_freq": [
    1.3161293617021275,
    0.45911489361702124
  ],
  "amp_mean_x": [
    0.38203147053718567,
    0.31681910157203674
  ],
  "amp_mean_y": [
    0.3469208776950836,
    0.19091492891311646
  ],
  "symmetry_ratio": [
    1.1012063026428223,
    1.6594778299331665
  ],
  "energy_distribution": [
    0.2576862871646881,
    0.3311053514480591
  ],
  "motion_stability": [
    1.7832459211349487,
    1.9101877212524414
  ],
  "freq_entropy": [
    10.28326416015625,
    10.028453826904297
  ]
}