{
  "dominant_freq": [
    0.32513005202080825,
    0.305
  ],
  "amp_mean_x": [
    0.10024067759513855,
    0.23756155371665955
  ],
  "amp_mean_y": [
    0.12495467066764832,
    0.23312832415103912
  ],
  "symmetry_ratio": [
    0.8022163510322571,
    1.0190162658691406
  ],
  "energy_distribution": [
    0.30710405111312866,
    0.22349052131175995
  ],
  "motion_stability": [
    2.6040401458740234,
    2.0821549892425537
  ],
  "freq_entropy": [
    10.354818344116211,
    10.200315475463867
  ]
}