{
  "dominant_freq": [
    0.11997998331943285,
    1.5384599999999997
  ],
  "amp_mean_x": [
    0.37350642681121826,
    0.4231269359588623
  ],
  "amp_mean_y": [
    0.47681498527526855,
    0.3667755424976349
  ],
  "symmetry_ratio": [
    0.7833361625671387,
    1.1536400318145752
  ],
  "energy_distribution": [
    0.23614947497844696,
    0.23953191936016083
  ],
  "motion_stability": [
    4.536418914794922,
    1.917752742767334
  ],
  "freq_entropy": [
    9.343311309814453,
    9.318343162536621
  ]
}