{
  "dominant_freq": [
    4.997885835095138,
    2.2851063829787237,
    3.87633262260128
  ],
  "amp_mean_x": [
    0.7547736167907715,
    1.2533726692199707,
    0.6780692934989929
  ],
  "amp_mean_y": [
    1.552321434020996,
    2.614272356033325,
    2.6397664546966553
  ],
  "symmetry_ratio": [
    0.486222505569458,
    0.479434609413147,
    0.2568671405315399
  ],
  "energy_distribution": [
    0.15440522134304047,
    0.2801472246646881,
    0.404130220413208
  ],
  "motion_stability": [
    3.575078010559082,
    3.4292051792144775,
    3.73490047454834
  ],
  "freq_entropy": [
    9.101628303527832,
    9.114153861999512,
    8.991870880126953
  ]
}