{
  "dominant_freq": [
    0.3085714285714286,
    4.681460272011454
  ],
  "amp_mean_x": [
    0.4485081732273102,
    0.2632109522819519
  ],
  "amp_mean_y": [
    0.555739164352417,
    0.30553677678108215
  ],
  "symmetry_ratio": [
    0.807047963142395,
    0.8614705801010132
  ],
  "energy_distribution": [
    0.19320863485336304,
    0.28556835651397705
  ],
  "motion_stability": [
    2.361453056335449,
    1.5266602039337158
  ],
  "freq_entropy": [
    9.525720596313477,
    9.039716720581055
  ]
}