{
  "dominant_freq": [
    0.14806303236797275,
    5.723402044293016
  ],
  "amp_mean_x": [
    0.23468779027462006,
    0.13418319821357727
  ],
  "amp_mean_y": [
    0.5123990774154663,
    0.2655213177204132
  ],
  "symmetry_ratio": [
    0.45801758766174316,
    0.5053575038909912
  ],
  "energy_distribution": [
    0.24494986236095428,
    0.19247782230377197
  ],
  "motion_stability": [
    3.3031516075134277,
    2.3066635131835938
  ],
  "freq_entropy": [
    10.27662467956543,
    10.365497589111328
  ]
}