{
  "dominant_freq": [
    2.8425154639175254,
    0.45383142857142855
  ],
  "amp_mean_x": [
    0.7086966633796692,
    0.07920040935277939
  ],
  "amp_mean_y": [
    0.6186032295227051,
    0.08132631331682205
  ],
  "symmetry_ratio": [
    1.1456401348114014,
    0.9738596081733704
  ],
  "energy_distribution": [
    0.21504022181034088,
    0.21416598558425903
  ],
  "motion_stability": [
    7.439944267272949,
    1.3911094665527344
  ],
  "freq_entropy": [
    9.581355094909668,
    9.509012222290039
  ]
}