{
  "dominant_freq": [
    0.1126126126126126,
    0.1125
  ],
  "amp_mean_x": [
    0.7718384861946106,
    0.8180002570152283
  ],
  "amp_mean_y": [
    0.7163608074188232,
    0.7237303256988525
  ],
  "symmetry_ratio": [
    1.0774437189102173,
    1.1302555799484253
  ],
  "energy_distribution": [
    0.22449642419815063,
    0.3404514789581299
  ],
  "motion_stability": [
    3.8784255981445312,
    3.0662145614624023
  ],
  "freq_entropy": [
    9.067399024963379,
    8.735060691833496
  ]
}