{
  "dominant_freq": [
    2.4208242950108465
  ],
  "amp_mean_x": [
    2.6508266925811768
  ],
  "amp_mean_y": [
    4.034503936767578
  ],
  "symmetry_ratio": [
    0.6570390462875366
  ],
  "energy_distribution": [
    0.265290766954422
  ],
  "motion_stability": [
    2.9231221675872803
  ],
  "freq_entropy": [
    10.267980575561523
  ]
}