{
  "dominant_freq": [
    0.15789473684210528,
    0.10105263157894738,
    4.972515856236787
  ],
  "amp_mean_x": [
    0.10516979545354843,
    0.17469370365142822,
    0.06050271913409233
  ],
  "amp_mean_y": [
    0.2204756736755371,
    0.27229106426239014,
    0.10117893666028976
  ],
  "symmetry_ratio": [
    0.47701314091682434,
    0.6415697336196899,
    0.5979773998260498
  ],
  "energy_distribution": [
    0.21063333749771118,
    0.24423900246620178,
    0.23579594492912292
  ],
  "motion_stability": [
    2.716160297393799,
    1.6946035623550415,
    1.9127843379974365
  ],
  "freq_entropy": [
    9.083995819091797,
    9.015217781066895,
    9.177119255065918
  ]
}