{
  "dominant_freq": [
    0.11293043478260867,
    0.2748727810650888
  ],
  "amp_mean_x": [
    0.9237809181213379,
    2.206913948059082
  ],
  "amp_mean_y": [
    1.3416410684585571,
    4.589240074157715
  ],
  "symmetry_ratio": [
    0.6885455250740051,
    0.4808887541294098
  ],
  "energy_distribution": [
    0.24610106647014618,
    0.21493369340896606
  ],
  "motion_stability": [
    3.5758256912231445,
    2.508781909942627
  ],
  "freq_entropy": [
    9.527597427368164,
    9.513713836669922
  ]
}