{
  "dominant_freq": [
    3.950381679389313,
    3.4628571428571426
  ],
  "amp_mean_x": [
    0.29769372940063477,
    0.3911387324333191
  ],
  "amp_mean_y": [
    1.1492161750793457,
    0.30195626616477966
  ],
  "symmetry_ratio": [
    0.2590406835079193,
    1.2953490018844604
  ],
  "energy_distribution": [
    0.6049346327781677,
    0.20272406935691833
  ],
  "motion_stability": [
    4.365591049194336,
    2.606874465942383
  ],
  "freq_entropy": [
    8.697697639465332,
    9.013307571411133
  ]
}