{
  "dominant_freq": [
    0.1,
    0.1,
    0.3,
    0.3,
    0.1
  ],
  "amp_mean_x": [
    0.14077994227409363,
    0.1415259838104248,
    0.12266864627599716,
    0.22825171053409576,
    0.16479134559631348
  ],
  "amp_mean_y": [
    0.4423755407333374,
    0.46919211745262146,
    0.5373536944389343,
    0.24262697994709015,
    0.1776326596736908
  ],
  "symmetry_ratio": [
    0.31823626160621643,
    0.30163758993148804,
    0.2282828688621521,
    0.9407515525817871,
    0.927708625793457
  ],
  "energy_distribution": [
    0.41154491901397705,
    0.34446388483047485,
    0.38592860102653503,
    0.3443358838558197,
    0.41610226035118103
  ],
  "motion_stability": [
    1.0051082372665405,
    0.9271548986434937,
    0.8006064295768738,
    1.066124439239502,
    1.0071899890899658
  ],
  "freq_entropy": [
    7.660312652587891,
    7.587575912475586,
    7.661256790161133,
    7.540736198425293,
    7.632974147796631
  ]
}