{
  "dominant_freq": [
    4.915084915084915,
    2.3651658375446423,
    1.4391044968621414
  ],
  "amp_mean_x": [
    0.312844455242157,
    0.6966637372970581,
    1.007196307182312
  ],
  "amp_mean_y": [
    0.2267618477344513,
    1.0290511846542358,
    1.5111231803894043
  ],
  "symmetry_ratio": [
    1.3796168565750122,
    0.6769961714744568,
    0.6665216684341431
  ],
  "energy_distribution": [
    0.23401279747486115,
    0.24626895785331726,
    0.21139878034591675
  ],
  "motion_stability": [
    2.3757452964782715,
    4.700860977172852,
    2.738919496536255
  ],
  "freq_entropy": [
    8.972210884094238,
    8.946240425109863,
    8.908173561096191
  ]
}