{
  "dominant_freq": [
    0.71928,
    0.11131714285714286
  ],
  "amp_mean_x": [
    0.15352663397789001,
    0.19546763598918915
  ],
  "amp_mean_y": [
    0.26950913667678833,
    0.38294515013694763
  ],
  "symmetry_ratio": [
    0.569652795791626,
    0.5104324817657471
  ],
  "energy_distribution": [
    0.162775918841362,
    0.28766652941703796
  ],
  "motion_stability": [
    1.9240931272506714,
    1.6157580614089966
  ],
  "freq_entropy": [
    9.521403312683105,
    9.469866752624512
  ]
}