{
  "dominant_freq": [
    3.317192307692308,
    4.550283870967741,
    8.322141630901287
  ],
  "amp_mean_x": [
    2.566850185394287,
    2.1883811950683594,
    1.2694395780563354
  ],
  "amp_mean_y": [
    4.651786804199219,
    3.652074098587036,
    2.6316633224487305
  ],
  "symmetry_ratio": [
    0.5517987608909607,
    0.5992159843444824,
    0.48237156867980957
  ],
  "energy_distribution": [
    0.12450583279132843,
    0.2443631887435913,
    0.20240165293216705
  ],
  "motion_stability": [
    3.0457727909088135,
    2.004415273666382,
    2.2482616901397705
  ],
  "freq_entropy": [
    9.009456634521484,
    8.808135032653809,
    9.006620407104492
  ]
}