{
  "dominant_freq": [
    2.648829431438127,
    0.46499999999999997,
    0.475
  ],
  "amp_mean_x": [
    0.11448698490858078,
    0.08812341839075089,
    0.24604713916778564
  ],
  "amp_mean_y": [
    0.21405591070652008,
    0.17106692492961884,
    0.44833627343177795
  ],
  "symmetry_ratio": [
    0.5348461866378784,
    0.5151399970054626,
    0.5488004088401794
  ],
  "energy_distribution": [
    0.2990920841693878,
    0.355833500623703,
    0.26109570264816284
  ],
  "motion_stability": [
    3.623616933822632,
    1.4411914348602295,
    1.4828014373779297
  ],
  "freq_entropy": [
    10.438812255859375,
    9.885198593139648,
    10.20484733581543
  ]
}