{
  "dominant_freq": [
    0.730110775427996,
    0.1251251251251251
  ],
  "amp_mean_x": [
    2.095122814178467,
    0.9584663510322571
  ],
  "amp_mean_y": [
    4.4097981452941895,
    1.6643894910812378
  ],
  "symmetry_ratio": [
    0.47510629892349243,
    0.5758666396141052
  ],
  "energy_distribution": [
    0.25425419211387634,
    0.296261727809906
  ],
  "motion_stability": [
    2.285827159881592,
    1.4167077541351318
  ],
  "freq_entropy": [
    9.001335144042969,
    8.836235046386719
  ]
}