{
  "dominant_freq": [
    0.13986013986013984,
    0.49950049950049946,
    0.11988011988011987,
    0.5394605394605394
  ],
  "amp_mean_x": [
    0.23539316654205322,
    0.296417236328125,
    0.4424082934856415,
    0.2505240738391876
  ],
  "amp_mean_y": [
    0.8631871342658997,
    0.4849781394004822,
    0.7942926287651062,
    0.9605286717414856
  ],
  "symmetry_ratio": [
    0.2727023661136627,
    0.6111971139907837,
    0.556984007358551,
    0.2608189582824707
  ],
  "energy_distribution": [
    0.4069136381149292,
    0.3122336268424988,
    0.38730865716934204,
    0.31263992190361023
  ],
  "motion_stability": [
    1.0568058490753174,
    0.9108186960220337,
    2.5084481239318848,
    0.8949646949768066
  ],
  "freq_entropy": [
    8.118176460266113,
    8.098552703857422,
    8.093704223632812,
    8.240998268127441
  ]
}