{
  "dominant_freq": [
    3.1075321390937822,
    4.85107627118644,
    0.10170095440084835
  ],
  "amp_mean_x": [
    0.8487586379051208,
    1.2302312850952148,
    0.9143847227096558
  ],
  "amp_mean_y": [
    0.8541440963745117,
    1.2676794528961182,
    1.0090336799621582
  ],
  "symmetry_ratio": [
    0.9936949014663696,
    0.9704592823982239,
    0.9061984419822693
  ],
  "energy_distribution": [
    0.2035093605518341,
    0.18249256908893585,
    0.35342615842819214
  ],
  "motion_stability": [
    2.666637659072876,
    2.1011452674865723,
    1.8519823551177979
  ],
  "freq_entropy": [
    9.087503433227539,
    8.983383178710938,
    8.65236759185791
  ]
}