{
  "dominant_freq": [
    0.1339940387481371,
    3.9046628571428568
  ],
  "amp_mean_x": [
    2.2062056064605713,
    0.24877478182315826
  ],
  "amp_mean_y": [
    2.90442156791687,
    0.33569616079330444
  ],
  "symmetry_ratio": [
    0.759602427482605,
    0.7410712838172913
  ],
  "energy_distribution": [
    0.6550901532173157,
    0.2264496386051178
  ],
  "motion_stability": [
    4.28928279876709,
    1.3503708839416504
  ],
  "freq_entropy": [
    8.289615631103516,
    9.47069263458252
  ]
}