{
  "dominant_freq": [
    3.3664931506849314,
    2.899159793814433
  ],
  "amp_mean_x": [
    0.8340982794761658,
    1.0685054063796997
  ],
  "amp_mean_y": [
    1.1274194717407227,
    1.2930814027786255
  ],
  "symmetry_ratio": [
    0.7398295998573303,
    0.8263249397277832
  ],
  "energy_distribution": [
    0.12246628105640411,
    0.20962892472743988
  ],
  "motion_stability": [
    3.608621835708618,
    2.778679370880127
  ],
  "freq_entropy": [
    10.285321235656738,
    10.323616027832031
  ]
}