{
  "dominant_freq": [
    0.11131714285714286,
    0.45383142857142855
  ],
  "amp_mean_x": [
    0.19606056809425354,
    0.21903952956199646
  ],
  "amp_mean_y": [
    0.270393967628479,
    0.1800408661365509
  ],
  "symmetry_ratio": [
    0.7250922322273254,
    1.216610074043274
  ],
  "energy_distribution": [
    0.29488569498062134,
    0.2779139578342438
  ],
  "motion_stability": [
    1.3265037536621094,
    1.3696916103363037
  ],
  "freq_entropy": [
    9.40152359008789,
    9.38033676147461
  ]
}