{
  "dominant_freq": [
    2.860136022748059,
    0.13274629969689594
  ],
  "amp_mean_x": [
    0.6317148804664612,
    0.18601249158382416
  ],
  "amp_mean_y": [
    0.8406558036804199,
    0.6822155117988586
  ],
  "symmetry_ratio": [
    0.7514548301696777,
    0.27265942096710205
  ],
  "energy_distribution": [
    0.22846825420856476,
    0.5603719353675842
  ],
  "motion_stability": [
    5.358929634094238,
    2.545985698699951
  ],
  "freq_entropy": [
    10.38446044921875,
    9.396699905395508
  ]
}