{
  "dominant_freq": [
    2.0361783439490444,
    0.1009515789473684,
    2.3029242262540017
  ],
  "amp_mean_x": [
    1.1686975955963135,
    0.6164286732673645,
    2.105067253112793
  ],
  "amp_mean_y": [
    1.8801965713500977,
    0.9780361652374268,
    3.9395763874053955
  ],
  "symmetry_ratio": [
    0.6215826869010925,
    0.630271852016449,
    0.5343384742736816
  ],
  "energy_distribution": [
    0.2662237584590912,
    0.2901693284511566,
    0.20760104060173035
  ],
  "motion_stability": [
    4.022641658782959,
    1.8830405473709106,
    2.017843723297119
  ],
  "freq_entropy": [
    8.93648910522461,
    8.76240348815918,
    8.952814102172852
  ]
}