{
  "dominant_freq": [
    7.140000000000001,
    5.081545064377682
  ],
  "amp_mean_x": [
    0.24929018318653107,
    0.3264086842536926
  ],
  "amp_mean_y": [
    0.4582776725292206,
    0.6021630167961121
  ],
  "symmetry_ratio": [
    0.5439718961715698,
    0.5420603156089783
  ],
  "energy_distribution": [
    0.17179928719997406,
    0.22755496203899384
  ],
  "motion_stability": [
    2.7502284049987793,
    1.8469960689544678
  ],
  "freq_entropy": [
    9.640195846557617,
    9.539541244506836
  ]
}