{
  "dominant_freq": [
    0.19054891204165564,
    4.422355886791032
  ],
  "amp_mean_x": [
    0.36786988377571106,
    0.7688356041908264
  ],
  "amp_mean_y": [
    0.4247976839542389,
    0.5011467337608337
  ],
  "symmetry_ratio": [
    0.8659884333610535,
    1.534152626991272
  ],
  "energy_distribution": [
    0.21422269940376282,
    0.27925023436546326
  ],
  "motion_stability": [
    3.7327332496643066,
    5.256475448608398
  ],
  "freq_entropy": [
    9.643746376037598,
    9.51274585723877
  ]
}