{
  "dominant_freq": [
    3.853289567575282,
    0.44526901669758817,
    0.44526901669758817,
    4.742702552921532
  ],
  "amp_mean_x": [
    0.23453238606452942,
    0.19156208634376526,
    0.13769707083702087,
    0.25274476408958435
  ],
  "amp_mean_y": [
    0.22688177227973938,
    0.18931524455547333,
    0.2503369450569153,
    0.1391901969909668
  ],
  "symmetry_ratio": [
    1.0337207317352295,
    1.0118682384490967,
    0.5500469207763672,
    1.8158230781555176
  ],
  "energy_distribution": [
    0.17650283873081207,
    0.3165823519229889,
    0.3674669861793518,
    0.20329822599887848
  ],
  "motion_stability": [
    2.844059944152832,
    1.7145097255706787,
    1.6161435842514038,
    6.947323799133301
  ],
  "freq_entropy": [
    8.776695251464844,
    8.40312385559082,
    8.365344047546387,
    8.8889799118042
  ]
}