{
  "dominant_freq": [
    4.7165437302423605,
    0.1136842105263158,
    5.898947368421053
  ],
  "amp_mean_x": [
    0.19533687829971313,
    0.3451254665851593,
    0.20183289051055908
  ],
  "amp_mean_y": [
    0.3351868689060211,
    0.49291086196899414,
    0.40397846698760986
  ],
  "symmetry_ratio": [
    0.5827701091766357,
    0.7001782655715942,
    0.4996129870414734
  ],
  "energy_distribution": [
    0.31401219964027405,
    0.4191386103630066,
    0.19062696397304535
  ],
  "motion_stability": [
    1.610386848449707,
    2.8788137435913086,
    0.9094530344009399
  ],
  "freq_entropy": [
    9.022537231445312,
    8.3556547164917,
    9.001665115356445
  ]
}