{
  "dominant_freq": [
    0.7831999402073164,
    4.901315754845786,
    2.4228403175771596
  ],
  "amp_mean_x": [
    0.7957611083984375,
    0.5770242214202881,
    0.33290719985961914
  ],
  "amp_mean_y": [
    0.5626552104949951,
    0.3207218050956726,
    0.2691086530685425
  ],
  "symmetry_ratio": [
    1.4142961502075195,
    1.7991424798965454,
    1.237073540687561
  ],
  "energy_distribution": [
    0.21128715574741364,
    0.2541320025920868,
    0.2530725300312042
  ],
  "motion_stability": [
    3.5452957153320312,
    2.1993422508239746,
    2.484668731689453
  ],
  "freq_entropy": [
    9.152188301086426,
    8.864154815673828,
    8.66831111907959
  ]
}