{
  "dominant_freq": [
    0.1009515789473684,
    0.1009515789473684,
    0.1009515789473684
  ],
  "amp_mean_x": [
    0.17393487691879272,
    0.12420555204153061,
    0.04633326455950737
  ],
  "amp_mean_y": [
    0.12334013730287552,
    0.13018488883972168,
    0.05320431664586067
  ],
  "symmetry_ratio": [
    1.4102050065994263,
    0.9540704488754272,
    0.8708553910255432
  ],
  "energy_distribution": [
    0.7047157287597656,
    0.2736036777496338,
    0.5742286443710327
  ],
  "motion_stability": [
    2.3128387928009033,
    1.9024407863616943,
    1.5304100513458252
  ],
  "freq_entropy": [
    7.681074142456055,
    8.803828239440918,
    7.879938125610352
  ]
}