{
  "dominant_freq": [
    0.3018745198463508,
    0.4897225531914893
  ],
  "amp_mean_x": [
    0.0777740404009819,
    0.047771796584129333
  ],
  "amp_mean_y": [
    0.18010848760604858,
    0.0621943436563015
  ],
  "symmetry_ratio": [
    0.4318177402019501,
    0.768105149269104
  ],
  "energy_distribution": [
    0.17067484557628632,
    0.3183121085166931
  ],
  "motion_stability": [
    5.906142234802246,
    1.8943500518798828
  ],
  "freq_entropy": [
    10.33047103881836,
    9.870333671569824
  ]
}