{
  "dominant_freq": [
    2.8931961892855744,
    0.12003015757709123,
    0.10985577995887275
  ],
  "amp_mean_x": [
    0.8508703708648682,
    0.4809630513191223,
    1.621431589126587
  ],
  "amp_mean_y": [
    1.0952545404434204,
    0.9691397547721863,
    2.9212026596069336
  ],
  "symmetry_ratio": [
    0.7768699526786804,
    0.496278315782547,
    0.5550561547279358
  ],
  "energy_distribution": [
    0.22339242696762085,
    0.23049934208393097,
    0.23555320501327515
  ],
  "motion_stability": [
    1.3116273880004883,
    1.2436033487319946,
    1.7911376953125
  ],
  "freq_entropy": [
    8.844807624816895,
    8.534740447998047,
    8.874102592468262
  ]
}