{
  "dominant_freq": [
    0.10095167989904831,
    0.11357063988642935,
    0.27761711972238284
  ],
  "amp_mean_x": [
    0.7839999198913574,
    0.20789875090122223,
    0.20600692927837372
  ],
  "amp_mean_y": [
    0.3884637653827667,
    0.3370838761329651,
    0.3311140537261963
  ],
  "symmetry_ratio": [
    2.0182061195373535,
    0.6167567372322083,
    0.6221630573272705
  ],
  "energy_distribution": [
    0.6221582889556885,
    0.5136815905570984,
    0.23503774404525757
  ],
  "motion_stability": [
    3.035851001739502,
    2.066030979156494,
    1.2806358337402344
  ],
  "freq_entropy": [
    8.292598724365234,
    8.681232452392578,
    8.955230712890625
  ]
}