{
  "dominant_freq": [
    4.805874409182984,
    1.0767946577629381,
    0.11,
    0.115
  ],
  "amp_mean_x": [
    1.0695246458053589,
    0.41935664415359497,
    0.09402310103178024,
    0.11483154445886612
  ],
  "amp_mean_y": [
    2.2158238887786865,
    0.7920657396316528,
    0.29717469215393066,
    0.22993285953998566
  ],
  "symmetry_ratio": [
    0.48267582058906555,
    0.5294467806816101,
    0.3163900077342987,
    0.4994133710861206
  ],
  "energy_distribution": [
    0.23673000931739807,
    0.34495681524276733,
    0.5697119235992432,
    0.4490164518356323
  ],
  "motion_stability": [
    2.5518007278442383,
    3.3965468406677246,
    1.8741966485977173,
    1.9969139099121094
  ],
  "freq_entropy": [
    10.31112003326416,
    10.058835983276367,
    9.377178192138672,
    9.631092071533203
  ]
}