{
  "dominant_freq": [
    0.11084240225715437,
    1.3204225352112677
  ],
  "amp_mean_x": [
    1.0363341569900513,
    1.0539298057556152
  ],
  "amp_mean_y": [
    1.5265274047851562,
    1.6186119318008423
  ],
  "symmetry_ratio": [
    0.67888343334198,
    0.6511318683624268
  ],
  "energy_distribution": [
    0.31317824125289917,
    0.36966976523399353
  ],
  "motion_stability": [
    6.21846866607666,
    6.32598876953125
  ],
  "freq_entropy": [
    10.160531997680664,
    10.175840377807617
  ]
}