{
  "dominant_freq": [
    4.674067591131462,
    0.15174698719002516
  ],
  "amp_mean_x": [
    0.7039615511894226,
    2.72274112701416
  ],
  "amp_mean_y": [
    0.5194185972213745,
    4.057823181152344
  ],
  "symmetry_ratio": [
    1.3552875518798828,
    0.6709856390953064
  ],
  "energy_distribution": [
    0.22891898453235626,
    0.45611903071403503
  ],
  "motion_stability": [
    1.9088242053985596,
    2.7241101264953613
  ],
  "freq_entropy": [
    9.101030349731445,
    8.821735382080078
  ]
}