{
  "dominant_freq": [
    1.004951489361702,
    4.769693617021276
  ],
  "amp_mean_x": [
    0.0959106832742691,
    0.14227886497974396
  ],
  "amp_mean_y": [
    0.11774689704179764,
    0.14253641664981842
  ],
  "symmetry_ratio": [
    0.8145495653152466,
    0.998193085193634
  ],
  "energy_distribution": [
    0.19211292266845703,
    0.21829555928707123
  ],
  "motion_stability": [
    5.165079116821289,
    2.262173891067505
  ],
  "freq_entropy": [
    10.525394439697266,
    10.366630554199219
  ]
}