{
  "dominant_freq": [
    0.29000000000000004,
    0.44
  ],
  "amp_mean_x": [
    0.09750417619943619,
    0.10993296653032303
  ],
  "amp_mean_y": [
    0.1744564026594162,
    0.1972922384738922
  ],
  "symmetry_ratio": [
    0.5589028000831604,
    0.557208776473999
  ],
  "energy_distribution": [
    0.20907607674598694,
    0.23581628501415253
  ],
  "motion_stability": [
    2.8146262168884277,
    1.6048810482025146
  ],
  "freq_entropy": [
    10.58749008178711,
    10.277429580688477
  ]
}