{
  "dominant_freq": [
    0.45383142857142855,
    0.29113714285714287
  ],
  "amp_mean_x": [
    0.050782863050699234,
    0.06888674944639206
  ],
  "amp_mean_y": [
    0.10106699168682098,
    0.09491917490959167
  ],
  "symmetry_ratio": [
    0.5024673342704773,
    0.7257411479949951
  ],
  "energy_distribution": [
    0.20912308990955353,
    0.25295183062553406
  ],
  "motion_stability": [
    1.205572485923767,
    1.0475869178771973
  ],
  "freq_entropy": [
    9.499576568603516,
    9.425043106079102
  ]
}