{
  "dominant_freq": [
    0.1932131868131868,
    0.11988
  ],
  "amp_mean_x": [
    1.0018211603164673,
    0.35048386454582214
  ],
  "amp_mean_y": [
    0.9209093451499939,
    0.4526453912258148
  ],
  "symmetry_ratio": [
    1.0878608226776123,
    0.7743011713027954
  ],
  "energy_distribution": [
    0.5748872756958008,
    0.2388126701116562
  ],
  "motion_stability": [
    6.74984073638916,
    1.9748420715332031
  ],
  "freq_entropy": [
    8.935016632080078,
    9.49594783782959
  ]
}