{
  "dominant_freq": [
    0.48000000000000004,
    2.6605839416058394
  ],
  "amp_mean_x": [
    0.3310888111591339,
    0.37290674448013306
  ],
  "amp_mean_y": [
    0.7006086707115173,
    0.7545390725135803
  ],
  "symmetry_ratio": [
    0.47257310152053833,
    0.4942179322242737
  ],
  "energy_distribution": [
    0.18715481460094452,
    0.2105613350868225
  ],
  "motion_stability": [
    1.8127477169036865,
    1.6510300636291504
  ],
  "freq_entropy": [
    9.236371994018555,
    9.17679214477539
  ]
}