{
  "dominant_freq": [
    4.779291504955221,
    6.602937698344059
  ],
  "amp_mean_x": [
    1.6110152006149292,
    2.9328646659851074
  ],
  "amp_mean_y": [
    3.0894112586975098,
    5.018552780151367
  ],
  "symmetry_ratio": [
    0.5214635133743286,
    0.584404468536377
  ],
  "energy_distribution": [
    0.1947074979543686,
    0.2243204265832901
  ],
  "motion_stability": [
    2.1325559616088867,
    1.7279930114746094
  ],
  "freq_entropy": [
    10.232209205627441,
    10.252684593200684
  ]
}