{
  "dominant_freq": [
    0.5022761864044463,
    1.463203426124197,
    0.29599999999999993
  ],
  "amp_mean_x": [
    0.6037799119949341,
    0.532405436038971,
    0.3475775718688965
  ],
  "amp_mean_y": [
    0.758028507232666,
    1.2067394256591797,
    0.5582774877548218
  ],
  "symmetry_ratio": [
    0.7965134382247925,
    0.4411933720111847,
    0.6225892901420593
  ],
  "energy_distribution": [
    0.3038547933101654,
    0.17372095584869385,
    0.25599852204322815
  ],
  "motion_stability": [
    4.98728084564209,
    4.050705909729004,
    2.164355754852295
  ],
  "freq_entropy": [
    9.989553451538086,
    10.309097290039062,
    10.21215534210205
  ]
}