{
  "dominant_freq": [
    1.24,
    2.759805903760615
  ],
  "amp_mean_x": [
    0.2094273865222931,
    0.6643622517585754
  ],
  "amp_mean_y": [
    0.11728862673044205,
    0.8542670011520386
  ],
  "symmetry_ratio": [
    1.78557288646698,
    0.7776985764503479
  ],
  "energy_distribution": [
    0.22508469223976135,
    0.37382447719573975
  ],
  "motion_stability": [
    0.9438439011573792,
    9.637380599975586
  ],
  "freq_entropy": [
    10.262006759643555,
    10.415172576904297
  ]
}