{
  "dominant_freq": [
    4.033105714285714,
    0.6935914285714285
  ],
  "amp_mean_x": [
    0.13797087967395782,
    0.12862370908260345
  ],
  "amp_mean_y": [
    0.3220801055431366,
    0.3205891251564026
  ],
  "symmetry_ratio": [
    0.42837440967559814,
    0.4012104570865631
  ],
  "energy_distribution": [
    0.21395546197891235,
    0.22828876972198486
  ],
  "motion_stability": [
    1.2608599662780762,
    1.2116823196411133
  ],
  "freq_entropy": [
    9.521074295043945,
    9.449445724487305
  ]
}