{
  "dominant_freq": [
    0.37546933667083854,
    0.11004585243851606,
    4.251256281407035
  ],
  "amp_mean_x": [
    0.8431803584098816,
    0.8424463272094727,
    1.2307699918746948
  ],
  "amp_mean_y": [
    0.6751742362976074,
    1.0120766162872314,
    1.5865325927734375
  ],
  "symmetry_ratio": [
    1.2488337755203247,
    0.8323938250541687,
    0.7757609486579895
  ],
  "energy_distribution": [
    0.41110777854919434,
    0.26912516355514526,
    0.24270425736904144
  ],
  "motion_stability": [
    3.0651614665985107,
    1.7386497259140015,
    2.165717840194702
  ],
  "freq_entropy": [
    10.015698432922363,
    10.207239151000977,
    10.202642440795898
  ]
}