{
  "dominant_freq": [
    0.25237894736842104,
    0.5426147368421053,
    0.29023578947368417
  ],
  "amp_mean_x": [
    0.2848984897136688,
    0.2212933897972107,
    0.5163207650184631
  ],
  "amp_mean_y": [
    0.19867560267448425,
    0.1780286729335785,
    0.30644696950912476
  ],
  "symmetry_ratio": [
    1.433988332748413,
    1.243021011352539,
    1.684861660003662
  ],
  "energy_distribution": [
    0.2656104564666748,
    0.4410487115383148,
    0.3895515203475952
  ],
  "motion_stability": [
    0.8714165687561035,
    1.3025535345077515,
    3.174996852874756
  ],
  "freq_entropy": [
    8.767509460449219,
    8.515104293823242,
    8.750587463378906
  ]
}