{
  "dominant_freq": [
    0.11732947903160669,
    3.5866405347759827,
    0.5425829507810721
  ],
  "amp_mean_x": [
    0.3550061881542206,
    0.6225361227989197,
    0.7709209322929382
  ],
  "amp_mean_y": [
    0.366098552942276,
    2.107131004333496,
    1.5971004962921143
  ],
  "symmetry_ratio": [
    0.9697011709213257,
    0.29544252157211304,
    0.48270031809806824
  ],
  "energy_distribution": [
    0.24719783663749695,
    0.183872252702713,
    0.22495853900909424
  ],
  "motion_stability": [
    2.4054112434387207,
    1.539377212524414,
    2.2604470252990723
  ],
  "freq_entropy": [
    10.321422576904297,
    10.316987037658691,
    10.281785011291504
  ]
}