{
  "dominant_freq": [
    6.034810212765956,
    2.7189804255319143
  ],
  "amp_mean_x": [
    0.2743840515613556,
    0.40164774656295776
  ],
  "amp_mean_y": [
    0.2570025622844696,
    0.28307729959487915
  ],
  "symmetry_ratio": [
    1.0676316022872925,
    1.4188624620437622
  ],
  "energy_distribution": [
    0.1950226128101349,
    0.18557007610797882
  ],
  "motion_stability": [
    2.1567294597625732,
    2.2271647453308105
  ],
  "freq_entropy": [
    10.315555572509766,
    10.315107345581055
  ]
}