{
  "dominant_freq": [
    4.421468483816014,
    3.158296875
  ],
  "amp_mean_x": [
    0.30673524737358093,
    0.33494657278060913
  ],
  "amp_mean_y": [
    0.6222692131996155,
    1.071704626083374
  ],
  "symmetry_ratio": [
    0.492930144071579,
    0.3125362694263458
  ],
  "energy_distribution": [
    0.11016766726970673,
    0.19289667904376984
  ],
  "motion_stability": [
    2.458590030670166,
    2.1972265243530273
  ],
  "freq_entropy": [
    10.371828079223633,
    10.283581733703613
  ]
}