{
  "dominant_freq": [
    0.10159322033898305,
    0.47951999999999995,
    0.731898947368421
  ],
  "amp_mean_x": [
    2.1226508617401123,
    0.12980295717716217,
    0.12290669232606888
  ],
  "amp_mean_y": [
    2.3937721252441406,
    0.1824761927127838,
    0.16336852312088013
  ],
  "symmetry_ratio": [
    0.8867388963699341,
    0.7113418579101562,
    0.7523278594017029
  ],
  "energy_distribution": [
    0.5133562088012695,
    0.25558677315711975,
    0.27845385670661926
  ],
  "motion_stability": [
    4.590094566345215,
    1.18803071975708,
    1.176264762878418
  ],
  "freq_entropy": [
    8.163383483886719,
    8.901121139526367,
    8.916261672973633
  ]
}