{
  "dominant_freq": [
    1.5292609970674487,
    0.47952
  ],
  "amp_mean_x": [
    0.8674532175064087,
    0.4416351020336151
  ],
  "amp_mean_y": [
    1.468835473060608,
    1.1044857501983643
  ],
  "symmetry_ratio": [
    0.5905720591545105,
    0.3998558521270752
  ],
  "energy_distribution": [
    0.18577086925506592,
    0.24935278296470642
  ],
  "motion_stability": [
    3.4832992553710938,
    1.1495827436447144
  ],
  "freq_entropy": [
    9.57386589050293,
    9.43719482421875
  ]
}