{
  "dominant_freq": [
    0.29647058823529415,
    0.7200000000000001,
    0.5082352941176471
  ],
  "amp_mean_x": [
    0.11515237390995026,
    0.1395619809627533,
    0.0798722580075264
  ],
  "amp_mean_y": [
    0.11695712059736252,
    0.1683196723461151,
    0.10369788855314255
  ],
  "symmetry_ratio": [
    0.9845691323280334,
    0.8291483521461487,
    0.7702399492263794
  ],
  "energy_distribution": [
    0.23375530540943146,
    0.22732171416282654,
    0.19328859448432922
  ],
  "motion_stability": [
    1.0416556596755981,
    1.1305404901504517,
    1.2495629787445068
  ],
  "freq_entropy": [
    8.801895141601562,
    8.785745620727539,
    8.787642478942871
  ]
}