{
  "dominant_freq": [
    3.672113684210526,
    0.13880842105263158,
    0.29023578947368417
  ],
  "amp_mean_x": [
    0.13482266664505005,
    0.11158552020788193,
    0.059211064130067825
  ],
  "amp_mean_y": [
    0.359772652387619,
    0.1799613982439041,
    0.21865878999233246
  ],
  "symmetry_ratio": [
    0.3747440576553345,
    0.6200525164604187,
    0.27079206705093384
  ],
  "energy_distribution": [
    0.20365534722805023,
    0.2801858186721802,
    0.35736319422721863
  ],
  "motion_stability": [
    2.454220771789551,
    1.3295451402664185,
    1.4850163459777832
  ],
  "freq_entropy": [
    9.037461280822754,
    8.98939323425293,
    8.67094898223877
  ]
}