{
  "dominant_freq": [
    0.71928,
    1.43856
  ],
  "amp_mean_x": [
    0.2054489105939865,
    0.21121446788311005
  ],
  "amp_mean_y": [
    0.26534608006477356,
    0.3313639163970947
  ],
  "symmetry_ratio": [
    0.7742677330970764,
    0.6374093890190125
  ],
  "energy_distribution": [
    0.21708112955093384,
    0.212238147854805
  ],
  "motion_stability": [
    1.2288011312484741,
    1.3365395069122314
  ],
  "freq_entropy": [
    9.5126314163208,
    9.466036796569824
  ]
}