{
  "dominant_freq": [
    3.5837810526315783,
    0.12618947368421052,
    0.29023578947368417
  ],
  "amp_mean_x": [
    0.2288859337568283,
    0.37938135862350464,
    0.28735652565956116
  ],
  "amp_mean_y": [
    0.3506276309490204,
    0.4982143044471741,
    0.4150643050670624
  ],
  "symmetry_ratio": [
    0.6527892351150513,
    0.7614822387695312,
    0.6923180818557739
  ],
  "energy_distribution": [
    0.2841172218322754,
    0.3040279746055603,
    0.24266237020492554
  ],
  "motion_stability": [
    1.3701263666152954,
    1.2142235040664673,
    1.5669779777526855
  ],
  "freq_entropy": [
    8.961085319519043,
    8.771793365478516,
    8.946406364440918
  ]
}