{
  "dominant_freq": [
    0.12004175365344467,
    3.4643351800554014
  ],
  "amp_mean_x": [
    1.7326061725616455,
    1.5906035900115967
  ],
  "amp_mean_y": [
    2.8354902267456055,
    2.4018476009368896
  ],
  "symmetry_ratio": [
    0.6110429167747498,
    0.6622416973114014
  ],
  "energy_distribution": [
    0.37360283732414246,
    0.31814560294151306
  ],
  "motion_stability": [
    3.810864210128784,
    2.7302334308624268
  ],
  "freq_entropy": [
    9.85122299194336,
    9.841997146606445
  ]
}