{
  "dominant_freq": [
    1.512638305091135,
    0.12967801429339892,
    0.126931891637774
  ],
  "amp_mean_x": [
    0.12207923829555511,
    1.3850445747375488,
    0.1051243469119072
  ],
  "amp_mean_y": [
    0.2185467779636383,
    2.010963201522827,
    0.4474697709083557
  ],
  "symmetry_ratio": [
    0.5585954785346985,
    0.6887468695640564,
    0.2349306046962738
  ],
  "energy_distribution": [
    0.18175162374973297,
    0.44177505373954773,
    0.34495946764945984
  ],
  "motion_stability": [
    4.127292156219482,
    5.425285816192627,
    1.2987937927246094
  ],
  "freq_entropy": [
    8.964361190795898,
    8.443309783935547,
    8.711458206176758
  ]
}