{
  "dominant_freq": [
    0.49
  ],
  "amp_mean_x": [
    0.3624468147754669
  ],
  "amp_mean_y": [
    0.5332881808280945
  ],
  "symmetry_ratio": [
    0.679645299911499
  ],
  "energy_distribution": [
    0.19551469385623932
  ],
  "motion_stability": [
    1.9276442527770996
  ],
  "freq_entropy": [
    10.300020217895508
  ]
}