{
  "dominant_freq": [
    4.068669527896995,
    0.30000000000000004
  ],
  "amp_mean_x": [
    0.1766754537820816,
    0.28753820061683655
  ],
  "amp_mean_y": [
    0.3124123513698578,
    0.3818780481815338
  ],
  "symmetry_ratio": [
    0.5655200481414795,
    0.7529581785202026
  ],
  "energy_distribution": [
    0.2082941085100174,
    0.19725050032138824
  ],
  "motion_stability": [
    1.7405588626861572,
    1.4516124725341797
  ],
  "freq_entropy": [
    9.582963943481445,
    9.522489547729492
  ]
}