{
  "dominant_freq": [
    3.52,
    4.735
  ],
  "amp_mean_x": [
    0.09802938252687454,
    0.10012433677911758
  ],
  "amp_mean_y": [
    0.07311409711837769,
    0.06386992335319519
  ],
  "symmetry_ratio": [
    1.3407726287841797,
    1.5676288604736328
  ],
  "energy_distribution": [
    0.18183469772338867,
    0.20024283230304718
  ],
  "motion_stability": [
    0.961631178855896,
    1.1007661819458008
  ],
  "freq_entropy": [
    10.232205390930176,
    10.151581764221191
  ]
}