{
  "dominant_freq": [
    2.7018143147175406,
    0.10688513738724909
  ],
  "amp_mean_x": [
    1.033794641494751,
    2.345574378967285
  ],
  "amp_mean_y": [
    1.253051996231079,
    4.187440395355225
  ],
  "symmetry_ratio": [
    0.8250213265419006,
    0.5601451396942139
  ],
  "energy_distribution": [
    0.20405696332454681,
    0.310174822807312
  ],
  "motion_stability": [
    2.166811227798462,
    2.377655029296875
  ],
  "freq_entropy": [
    10.30758285522461,
    9.966817855834961
  ]
}