{
  "dominant_freq": [
    0.4642161702127659,
    2.0917627986348117
  ],
  "amp_mean_x": [
    0.28807809948921204,
    0.6956619620323181
  ],
  "amp_mean_y": [
    0.29940328001976013,
    1.2192867994308472
  ],
  "symmetry_ratio": [
    0.9621741771697998,
    0.5705482363700867
  ],
  "energy_distribution": [
    0.29685482382774353,
    0.21209931373596191
  ],
  "motion_stability": [
    1.353865385055542,
    2.0954058170318604
  ],
  "freq_entropy": [
    10.036815643310547,
    10.30575180053711
  ]
}