{
  "dominant_freq": [
    0.3194444444444444,
    0.18055555555555555,
    0.1388888888888889
  ],
  "amp_mean_x": [
    0.077912338078022,
    0.1217644065618515,
    0.1855783760547638
  ],
  "amp_mean_y": [
    0.14853399991989136,
    0.17707256972789764,
    0.1833997368812561
  ],
  "symmetry_ratio": [
    0.5245420932769775,
    0.687652587890625,
    1.0118792057037354
  ],
  "energy_distribution": [
    0.25685569643974304,
    0.2860962152481079,
    0.2501600980758667
  ],
  "motion_stability": [
    0.7843180894851685,
    0.9550191164016724,
    1.4159135818481445
  ],
  "freq_entropy": [
    8.754009246826172,
    8.632732391357422,
    8.699570655822754
  ]
}