{
  "dominant_freq": [
    1.2501771428571429,
    0.7706571428571429
  ],
  "amp_mean_x": [
    0.14829149842262268,
    0.09993338584899902
  ],
  "amp_mean_y": [
    0.17106330394744873,
    0.24415867030620575
  ],
  "symmetry_ratio": [
    0.8668808341026306,
    0.4092969000339508
  ],
  "energy_distribution": [
    0.2283414602279663,
    0.28574347496032715
  ],
  "motion_stability": [
    1.2912955284118652,
    1.7126609086990356
  ],
  "freq_entropy": [
    9.478208541870117,
    9.447742462158203
  ]
}