{
  "dominant_freq": [
    0.9791666666666666,
    1.0
  ],
  "amp_mean_x": [
    0.21038545668125153,
    0.20205360651016235
  ],
  "amp_mean_y": [
    0.321026474237442,
    0.37033504247665405
  ],
  "symmetry_ratio": [
    0.6553523540496826,
    0.5455967783927917
  ],
  "energy_distribution": [
    0.2678917348384857,
    0.23689551651477814
  ],
  "motion_stability": [
    2.7043771743774414,
    1.5874111652374268
  ],
  "freq_entropy": [
    9.255647659301758,
    9.253426551818848
  ]
}