{
  "dominant_freq": [
    0.2778947368421053,
    0.12631578947368421,
    0.5810526315789475
  ],
  "amp_mean_x": [
    0.24895144999027252,
    0.21272149682044983,
    0.31006959080696106
  ],
  "amp_mean_y": [
    0.18588928878307343,
    0.8079769611358643,
    0.4025954008102417
  ],
  "symmetry_ratio": [
    1.3392457962036133,
    0.26327669620513916,
    0.7701767086982727
  ],
  "energy_distribution": [
    0.18558862805366516,
    0.27039891481399536,
    0.30629587173461914
  ],
  "motion_stability": [
    1.0565232038497925,
    2.0187833309173584,
    1.6837581396102905
  ],
  "freq_entropy": [
    9.018624305725098,
    8.96080493927002,
    8.93602466583252
  ]
}