{
  "dominant_freq": [
    0.959040959040959,
    0.11998010329953618
  ],
  "amp_mean_x": [
    0.11135658621788025,
    0.30485793948173523
  ],
  "amp_mean_y": [
    0.15572087466716766,
    0.41106587648391724
  ],
  "symmetry_ratio": [
    0.715103805065155,
    0.7416279315948486
  ],
  "energy_distribution": [
    0.2686070501804352,
    0.4796012043952942
  ],
  "motion_stability": [
    1.6748411655426025,
    3.037074565887451
  ],
  "freq_entropy": [
    9.285799980163574,
    8.870051383972168
  ]
}