{
  "dominant_freq": [
    3.701052631578948,
    0.5305263157894737,
    0.46736842105263166
  ],
  "amp_mean_x": [
    0.09951312094926834,
    0.12518294155597687,
    0.075482577085495
  ],
  "amp_mean_y": [
    0.31416821479797363,
    0.13441027700901031,
    0.17848944664001465
  ],
  "symmetry_ratio": [
    0.316751092672348,
    0.9313494563102722,
    0.4228965938091278
  ],
  "energy_distribution": [
    0.23789379000663757,
    0.205852210521698,
    0.18042011559009552
  ],
  "motion_stability": [
    1.3272292613983154,
    1.1164345741271973,
    1.8533704280853271
  ],
  "freq_entropy": [
    9.001511573791504,
    8.939276695251465,
    9.040334701538086
  ]
}