{
  "dominant_freq": [
    6.389808917197452
  ],
  "amp_mean_x": [
    1.3460432291030884
  ],
  "amp_mean_y": [
    2.4407947063446045
  ],
  "symmetry_ratio": [
    0.5514774322509766
  ],
  "energy_distribution": [
    0.22825732827186584
  ],
  "motion_stability": [
    2.7741928100585938
  ],
  "freq_entropy": [
    10.324196815490723
  ]
}