{
  "dominant_freq": [
    0.1370057142857143,
    4.13586
  ],
  "amp_mean_x": [
    0.11052729934453964,
    0.28181928396224976
  ],
  "amp_mean_y": [
    0.30910301208496094,
    0.27319496870040894
  ],
  "symmetry_ratio": [
    0.35757431387901306,
    1.0315684080123901
  ],
  "energy_distribution": [
    0.38136374950408936,
    0.3345608413219452
  ],
  "motion_stability": [
    2.1777210235595703,
    2.9148244857788086
  ],
  "freq_entropy": [
    9.49824047088623,
    9.047797203063965
  ]
}