{
  "dominant_freq": [
    3.8664440734557597,
    3.370729649936736
  ],
  "amp_mean_x": [
    0.5199862122535706,
    1.510926365852356
  ],
  "amp_mean_y": [
    0.992576003074646,
    2.5797858238220215
  ],
  "symmetry_ratio": [
    0.5238754749298096,
    0.5856789946556091
  ],
  "energy_distribution": [
    0.197694793343544,
    0.2214757353067398
  ],
  "motion_stability": [
    1.7055530548095703,
    2.749464511871338
  ],
  "freq_entropy": [
    10.347648620605469,
    10.21206283569336
  ]
}