{
  "dominant_freq": [
    0.1032258064516129,
    3.6505263157894743,
    1.0357894736842106
  ],
  "amp_mean_x": [
    0.8505296111106873,
    0.20210877060890198,
    0.33547157049179077
  ],
  "amp_mean_y": [
    2.1392319202423096,
    0.3623450994491577,
    0.3931742310523987
  ],
  "symmetry_ratio": [
    0.3975864350795746,
    0.5577797889709473,
    0.8532389402389526
  ],
  "energy_distribution": [
    0.756865918636322,
    0.2385510802268982,
    0.255649209022522
  ],
  "motion_stability": [
    4.853209495544434,
    3.239448070526123,
    1.7792285680770874
  ],
  "freq_entropy": [
    7.435178756713867,
    9.035655975341797,
    8.827201843261719
  ]
}