{
  "dominant_freq": [
    0.2754692116394244,
    0.43871022594426845
  ],
  "amp_mean_x": [
    1.1375772953033447,
    0.432671457529068
  ],
  "amp_mean_y": [
    1.0916324853897095,
    0.5985079407691956
  ],
  "symmetry_ratio": [
    1.0420881509780884,
    0.722916841506958
  ],
  "energy_distribution": [
    0.33060920238494873,
    0.24369049072265625
  ],
  "motion_stability": [
    4.60325813293457,
    2.173785448074341
  ],
  "freq_entropy": [
    10.310945510864258,
    10.286900520324707
  ]
}