{
  "dominant_freq": [
    5.508314373900647,
    0.46810332524618237
  ],
  "amp_mean_x": [
    0.2916472852230072,
    0.22309920191764832
  ],
  "amp_mean_y": [
    0.47780123353004456,
    0.3928144574165344
  ],
  "symmetry_ratio": [
    0.6103945970535278,
    0.5679506063461304
  ],
  "energy_distribution": [
    0.1608894020318985,
    0.27712783217430115
  ],
  "motion_stability": [
    2.618067741394043,
    1.382992148399353
  ],
  "freq_entropy": [
    9.170608520507812,
    8.950689315795898
  ]
}