{
  "dominant_freq": [
    0.10712680851063829,
    0.10712680851063829
  ],
  "amp_mean_x": [
    0.12041745334863663,
    0.21206732094287872
  ],
  "amp_mean_y": [
    0.18228338658809662,
    0.2777189612388611
  ],
  "symmetry_ratio": [
    0.6606057286262512,
    0.7636040449142456
  ],
  "energy_distribution": [
    0.27181777358055115,
    0.3416897654533386
  ],
  "motion_stability": [
    2.532978057861328,
    2.297966480255127
  ],
  "freq_entropy": [
    10.26501750946045,
    9.980279922485352
  ]
}