{
  "dominant_freq": [
    0.10275428571428571,
    0.29113714285714287,
    0.5480228571428571,
    0.10275428571428571
  ],
  "amp_mean_x": [
    0.17625752091407776,
    0.25749364495277405,
    0.13146322965621948,
    0.22771070897579193
  ],
  "amp_mean_y": [
    0.206523597240448,
    0.2274695187807083,
    0.10522685199975967,
    0.1363248974084854
  ],
  "symmetry_ratio": [
    0.8534497618675232,
    1.1319918632507324,
    1.2493315935134888,
    1.6703530550003052
  ],
  "energy_distribution": [
    0.3297440707683563,
    0.3697451949119568,
    0.2754749655723572,
    0.3995314836502075
  ],
  "motion_stability": [
    0.902759313583374,
    0.7768651247024536,
    0.9565814733505249,
    2.6593499183654785
  ],
  "freq_entropy": [
    8.205973625183105,
    8.029330253601074,
    8.415884971618652,
    8.453912734985352
  ]
}