{
  "dominant_freq": [
    0.28335301062573787,
    0.15257469802924348,
    1.3295795113976931,
    4.454561831611012,
    0.326945781491236
  ],
  "amp_mean_x": [
    0.21390777826309204,
    0.40089285373687744,
    0.6949462890625,
    0.5221908092498779,
    0.240714892745018
  ],
  "amp_mean_y": [
    0.3237226903438568,
    0.6581276655197144,
    0.8132492303848267,
    0.9282920360565186,
    0.7212128043174744
  ],
  "symmetry_ratio": [
    0.6607747673988342,
    0.60914146900177,
    0.8545305132865906,
    0.5625286102294922,
    0.3337640166282654
  ],
  "energy_distribution": [
    0.24409803748130798,
    0.2563489079475403,
    0.16603317856788635,
    0.2172655463218689,
    0.279735267162323
  ],
  "motion_stability": [
    1.0680959224700928,
    1.5362776517868042,
    1.7373590469360352,
    1.9356577396392822,
    1.0689191818237305
  ],
  "freq_entropy": [
    8.13577651977539,
    8.201423645019531,
    8.248380661010742,
    8.262112617492676,
    8.170831680297852
  ]
}