{
  "dominant_freq": [
    0.10662780675487156,
    1.4385614385614385
  ],
  "amp_mean_x": [
    0.9990811347961426,
    0.05236029997467995
  ],
  "amp_mean_y": [
    1.898543119430542,
    0.07450899481773376
  ],
  "symmetry_ratio": [
    0.5262356996536255,
    0.7027379870414734
  ],
  "energy_distribution": [
    0.5498786568641663,
    0.18513497710227966
  ],
  "motion_stability": [
    5.966981887817383,
    2.472461700439453
  ],
  "freq_entropy": [
    9.431031227111816,
    9.79682731628418
  ]
}