{
  "dominant_freq": [
    5.244755244755244,
    1.9504900606277324
  ],
  "amp_mean_x": [
    0.0969342589378357,
    0.15675178170204163
  ],
  "amp_mean_y": [
    0.0857771709561348,
    0.0975947454571724
  ],
  "symmetry_ratio": [
    1.1300705671310425,
    1.6061497926712036
  ],
  "energy_distribution": [
    0.1911686658859253,
    0.23842066526412964
  ],
  "motion_stability": [
    2.7501327991485596,
    12.481212615966797
  ],
  "freq_entropy": [
    9.51059341430664,
    9.523662567138672
  ]
}