{
  "dominant_freq": [
    0.18102581293999329,
    0.11092436974789915,
    0.11519198664440734,
    0.13030404276645507
  ],
  "amp_mean_x": [
    1.1848748922348022,
    1.1306504011154175,
    0.37885016202926636,
    0.5033640265464783
  ],
  "amp_mean_y": [
    1.5833114385604858,
    1.3364946842193604,
    0.26245033740997314,
    0.3356310725212097
  ],
  "symmetry_ratio": [
    0.7483524084091187,
    0.8459819555282593,
    1.4435118436813354,
    1.4997539520263672
  ],
  "energy_distribution": [
    0.3341500163078308,
    0.3909360468387604,
    0.436000257730484,
    0.3642612397670746
  ],
  "motion_stability": [
    4.103479862213135,
    3.043529748916626,
    1.9479069709777832,
    4.225734710693359
  ],
  "freq_entropy": [
    10.271910667419434,
    9.992097854614258,
    9.914219856262207,
    10.018123626708984
  ]
}