{
  "dominant_freq": [
    1.8860983326207779,
    3.7443370212765954
  ],
  "amp_mean_x": [
    0.41805967688560486,
    0.13814716041088104
  ],
  "amp_mean_y": [
    0.8800669312477112,
    0.4149879515171051
  ],
  "symmetry_ratio": [
    0.47503167390823364,
    0.33289438486099243
  ],
  "energy_distribution": [
    0.1334608495235443,
    0.26741090416908264
  ],
  "motion_stability": [
    6.819356918334961,
    1.1712887287139893
  ],
  "freq_entropy": [
    10.206151962280273,
    10.222760200500488
  ]
}