{
  "dominant_freq": [
    2.4453551912568305,
    0.1507537688442211
  ],
  "amp_mean_x": [
    2.043501377105713,
    1.356144905090332
  ],
  "amp_mean_y": [
    5.1025848388671875,
    2.0169498920440674
  ],
  "symmetry_ratio": [
    0.4004835784435272,
    0.6723741292953491
  ],
  "energy_distribution": [
    0.14935989677906036,
    0.24471789598464966
  ],
  "motion_stability": [
    3.3343958854675293,
    3.1444506645202637
  ],
  "freq_entropy": [
    8.913483619689941,
    8.643595695495605
  ]
}