{
  "dominant_freq": [
    0.10105263157894738,
    0.10105263157894738,
    0.2905263157894737
  ],
  "amp_mean_x": [
    0.16942466795444489,
    0.10665448009967804,
    0.07613493502140045
  ],
  "amp_mean_y": [
    0.11096616089344025,
    0.2142358273267746,
    0.11913099139928818
  ],
  "symmetry_ratio": [
    1.5268138647079468,
    0.49783679842948914,
    0.6390858888626099
  ],
  "energy_distribution": [
    0.331506609916687,
    0.377280592918396,
    0.39215725660324097
  ],
  "motion_stability": [
    1.2814087867736816,
    2.5413951873779297,
    1.3332574367523193
  ],
  "freq_entropy": [
    8.731012344360352,
    8.582047462463379,
    8.364362716674805
  ]
}