{
  "dominant_freq": [
    5.015
  ],
  "amp_mean_x": [
    0.23855850100517273
  ],
  "amp_mean_y": [
    0.17376205325126648
  ],
  "symmetry_ratio": [
    1.3729033470153809
  ],
  "energy_distribution": [
    0.19619108736515045
  ],
  "motion_stability": [
    1.8023231029510498
  ],
  "freq_entropy": [
    10.340629577636719
  ]
}