{
  "dominant_freq": [
    1.9180799999999998,
    0.12618947368421052,
    0.27908571428571427
  ],
  "amp_mean_x": [
    0.2136930376291275,
    0.24975304305553436,
    0.8460738658905029
  ],
  "amp_mean_y": [
    0.28788459300994873,
    0.31062498688697815,
    1.0013461112976074
  ],
  "symmetry_ratio": [
    0.7422871589660645,
    0.8040339946746826,
    0.8449364900588989
  ],
  "energy_distribution": [
    0.3837970793247223,
    0.31498122215270996,
    0.30553340911865234
  ],
  "motion_stability": [
    2.3229832649230957,
    1.4757544994354248,
    2.6340603828430176
  ],
  "freq_entropy": [
    8.67854118347168,
    8.586021423339844,
    9.007285118103027
  ]
}