{
  "dominant_freq": [
    0.7126207126207127,
    0.14040616383059218
  ],
  "amp_mean_x": [
    0.0405183844268322,
    0.8409217596054077
  ],
  "amp_mean_y": [
    0.11006726324558258,
    1.7907880544662476
  ],
  "symmetry_ratio": [
    0.368123859167099,
    0.4695819616317749
  ],
  "energy_distribution": [
    0.21033112704753876,
    0.2326764017343521
  ],
  "motion_stability": [
    1.6973047256469727,
    5.942660331726074
  ],
  "freq_entropy": [
    9.881855964660645,
    9.676986694335938
  ]
}