{
  "dominant_freq": [
    0.17373913043478256,
    5.206217142857143
  ],
  "amp_mean_x": [
    0.8262522220611572,
    0.24892066419124603
  ],
  "amp_mean_y": [
    1.5528755187988281,
    0.24954083561897278
  ],
  "symmetry_ratio": [
    0.5320788621902466,
    0.9975147247314453
  ],
  "energy_distribution": [
    0.4317705035209656,
    0.2202935516834259
  ],
  "motion_stability": [
    6.535358428955078,
    2.0162792205810547
  ],
  "freq_entropy": [
    9.435932159423828,
    9.611270904541016
  ]
}