{
  "dominant_freq": [
    0.744517894736842,
    1.236656842105263,
    0.11357052631578946
  ],
  "amp_mean_x": [
    0.056102100759744644,
    0.050778552889823914,
    0.055877383798360825
  ],
  "amp_mean_y": [
    0.10582873225212097,
    0.13376851379871368,
    0.1772203892469406
  ],
  "symmetry_ratio": [
    0.5301216244697571,
    0.3796001970767975,
    0.315298855304718
  ],
  "energy_distribution": [
    0.2556902766227722,
    0.2256907969713211,
    0.21383492648601532
  ],
  "motion_stability": [
    1.5764317512512207,
    1.221595287322998,
    1.428774356842041
  ],
  "freq_entropy": [
    8.86935043334961,
    8.911266326904297,
    8.987022399902344
  ]
}