{
  "dominant_freq": [
    7.695154285714286,
    0.29684571428571427
  ],
  "amp_mean_x": [
    0.0990709513425827,
    0.08754785358905792
  ],
  "amp_mean_y": [
    0.09777644276618958,
    0.08719544112682343
  ],
  "symmetry_ratio": [
    1.0132395029067993,
    1.0040416717529297
  ],
  "energy_distribution": [
    0.20998835563659668,
    0.2464025616645813
  ],
  "motion_stability": [
    2.01918363571167,
    1.369826316833496
  ],
  "freq_entropy": [
    9.103771209716797,
    9.160253524780273
  ]
}