{
  "dominant_freq": [
    0.9504771428571428,
    3.313825714285714
  ],
  "amp_mean_x": [
    0.11708741635084152,
    0.11613161116838455
  ],
  "amp_mean_y": [
    0.13908424973487854,
    0.14412719011306763
  ],
  "symmetry_ratio": [
    0.8418452739715576,
    0.8057578206062317
  ],
  "energy_distribution": [
    0.21873143315315247,
    0.1939297765493393
  ],
  "motion_stability": [
    1.9969909191131592,
    1.6172125339508057
  ],
  "freq_entropy": [
    9.525101661682129,
    9.546245574951172
  ]
}