{
  "dominant_freq": [
    6.095
  ],
  "amp_mean_x": [
    0.08671429008245468
  ],
  "amp_mean_y": [
    0.15792612731456757
  ],
  "symmetry_ratio": [
    0.5490813255310059
  ],
  "energy_distribution": [
    0.19553904235363007
  ],
  "motion_stability": [
    2.0526199340820312
  ],
  "freq_entropy": [
    10.547258377075195
  ]
}