{
  "dominant_freq": [
    0.1051578947368421,
    3.9959999999999996,
    2.990690526315789
  ],
  "amp_mean_x": [
    1.5482721328735352,
    0.8290259838104248,
    0.15195919573307037
  ],
  "amp_mean_y": [
    2.857597589492798,
    1.5226445198059082,
    0.5041885375976562
  ],
  "symmetry_ratio": [
    0.5418090224266052,
    0.5444645881652832,
    0.3013935983181
  ],
  "energy_distribution": [
    0.25515758991241455,
    0.23140504956245422,
    0.22940845787525177
  ],
  "motion_stability": [
    3.132305860519409,
    1.7761948108673096,
    1.4710609912872314
  ],
  "freq_entropy": [
    8.923723220825195,
    8.938812255859375,
    8.992405891418457
  ]
}