{
  "dominant_freq": [
    6.47352,
    6.557931034482758
  ],
  "amp_mean_x": [
    0.5184071660041809,
    0.5938398838043213
  ],
  "amp_mean_y": [
    0.49772366881370544,
    0.596064567565918
  ],
  "symmetry_ratio": [
    1.0415562391281128,
    0.9962677359580994
  ],
  "energy_distribution": [
    0.21696829795837402,
    0.18543437123298645
  ],
  "motion_stability": [
    1.4470100402832031,
    1.3781744241714478
  ],
  "freq_entropy": [
    10.303059577941895,
    10.331478118896484
  ]
}