{
  "dominant_freq": [
    1.2378947368421054,
    3.410526315789474,
    0.1517386722866175
  ],
  "amp_mean_x": [
    0.2741394639015198,
    0.28121650218963623,
    0.33815065026283264
  ],
  "amp_mean_y": [
    0.2146727591753006,
    0.26315736770629883,
    0.2866252362728119
  ],
  "symmetry_ratio": [
    1.2770109176635742,
    1.0686248540878296,
    1.1797658205032349
  ],
  "energy_distribution": [
    0.2419518381357193,
    0.1858420968055725,
    0.2670600712299347
  ],
  "motion_stability": [
    1.3342645168304443,
    1.483176827430725,
    1.2062923908233643
  ],
  "freq_entropy": [
    8.961785316467285,
    9.029661178588867,
    8.93958854675293
  ]
}