{
  "dominant_freq": [
    2.2831876261786785,
    0.12248288110357075
  ],
  "amp_mean_x": [
    0.7128811478614807,
    0.6781987547874451
  ],
  "amp_mean_y": [
    0.42768993973731995,
    0.23949140310287476
  ],
  "symmetry_ratio": [
    1.6668176651000977,
    2.831829309463501
  ],
  "energy_distribution": [
    0.28575652837753296,
    0.6715065836906433
  ],
  "motion_stability": [
    4.141798973083496,
    2.589066505432129
  ],
  "freq_entropy": [
    9.750656127929688,
    9.030413627624512
  ]
}