{
  "dominant_freq": [
    8.241482965931862,
    0.1408811475409836
  ],
  "amp_mean_x": [
    0.3760092258453369,
    1.1546210050582886
  ],
  "amp_mean_y": [
    0.8496429920196533,
    2.854076862335205
  ],
  "symmetry_ratio": [
    0.4425496757030487,
    0.4045514762401581
  ],
  "energy_distribution": [
    0.2156980335712433,
    0.32012826204299927
  ],
  "motion_stability": [
    1.8232076168060303,
    2.436990261077881
  ],
  "freq_entropy": [
    9.017210960388184,
    8.837987899780273
  ]
}