{
  "dominant_freq": [
    2.440414285714286,
    0.10282773409578269
  ],
  "amp_mean_x": [
    0.642104983329773,
    0.7250840663909912
  ],
  "amp_mean_y": [
    0.5639772415161133,
    0.34818214178085327
  ],
  "symmetry_ratio": [
    1.138529896736145,
    2.0824849605560303
  ],
  "energy_distribution": [
    0.22312237322330475,
    0.30705970525741577
  ],
  "motion_stability": [
    2.1962056159973145,
    1.5898780822753906
  ],
  "freq_entropy": [
    9.567728996276855,
    9.486915588378906
  ]
}