{
  "dominant_freq": [
    3.2467532467532467,
    5.326890682539218
  ],
  "amp_mean_x": [
    0.09673047065734863,
    0.4342213571071625
  ],
  "amp_mean_y": [
    0.15844164788722992,
    0.8681011199951172
  ],
  "symmetry_ratio": [
    0.6105116605758667,
    0.5001967549324036
  ],
  "energy_distribution": [
    0.25257158279418945,
    0.17831364274024963
  ],
  "motion_stability": [
    1.478705644607544,
    3.5832648277282715
  ],
  "freq_entropy": [
    9.319254875183105,
    9.402899742126465
  ]
}