{
  "dominant_freq": [
    0.45836516424751717,
    1.2291774224596854
  ],
  "amp_mean_x": [
    0.1677539348602295,
    0.2747330963611603
  ],
  "amp_mean_y": [
    0.22139327228069305,
    0.6544021964073181
  ],
  "symmetry_ratio": [
    0.7577192187309265,
    0.4198229908943176
  ],
  "energy_distribution": [
    0.22019916772842407,
    0.19226443767547607
  ],
  "motion_stability": [
    1.9950082302093506,
    3.2422375679016113
  ],
  "freq_entropy": [
    9.717172622680664,
    9.93396282196045
  ]
}