{
  "dominant_freq": [
    0.47000000000000003,
    2.025
  ],
  "amp_mean_x": [
    0.07517658174037933,
    0.08103527128696442
  ],
  "amp_mean_y": [
    0.2921391427516937,
    0.39706188440322876
  ],
  "symmetry_ratio": [
    0.2573314309120178,
    0.2040872573852539
  ],
  "energy_distribution": [
    0.2886955440044403,
    0.2617645263671875
  ],
  "motion_stability": [
    1.5124917030334473,
    2.4619436264038086
  ],
  "freq_entropy": [
    10.182878494262695,
    10.391775131225586
  ]
}