{
  "dominant_freq": [
    1.3514093268694496,
    0.1240139171173654
  ],
  "amp_mean_x": [
    1.6688753366470337,
    3.3089778423309326
  ],
  "amp_mean_y": [
    2.491558313369751,
    5.885693550109863
  ],
  "symmetry_ratio": [
    0.6698118448257446,
    0.5622069835662842
  ],
  "energy_distribution": [
    0.1955467313528061,
    0.22163696587085724
  ],
  "motion_stability": [
    2.5001981258392334,
    3.0886993408203125
  ],
  "freq_entropy": [
    9.471729278564453,
    9.07455825805664
  ]
}