{
  "dominant_freq": [
    0.12243076072863307,
    0.45401407103534763
  ],
  "amp_mean_x": [
    0.12901797890663147,
    0.0623587891459465
  ],
  "amp_mean_y": [
    0.15688443183898926,
    0.08627066016197205
  ],
  "symmetry_ratio": [
    0.8223758935928345,
    0.7228273153305054
  ],
  "energy_distribution": [
    0.40227025747299194,
    0.267916202545166
  ],
  "motion_stability": [
    2.2526297569274902,
    1.436518669128418
  ],
  "freq_entropy": [
    9.965595245361328,
    10.151952743530273
  ]
}