{
  "dominant_freq": [
    3.748434402332361,
    6.699176470588235
  ],
  "amp_mean_x": [
    0.6861254572868347,
    0.7396352291107178
  ],
  "amp_mean_y": [
    0.9179990291595459,
    0.8275892734527588
  ],
  "symmetry_ratio": [
    0.7474141716957092,
    0.8937225937843323
  ],
  "energy_distribution": [
    0.24565786123275757,
    0.191240131855011
  ],
  "motion_stability": [
    4.492371559143066,
    2.8892343044281006
  ],
  "freq_entropy": [
    9.523588180541992,
    9.610065460205078
  ]
}