{
  "dominant_freq": [
    3.0021173365883262,
    0.2856717750334771
  ],
  "amp_mean_x": [
    0.488972544670105,
    0.15434454381465912
  ],
  "amp_mean_y": [
    0.3679225742816925,
    0.11901107430458069
  ],
  "symmetry_ratio": [
    1.3290094137191772,
    1.2968922853469849
  ],
  "energy_distribution": [
    0.23069308698177338,
    0.29740896821022034
  ],
  "motion_stability": [
    3.33565616607666,
    1.555801272392273
  ],
  "freq_entropy": [
    9.879998207092285,
    10.17376708984375
  ]
}