{
  "dominant_freq": [
    0.1136842105263158,
    0.15157894736842106,
    0.12631578947368421
  ],
  "amp_mean_x": [
    0.1523120105266571,
    0.7054625749588013,
    0.1523769348859787
  ],
  "amp_mean_y": [
    0.28069648146629333,
    0.34286031126976013,
    0.2595716118812561
  ],
  "symmetry_ratio": [
    0.5426217317581177,
    2.0575802326202393,
    0.5870323777198792
  ],
  "energy_distribution": [
    0.4041396379470825,
    0.742988646030426,
    0.2758532166481018
  ],
  "motion_stability": [
    1.5732157230377197,
    3.136850357055664,
    1.3062773942947388
  ],
  "freq_entropy": [
    8.64461898803711,
    7.5438408851623535,
    8.890830993652344
  ]
}