{
  "dominant_freq": [
    0.4954563272262462,
    0.49482382978723394
  ],
  "amp_mean_x": [
    0.16295593976974487,
    0.1457529067993164
  ],
  "amp_mean_y": [
    0.41447120904922485,
    0.20934174954891205
  ],
  "symmetry_ratio": [
    0.3931658864021301,
    0.6962438821792603
  ],
  "energy_distribution": [
    0.2755070924758911,
    0.2318032681941986
  ],
  "motion_stability": [
    3.1260972023010254,
    2.2279200553894043
  ],
  "freq_entropy": [
    10.240874290466309,
    10.261808395385742
  ]
}