{
  "dominant_freq": [
    0.1140726643598616,
    2.0725386715195633,
    5.394344827586206
  ],
  "amp_mean_x": [
    1.1498827934265137,
    3.2618181705474854,
    1.0002095699310303
  ],
  "amp_mean_y": [
    1.7053947448730469,
    6.098848819732666,
    1.691753625869751
  ],
  "symmetry_ratio": [
    0.6742619276046753,
    0.5348252058029175,
    0.5912265181541443
  ],
  "energy_distribution": [
    0.417327880859375,
    0.21642465889453888,
    0.20100882649421692
  ],
  "motion_stability": [
    2.563192367553711,
    1.6348016262054443,
    2.091273784637451
  ],
  "freq_entropy": [
    9.492204666137695,
    10.214698791503906,
    10.334817886352539
  ]
}