{
  "dominant_freq": [
    0.100418410041841,
    0.1125
  ],
  "amp_mean_x": [
    0.2396574467420578,
    0.7723780870437622
  ],
  "amp_mean_y": [
    0.5157327055931091,
    0.4308716356754303
  ],
  "symmetry_ratio": [
    0.4646931290626526,
    1.7925944328308105
  ],
  "energy_distribution": [
    0.42167264223098755,
    0.5713998675346375
  ],
  "motion_stability": [
    2.1848275661468506,
    2.5919041633605957
  ],
  "freq_entropy": [
    8.525981903076172,
    7.956726551055908
  ]
}