{
  "dominant_freq": [
    4.680000000000001,
    2.837142857142857
  ],
  "amp_mean_x": [
    0.21269448101520538,
    0.04339462146162987
  ],
  "amp_mean_y": [
    0.1342061311006546,
    0.09503119438886642
  ],
  "symmetry_ratio": [
    1.584834337234497,
    0.4566355347633362
  ],
  "energy_distribution": [
    0.3820236325263977,
    0.19821268320083618
  ],
  "motion_stability": [
    3.9771480560302734,
    1.765823483467102
  ],
  "freq_entropy": [
    9.352663040161133,
    9.485206604003906
  ]
}