{
  "dominant_freq": [
    0.11659416445623341,
    0.10241777018368217
  ],
  "amp_mean_x": [
    1.7579981088638306,
    0.9809951782226562
  ],
  "amp_mean_y": [
    2.061448812484741,
    0.978006899356842
  ],
  "symmetry_ratio": [
    0.8527973890304565,
    1.003055453300476
  ],
  "energy_distribution": [
    0.34724563360214233,
    0.4245951473712921
  ],
  "motion_stability": [
    3.9127368927001953,
    3.323915719985962
  ],
  "freq_entropy": [
    10.101329803466797,
    9.629239082336426
  ]
}