{
  "dominant_freq": [
    0.8421052631578947,
    0.44108108108108113,
    0.14027630180658873
  ],
  "amp_mean_x": [
    4.322254657745361,
    2.1449499130249023,
    1.253382682800293
  ],
  "amp_mean_y": [
    6.834410667419434,
    1.6296944618225098,
    1.5539586544036865
  ],
  "symmetry_ratio": [
    0.6324253678321838,
    1.316166877746582,
    0.8065740466117859
  ],
  "energy_distribution": [
    0.31345734000205994,
    0.26140105724334717,
    0.25921645760536194
  ],
  "motion_stability": [
    2.7216079235076904,
    3.9555013179779053,
    2.943819761276245
  ],
  "freq_entropy": [
    8.866758346557617,
    9.09984016418457,
    8.809504508972168
  ]
}