{
  "dominant_freq": [
    5.2250000000000005,
    0.1002004008016032,
    0.15090543259557346,
    2.880761523046092,
    2.45
  ],
  "amp_mean_x": [
    0.47802621126174927,
    0.5550155639648438,
    0.34607502818107605,
    0.5180630683898926,
    0.5337070226669312
  ],
  "amp_mean_y": [
    0.9824886322021484,
    0.9759942293167114,
    0.9075812101364136,
    0.7375414371490479,
    0.758763313293457
  ],
  "symmetry_ratio": [
    0.4865463078022003,
    0.5686668753623962,
    0.38131576776504517,
    0.7024189233779907,
    0.7033906579017639
  ],
  "energy_distribution": [
    0.20210886001586914,
    0.49147483706474304,
    0.31544020771980286,
    0.26185089349746704,
    0.16321739554405212
  ],
  "motion_stability": [
    1.728309988975525,
    1.540247917175293,
    1.7418179512023926,
    1.7012474536895752,
    1.4764976501464844
  ],
  "freq_entropy": [
    8.064374923706055,
    7.145112991333008,
    7.9252238273620605,
    7.940716743469238,
    7.980859756469727
  ]
}