{
  "dominant_freq": [
    1.7540336842105262,
    2.6499789473684205,
    0.731898947368421
  ],
  "amp_mean_x": [
    0.09779253602027893,
    0.09955587238073349,
    0.0796557143330574
  ],
  "amp_mean_y": [
    0.14681550860404968,
    0.15056608617305756,
    0.09010212123394012
  ],
  "symmetry_ratio": [
    0.6660913228988647,
    0.6612104773521423,
    0.8840603828430176
  ],
  "energy_distribution": [
    0.2084662914276123,
    0.16971324384212494,
    0.22862108051776886
  ],
  "motion_stability": [
    1.3866736888885498,
    1.3397771120071411,
    1.2326630353927612
  ],
  "freq_entropy": [
    9.002197265625,
    8.989057540893555,
    8.88263988494873
  ]
}