{
  "dominant_freq": [
    2.9489227350189915,
    1.824496005337545
  ],
  "amp_mean_x": [
    1.580670952796936,
    3.096405267715454
  ],
  "amp_mean_y": [
    3.6325292587280273,
    6.365292072296143
  ],
  "symmetry_ratio": [
    0.4351433515548706,
    0.4864514172077179
  ],
  "energy_distribution": [
    0.20762594044208527,
    0.20712660253047943
  ],
  "motion_stability": [
    1.8572797775268555,
    1.5555949211120605
  ],
  "freq_entropy": [
    9.24463939666748,
    9.232282638549805
  ]
}