{
  "dominant_freq": [
    1.0137275607180571,
    0.2905263157894737,
    0.11452810180275716
  ],
  "amp_mean_x": [
    0.2518516480922699,
    0.1701371669769287,
    0.6327325105667114
  ],
  "amp_mean_y": [
    0.19304680824279785,
    0.14612847566604614,
    0.25006186962127686
  ],
  "symmetry_ratio": [
    1.3046144247055054,
    1.1642985343933105,
    2.530303955078125
  ],
  "energy_distribution": [
    0.2746708393096924,
    0.224021315574646,
    0.6094459891319275
  ],
  "motion_stability": [
    1.9649007320404053,
    1.8715916872024536,
    3.3468241691589355
  ],
  "freq_entropy": [
    8.878364562988281,
    9.0022554397583,
    8.316039085388184
  ]
}