{
  "dominant_freq": [
    0.10105263157894738,
    0.10491803278688525,
    6.1541755888650975
  ],
  "amp_mean_x": [
    0.15130573511123657,
    0.8215121626853943,
    0.35405367612838745
  ],
  "amp_mean_y": [
    0.1730889528989792,
    0.9458022713661194,
    0.4128626883029938
  ],
  "symmetry_ratio": [
    0.8741501569747925,
    0.8685876131057739,
    0.8575579524040222
  ],
  "energy_distribution": [
    0.28323468565940857,
    0.6993598937988281,
    0.09972160309553146
  ],
  "motion_stability": [
    0.9333094358444214,
    7.155092239379883,
    4.94919490814209
  ],
  "freq_entropy": [
    8.8491849899292,
    7.811038494110107,
    9.011129379272461
  ]
}