{
  "dominant_freq": [
    0.2776168421052631,
    0.1009515789473684,
    1.4385599999999998
  ],
  "amp_mean_x": [
    0.07357204705476761,
    0.1045987457036972,
    0.10623975098133087
  ],
  "amp_mean_y": [
    0.07329289615154266,
    0.12040556222200394,
    0.09708034992218018
  ],
  "symmetry_ratio": [
    1.0038087368011475,
    0.8687202334403992,
    1.094348669052124
  ],
  "energy_distribution": [
    0.20747388899326324,
    0.2674618363380432,
    0.18120530247688293
  ],
  "motion_stability": [
    1.3726671934127808,
    0.8806316256523132,
    3.3413052558898926
  ],
  "freq_entropy": [
    8.928655624389648,
    8.814800262451172,
    9.109968185424805
  ]
}