{
  "dominant_freq": [
    5.123292631578947,
    2.09695258166491,
    4.353536842105262
  ],
  "amp_mean_x": [
    0.4001080095767975,
    0.311157763004303,
    0.14122773706912994
  ],
  "amp_mean_y": [
    0.7767720818519592,
    0.42286425828933716,
    0.1302608698606491
  ],
  "symmetry_ratio": [
    0.5150906443595886,
    0.7358337044715881,
    1.0841915607452393
  ],
  "energy_distribution": [
    0.21955838799476624,
    0.3368242084980011,
    0.23915530741214752
  ],
  "motion_stability": [
    2.682461738586426,
    2.654672622680664,
    1.5728048086166382
  ],
  "freq_entropy": [
    9.141674041748047,
    8.591928482055664,
    8.776017189025879
  ]
}