{
  "dominant_freq": [
    2.3859543817527005,
    0.13031275060144348
  ],
  "amp_mean_x": [
    0.8438385128974915,
    1.4400688409805298
  ],
  "amp_mean_y": [
    0.5349116325378418,
    0.9832870364189148
  ],
  "symmetry_ratio": [
    1.5775288343429565,
    1.464545726776123
  ],
  "energy_distribution": [
    0.2155262529850006,
    0.3778649568557739
  ],
  "motion_stability": [
    2.2331416606903076,
    2.282266616821289
  ],
  "freq_entropy": [
    10.352507591247559,
    9.999835968017578
  ]
}