{
  "dominant_freq": [
    3.365504729148753,
    0.1146678260869565,
    4.961785166240409
  ],
  "amp_mean_x": [
    1.457785964012146,
    1.777720332145691,
    1.1318155527114868
  ],
  "amp_mean_y": [
    1.762779712677002,
    1.8391004800796509,
    1.3802955150604248
  ],
  "symmetry_ratio": [
    0.8269813656806946,
    0.966624915599823,
    0.8199806213378906
  ],
  "energy_distribution": [
    0.26823461055755615,
    0.35579922795295715,
    0.2582099735736847
  ],
  "motion_stability": [
    3.2955236434936523,
    2.8895745277404785,
    1.3475525379180908
  ],
  "freq_entropy": [
    10.27827262878418,
    10.117018699645996,
    10.380884170532227
  ]
}