{
  "dominant_freq": [
    2.5720430107526884,
    0.14814814814814817
  ],
  "amp_mean_x": [
    1.1257743835449219,
    1.4140836000442505
  ],
  "amp_mean_y": [
    3.040304660797119,
    2.763174057006836
  ],
  "symmetry_ratio": [
    0.37028342485427856,
    0.5117605924606323
  ],
  "energy_distribution": [
    0.24702009558677673,
    0.25910934805870056
  ],
  "motion_stability": [
    2.665188789367676,
    2.626817464828491
  ],
  "freq_entropy": [
    9.569544792175293,
    9.50702953338623
  ]
}