{
  "dominant_freq": [
    0.919080919080919,
    3.9460539460539463
  ],
  "amp_mean_x": [
    0.10752057284116745,
    0.07350842654705048
  ],
  "amp_mean_y": [
    0.11642239987850189,
    0.13959535956382751
  ],
  "symmetry_ratio": [
    0.9235385656356812,
    0.5265821814537048
  ],
  "energy_distribution": [
    0.21970656514167786,
    0.18665434420108795
  ],
  "motion_stability": [
    1.194467544555664,
    1.6314778327941895
  ],
  "freq_entropy": [
    9.327558517456055,
    9.423971176147461
  ]
}