{
  "dominant_freq": [
    7.53351911246648,
    1.274514958725485,
    0.27761711972238284
  ],
  "amp_mean_x": [
    0.15653344988822937,
    0.1653137505054474,
    0.08035968244075775
  ],
  "amp_mean_y": [
    0.2971201539039612,
    0.25863316655158997,
    0.25443583726882935
  ],
  "symmetry_ratio": [
    0.5268355011940002,
    0.6391823291778564,
    0.31583476066589355
  ],
  "energy_distribution": [
    0.17716854810714722,
    0.26646047830581665,
    0.32450008392333984
  ],
  "motion_stability": [
    2.075373411178589,
    1.207857608795166,
    1.0003901720046997
  ],
  "freq_entropy": [
    9.131881713867188,
    8.841400146484375,
    8.593748092651367
  ]
}