{
  "dominant_freq": [
    4.109243697478991
  ],
  "amp_mean_x": [
    0.8352369666099548
  ],
  "amp_mean_y": [
    0.6177217364311218
  ],
  "symmetry_ratio": [
    1.3521249294281006
  ],
  "energy_distribution": [
    0.2527611255645752
  ],
  "motion_stability": [
    3.3415493965148926
  ],
  "freq_entropy": [
    10.292112350463867
  ]
}