{
  "dominant_freq": [
    2.0298253089049854
  ],
  "amp_mean_x": [
    0.9816325306892395
  ],
  "amp_mean_y": [
    1.60443913936615
  ],
  "symmetry_ratio": [
    0.6118228435516357
  ],
  "energy_distribution": [
    0.2890448570251465
  ],
  "motion_stability": [
    3.561448097229004
  ],
  "freq_entropy": [
    10.260403633117676
  ]
}