{
  "dominant_freq": [
    2.0483870967741935,
    3.669354838709677
  ],
  "amp_mean_x": [
    0.11877189576625824,
    0.10939541459083557
  ],
  "amp_mean_y": [
    0.32142359018325806,
    0.46630504727363586
  ],
  "symmetry_ratio": [
    0.3695182800292969,
    0.23460054397583008
  ],
  "energy_distribution": [
    0.21618255972862244,
    0.21555781364440918
  ],
  "motion_stability": [
    1.4407610893249512,
    1.6885724067687988
  ],
  "freq_entropy": [
    9.665227890014648,
    9.708744049072266
  ]
}