{
  "dominant_freq": [
    1.6783199999999998,
    0.10116455696202531,
    0.29023578947368417
  ],
  "amp_mean_x": [
    0.34638312458992004,
    0.9547736048698425,
    0.22080858051776886
  ],
  "amp_mean_y": [
    0.22286225855350494,
    0.2957342863082886,
    0.1468183398246765
  ],
  "symmetry_ratio": [
    1.5542476177215576,
    3.228484630584717,
    1.503957748413086
  ],
  "energy_distribution": [
    0.2465793341398239,
    0.554114818572998,
    0.2314305603504181
  ],
  "motion_stability": [
    2.261000633239746,
    2.9199793338775635,
    1.2044281959533691
  ],
  "freq_entropy": [
    8.986868858337402,
    8.162446975708008,
    8.947782516479492
  ]
}