{
  "dominant_freq": [
    1.5935334872979214,
    0.5546995377503852
  ],
  "amp_mean_x": [
    0.232538640499115,
    0.25007081031799316
  ],
  "amp_mean_y": [
    0.3235287070274353,
    0.48137134313583374
  ],
  "symmetry_ratio": [
    0.7187573909759521,
    0.5194966793060303
  ],
  "energy_distribution": [
    0.21207547187805176,
    0.24395164847373962
  ],
  "motion_stability": [
    1.6478015184402466,
    1.450479507446289
  ],
  "freq_entropy": [
    9.095144271850586,
    8.96894645690918
  ]
}