{
  "dominant_freq": [
    2.6716114285714285,
    3.65634
  ],
  "amp_mean_x": [
    0.1171891912817955,
    0.34694376587867737
  ],
  "amp_mean_y": [
    0.14031672477722168,
    0.23633719980716705
  ],
  "symmetry_ratio": [
    0.8351762294769287,
    1.4680031538009644
  ],
  "energy_distribution": [
    0.23653963208198547,
    0.2199491411447525
  ],
  "motion_stability": [
    1.475015640258789,
    2.92663311958313
  ],
  "freq_entropy": [
    9.533577919006348,
    9.656105041503906
  ]
}