{
  "dominant_freq": [
    0.1,
    0.15000000000000002
  ],
  "amp_mean_x": [
    0.07460891455411911,
    0.19680169224739075
  ],
  "amp_mean_y": [
    0.15718045830726624,
    0.27204233407974243
  ],
  "symmetry_ratio": [
    0.47467041015625,
    0.7234230637550354
  ],
  "energy_distribution": [
    0.2855282723903656,
    0.3598533868789673
  ],
  "motion_stability": [
    1.3907474279403687,
    4.197256088256836
  ],
  "freq_entropy": [
    8.927434921264648,
    8.80445671081543
  ]
}