{
  "dominant_freq": [
    0.12071978984238177,
    0.3555762711864406
  ],
  "amp_mean_x": [
    0.049528948962688446,
    0.07731673121452332
  ],
  "amp_mean_y": [
    0.1433631330728531,
    0.18406061828136444
  ],
  "symmetry_ratio": [
    0.34547898173332214,
    0.42006123065948486
  ],
  "energy_distribution": [
    0.2941799461841583,
    0.25053414702415466
  ],
  "motion_stability": [
    3.0180256366729736,
    3.0933289527893066
  ],
  "freq_entropy": [
    10.471518516540527,
    10.206501960754395
  ]
}