{
  "dominant_freq": [
    0.4744191978234531,
    0.4795204795204795,
    0.43871022594426845,
    0.4795204795204795,
    0.7090781558866666,
    0.4897230429145323
  ],
  "amp_mean_x": [
    0.3660790026187897,
    0.5640451312065125,
    0.3678375780582428,
    0.483117014169693,
    0.288393497467041,
    0.4480516016483307
  ],
  "amp_mean_y": [
    0.3746585547924042,
    0.6702711582183838,
    0.5379000902175903,
    0.7286056876182556,
    0.5497567057609558,
    0.5777509808540344
  ],
  "symmetry_ratio": [
    0.9771003723144531,
    0.8415178060531616,
    0.6838399767875671,
    0.6630706191062927,
    0.5245838761329651,
    0.7755098938941956
  ],
  "energy_distribution": [
    0.31293362379074097,
    0.23481252789497375,
    0.2383778989315033,
    0.28700554370880127,
    0.2943404018878937,
    0.229691743850708
  ],
  "motion_stability": [
    1.844367504119873,
    1.4386141300201416,
    1.7129340171813965,
    1.633105993270874,
    1.6868723630905151,
    1.6922762393951416
  ],
  "freq_entropy": [
    10.004776000976562,
    10.174184799194336,
    10.269574165344238,
    10.164312362670898,
    10.112369537353516,
    10.354244232177734
  ]
}