{
  "dominant_freq": [
    0.6893099999999999,
    0.70929
  ],
  "amp_mean_x": [
    0.07371242344379425,
    0.16324648261070251
  ],
  "amp_mean_y": [
    0.23342499136924744,
    0.43528732657432556
  ],
  "symmetry_ratio": [
    0.31578633189201355,
    0.37503156065940857
  ],
  "energy_distribution": [
    0.22419576346874237,
    0.19495786726474762
  ],
  "motion_stability": [
    1.9148228168487549,
    1.427551031112671
  ],
  "freq_entropy": [
    9.302336692810059,
    9.247295379638672
  ]
}