{
  "dominant_freq": [
    6.77322,
    7.415792357606343
  ],
  "amp_mean_x": [
    0.5913147926330566,
    1.7514212131500244
  ],
  "amp_mean_y": [
    0.9915338158607483,
    4.05042028427124
  ],
  "symmetry_ratio": [
    0.5963637232780457,
    0.4324048161506653
  ],
  "energy_distribution": [
    0.1572619378566742,
    0.21678484976291656
  ],
  "motion_stability": [
    1.7811408042907715,
    3.0944716930389404
  ],
  "freq_entropy": [
    9.587373733520508,
    9.452203750610352
  ]
}