{
  "dominant_freq": [
    0.29304,
    0.47952,
    0.47952,
    0.71928,
    0.29304,
    1.03896
  ],
  "amp_mean_x": [
    0.06005760282278061,
    0.05165555328130722,
    0.05028902739286423,
    0.06675004959106445,
    0.399537593126297,
    0.019497917965054512
  ],
  "amp_mean_y": [
    0.07140842825174332,
    0.09951193630695343,
    0.10440551489591599,
    0.11696518212556839,
    0.12892307341098785,
    0.03871994838118553
  ],
  "symmetry_ratio": [
    0.8410435914993286,
    0.5190890431404114,
    0.48167023062705994,
    0.5706830620765686,
    3.099038600921631,
    0.5035626292228699
  ],
  "energy_distribution": [
    0.35003724694252014,
    0.3635547161102295,
    0.3037584722042084,
    0.3152329921722412,
    0.30303430557250977,
    0.3542412519454956
  ],
  "motion_stability": [
    1.2144749164581299,
    0.8972833156585693,
    0.7863717675209045,
    0.8633154034614563,
    2.4026358127593994,
    1.3064866065979004
  ],
  "freq_entropy": [
    7.572703838348389,
    7.388338088989258,
    7.437315464019775,
    7.533795356750488,
    7.939393043518066,
    7.642844200134277
  ]
}