{
  "dominant_freq": [
    2.907598238337538,
    3.7472357262658704
  ],
  "amp_mean_x": [
    0.9448845982551575,
    2.0186126232147217
  ],
  "amp_mean_y": [
    1.5405573844909668,
    2.832904815673828
  ],
  "symmetry_ratio": [
    0.6133394241333008,
    0.7125592827796936
  ],
  "energy_distribution": [
    0.2650566101074219,
    0.15456485748291016
  ],
  "motion_stability": [
    2.662557601928711,
    2.103987455368042
  ],
  "freq_entropy": [
    9.700304985046387,
    9.768552780151367
  ]
}