{
  "dominant_freq": [
    3.8231029451914535,
    3.634768056787932
  ],
  "amp_mean_x": [
    0.5602806210517883,
    0.8079119324684143
  ],
  "amp_mean_y": [
    0.6446046829223633,
    0.5681682825088501
  ],
  "symmetry_ratio": [
    0.8691848516464233,
    1.4219589233398438
  ],
  "energy_distribution": [
    0.18984924256801605,
    0.2920207679271698
  ],
  "motion_stability": [
    1.8579974174499512,
    1.6516811847686768
  ],
  "freq_entropy": [
    9.432901382446289,
    9.282798767089844
  ]
}