{
  "dominant_freq": [
    1.5055896774193547,
    1.9747974193548385,
    2.1749948892674613
  ],
  "amp_mean_x": [
    1.0515565872192383,
    1.5587149858474731,
    0.7063218355178833
  ],
  "amp_mean_y": [
    0.8349068760871887,
    1.9144617319107056,
    0.5735495686531067
  ],
  "symmetry_ratio": [
    1.25948965549469,
    0.8141792416572571,
    1.231492280960083
  ],
  "energy_distribution": [
    0.2026318907737732,
    0.2098643183708191,
    0.30360573530197144
  ],
  "motion_stability": [
    5.229228496551514,
    3.656704902648926,
    2.6656575202941895
  ],
  "freq_entropy": [
    10.364603042602539,
    9.98719596862793,
    10.048152923583984
  ]
}