{
  "dominant_freq": [
    1.8937441029306645,
    0.11131714285714286
  ],
  "amp_mean_x": [
    0.35249292850494385,
    0.2310769259929657
  ],
  "amp_mean_y": [
    0.5545050501823425,
    0.9294064044952393
  ],
  "symmetry_ratio": [
    0.6356893181800842,
    0.24862851202487946
  ],
  "energy_distribution": [
    0.22929470241069794,
    0.27978482842445374
  ],
  "motion_stability": [
    3.096363067626953,
    1.3434813022613525
  ],
  "freq_entropy": [
    9.622211456298828,
    9.517129898071289
  ]
}