{
  "dominant_freq": [
    4.409871428571429,
    1.6526314285714285
  ],
  "amp_mean_x": [
    0.14032942056655884,
    0.28253915905952454
  ],
  "amp_mean_y": [
    0.2315700650215149,
    0.6088544726371765
  ],
  "symmetry_ratio": [
    0.6059911847114563,
    0.46405038237571716
  ],
  "energy_distribution": [
    0.23891380429267883,
    0.18759433925151825
  ],
  "motion_stability": [
    2.756244421005249,
    4.3737473487854
  ],
  "freq_entropy": [
    9.577676773071289,
    9.672042846679688
  ]
}