{
  "dominant_freq": [
    2.871428571428572,
    0.48000000000000004
  ],
  "amp_mean_x": [
    0.08691029250621796,
    0.12422165274620056
  ],
  "amp_mean_y": [
    0.32593995332717896,
    0.37322941422462463
  ],
  "symmetry_ratio": [
    0.2666451036930084,
    0.33282920718193054
  ],
  "energy_distribution": [
    0.2170606553554535,
    0.47835031151771545
  ],
  "motion_stability": [
    2.0204432010650635,
    1.3360767364501953
  ],
  "freq_entropy": [
    9.609564781188965,
    8.357695579528809
  ]
}