{
  "dominant_freq": [
    0.12532981530343007,
    0.5359978824775014
  ],
  "amp_mean_x": [
    0.4549800753593445,
    0.7638070583343506
  ],
  "amp_mean_y": [
    0.7187253832817078,
    1.1107741594314575
  ],
  "symmetry_ratio": [
    0.6330374479293823,
    0.6876348853111267
  ],
  "energy_distribution": [
    0.23264187574386597,
    0.22891968488693237
  ],
  "motion_stability": [
    2.537893295288086,
    3.0254573822021484
  ],
  "freq_entropy": [
    9.954668998718262,
    9.719578742980957
  ]
}