{
  "dominant_freq": [
    2.5,
    0.49166666666666664
  ],
  "amp_mean_x": [
    0.337271511554718,
    0.34523576498031616
  ],
  "amp_mean_y": [
    0.3408612906932831,
    0.42597347497940063
  ],
  "symmetry_ratio": [
    0.989468514919281,
    0.8104630708694458
  ],
  "energy_distribution": [
    0.24534717202186584,
    0.2537330389022827
  ],
  "motion_stability": [
    2.0478644371032715,
    1.708085536956787
  ],
  "freq_entropy": [
    9.733698844909668,
    9.496977806091309
  ]
}