{
  "dominant_freq": [
    7.523709167544784,
    0.2778947368421053,
    1.8208640674394099
  ],
  "amp_mean_x": [
    0.29883310198783875,
    0.2271077036857605,
    0.20678791403770447
  ],
  "amp_mean_y": [
    0.28706228733062744,
    0.2722150981426239,
    0.28584325313568115
  ],
  "symmetry_ratio": [
    1.0410044193267822,
    0.8342950344085693,
    0.7234311699867249
  ],
  "energy_distribution": [
    0.19340623915195465,
    0.2284872680902481,
    0.24710549414157867
  ],
  "motion_stability": [
    2.1586713790893555,
    1.409734845161438,
    3.167971611022949
  ],
  "freq_entropy": [
    9.055416107177734,
    9.013406753540039,
    9.294378280639648
  ]
}