{
  "dominant_freq": [
    0.27761711972238284,
    0.46690151953309844,
    7.129712392870287
  ],
  "amp_mean_x": [
    0.08160127699375153,
    0.07438378781080246,
    0.08525852859020233
  ],
  "amp_mean_y": [
    0.14897266030311584,
    0.13493388891220093,
    0.12278065085411072
  ],
  "symmetry_ratio": [
    0.5477600693702698,
    0.5512610077857971,
    0.6943970918655396
  ],
  "energy_distribution": [
    0.24734969437122345,
    0.24021193385124207,
    0.22108639776706696
  ],
  "motion_stability": [
    1.6197383403778076,
    1.2085332870483398,
    6.622748374938965
  ],
  "freq_entropy": [
    9.00737476348877,
    8.889402389526367,
    9.325262069702148
  ]
}