{
  "dominant_freq": [
    3.6342568421052626,
    0.1009515789473684,
    0.5426147368421051
  ],
  "amp_mean_x": [
    0.28794288635253906,
    0.3666139543056488,
    0.16682963073253632
  ],
  "amp_mean_y": [
    0.22629596292972565,
    0.6237921714782715,
    0.233904168009758
  ],
  "symmetry_ratio": [
    1.2724173069000244,
    0.58771812915802,
    0.7132392525672913
  ],
  "energy_distribution": [
    0.2184378057718277,
    0.22924791276454926,
    0.220764622092247
  ],
  "motion_stability": [
    1.7357442378997803,
    3.108342170715332,
    1.2379751205444336
  ],
  "freq_entropy": [
    9.04660415649414,
    9.154391288757324,
    8.853568077087402
  ]
}