{
  "dominant_freq": [
    0.49992510638297866,
    0.47951999999999995
  ],
  "amp_mean_x": [
    0.069870226085186,
    0.1125967875123024
  ],
  "amp_mean_y": [
    0.06729207932949066,
    0.12070595473051071
  ],
  "symmetry_ratio": [
    1.0383127927780151,
    0.9328188300132751
  ],
  "energy_distribution": [
    0.1953669637441635,
    0.2594999670982361
  ],
  "motion_stability": [
    1.9938362836837769,
    1.3001487255096436
  ],
  "freq_entropy": [
    10.21833610534668,
    9.875753402709961
  ]
}