{
  "dominant_freq": [
    0.11357052631578946,
    0.10116455696202531,
    0.25237894736842104
  ],
  "amp_mean_x": [
    0.12560001015663147,
    0.2127721756696701,
    0.1457289755344391
  ],
  "amp_mean_y": [
    0.4023297131061554,
    0.35271844267845154,
    0.2325679510831833
  ],
  "symmetry_ratio": [
    0.3121818006038666,
    0.6032351851463318,
    0.62660813331604
  ],
  "energy_distribution": [
    0.6395354270935059,
    0.21708136796951294,
    0.2308134287595749
  ],
  "motion_stability": [
    3.047576665878296,
    2.060703754425049,
    1.8672094345092773
  ],
  "freq_entropy": [
    7.93131160736084,
    9.217628479003906,
    9.115653038024902
  ]
}