{
  "dominant_freq": [
    5.050263829787234,
    0.10202553191489361
  ],
  "amp_mean_x": [
    0.4594151973724365,
    0.16832594573497772
  ],
  "amp_mean_y": [
    0.4832687973976135,
    0.4894145727157593
  ],
  "symmetry_ratio": [
    0.9506411552429199,
    0.34393325448036194
  ],
  "energy_distribution": [
    0.15307894349098206,
    0.3346066474914551
  ],
  "motion_stability": [
    4.462833404541016,
    3.8013765811920166
  ],
  "freq_entropy": [
    9.814027786254883,
    10.327208518981934
  ]
}