{
  "dominant_freq": [
    2.0463157894736845,
    2.806349206349206,
    4.31389183457052
  ],
  "amp_mean_x": [
    0.3365790545940399,
    0.6229519248008728,
    0.647380530834198
  ],
  "amp_mean_y": [
    0.5147351026535034,
    1.442501425743103,
    1.1888914108276367
  ],
  "symmetry_ratio": [
    0.653887927532196,
    0.43185532093048096,
    0.5445245504379272
  ],
  "energy_distribution": [
    0.23362229764461517,
    0.31518983840942383,
    0.18119923770427704
  ],
  "motion_stability": [
    1.391137957572937,
    4.370258808135986,
    1.8578848838806152
  ],
  "freq_entropy": [
    9.020288467407227,
    9.01528263092041,
    9.005391120910645
  ]
}