{
  "dominant_freq": [
    3.7741545893719803,
    3.8786173633440515
  ],
  "amp_mean_x": [
    0.5223987698554993,
    0.8505153656005859
  ],
  "amp_mean_y": [
    0.8061426281929016,
    1.2055094242095947
  ],
  "symmetry_ratio": [
    0.6480227708816528,
    0.7055236101150513
  ],
  "energy_distribution": [
    0.28394636511802673,
    0.18446794152259827
  ],
  "motion_stability": [
    2.9890146255493164,
    3.401088237762451
  ],
  "freq_entropy": [
    10.309842109680176,
    10.356439590454102
  ]
}