{
  "dominant_freq": [
    0.11836441893830701,
    4.783080260303688
  ],
  "amp_mean_x": [
    1.1317837238311768,
    2.2913975715637207
  ],
  "amp_mean_y": [
    1.1770747900009155,
    2.4680964946746826
  ],
  "symmetry_ratio": [
    0.9615223407745361,
    0.9284067749977112
  ],
  "energy_distribution": [
    0.3184029459953308,
    0.3156847357749939
  ],
  "motion_stability": [
    2.1056814193725586,
    2.413522958755493
  ],
  "freq_entropy": [
    9.091899871826172,
    9.064754486083984
  ]
}