{
  "dominant_freq": [
    0.47951999999999995,
    0.492138947368421,
    0.5173768421052631
  ],
  "amp_mean_x": [
    0.07569058239459991,
    0.06269054114818573,
    0.053611740469932556
  ],
  "amp_mean_y": [
    0.11105538159608841,
    0.13611815869808197,
    0.08491068333387375
  ],
  "symmetry_ratio": [
    0.6815570592880249,
    0.4605597257614136,
    0.6313897967338562
  ],
  "energy_distribution": [
    0.2279667854309082,
    0.29365450143814087,
    0.18183161318302155
  ],
  "motion_stability": [
    2.27993106842041,
    1.2472163438796997,
    4.205678939819336
  ],
  "freq_entropy": [
    9.14350700378418,
    8.772388458251953,
    9.375332832336426
  ]
}