{
  "dominant_freq": [
    0.10012515644555695,
    0.28011671529804083,
    1.460608586911213
  ],
  "amp_mean_x": [
    0.2692747414112091,
    0.27091845870018005,
    0.18011672794818878
  ],
  "amp_mean_y": [
    0.296005517244339,
    0.44019755721092224,
    0.34932342171669006
  ],
  "symmetry_ratio": [
    0.909695029258728,
    0.615447461605072,
    0.5156159400939941
  ],
  "energy_distribution": [
    0.21147651970386505,
    0.30741459131240845,
    0.2677402198314667
  ],
  "motion_stability": [
    5.989948749542236,
    1.9786608219146729,
    1.956063985824585
  ],
  "freq_entropy": [
    10.515673637390137,
    10.206039428710938,
    10.192787170410156
  ]
}