{
  "dominant_freq": [
    0.11428571428571428,
    0.48000000000000004,
    1.221556886227545,
    1.8461538461538463,
    2.9236363636363643
  ],
  "amp_mean_x": [
    0.5673476457595825,
    0.0672081932425499,
    2.840528726577759,
    6.420370101928711,
    0.041726984083652496
  ],
  "amp_mean_y": [
    3.283989667892456,
    0.12811073660850525,
    3.123504161834717,
    8.19359302520752,
    0.11787217855453491
  ],
  "symmetry_ratio": [
    0.1727617084980011,
    0.524610161781311,
    0.9094045162200928,
    0.7835842370986938,
    0.3540019690990448
  ],
  "energy_distribution": [
    0.47627952694892883,
    0.20056308805942535,
    0.3063930869102478,
    0.34165287017822266,
    0.20404648780822754
  ],
  "motion_stability": [
    5.808557987213135,
    1.339942455291748,
    5.462933540344238,
    2.807732105255127,
    1.1606714725494385
  ],
  "freq_entropy": [
    7.456264495849609,
    8.142248153686523,
    8.109034538269043,
    6.852003574371338,
    8.243339538574219
  ]
}