{
  "dominant_freq": [
    1.6440685714285714,
    2.6116714285714284
  ],
  "amp_mean_x": [
    0.15888462960720062,
    0.3244314193725586
  ],
  "amp_mean_y": [
    0.21783965826034546,
    0.3901263475418091
  ],
  "symmetry_ratio": [
    0.7293650507926941,
    0.8316060304641724
  ],
  "energy_distribution": [
    0.21479922533035278,
    0.18275310099124908
  ],
  "motion_stability": [
    1.2157599925994873,
    1.1990580558776855
  ],
  "freq_entropy": [
    9.524056434631348,
    9.564269065856934
  ]
}