{
  "dominant_freq": [
    0.9321428571428572,
    4.186550976138829
  ],
  "amp_mean_x": [
    0.05938844010233879,
    0.5561850070953369
  ],
  "amp_mean_y": [
    0.0492309145629406,
    0.7160748839378357
  ],
  "symmetry_ratio": [
    1.2063241004943848,
    0.776713490486145
  ],
  "energy_distribution": [
    0.29609084129333496,
    0.27631649374961853
  ],
  "motion_stability": [
    1.9520595073699951,
    5.016894340515137
  ],
  "freq_entropy": [
    9.138898849487305,
    9.297566413879395
  ]
}