{
  "dominant_freq": [
    0.10202553191489361,
    0.10712680851063829
  ],
  "amp_mean_x": [
    0.4288109838962555,
    0.4547451138496399
  ],
  "amp_mean_y": [
    0.4896083474159241,
    0.3284279406070709
  ],
  "symmetry_ratio": [
    0.875824511051178,
    1.3846114873886108
  ],
  "energy_distribution": [
    0.2594949007034302,
    0.22886201739311218
  ],
  "motion_stability": [
    2.7499501705169678,
    1.2618401050567627
  ],
  "freq_entropy": [
    10.307015419006348,
    10.224674224853516
  ]
}