{
  "dominant_freq": [
    3.2100324213274556,
    0.3196803196803196
  ],
  "amp_mean_x": [
    0.8615922331809998,
    0.9093626737594604
  ],
  "amp_mean_y": [
    1.4291750192642212,
    1.3491976261138916
  ],
  "symmetry_ratio": [
    0.6028598546981812,
    0.6740025877952576
  ],
  "energy_distribution": [
    0.3190818428993225,
    0.2689221501350403
  ],
  "motion_stability": [
    4.8706769943237305,
    2.07639741897583
  ],
  "freq_entropy": [
    9.128718376159668,
    9.141435623168945
  ]
}