{
  "dominant_freq": [
    4.404012631578947,
    6.202432033719703,
    1.6674562697576392
  ],
  "amp_mean_x": [
    0.23311100900173187,
    1.2495242357254028,
    0.7619641423225403
  ],
  "amp_mean_y": [
    0.27228444814682007,
    1.7867696285247803,
    1.475872278213501
  ],
  "symmetry_ratio": [
    0.8561304807662964,
    0.6993202567100525,
    0.5162805318832397
  ],
  "energy_distribution": [
    0.1927574723958969,
    0.27322110533714294,
    0.22244571149349213
  ],
  "motion_stability": [
    1.7368663549423218,
    2.7059783935546875,
    2.21217679977417
  ],
  "freq_entropy": [
    8.970159530639648,
    9.086980819702148,
    9.0316162109375
  ]
}