{
  "dominant_freq": [
    4.118055555555555,
    0.5
  ],
  "amp_mean_x": [
    0.17406557500362396,
    0.14901699125766754
  ],
  "amp_mean_y": [
    0.2786128520965576,
    0.11673295497894287
  ],
  "symmetry_ratio": [
    0.6247578859329224,
    1.2765631675720215
  ],
  "energy_distribution": [
    0.17724421620368958,
    0.3155559003353119
  ],
  "motion_stability": [
    4.876924514770508,
    2.137308359146118
  ],
  "freq_entropy": [
    9.946268081665039,
    9.554868698120117
  ]
}