{
  "dominant_freq": [
    5.517857142857142,
    1.2678571428571428,
    3.017857142857143,
    1.0
  ],
  "amp_mean_x": [
    0.028551237657666206,
    0.11500553786754608,
    0.05507422983646393,
    0.030935369431972504
  ],
  "amp_mean_y": [
    0.042800288647413254,
    0.19463667273521423,
    0.15487651526927948,
    0.10309319943189621
  ],
  "symmetry_ratio": [
    0.6670805215835571,
    0.5908728837966919,
    0.35560092329978943,
    0.3000718653202057
  ],
  "energy_distribution": [
    0.230768620967865,
    0.25337904691696167,
    0.2090987265110016,
    0.20634320378303528
  ],
  "motion_stability": [
    2.0693583488464355,
    1.3470017910003662,
    1.5555708408355713,
    1.270517110824585
  ],
  "freq_entropy": [
    8.494142532348633,
    8.434528350830078,
    8.428170204162598,
    8.429826736450195
  ]
}