{
  "dominant_freq": [
    3.696405491024287,
    0.6821412012644889,
    0.1009515789473684
  ],
  "amp_mean_x": [
    0.7245235443115234,
    0.31985142827033997,
    0.23677168786525726
  ],
  "amp_mean_y": [
    0.697405993938446,
    0.43048304319381714,
    0.3981174826622009
  ],
  "symmetry_ratio": [
    1.0388834476470947,
    0.7430058717727661,
    0.5947281718254089
  ],
  "energy_distribution": [
    0.19519247114658356,
    0.3496086001396179,
    0.34052741527557373
  ],
  "motion_stability": [
    3.0143637657165527,
    3.7088420391082764,
    2.7033042907714844
  ],
  "freq_entropy": [
    8.922514915466309,
    9.254387855529785,
    8.561619758605957
  ]
}