{
  "dominant_freq": [
    0.13505627344726967,
    0.11
  ],
  "amp_mean_x": [
    0.2595091760158539,
    0.17986002564430237
  ],
  "amp_mean_y": [
    0.5183837413787842,
    0.5125725865364075
  ],
  "symmetry_ratio": [
    0.5006120800971985,
    0.3508966863155365
  ],
  "energy_distribution": [
    0.27658528089523315,
    0.23629768192768097
  ],
  "motion_stability": [
    2.9526233673095703,
    1.2894790172576904
  ],
  "freq_entropy": [
    10.198962211608887,
    10.261356353759766
  ]
}