{
  "dominant_freq": [
    2.575,
    0.55
  ],
  "amp_mean_x": [
    0.42837274074554443,
    0.09520527720451355
  ],
  "amp_mean_y": [
    0.4621012210845947,
    0.22296902537345886
  ],
  "symmetry_ratio": [
    0.9270105957984924,
    0.426988810300827
  ],
  "energy_distribution": [
    0.22119012475013733,
    0.23909719288349152
  ],
  "motion_stability": [
    1.4598990678787231,
    1.254837155342102
  ],
  "freq_entropy": [
    8.9906005859375,
    8.722146987915039
  ]
}