{
  "dominant_freq": [
    1.0176754151044458
  ],
  "amp_mean_x": [
    0.251010924577713
  ],
  "amp_mean_y": [
    0.5562940239906311
  ],
  "symmetry_ratio": [
    0.4512198865413666
  ],
  "energy_distribution": [
    0.34964922070503235
  ],
  "motion_stability": [
    7.696902751922607
  ],
  "freq_entropy": [
    10.250200271606445
  ]
}