{
  "dominant_freq": [
    0.2997,
    2.2520314285714287
  ],
  "amp_mean_x": [
    0.05607990920543671,
    0.19417186081409454
  ],
  "amp_mean_y": [
    0.0816153883934021,
    0.21206249296665192
  ],
  "symmetry_ratio": [
    0.6871241927146912,
    0.9156351089477539
  ],
  "energy_distribution": [
    0.2957214415073395,
    0.2024383544921875
  ],
  "motion_stability": [
    1.845534324645996,
    7.001827239990234
  ],
  "freq_entropy": [
    9.319182395935059,
    9.729866027832031
  ]
}