{
  "dominant_freq": [
    2.347222222222222,
    1.7916666666666665,
    0.3055555555555556
  ],
  "amp_mean_x": [
    0.05960455164313316,
    0.6621146202087402,
    0.22831512987613678
  ],
  "amp_mean_y": [
    0.08883987367153168,
    0.8870301842689514,
    0.23653386533260345
  ],
  "symmetry_ratio": [
    0.6709211468696594,
    0.7464398145675659,
    0.965253472328186
  ],
  "energy_distribution": [
    0.18610291182994843,
    0.20435598492622375,
    0.3522121012210846
  ],
  "motion_stability": [
    1.3657472133636475,
    1.37403404712677,
    1.4882254600524902
  ],
  "freq_entropy": [
    8.822266578674316,
    8.836033821105957,
    8.54327392578125
  ]
}