{
  "dominant_freq": [
    1.190624040920716,
    0.13359965709387056
  ],
  "amp_mean_x": [
    0.8952170610427856,
    1.0567032098770142
  ],
  "amp_mean_y": [
    1.7172949314117432,
    1.7755358219146729
  ],
  "symmetry_ratio": [
    0.521294891834259,
    0.595146119594574
  ],
  "energy_distribution": [
    0.2723565399646759,
    0.28791502118110657
  ],
  "motion_stability": [
    2.2312872409820557,
    2.352576732635498
  ],
  "freq_entropy": [
    10.242446899414062,
    10.263084411621094
  ]
}