{
  "dominant_freq": [
    1.0202563394052755,
    4.544146952523916
  ],
  "amp_mean_x": [
    1.5939139127731323,
    2.0804812908172607
  ],
  "amp_mean_y": [
    2.795419454574585,
    4.5470991134643555
  ],
  "symmetry_ratio": [
    0.5701877474784851,
    0.4575403332710266
  ],
  "energy_distribution": [
    0.2742214500904083,
    0.18559572100639343
  ],
  "motion_stability": [
    2.090841054916382,
    2.472299575805664
  ],
  "freq_entropy": [
    9.061783790588379,
    9.086786270141602
  ]
}