{
  "dominant_freq": [
    4.3040616740088105,
    4.500478405315613,
    4.241708737864077
  ],
  "amp_mean_x": [
    2.6563313007354736,
    2.0104820728302,
    1.7252742052078247
  ],
  "amp_mean_y": [
    5.424290180206299,
    3.641339063644409,
    3.6880619525909424
  ],
  "symmetry_ratio": [
    0.48971039056777954,
    0.5521271228790283,
    0.46779969334602356
  ],
  "energy_distribution": [
    0.21058711409568787,
    0.20327623188495636,
    0.23224717378616333
  ],
  "motion_stability": [
    2.359865427017212,
    2.6676254272460938,
    2.561718463897705
  ],
  "freq_entropy": [
    8.956751823425293,
    8.946016311645508,
    9.003228187561035
  ]
}