{
  "dominant_freq": [
    3.255,
    1.25250501002004
  ],
  "amp_mean_x": [
    0.3388044536113739,
    0.4921107888221741
  ],
  "amp_mean_y": [
    0.5628122091293335,
    0.4942982792854309
  ],
  "symmetry_ratio": [
    0.6019849181175232,
    0.9955745339393616
  ],
  "energy_distribution": [
    0.20198863744735718,
    0.25278517603874207
  ],
  "motion_stability": [
    3.4941842555999756,
    2.3947248458862305
  ],
  "freq_entropy": [
    10.404955863952637,
    10.369232177734375
  ]
}