{
  "dominant_freq": [
    0.29089655172413786,
    0.29587404255319144,
    0.13861927194860812
  ],
  "amp_mean_x": [
    0.18365228176116943,
    0.43535956740379333,
    1.0318423509597778
  ],
  "amp_mean_y": [
    0.5233511328697205,
    0.6114546656608582,
    1.494799017906189
  ],
  "symmetry_ratio": [
    0.3509159982204437,
    0.7120062708854675,
    0.6902883648872375
  ],
  "energy_distribution": [
    0.35828790068626404,
    0.3425087034702301,
    0.27964165806770325
  ],
  "motion_stability": [
    1.4597856998443604,
    1.6752618551254272,
    2.754964590072632
  ],
  "freq_entropy": [
    10.024396896362305,
    10.015213966369629,
    10.173933029174805
  ]
}