{
  "dominant_freq": [
    4.361355081555834,
    2.467055879899917,
    4.08692018386962
  ],
  "amp_mean_x": [
    1.0533984899520874,
    0.47652003169059753,
    0.2865792214870453
  ],
  "amp_mean_y": [
    1.2348039150238037,
    0.6463972330093384,
    0.37221193313598633
  ],
  "symmetry_ratio": [
    0.8530896902084351,
    0.7371938228607178,
    0.7699356079101562
  ],
  "energy_distribution": [
    0.19551382958889008,
    0.22454072535037994,
    0.229604572057724
  ],
  "motion_stability": [
    2.2794930934906006,
    3.1220226287841797,
    3.6131463050842285
  ],
  "freq_entropy": [
    10.390694618225098,
    10.403934478759766,
    10.34266185760498
  ]
}