{
  "dominant_freq": [
    2.6373626373626373,
    6.544044191103015
  ],
  "amp_mean_x": [
    0.07222487032413483,
    0.13119083642959595
  ],
  "amp_mean_y": [
    0.13537253439426422,
    0.16709460318088531
  ],
  "symmetry_ratio": [
    0.5335267782211304,
    0.7851291298866272
  ],
  "energy_distribution": [
    0.31547296047210693,
    0.19648189842700958
  ],
  "motion_stability": [
    2.0391180515289307,
    1.8343093395233154
  ],
  "freq_entropy": [
    9.851546287536621,
    9.848313331604004
  ]
}