{
  "dominant_freq": [
    0.11792452830188677,
    1.9289185905224786
  ],
  "amp_mean_x": [
    0.5297484993934631,
    1.594858169555664
  ],
  "amp_mean_y": [
    1.16586434841156,
    3.318739175796509
  ],
  "symmetry_ratio": [
    0.45438262820243835,
    0.4805614650249481
  ],
  "energy_distribution": [
    0.16233189404010773,
    0.24246883392333984
  ],
  "motion_stability": [
    2.5128917694091797,
    2.1730093955993652
  ],
  "freq_entropy": [
    9.774561882019043,
    9.639719009399414
  ]
}