{
  "dominant_freq": [
    4.94988387096774,
    3.212470588235294
  ],
  "amp_mean_x": [
    1.3263260126113892,
    2.012885570526123
  ],
  "amp_mean_y": [
    1.3803632259368896,
    3.1995904445648193
  ],
  "symmetry_ratio": [
    0.9608529210090637,
    0.6291072368621826
  ],
  "energy_distribution": [
    0.2538377642631531,
    0.19659937918186188
  ],
  "motion_stability": [
    2.1706180572509766,
    2.1791129112243652
  ],
  "freq_entropy": [
    9.648652076721191,
    9.605778694152832
  ]
}