{
  "dominant_freq": [
    1.6152252631578945,
    0.29023578947368417,
    0.29023578947368417
  ],
  "amp_mean_x": [
    0.44190964102745056,
    0.4244377613067627,
    0.22614911198616028
  ],
  "amp_mean_y": [
    0.15555447340011597,
    0.13129660487174988,
    0.15424427390098572
  ],
  "symmetry_ratio": [
    2.840867519378662,
    3.232663631439209,
    1.4661750793457031
  ],
  "energy_distribution": [
    0.2239791750907898,
    0.24814319610595703,
    0.3160446584224701
  ],
  "motion_stability": [
    0.9665429592132568,
    0.9382632970809937,
    0.9393409490585327
  ],
  "freq_entropy": [
    8.977222442626953,
    8.588065147399902,
    8.443313598632812
  ]
}