{
  "dominant_freq": [
    4.897435897435898,
    0.11538461538461538
  ],
  "amp_mean_x": [
    0.2244424819946289,
    0.37140536308288574
  ],
  "amp_mean_y": [
    0.35341715812683105,
    0.3004739284515381
  ],
  "symmetry_ratio": [
    0.635063886642456,
    1.236065149307251
  ],
  "energy_distribution": [
    0.20141956210136414,
    0.34365612268447876
  ],
  "motion_stability": [
    1.7055144309997559,
    2.335949659347534
  ],
  "freq_entropy": [
    9.95001220703125,
    9.821870803833008
  ]
}