{
  "dominant_freq": [
    7.382084210526315,
    0.47951999999999995,
    3.230990374331551
  ],
  "amp_mean_x": [
    0.06415818631649017,
    0.05063566565513611,
    0.23575663566589355
  ],
  "amp_mean_y": [
    0.07569120824337006,
    0.07338763773441315,
    0.37863868474960327
  ],
  "symmetry_ratio": [
    0.8476306200027466,
    0.6899754405021667,
    0.6226427555084229
  ],
  "energy_distribution": [
    0.19325581192970276,
    0.2314060479402542,
    0.3929634690284729
  ],
  "motion_stability": [
    3.672783374786377,
    2.08219051361084,
    8.526241302490234
  ],
  "freq_entropy": [
    9.089399337768555,
    8.94060230255127,
    9.040240287780762
  ]
}