{
  "dominant_freq": [
    0.11222819733458031,
    0.15813973260781772,
    0.10202563394052755
  ],
  "amp_mean_x": [
    0.15806908905506134,
    0.2844598591327667,
    0.16843043267726898
  ],
  "amp_mean_y": [
    0.2829636037349701,
    0.31836432218551636,
    0.2499784380197525
  ],
  "symmetry_ratio": [
    0.5586198568344116,
    0.8935042023658752,
    0.6737798452377319
  ],
  "energy_distribution": [
    0.539262056350708,
    0.3004343509674072,
    0.7167056202888489
  ],
  "motion_stability": [
    2.7509703636169434,
    4.053213119506836,
    1.8739986419677734
  ],
  "freq_entropy": [
    8.925287246704102,
    9.457859992980957,
    8.51931095123291
  ]
}