{
  "dominant_freq": [
    0.10442349528643946,
    0.8976034858387801
  ],
  "amp_mean_x": [
    1.0967564582824707,
    2.436927080154419
  ],
  "amp_mean_y": [
    2.1890649795532227,
    3.7992143630981445
  ],
  "symmetry_ratio": [
    0.5010159611701965,
    0.6414291858673096
  ],
  "energy_distribution": [
    0.509467601776123,
    0.242235466837883
  ],
  "motion_stability": [
    4.296815395355225,
    2.936999797821045
  ],
  "freq_entropy": [
    8.81231689453125,
    9.552336692810059
  ]
}