{
  "dominant_freq": [
    2.706227490089162,
    3.6455441603201377
  ],
  "amp_mean_x": [
    0.878815233707428,
    0.26851755380630493
  ],
  "amp_mean_y": [
    1.1342095136642456,
    0.5201382040977478
  ],
  "symmetry_ratio": [
    0.774826169013977,
    0.5162426829338074
  ],
  "energy_distribution": [
    0.17183257639408112,
    0.1636214703321457
  ],
  "motion_stability": [
    2.6444034576416016,
    2.2504148483276367
  ],
  "freq_entropy": [
    9.119993209838867,
    9.14494514465332
  ]
}