{
  "dominant_freq": [
    0.10202553191489361,
    0.26526638297872335
  ],
  "amp_mean_x": [
    0.12670224905014038,
    0.11414796113967896
  ],
  "amp_mean_y": [
    0.211076557636261,
    0.20388102531433105
  ],
  "symmetry_ratio": [
    0.6002668142318726,
    0.5598753690719604
  ],
  "energy_distribution": [
    0.27086472511291504,
    0.3385864496231079
  ],
  "motion_stability": [
    1.9071166515350342,
    1.7814741134643555
  ],
  "freq_entropy": [
    10.280067443847656,
    10.191137313842773
  ]
}