{
  "dominant_freq": [
    1.6468906361686921,
    4.287562904385335
  ],
  "amp_mean_x": [
    0.051054663956165314,
    1.391869068145752
  ],
  "amp_mean_y": [
    0.09913314878940582,
    2.923912763595581
  ],
  "symmetry_ratio": [
    0.5150110125541687,
    0.4760296046733856
  ],
  "energy_distribution": [
    0.18836723268032074,
    0.19032560288906097
  ],
  "motion_stability": [
    2.9518275260925293,
    2.8291616439819336
  ],
  "freq_entropy": [
    9.702653884887695,
    9.279647827148438
  ]
}