{
  "dominant_freq": [
    0.1009515789473684,
    0.2776168421052631,
    0.29023578947368417
  ],
  "amp_mean_x": [
    0.10491282492876053,
    0.11065401136875153,
    0.05337449908256531
  ],
  "amp_mean_y": [
    0.17261692881584167,
    0.14729449152946472,
    0.20456112921237946
  ],
  "symmetry_ratio": [
    0.6077783107757568,
    0.7512433528900146,
    0.26092201471328735
  ],
  "energy_distribution": [
    0.24005019664764404,
    0.293374240398407,
    0.284635454416275
  ],
  "motion_stability": [
    1.196497917175293,
    1.2865558862686157,
    1.0301017761230469
  ],
  "freq_entropy": [
    8.765108108520508,
    8.699843406677246,
    8.729353904724121
  ]
}