{
  "dominant_freq": [
    3.342952275249723,
    0.8232848232848233
  ],
  "amp_mean_x": [
    6.187598705291748,
    4.184638977050781
  ],
  "amp_mean_y": [
    16.018220901489258,
    14.724041938781738
  ],
  "symmetry_ratio": [
    0.3862850069999695,
    0.28420451283454895
  ],
  "energy_distribution": [
    0.2191838026046753,
    0.26341888308525085
  ],
  "motion_stability": [
    1.8819544315338135,
    1.8223464488983154
  ],
  "freq_entropy": [
    8.865283012390137,
    8.986349105834961
  ]
}