{
  "dominant_freq": [
    1.3186813186813187,
    0.11490107336752704
  ],
  "amp_mean_x": [
    4.1848859786987305,
    0.9767425656318665
  ],
  "amp_mean_y": [
    3.7700884342193604,
    2.294494390487671
  ],
  "symmetry_ratio": [
    1.1100232601165771,
    0.4256896674633026
  ],
  "energy_distribution": [
    0.2683165371417999,
    0.3272280693054199
  ],
  "motion_stability": [
    2.5969042778015137,
    3.295278787612915
  ],
  "freq_entropy": [
    9.943902969360352,
    10.02653694152832
  ]
}