{
  "dominant_freq": [
    5.370541866892232,
    4.786462398130585
  ],
  "amp_mean_x": [
    1.027823805809021,
    0.49571558833122253
  ],
  "amp_mean_y": [
    1.0982403755187988,
    0.5754561424255371
  ],
  "symmetry_ratio": [
    0.9358823895454407,
    0.8614307045936584
  ],
  "energy_distribution": [
    0.18634040653705597,
    0.23130476474761963
  ],
  "motion_stability": [
    3.1828975677490234,
    1.6395446062088013
  ],
  "freq_entropy": [
    9.303425788879395,
    9.137457847595215
  ]
}