{
  "dominant_freq": [
    1.1988,
    0.48808285714285715
  ],
  "amp_mean_x": [
    0.03691226989030838,
    0.057472385466098785
  ],
  "amp_mean_y": [
    0.1106235533952713,
    0.11382666230201721
  ],
  "symmetry_ratio": [
    0.3336746096611023,
    0.504911482334137
  ],
  "energy_distribution": [
    0.286444753408432,
    0.20752249658107758
  ],
  "motion_stability": [
    1.5309362411499023,
    1.616147756576538
  ],
  "freq_entropy": [
    9.331571578979492,
    9.405303955078125
  ]
}