{
  "dominant_freq": [
    0.505,
    0.4852021675698207
  ],
  "amp_mean_x": [
    0.8296365141868591,
    0.4970017075538635
  ],
  "amp_mean_y": [
    0.7806658148765564,
    0.3384247422218323
  ],
  "symmetry_ratio": [
    1.0627293586730957,
    1.468573808670044
  ],
  "energy_distribution": [
    0.2265002429485321,
    0.25314927101135254
  ],
  "motion_stability": [
    2.345940589904785,
    1.805304765701294
  ],
  "freq_entropy": [
    10.31021499633789,
    10.217533111572266
  ]
}