{
  "dominant_freq": [
    0.2654485714285714,
    1.0018542857142858
  ],
  "amp_mean_x": [
    0.19693733751773834,
    0.15213927626609802
  ],
  "amp_mean_y": [
    0.2025189846754074,
    0.21635720133781433
  ],
  "symmetry_ratio": [
    0.9724388718605042,
    0.7031856179237366
  ],
  "energy_distribution": [
    0.31008970737457275,
    0.3153449594974518
  ],
  "motion_stability": [
    1.5353609323501587,
    1.2452571392059326
  ],
  "freq_entropy": [
    9.445795059204102,
    9.444706916809082
  ]
}