{
  "dominant_freq": [
    2.2813417140956025,
    6.45844583857346
  ],
  "amp_mean_x": [
    0.8849996328353882,
    0.5368982553482056
  ],
  "amp_mean_y": [
    1.0739949941635132,
    0.6699815392494202
  ],
  "symmetry_ratio": [
    0.8240258693695068,
    0.8013627529144287
  ],
  "energy_distribution": [
    0.2311456799507141,
    0.1337745487689972
  ],
  "motion_stability": [
    2.472404956817627,
    1.869950771331787
  ],
  "freq_entropy": [
    9.271265029907227,
    9.204811096191406
  ]
}