{
  "dominant_freq": [
    3.2518047602038,
    0.3607785906870342
  ],
  "amp_mean_x": [
    0.5792834758758545,
    0.1213085949420929
  ],
  "amp_mean_y": [
    0.974991500377655,
    0.280630886554718
  ],
  "symmetry_ratio": [
    0.5941420793533325,
    0.43227100372314453
  ],
  "energy_distribution": [
    0.2663562595844269,
    0.22152437269687653
  ],
  "motion_stability": [
    5.211820602416992,
    1.5496121644973755
  ],
  "freq_entropy": [
    10.22491455078125,
    10.138534545898438
  ]
}