{
  "dominant_freq": [
    3.639214285714286,
    2.0037085714285716
  ],
  "amp_mean_x": [
    0.04674089327454567,
    0.24203655123710632
  ],
  "amp_mean_y": [
    0.0621759295463562,
    0.15340636670589447
  ],
  "symmetry_ratio": [
    0.7517521977424622,
    1.5777477025985718
  ],
  "energy_distribution": [
    0.23451177775859833,
    0.6378591060638428
  ],
  "motion_stability": [
    1.6482502222061157,
    4.378674507141113
  ],
  "freq_entropy": [
    9.524312973022461,
    8.424001693725586
  ]
}