{
  "dominant_freq": [
    3.416666666666667,
    0.5
  ],
  "amp_mean_x": [
    0.3244960606098175,
    0.25401201844215393
  ],
  "amp_mean_y": [
    0.5637052655220032,
    0.7857425212860107
  ],
  "symmetry_ratio": [
    0.5756484270095825,
    0.3232764005661011
  ],
  "energy_distribution": [
    0.2623266875743866,
    0.2896304726600647
  ],
  "motion_stability": [
    1.651550054550171,
    1.1439852714538574
  ],
  "freq_entropy": [
    9.611233711242676,
    9.260719299316406
  ]
}