{
  "dominant_freq": [
    4.019509901862843,
    0.6537087073999825
  ],
  "amp_mean_x": [
    0.5059084296226501,
    0.9551510214805603
  ],
  "amp_mean_y": [
    0.5136533975601196,
    1.3545039892196655
  ],
  "symmetry_ratio": [
    0.9849218130111694,
    0.7051666378974915
  ],
  "energy_distribution": [
    0.24455907940864563,
    0.28463825583457947
  ],
  "motion_stability": [
    3.5347108840942383,
    3.021726608276367
  ],
  "freq_entropy": [
    9.326274871826172,
    9.358810424804688
  ]
}