{
  "dominant_freq": [
    0.9704571428571428,
    2.306262857142857
  ],
  "amp_mean_x": [
    0.0876767560839653,
    0.2548459470272064
  ],
  "amp_mean_y": [
    0.07072547823190689,
    0.13898161053657532
  ],
  "symmetry_ratio": [
    1.23967707157135,
    1.8336666822433472
  ],
  "energy_distribution": [
    0.20746532082557678,
    0.19033801555633545
  ],
  "motion_stability": [
    1.5876336097717285,
    2.237945318222046
  ],
  "freq_entropy": [
    9.06676959991455,
    9.204654693603516
  ]
}