{
  "dominant_freq": [
    0.11022044088176353,
    0.11007338225483657
  ],
  "amp_mean_x": [
    0.8409819602966309,
    0.9424137473106384
  ],
  "amp_mean_y": [
    1.1476068496704102,
    0.9747564196586609
  ],
  "symmetry_ratio": [
    0.7328136563301086,
    0.9668197631835938
  ],
  "energy_distribution": [
    0.23164251446723938,
    0.3251757025718689
  ],
  "motion_stability": [
    2.132389783859253,
    1.4065232276916504
  ],
  "freq_entropy": [
    9.285619735717773,
    9.090293884277344
  ]
}