{
  "dominant_freq": [
    4.3836071549697415,
    0.296457792593805
  ],
  "amp_mean_x": [
    0.25417816638946533,
    0.8454780578613281
  ],
  "amp_mean_y": [
    0.3984006643295288,
    0.9192203879356384
  ],
  "symmetry_ratio": [
    0.6379963159561157,
    0.9197773337364197
  ],
  "energy_distribution": [
    0.1703193634748459,
    0.2727547287940979
  ],
  "motion_stability": [
    2.7523436546325684,
    4.0069451332092285
  ],
  "freq_entropy": [
    9.495721817016602,
    9.502313613891602
  ]
}