{
  "dominant_freq": [
    0.15640839971035483,
    0.10285714285714287
  ],
  "amp_mean_x": [
    0.8410117626190186,
    0.3712315559387207
  ],
  "amp_mean_y": [
    2.517573833465576,
    0.4693101644515991
  ],
  "symmetry_ratio": [
    0.33405643701553345,
    0.7910153865814209
  ],
  "energy_distribution": [
    0.6528165936470032,
    0.2381294071674347
  ],
  "motion_stability": [
    5.325278282165527,
    1.577330470085144
  ],
  "freq_entropy": [
    8.801275253295898,
    9.53079891204834
  ]
}