{
  "dominant_freq": [
    0.4132034042553191,
    0.4642161702127659
  ],
  "amp_mean_x": [
    0.21428102254867554,
    0.11395926028490067
  ],
  "amp_mean_y": [
    0.21817205846309662,
    0.12985263764858246
  ],
  "symmetry_ratio": [
    0.9821652770042419,
    0.8776044845581055
  ],
  "energy_distribution": [
    0.24424205720424652,
    0.2479259967803955
  ],
  "motion_stability": [
    1.6803011894226074,
    1.847967505455017
  ],
  "freq_entropy": [
    10.35708999633789,
    10.179330825805664
  ]
}