{
  "dominant_freq": [
    2.435064935064935,
    1.916578719086556
  ],
  "amp_mean_x": [
    0.5712969899177551,
    0.9167585372924805
  ],
  "amp_mean_y": [
    0.735105574131012,
    1.048258662223816
  ],
  "symmetry_ratio": [
    0.7771632075309753,
    0.8745537400245667
  ],
  "energy_distribution": [
    0.19859296083450317,
    0.27252671122550964
  ],
  "motion_stability": [
    2.143983840942383,
    2.885481834411621
  ],
  "freq_entropy": [
    9.831302642822266,
    9.770312309265137
  ]
}