{
  "dominant_freq": [
    0.2907730567305035,
    0.30607690182158265
  ],
  "amp_mean_x": [
    0.2532145082950592,
    0.06920445710420609
  ],
  "amp_mean_y": [
    0.2054893970489502,
    0.15931165218353271
  ],
  "symmetry_ratio": [
    1.2322509288787842,
    0.4343967139720917
  ],
  "energy_distribution": [
    0.3431587517261505,
    0.2481992244720459
  ],
  "motion_stability": [
    1.2800819873809814,
    1.34489107131958
  ],
  "freq_entropy": [
    9.99875259399414,
    10.110218048095703
  ]
}