{
  "dominant_freq": [
    0.30769230769230765,
    0.75
  ],
  "amp_mean_x": [
    0.08041791617870331,
    0.18164660036563873
  ],
  "amp_mean_y": [
    0.1780606061220169,
    0.3153195083141327
  ],
  "symmetry_ratio": [
    0.4516322612762451,
    0.576071560382843
  ],
  "energy_distribution": [
    0.3303252160549164,
    0.2853667736053467
  ],
  "motion_stability": [
    1.2324328422546387,
    1.0585126876831055
  ],
  "freq_entropy": [
    9.840511322021484,
    9.744915008544922
  ]
}