{
  "dominant_freq": [
    0.47951999999999995,
    0.2601651063829787,
    0.16717408906882586
  ],
  "amp_mean_x": [
    0.06954585015773773,
    0.1913614720106125,
    1.1179795867947377
  ],
  "amp_mean_y": [
    0.12447191774845123,
    0.13042056560516357,
    3.1556616485842808
  ],
  "symmetry_ratio": [
    0.5587272047996521,
    1.4672645330429077,
    0.3542773945033984
  ],
  "energy_distribution": [
    0.29112568497657776,
    0.30988308787345886,
    0.32455708379058146
  ],
  "motion_stability": [
    1.2552165985107422,
    1.2621269226074219,
    4.918226226426027
  ],
  "freq_entropy": [
    10.090316772460938,
    10.082069396972656,
    9.96899367080815
  ]
}