{
  "dominant_freq": [
    0.6864923076923075,
    0.29587404255319144,
    6.741655172413793,
    3.5093076923076914
  ],
  "amp_mean_x": [
    0.45503973960876465,
    0.29945266246795654,
    0.3966244161128998,
    0.2941535711288452
  ],
  "amp_mean_y": [
    0.7051166296005249,
    0.3101661205291748,
    0.4672519564628601,
    0.5626076459884644
  ],
  "symmetry_ratio": [
    0.6453396677970886,
    0.9654589891433716,
    0.8488448262214661,
    0.5228396058082581
  ],
  "energy_distribution": [
    0.45245984196662903,
    0.2641589343547821,
    0.20569849014282227,
    0.22580191493034363
  ],
  "motion_stability": [
    5.814580917358398,
    2.1204471588134766,
    1.5487444400787354,
    2.197284460067749
  ],
  "freq_entropy": [
    10.010239601135254,
    10.195086479187012,
    10.314478874206543,
    10.328229904174805
  ]
}