{
  "dominant_freq": [
    0.1009515789473684,
    0.1009515789473684,
    0.25237894736842104
  ],
  "amp_mean_x": [
    0.15500719845294952,
    0.07480558753013611,
    0.04762270301580429
  ],
  "amp_mean_y": [
    0.16986995935440063,
    0.18689705431461334,
    0.10014604777097702
  ],
  "symmetry_ratio": [
    0.9125050902366638,
    0.40025022625923157,
    0.47553253173828125
  ],
  "energy_distribution": [
    0.5916833877563477,
    0.4506811201572418,
    0.2844769358634949
  ],
  "motion_stability": [
    1.7335205078125,
    2.242450714111328,
    1.5162807703018188
  ],
  "freq_entropy": [
    7.937108039855957,
    8.339547157287598,
    9.023012161254883
  ]
}