{
  "dominant_freq": [
    0.305,
    0.4553794829024187
  ],
  "amp_mean_x": [
    0.205684632062912,
    0.16588665544986725
  ],
  "amp_mean_y": [
    0.19436289370059967,
    0.18486148118972778
  ],
  "symmetry_ratio": [
    1.0582505464553833,
    0.8973565101623535
  ],
  "energy_distribution": [
    0.3917388319969177,
    0.20767800509929657
  ],
  "motion_stability": [
    2.5926969051361084,
    3.653280258178711
  ],
  "freq_entropy": [
    10.144148826599121,
    10.387842178344727
  ]
}