{
  "dominant_freq": [
    0.3848396501457726,
    0.37383177570093457,
    2.795454545454546,
    0.40336134453781514,
    0.117359413202934,
    0.1140142517814727
  ],
  "amp_mean_x": [
    0.15713857114315033,
    0.09489816427230835,
    0.15590375661849976,
    0.1553734838962555,
    0.26500773429870605,
    0.25582730770111084
  ],
  "amp_mean_y": [
    0.24474447965621948,
    0.17610077559947968,
    0.4575224816799164,
    0.29648473858833313,
    0.30819132924079895,
    0.23127950727939606
  ],
  "symmetry_ratio": [
    0.6420515179634094,
    0.5388855338096619,
    0.34075650572776794,
    0.5240522027015686,
    0.8598805665969849,
    1.106139063835144
  ],
  "energy_distribution": [
    0.27293336391448975,
    0.5415166020393372,
    0.3993540108203888,
    0.34666284918785095,
    0.5218124985694885,
    0.3520858883857727
  ],
  "motion_stability": [
    1.4646633863449097,
    1.1712768077850342,
    0.8717625141143799,
    1.170030951499939,
    1.7044967412948608,
    0.9768781065940857
  ],
  "freq_entropy": [
    7.404520034790039,
    6.761643886566162,
    7.26893424987793,
    7.403017997741699,
    6.833758354187012,
    7.687869548797607
  ]
}