{
  "dominant_freq": [
    5.3946,
    0.5002866141732283
  ],
  "amp_mean_x": [
    1.4404852390289307,
    2.218872547149658
  ],
  "amp_mean_y": [
    3.4435181617736816,
    1.9190993309020996
  ],
  "symmetry_ratio": [
    0.41831788420677185,
    1.156205177307129
  ],
  "energy_distribution": [
    0.2079179286956787,
    0.2241000533103943
  ],
  "motion_stability": [
    2.480844020843506,
    1.8090934753417969
  ],
  "freq_entropy": [
    9.441147804260254,
    9.351959228515625
  ]
}