{
  "dominant_freq": [
    1.225,
    4.7375
  ],
  "amp_mean_x": [
    0.18554848432540894,
    0.13166503608226776
  ],
  "amp_mean_y": [
    0.2579881250858307,
    0.26440319418907166
  ],
  "symmetry_ratio": [
    0.7192132472991943,
    0.49797067046165466
  ],
  "energy_distribution": [
    0.20318067073822021,
    0.24266883730888367
  ],
  "motion_stability": [
    1.0118701457977295,
    1.3199646472930908
  ],
  "freq_entropy": [
    9.044173240661621,
    8.963849067687988
  ]
}