{
  "dominant_freq": [
    0.1122758620689655,
    0.1435074818298418
  ],
  "amp_mean_x": [
    0.31678837537765503,
    0.44172200560569763
  ],
  "amp_mean_y": [
    0.6676495671272278,
    0.808080792427063
  ],
  "symmetry_ratio": [
    0.47448301315307617,
    0.5466309785842896
  ],
  "energy_distribution": [
    0.5408949851989746,
    0.4726106822490692
  ],
  "motion_stability": [
    2.1825666427612305,
    2.6193580627441406
  ],
  "freq_entropy": [
    9.473691940307617,
    9.825451850891113
  ]
}