{
  "dominant_freq": [
    0.2776168421052631,
    2.990690526315789,
    5.135911578947368
  ],
  "amp_mean_x": [
    0.2901986539363861,
    0.8376744985580444,
    0.574951171875
  ],
  "amp_mean_y": [
    0.26357439160346985,
    0.5407037138938904,
    0.3835104703903198
  ],
  "symmetry_ratio": [
    1.1010123491287231,
    1.5492300987243652,
    1.4991798400878906
  ],
  "energy_distribution": [
    0.30150482058525085,
    0.21748018264770508,
    0.18959064781665802
  ],
  "motion_stability": [
    1.355867624282837,
    3.438045024871826,
    2.365365743637085
  ],
  "freq_entropy": [
    8.859809875488281,
    8.997615814208984,
    9.031147003173828
  ]
}