{
  "dominant_freq": [
    3.6496836496836496,
    1.998001998001998,
    0.10656010656010656
  ],
  "amp_mean_x": [
    0.03946903720498085,
    0.06965034455060959,
    0.0468895398080349
  ],
  "amp_mean_y": [
    0.06419949978590012,
    0.09677781909704208,
    0.05255470424890518
  ],
  "symmetry_ratio": [
    0.6147872805595398,
    0.7196932435035706,
    0.8922044038772583
  ],
  "energy_distribution": [
    0.2518945634365082,
    0.18925559520721436,
    0.2751656472682953
  ],
  "motion_stability": [
    1.4260377883911133,
    0.9570414423942566,
    1.5561673641204834
  ],
  "freq_entropy": [
    8.786725997924805,
    8.831192016601562,
    8.641916275024414
  ]
}