{
  "dominant_freq": [
    0.13714285714285715,
    8.833819241982507,
    4.9442060085836905,
    7.828326180257511
  ],
  "amp_mean_x": [
    0.5307657122612,
    0.5523300170898438,
    0.6048871278762817,
    0.40235185623168945
  ],
  "amp_mean_y": [
    1.194873332977295,
    1.522149682044983,
    0.8361634612083435,
    0.896872341632843
  ],
  "symmetry_ratio": [
    0.4442024827003479,
    0.36286184191703796,
    0.7234077453613281,
    0.4486166536808014
  ],
  "energy_distribution": [
    0.28476786613464355,
    0.22350379824638367,
    0.2454880177974701,
    0.18199372291564941
  ],
  "motion_stability": [
    1.6771109104156494,
    3.5336532592773438,
    2.191617250442505,
    3.991421699523926
  ],
  "freq_entropy": [
    8.30160140991211,
    8.599675178527832,
    8.56606388092041,
    8.721060752868652
  ]
}