{
  "dominant_freq": [
    0.10105795574288723,
    0.23975999999999995,
    0.29023578947368417
  ],
  "amp_mean_x": [
    0.325031578540802,
    0.20347903668880463,
    0.19410519301891327
  ],
  "amp_mean_y": [
    0.752396285533905,
    0.4671843945980072,
    0.2979488670825958
  ],
  "symmetry_ratio": [
    0.4319951832294464,
    0.4355432987213135,
    0.6514714956283569
  ],
  "energy_distribution": [
    0.21637195348739624,
    0.3281547725200653,
    0.3217844069004059
  ],
  "motion_stability": [
    1.6609992980957031,
    1.908030390739441,
    1.236013412475586
  ],
  "freq_entropy": [
    8.993885040283203,
    9.049962997436523,
    8.656445503234863
  ]
}