{
  "dominant_freq": [
    6.629166666666666,
    4.053950205338808
  ],
  "amp_mean_x": [
    0.31308847665786743,
    0.5092023015022278
  ],
  "amp_mean_y": [
    0.46066147089004517,
    0.9367907047271729
  ],
  "symmetry_ratio": [
    0.679649829864502,
    0.5435603857040405
  ],
  "energy_distribution": [
    0.21337074041366577,
    0.24666406214237213
  ],
  "motion_stability": [
    2.9586589336395264,
    1.9942307472229004
  ],
  "freq_entropy": [
    9.777053833007812,
    9.509977340698242
  ]
}