{
  "dominant_freq": [
    1.1873684210526316,
    4.1854583772392,
    1.4400000000000002
  ],
  "amp_mean_x": [
    0.03358392417430878,
    0.17259949445724487,
    0.0797576904296875
  ],
  "amp_mean_y": [
    0.12342029064893723,
    0.8355904817581177,
    0.1975940465927124
  ],
  "symmetry_ratio": [
    0.2721102237701416,
    0.2065599113702774,
    0.4036442041397095
  ],
  "energy_distribution": [
    0.2816813588142395,
    0.4672589898109436,
    0.2262715995311737
  ],
  "motion_stability": [
    1.4116590023040771,
    2.9374289512634277,
    2.6231493949890137
  ],
  "freq_entropy": [
    8.94538688659668,
    8.736242294311523,
    9.109044075012207
  ]
}