{
  "dominant_freq": [
    0.9872480460715755,
    0.4654169360051713,
    0.3948992184286302
  ],
  "amp_mean_x": [
    0.2727010250091553,
    0.7493220567703247,
    0.5104315280914307
  ],
  "amp_mean_y": [
    0.20134632289409637,
    0.3403468132019043,
    0.3284463584423065
  ],
  "symmetry_ratio": [
    1.354387879371643,
    2.2016427516937256,
    1.5540788173675537
  ],
  "energy_distribution": [
    0.2709227502346039,
    0.2591919004917145,
    0.2196362167596817
  ],
  "motion_stability": [
    1.3215134143829346,
    2.0178894996643066,
    1.6456749439239502
  ],
  "freq_entropy": [
    8.83896255493164,
    8.764698028564453,
    8.83350944519043
  ]
}