{
  "dominant_freq": [
    2.586347234042553,
    1.6477123404255316,
    1.9945991489361699,
    8.24175
  ],
  "amp_mean_x": [
    0.15550246834754944,
    0.1554478257894516,
    0.17932653427124023,
    1.800615906715393
  ],
  "amp_mean_y": [
    0.24463313817977905,
    0.24286626279354095,
    0.2854858338832855,
    3.4167392253875732
  ],
  "symmetry_ratio": [
    0.6356557607650757,
    0.640055239200592,
    0.6281450986862183,
    0.5269983410835266
  ],
  "energy_distribution": [
    0.18163947761058807,
    0.2167736142873764,
    0.22763018310070038,
    0.16916154325008392
  ],
  "motion_stability": [
    1.4483482837677002,
    0.8094379901885986,
    0.8385696411132812,
    1.7233004570007324
  ],
  "freq_entropy": [
    10.321599960327148,
    10.230438232421875,
    10.217923164367676,
    10.284156799316406
  ]
}