{
  "dominant_freq": [
    2.5853638554216865,
    0.12232653061224488,
    2.070888412017167
  ],
  "amp_mean_x": [
    2.2060048580169678,
    3.543511390686035,
    1.6484980583190918
  ],
  "amp_mean_y": [
    3.588820219039917,
    8.305572509765625,
    2.568589210510254
  ],
  "symmetry_ratio": [
    0.6146880388259888,
    0.42664262652397156,
    0.6417912244796753
  ],
  "energy_distribution": [
    0.25087231397628784,
    0.3613666296005249,
    0.21386493742465973
  ],
  "motion_stability": [
    3.1080474853515625,
    2.846163272857666,
    3.355569839477539
  ],
  "freq_entropy": [
    8.862933158874512,
    8.79347038269043,
    9.13947868347168
  ]
}