{
  "dominant_freq": [
    5.63935135135135,
    6.471626704953337
  ],
  "amp_mean_x": [
    1.0123778581619263,
    0.7729423642158508
  ],
  "amp_mean_y": [
    1.5669922828674316,
    1.3767406940460205
  ],
  "symmetry_ratio": [
    0.6460643410682678,
    0.5614291429519653
  ],
  "energy_distribution": [
    0.23058055341243744,
    0.20605674386024475
  ],
  "motion_stability": [
    6.113086700439453,
    3.1071057319641113
  ],
  "freq_entropy": [
    9.649882316589355,
    9.62463665008545
  ]
}