{
  "dominant_freq": [
    0.5896410238336969,
    0.3536135547079459
  ],
  "amp_mean_x": [
    0.1969224363565445,
    0.21817895770072937
  ],
  "amp_mean_y": [
    0.7213706970214844,
    1.0651439428329468
  ],
  "symmetry_ratio": [
    0.27298370003700256,
    0.2048351913690567
  ],
  "energy_distribution": [
    0.1792447715997696,
    0.3374272584915161
  ],
  "motion_stability": [
    3.137709617614746,
    2.7782394886016846
  ],
  "freq_entropy": [
    10.412540435791016,
    10.308700561523438
  ]
}