{
  "dominant_freq": [
    5.180528571428571,
    5.163402857142857
  ],
  "amp_mean_x": [
    0.0634448453783989,
    0.06872475892305374
  ],
  "amp_mean_y": [
    0.1233544573187828,
    0.13897502422332764
  ],
  "symmetry_ratio": [
    0.5143295526504517,
    0.49451157450675964
  ],
  "energy_distribution": [
    0.19809909164905548,
    0.1871645152568817
  ],
  "motion_stability": [
    1.5141630172729492,
    1.660989761352539
  ],
  "freq_entropy": [
    9.591379165649414,
    9.560881614685059
  ]
}