{
  "dominant_freq": [
    0.14301832126118447,
    3.455815778251599,
    0.12774936061381073
  ],
  "amp_mean_x": [
    0.18313860893249512,
    0.18436960875988007,
    0.26886120438575745
  ],
  "amp_mean_y": [
    0.31538960337638855,
    0.44329148530960083,
    0.529586911201477
  ],
  "symmetry_ratio": [
    0.5806742310523987,
    0.4159105718135834,
    0.5076810121536255
  ],
  "energy_distribution": [
    0.2802019715309143,
    0.21227923035621643,
    0.23638048768043518
  ],
  "motion_stability": [
    4.3089752197265625,
    2.7026145458221436,
    2.765007972717285
  ],
  "freq_entropy": [
    10.09450626373291,
    10.256629943847656,
    10.228010177612305
  ]
}