{
  "dominant_freq": [
    0.3082628571428571,
    4.187237142857143
  ],
  "amp_mean_x": [
    0.10892891883850098,
    0.1348845511674881
  ],
  "amp_mean_y": [
    0.16321972012519836,
    0.18509098887443542
  ],
  "symmetry_ratio": [
    0.6673759818077087,
    0.7287472486495972
  ],
  "energy_distribution": [
    0.2902141809463501,
    0.22604796290397644
  ],
  "motion_stability": [
    1.2594478130340576,
    1.205411434173584
  ],
  "freq_entropy": [
    9.428430557250977,
    9.508170127868652
  ]
}