{
  "dominant_freq": [
    1.4538638297872337,
    0.23172680412371133
  ],
  "amp_mean_x": [
    0.02796301245689392,
    0.5967090129852295
  ],
  "amp_mean_y": [
    0.05682117119431496,
    0.4974243640899658
  ],
  "symmetry_ratio": [
    0.4921231269836426,
    1.1995974779129028
  ],
  "energy_distribution": [
    0.19416284561157227,
    0.5276695489883423
  ],
  "motion_stability": [
    4.30376672744751,
    6.186934471130371
  ],
  "freq_entropy": [
    10.466712951660156,
    9.697269439697266
  ]
}