{
  "dominant_freq": [
    0.1009515789473684,
    0.10159322033898305,
    0.13895468914646994
  ],
  "amp_mean_x": [
    0.8643597364425659,
    0.6499916911125183,
    0.16082344949245453
  ],
  "amp_mean_y": [
    0.7012582421302795,
    0.36097827553749084,
    0.285185307264328
  ],
  "symmetry_ratio": [
    1.2325841188430786,
    1.8006393909454346,
    0.5639261603355408
  ],
  "energy_distribution": [
    0.5283991694450378,
    0.6356990933418274,
    0.29897746443748474
  ],
  "motion_stability": [
    5.0126447677612305,
    3.7249698638916016,
    2.1405138969421387
  ],
  "freq_entropy": [
    8.147235870361328,
    7.578355312347412,
    8.884659767150879
  ]
}