{
  "dominant_freq": [
    4.5325473145780055,
    0.2859148211243612
  ],
  "amp_mean_x": [
    0.5497596263885498,
    0.535392165184021
  ],
  "amp_mean_y": [
    0.9790613651275635,
    1.0779626369476318
  ],
  "symmetry_ratio": [
    0.5615170001983643,
    0.4966704249382019
  ],
  "energy_distribution": [
    0.26391392946243286,
    0.270116925239563
  ],
  "motion_stability": [
    1.8863872289657593,
    1.1685171127319336
  ],
  "freq_entropy": [
    10.347381591796875,
    10.217723846435547
  ]
}