{
  "dominant_freq": [
    4.881028938906753,
    0.5760000000000001
  ],
  "amp_mean_x": [
    0.7309442758560181,
    0.49305102229118347
  ],
  "amp_mean_y": [
    1.1137197017669678,
    0.78737473487854
  ],
  "symmetry_ratio": [
    0.6563090085983276,
    0.6261961460113525
  ],
  "energy_distribution": [
    0.21683722734451294,
    0.20714536309242249
  ],
  "motion_stability": [
    3.716209888458252,
    0.9860742092132568
  ],
  "freq_entropy": [
    9.272961616516113,
    9.349929809570312
  ]
}