{
  "dominant_freq": [
    1.69,
    4.58
  ],
  "amp_mean_x": [
    0.061830367892980576,
    0.061019375920295715
  ],
  "amp_mean_y": [
    0.08596964180469513,
    0.11775268614292145
  ],
  "symmetry_ratio": [
    0.7192116379737854,
    0.5181994438171387
  ],
  "energy_distribution": [
    0.1981358528137207,
    0.24529893696308136
  ],
  "motion_stability": [
    1.2885072231292725,
    1.2400954961776733
  ],
  "freq_entropy": [
    9.28481388092041,
    9.14637279510498
  ]
}