{
  "dominant_freq": [
    0.3573346153846153,
    3.169903846153846
  ],
  "amp_mean_x": [
    0.13315460085868835,
    0.37486913800239563
  ],
  "amp_mean_y": [
    0.09243211895227432,
    0.13313822448253632
  ],
  "symmetry_ratio": [
    1.4405663013458252,
    2.815638780593872
  ],
  "energy_distribution": [
    0.27198246121406555,
    0.6778075098991394
  ],
  "motion_stability": [
    1.1868999004364014,
    1.9841282367706299
  ],
  "freq_entropy": [
    8.927163124084473,
    8.294023513793945
  ]
}