{
  "dominant_freq": [
    0.2825742857142857,
    0.47952
  ],
  "amp_mean_x": [
    0.16092945635318756,
    0.1530088186264038
  ],
  "amp_mean_y": [
    0.12406184524297714,
    0.21407993137836456
  ],
  "symmetry_ratio": [
    1.2971712350845337,
    0.714727520942688
  ],
  "energy_distribution": [
    0.23620031774044037,
    0.22553671896457672
  ],
  "motion_stability": [
    1.0293941497802734,
    1.0820097923278809
  ],
  "freq_entropy": [
    9.489155769348145,
    9.409063339233398
  ]
}