{
  "dominant_freq": [
    2.623172413793103,
    5.113583262169085
  ],
  "amp_mean_x": [
    0.19248749315738678,
    0.4540282189846039
  ],
  "amp_mean_y": [
    0.3265954852104187,
    0.8741129040718079
  ],
  "symmetry_ratio": [
    0.5893758535385132,
    0.5194159746170044
  ],
  "energy_distribution": [
    0.19720807671546936,
    0.19528183341026306
  ],
  "motion_stability": [
    3.022127866744995,
    2.6953537464141846
  ],
  "freq_entropy": [
    10.430427551269531,
    10.339876174926758
  ]
}