{
  "dominant_freq": [
    5.049705139005897,
    0.29969999999999997
  ],
  "amp_mean_x": [
    0.7674592733383179,
    0.38580942153930664
  ],
  "amp_mean_y": [
    0.775614857673645,
    0.4282315969467163
  ],
  "symmetry_ratio": [
    0.9894850254058838,
    0.9009363651275635
  ],
  "energy_distribution": [
    0.19458948075771332,
    0.3167528510093689
  ],
  "motion_stability": [
    6.8360490798950195,
    4.669240951538086
  ],
  "freq_entropy": [
    9.229467391967773,
    9.295011520385742
  ]
}