{
  "dominant_freq": [
    0.1009515789473684,
    0.10148571428571428,
    0.15158693361433084
  ],
  "amp_mean_x": [
    0.20214852690696716,
    0.44979751110076904,
    0.2364160716533661
  ],
  "amp_mean_y": [
    0.30882561206817627,
    1.4937615394592285,
    0.6961387991905212
  ],
  "symmetry_ratio": [
    0.6545717716217041,
    0.3011173605918884,
    0.3396105468273163
  ],
  "energy_distribution": [
    0.32513177394866943,
    0.24059602618217468,
    0.2645736336708069
  ],
  "motion_stability": [
    1.541877031326294,
    1.2665975093841553,
    1.6265552043914795
  ],
  "freq_entropy": [
    8.672708511352539,
    8.823287010192871,
    8.834033966064453
  ]
}