{
  "dominant_freq": [
    4.712524137931034,
    3.9172779443254817,
    0.10717241379310344,
    0.11222808510638296,
    0.11241943734015344,
    0.1176798975672215,
    0.10749274124679759,
    0.11309433962264151
  ],
  "amp_mean_x": [
    1.1167800426483154,
    1.0714225769042969,
    0.6704768538475037,
    0.5627548694610596,
    0.4388084411621094,
    0.7296137809753418,
    0.2903628945350647,
    0.8180890679359436
  ],
  "amp_mean_y": [
    1.9316705465316772,
    1.174963355064392,
    0.7986515760421753,
    0.5261066555976868,
    0.5467386841773987,
    0.6577750444412231,
    0.7407613396644592,
    0.8138963580131531
  ],
  "symmetry_ratio": [
    0.5781421065330505,
    0.911877453327179,
    0.8395110964775085,
    1.0696592330932617,
    0.8025926351547241,
    1.1092147827148438,
    0.39197900891304016,
    1.005151391029358
  ],
  "energy_distribution": [
    0.3186280131340027,
    0.23907600343227386,
    0.4520103633403778,
    0.22501149773597717,
    0.39912769198417664,
    0.48116955161094666,
    0.3664341866970062,
    0.4709473252296448
  ],
  "motion_stability": [
    3.651413917541504,
    2.1136157512664795,
    3.0038251876831055,
    1.5490660667419434,
    2.4837443828582764,
    2.952968120574951,
    4.568088531494141,
    3.1856775283813477
  ],
  "freq_entropy": [
    10.18515396118164,
    10.210607528686523,
    9.227635383605957,
    10.230262756347656,
    9.922624588012695,
    9.344802856445312,
    10.148417472839355,
    9.536577224731445
  ]
}