{
  "dominant_freq": [
    0.7494969818913481
  ],
  "amp_mean_x": [
    0.0398881696164608
  ],
  "amp_mean_y": [
    0.0664011761546135
  ],
  "symmetry_ratio": [
    0.6007148027420044
  ],
  "energy_distribution": [
    0.21763138473033905
  ],
  "motion_stability": [
    2.4009575843811035
  ],
  "freq_entropy": [
    10.205118179321289
  ]
}