{
  "dominant_freq": [
    0.7294825531914892,
    0.19036738197424893
  ],
  "amp_mean_x": [
    0.12580068409442902,
    0.9489454627037048
  ],
  "amp_mean_y": [
    0.13393092155456543,
    1.5045125484466553
  ],
  "symmetry_ratio": [
    0.9392952919006348,
    0.6307328343391418
  ],
  "energy_distribution": [
    0.22592423856258392,
    0.41840872168540955
  ],
  "motion_stability": [
    1.7036670446395874,
    5.19917631149292
  ],
  "freq_entropy": [
    10.1829833984375,
    9.874412536621094
  ]
}