{
  "dominant_freq": [
    0.29089655172413786,
    0.10717241379310344
  ],
  "amp_mean_x": [
    0.20028986036777496,
    0.4233323037624359
  ],
  "amp_mean_y": [
    0.19573768973350525,
    0.2849156856536865
  ],
  "symmetry_ratio": [
    1.023256540298462,
    1.4858161211013794
  ],
  "energy_distribution": [
    0.3322179913520813,
    0.45311668515205383
  ],
  "motion_stability": [
    2.080688238143921,
    2.213028907775879
  ],
  "freq_entropy": [
    10.07669448852539,
    9.92366886138916
  ]
}