{
  "dominant_freq": [
    0.11536178336499106,
    0.48911088911088907
  ],
  "amp_mean_x": [
    0.5971201062202454,
    0.06794638931751251
  ],
  "amp_mean_y": [
    0.5434131026268005,
    0.12314578890800476
  ],
  "symmetry_ratio": [
    1.0988327264785767,
    0.5517556667327881
  ],
  "energy_distribution": [
    0.33697524666786194,
    0.20165273547172546
  ],
  "motion_stability": [
    5.287109851837158,
    1.9145963191986084
  ],
  "freq_entropy": [
    9.258525848388672,
    9.348457336425781
  ]
}