{
  "dominant_freq": [
    0.29023578947368417,
    0.27761684210526316,
    2.1073642105263155
  ],
  "amp_mean_x": [
    0.15756773948669434,
    0.13024424016475677,
    0.2673192322254181
  ],
  "amp_mean_y": [
    0.162078857421875,
    0.165323868393898,
    0.29199671745300293
  ],
  "symmetry_ratio": [
    0.9721671342849731,
    0.7878127098083496,
    0.9154871106147766
  ],
  "energy_distribution": [
    0.27701297402381897,
    0.2454528659582138,
    0.17156921327114105
  ],
  "motion_stability": [
    1.5287483930587769,
    1.318662166595459,
    1.9254264831542969
  ],
  "freq_entropy": [
    8.872246742248535,
    8.927640914916992,
    9.193497657775879
  ]
}