{
  "dominant_freq": [
    6.5617613882863335,
    4.73526
  ],
  "amp_mean_x": [
    0.7175895571708679,
    0.23933672904968262
  ],
  "amp_mean_y": [
    1.9300271272659302,
    0.2607995271682739
  ],
  "symmetry_ratio": [
    0.37180283665657043,
    0.9177038669586182
  ],
  "energy_distribution": [
    0.048765141516923904,
    0.25497931241989136
  ],
  "motion_stability": [
    5.424571514129639,
    1.5109679698944092
  ],
  "freq_entropy": [
    9.556303977966309,
    9.486018180847168
  ]
}