{
  "dominant_freq": [
    7.433333333333334,
    4.008333333333333
  ],
  "amp_mean_x": [
    0.09576990455389023,
    0.07814107090234756
  ],
  "amp_mean_y": [
    0.12397690117359161,
    0.17258407175540924
  ],
  "symmetry_ratio": [
    0.7724818587303162,
    0.45277103781700134
  ],
  "energy_distribution": [
    0.18707275390625,
    0.17550230026245117
  ],
  "motion_stability": [
    3.490785598754883,
    1.5356824398040771
  ],
  "freq_entropy": [
    9.883979797363281,
    9.607516288757324
  ]
}