{
  "dominant_freq": [
    6.659192237719829,
    0.12351272727272725
  ],
  "amp_mean_x": [
    0.25503623485565186,
    0.5183845162391663
  ],
  "amp_mean_y": [
    0.3094841539859772,
    0.30561333894729614
  ],
  "symmetry_ratio": [
    0.8240687847137451,
    1.6962103843688965
  ],
  "energy_distribution": [
    0.19889847934246063,
    0.24078653752803802
  ],
  "motion_stability": [
    2.810988426208496,
    2.5713133811950684
  ],
  "freq_entropy": [
    9.8212251663208,
    9.903545379638672
  ]
}