{
  "dominant_freq": [
    1.2322904368358913,
    3.164367126574685
  ],
  "amp_mean_x": [
    0.7706901431083679,
    1.8256940841674805
  ],
  "amp_mean_y": [
    0.5967772006988525,
    1.9017094373703003
  ],
  "symmetry_ratio": [
    1.2914202213287354,
    0.9600278735160828
  ],
  "energy_distribution": [
    0.20748087763786316,
    0.18189164996147156
  ],
  "motion_stability": [
    1.6824743747711182,
    2.2752532958984375
  ],
  "freq_entropy": [
    9.73180103302002,
    9.77663516998291
  ]
}