{
  "dominant_freq": [
    5.266157142857143,
    0.1212658959537572
  ],
  "amp_mean_x": [
    0.6739023923873901,
    0.985619843006134
  ],
  "amp_mean_y": [
    1.1482267379760742,
    2.048194169998169
  ],
  "symmetry_ratio": [
    0.5869070887565613,
    0.48121407628059387
  ],
  "energy_distribution": [
    0.2529940605163574,
    0.3198629915714264
  ],
  "motion_stability": [
    3.0329537391662598,
    2.853641986846924
  ],
  "freq_entropy": [
    9.62539291381836,
    8.62347412109375
  ]
}