{
  "dominant_freq": [
    9.787144362486828,
    1.9200000000000004,
    8.312565997888068
  ],
  "amp_mean_x": [
    0.6169205904006958,
    0.23119185864925385,
    0.5935885906219482
  ],
  "amp_mean_y": [
    0.645106852054596,
    0.2887454032897949,
    0.7970016002655029
  ],
  "symmetry_ratio": [
    0.956307590007782,
    0.8006771802902222,
    0.7447771430015564
  ],
  "energy_distribution": [
    0.1862541288137436,
    0.26478731632232666,
    0.21010367572307587
  ],
  "motion_stability": [
    2.499417781829834,
    5.181853294372559,
    3.2418832778930664
  ],
  "freq_entropy": [
    8.990460395812988,
    9.00326156616211,
    9.02286148071289
  ]
}