{
  "dominant_freq": [
    0.12618947368421052,
    0.2776168421052631,
    0.1009515789473684
  ],
  "amp_mean_x": [
    0.1865473985671997,
    0.1885460764169693,
    0.05914333835244179
  ],
  "amp_mean_y": [
    0.15582330524921417,
    0.28860583901405334,
    0.17003071308135986
  ],
  "symmetry_ratio": [
    1.1971726417541504,
    0.6532995700836182,
    0.3478391468524933
  ],
  "energy_distribution": [
    0.2904399335384369,
    0.28545841574668884,
    0.41428467631340027
  ],
  "motion_stability": [
    1.4543466567993164,
    1.392913818359375,
    1.3069159984588623
  ],
  "freq_entropy": [
    8.938127517700195,
    8.919920921325684,
    8.36288070678711
  ]
}