{
  "dominant_freq": [
    0.19057519057519057,
    0.5815913688469319
  ],
  "amp_mean_x": [
    2.522679567337036,
    2.8862345218658447
  ],
  "amp_mean_y": [
    5.430347442626953,
    2.991591215133667
  ],
  "symmetry_ratio": [
    0.4645521342754364,
    0.9647824168205261
  ],
  "energy_distribution": [
    0.36429667472839355,
    0.4365787208080292
  ],
  "motion_stability": [
    3.1706461906433105,
    2.348137378692627
  ],
  "freq_entropy": [
    9.398561477661133,
    7.9752397537231445
  ]
}