{
  "dominant_freq": [
    0.1,
    0.47500000000000003
  ],
  "amp_mean_x": [
    0.1115945428609848,
    0.14218054711818695
  ],
  "amp_mean_y": [
    0.18249493837356567,
    0.21576160192489624
  ],
  "symmetry_ratio": [
    0.6114938855171204,
    0.6589705944061279
  ],
  "energy_distribution": [
    0.331429123878479,
    0.6296552419662476
  ],
  "motion_stability": [
    1.8332030773162842,
    1.53958261013031
  ],
  "freq_entropy": [
    8.949026107788086,
    6.638265609741211
  ]
}