{
  "dominant_freq": [
    0.12992774566473986,
    0.1297402597402597
  ],
  "amp_mean_x": [
    1.1806836128234863,
    1.1996479034423828
  ],
  "amp_mean_y": [
    4.120748519897461,
    2.172879934310913
  ],
  "symmetry_ratio": [
    0.28652164340019226,
    0.552100419998169
  ],
  "energy_distribution": [
    0.3388932943344116,
    0.28345435857772827
  ],
  "motion_stability": [
    3.22230863571167,
    2.632706642150879
  ],
  "freq_entropy": [
    9.400643348693848,
    9.235179901123047
  ]
}