{
  "dominant_freq": [
    2.975,
    0.3,
    0.9750000000000001,
    0.1,
    4.0
  ],
  "amp_mean_x": [
    0.1980455070734024,
    0.21510568261146545,
    0.2388627976179123,
    0.18972422182559967,
    0.2456330507993698
  ],
  "amp_mean_y": [
    0.25941309332847595,
    0.2986689507961273,
    0.31031036376953125,
    0.2777584195137024,
    0.43516337871551514
  ],
  "symmetry_ratio": [
    0.7634367942810059,
    0.7202144265174866,
    0.7697544693946838,
    0.6830548048019409,
    0.5644616484642029
  ],
  "energy_distribution": [
    0.23496964573860168,
    0.23629708588123322,
    0.2934172451496124,
    0.4631306827068329,
    0.25081688165664673
  ],
  "motion_stability": [
    1.4774384498596191,
    1.2392559051513672,
    1.7841721773147583,
    1.3592547178268433,
    2.7235922813415527
  ],
  "freq_entropy": [
    8.084890365600586,
    7.9672627449035645,
    7.987029552459717,
    7.2185211181640625,
    7.666900634765625
  ]
}