{
  "dominant_freq": [
    0.6997689145111385,
    0.6006841124614144,
    4.702394379813734
  ],
  "amp_mean_x": [
    0.7763707041740417,
    0.6609429717063904,
    1.3267771005630493
  ],
  "amp_mean_y": [
    1.211254358291626,
    1.084288239479065,
    2.075334072113037
  ],
  "symmetry_ratio": [
    0.6409642100334167,
    0.6095638871192932,
    0.6393077373504639
  ],
  "energy_distribution": [
    0.23094627261161804,
    0.23213313519954681,
    0.1771354377269745
  ],
  "motion_stability": [
    2.4905195236206055,
    2.2090530395507812,
    2.6352179050445557
  ],
  "freq_entropy": [
    10.314456939697266,
    10.304394721984863,
    10.272915840148926
  ]
}