{
  "dominant_freq": [
    1.801378446115288,
    4.598609355246523,
    1.5483870967741935
  ],
  "amp_mean_x": [
    0.48431748151779175,
    1.168996810913086,
    0.6194759607315063
  ],
  "amp_mean_y": [
    1.1182724237442017,
    2.0234944820404053,
    1.1052813529968262
  ],
  "symmetry_ratio": [
    0.4330943524837494,
    0.5777118802070618,
    0.5604690313339233
  ],
  "energy_distribution": [
    0.29668253660202026,
    0.11631183326244354,
    0.18278354406356812
  ],
  "motion_stability": [
    2.09928035736084,
    2.0728533267974854,
    2.1632161140441895
  ],
  "freq_entropy": [
    8.578878402709961,
    8.745574951171875,
    8.659461975097656
  ]
}