{
  "dominant_freq": [
    0.10804635193133047,
    0.3213804255319148
  ],
  "amp_mean_x": [
    0.66641765832901,
    0.4280945360660553
  ],
  "amp_mean_y": [
    0.7364601492881775,
    0.3860931098461151
  ],
  "symmetry_ratio": [
    0.9048930406570435,
    1.1087857484817505
  ],
  "energy_distribution": [
    0.6652114391326904,
    0.4042842388153076
  ],
  "motion_stability": [
    7.114327430725098,
    3.376944065093994
  ],
  "freq_entropy": [
    8.811247825622559,
    10.136030197143555
  ]
}