{
  "dominant_freq": [
    0.11357052631578946,
    1.5016547368421052,
    0.2649978947368421
  ],
  "amp_mean_x": [
    0.3192589581012726,
    0.21982018649578094,
    0.1901935487985611
  ],
  "amp_mean_y": [
    0.4939468502998352,
    0.3553243577480316,
    0.2668803930282593
  ],
  "symmetry_ratio": [
    0.6463427543640137,
    0.6186465620994568,
    0.7126546502113342
  ],
  "energy_distribution": [
    0.23953410983085632,
    0.24312429130077362,
    0.1883760243654251
  ],
  "motion_stability": [
    1.4988629817962646,
    1.199472427368164,
    1.2880747318267822
  ],
  "freq_entropy": [
    8.968794822692871,
    8.986383438110352,
    9.003741264343262
  ]
}