{
  "dominant_freq": [
    3.6082897800776195,
    2.268696774193548
  ],
  "amp_mean_x": [
    0.8270832896232605,
    0.842962384223938
  ],
  "amp_mean_y": [
    1.9225811958312988,
    1.9024975299835205
  ],
  "symmetry_ratio": [
    0.4301941990852356,
    0.44308197498321533
  ],
  "energy_distribution": [
    0.18197201192378998,
    0.1984543651342392
  ],
  "motion_stability": [
    2.2407822608947754,
    2.225306272506714
  ],
  "freq_entropy": [
    10.278754234313965,
    10.355914115905762
  ]
}