{
  "dominant_freq": [
    3.1939457142857144,
    1.4159055118110235
  ],
  "amp_mean_x": [
    0.41071122884750366,
    0.5908485651016235
  ],
  "amp_mean_y": [
    0.6645750403404236,
    0.9532614946365356
  ],
  "symmetry_ratio": [
    0.6180058121681213,
    0.6198179125785828
  ],
  "energy_distribution": [
    0.1773766726255417,
    0.20569710433483124
  ],
  "motion_stability": [
    3.693632125854492,
    3.0546936988830566
  ],
  "freq_entropy": [
    9.665434837341309,
    9.47503662109375
  ]
}