{
  "dominant_freq": [
    5.811303555150411,
    0.11601455868971793
  ],
  "amp_mean_x": [
    1.052894949913025,
    0.6073275804519653
  ],
  "amp_mean_y": [
    1.808122992515564,
    1.3527569770812988
  ],
  "symmetry_ratio": [
    0.5823137760162354,
    0.4489554166793823
  ],
  "energy_distribution": [
    0.2188500165939331,
    0.30096209049224854
  ],
  "motion_stability": [
    3.1970715522766113,
    1.436280369758606
  ],
  "freq_entropy": [
    10.020730972290039,
    9.715995788574219
  ]
}