{
  "dominant_freq": [
    4.274148125656247,
    4.787635411155537
  ],
  "amp_mean_x": [
    0.9985907673835754,
    1.5361779928207397
  ],
  "amp_mean_y": [
    1.7535909414291382,
    2.0452585220336914
  ],
  "symmetry_ratio": [
    0.5694547891616821,
    0.7510923147201538
  ],
  "energy_distribution": [
    0.16871219873428345,
    0.19658954441547394
  ],
  "motion_stability": [
    2.524399757385254,
    1.6566388607025146
  ],
  "freq_entropy": [
    9.451695442199707,
    9.428426742553711
  ]
}