{
  "dominant_freq": [
    0.23976,
    3.996,
    1.38528,
    4.31568,
    0.10775730337078651,
    1.97136
  ],
  "amp_mean_x": [
    0.06636054068803787,
    0.07881785184144974,
    0.08197946846485138,
    0.09305518120527267,
    0.7857173681259155,
    0.05463900417089462
  ],
  "amp_mean_y": [
    0.19304609298706055,
    0.2882092595100403,
    0.3800971210002899,
    0.3451184332370758,
    2.0490059852600098,
    0.23867926001548767
  ],
  "symmetry_ratio": [
    0.3437548875808716,
    0.27347439527511597,
    0.2156803160905838,
    0.26963260769844055,
    0.38346269726753235,
    0.2289222925901413
  ],
  "energy_distribution": [
    0.3485214412212372,
    0.2747703194618225,
    0.22873705625534058,
    0.2438591867685318,
    0.6211776733398438,
    0.3083963096141815
  ],
  "motion_stability": [
    1.5587306022644043,
    1.1538023948669434,
    1.6001778841018677,
    0.917020320892334,
    3.310483455657959,
    1.605123519897461
  ],
  "freq_entropy": [
    7.876873970031738,
    7.840383052825928,
    7.942957878112793,
    7.890471935272217,
    6.839197635650635,
    7.941624641418457
  ]
}