{
  "dominant_freq": [
    0.5057142857142858,
    3.7114285714285713
  ],
  "amp_mean_x": [
    0.09423832595348358,
    0.15579180419445038
  ],
  "amp_mean_y": [
    0.1453694999217987,
    0.2629993259906769
  ],
  "symmetry_ratio": [
    0.6482675075531006,
    0.5923658013343811
  ],
  "energy_distribution": [
    0.2288798987865448,
    0.2027776837348938
  ],
  "motion_stability": [
    1.3996251821517944,
    1.1620200872421265
  ],
  "freq_entropy": [
    9.522544860839844,
    9.514345169067383
  ]
}