{
  "dominant_freq": [
    4.139014736842105,
    0.1009515789473684,
    3.72258947368421
  ],
  "amp_mean_x": [
    0.34516462683677673,
    0.8046173453330994,
    0.3787132799625397
  ],
  "amp_mean_y": [
    0.22115641832351685,
    0.582365870475769,
    0.31424981355667114
  ],
  "symmetry_ratio": [
    1.560726284980774,
    1.3816354274749756,
    1.2051345109939575
  ],
  "energy_distribution": [
    0.20934276282787323,
    0.7163247466087341,
    0.1558382362127304
  ],
  "motion_stability": [
    0.8492798805236816,
    2.416351318359375,
    2.701683521270752
  ],
  "freq_entropy": [
    9.021732330322266,
    7.197939395904541,
    9.046541213989258
  ]
}