{
  "dominant_freq": [
    0.7117882117882117,
    0.4795204795204795
  ],
  "amp_mean_x": [
    0.1022324189543724,
    0.23728425800800323
  ],
  "amp_mean_y": [
    0.12768280506134033,
    0.16296637058258057
  ],
  "symmetry_ratio": [
    0.8006749153137207,
    1.4560320377349854
  ],
  "energy_distribution": [
    0.18457120656967163,
    0.26011914014816284
  ],
  "motion_stability": [
    1.2621243000030518,
    1.6408332586288452
  ],
  "freq_entropy": [
    9.686481475830078,
    9.563488960266113
  ]
}