{
  "dominant_freq": [
    8.927419354838708,
    4.661290322580645
  ],
  "amp_mean_x": [
    0.10595773905515671,
    0.1972653865814209
  ],
  "amp_mean_y": [
    0.19307728111743927,
    0.3638280928134918
  ],
  "symmetry_ratio": [
    0.548784077167511,
    0.5421939492225647
  ],
  "energy_distribution": [
    0.1870974898338318,
    0.18789364397525787
  ],
  "motion_stability": [
    3.8949732780456543,
    1.9919854402542114
  ],
  "freq_entropy": [
    9.753011703491211,
    9.748279571533203
  ]
}