{
  "dominant_freq": [
    3.8826055833929853,
    0.12866333095067906
  ],
  "amp_mean_x": [
    0.2623210847377777,
    0.5790795087814331
  ],
  "amp_mean_y": [
    0.8125931620597839,
    1.1183265447616577
  ],
  "symmetry_ratio": [
    0.32281970977783203,
    0.5178089737892151
  ],
  "energy_distribution": [
    0.15248823165893555,
    0.3902689218521118
  ],
  "motion_stability": [
    2.084433078765869,
    2.4921774864196777
  ],
  "freq_entropy": [
    9.590846061706543,
    9.17371940612793
  ]
}