{
  "dominant_freq": [
    0.35333052631578943,
    7.760652631578946,
    0.1009515789473684
  ],
  "amp_mean_x": [
    0.4604107439517975,
    0.512951672077179,
    0.34474247694015503
  ],
  "amp_mean_y": [
    0.20698541402816772,
    0.5060663819313049,
    0.4365454614162445
  ],
  "symmetry_ratio": [
    2.224363327026367,
    1.0136054754257202,
    0.7897058129310608
  ],
  "energy_distribution": [
    0.2940293252468109,
    0.21248947083950043,
    0.23724722862243652
  ],
  "motion_stability": [
    1.5609720945358276,
    2.0715389251708984,
    1.2806214094161987
  ],
  "freq_entropy": [
    9.204486846923828,
    9.042760848999023,
    9.019340515136719
  ]
}