{
  "dominant_freq": [
    0.3038141499472017,
    1.8687550371155885,
    2.5292228202368134
  ],
  "amp_mean_x": [
    0.3706172704696655,
    0.8910643458366394,
    1.2966806888580322
  ],
  "amp_mean_y": [
    0.8271320462226868,
    1.4529685974121094,
    1.6870564222335815
  ],
  "symmetry_ratio": [
    0.4480750858783722,
    0.6132715940475464,
    0.7686054110527039
  ],
  "energy_distribution": [
    0.21149368584156036,
    0.2780028283596039,
    0.21714596450328827
  ],
  "motion_stability": [
    1.8268227577209473,
    2.8323044776916504,
    2.7365012168884277
  ],
  "freq_entropy": [
    8.956297874450684,
    8.979684829711914,
    8.965773582458496
  ]
}