{
  "dominant_freq": [
    0.12254732639579302,
    4.883740440619536
  ],
  "amp_mean_x": [
    2.3454155921936035,
    0.8022571206092834
  ],
  "amp_mean_y": [
    3.9762532711029053,
    1.6103672981262207
  ],
  "symmetry_ratio": [
    0.5898556709289551,
    0.4981826841831207
  ],
  "energy_distribution": [
    0.2543339133262634,
    0.2707871198654175
  ],
  "motion_stability": [
    3.028024673461914,
    5.252283573150635
  ],
  "freq_entropy": [
    9.800514221191406,
    9.897808074951172
  ]
}