{
  "dominant_freq": [
    0.29970029970029965,
    0.44955044955044954,
    0.8852224121310479
  ],
  "amp_mean_x": [
    0.1338406801223755,
    0.18878893554210663,
    0.1646023392677307
  ],
  "amp_mean_y": [
    0.3193758726119995,
    0.36415818333625793,
    0.40004244446754456
  ],
  "symmetry_ratio": [
    0.41906946897506714,
    0.5184256434440613,
    0.4114621877670288
  ],
  "energy_distribution": [
    0.27310407161712646,
    0.29678618907928467,
    0.37773624062538147
  ],
  "motion_stability": [
    1.2258214950561523,
    1.2242002487182617,
    2.1705048084259033
  ],
  "freq_entropy": [
    8.524749755859375,
    8.600313186645508,
    8.641857147216797
  ]
}