{
  "dominant_freq": [
    2.71728,
    0.10656,
    4.981680000000001,
    5.88744,
    4.74192,
    2.1312
  ],
  "amp_mean_x": [
    0.2329978197813034,
    0.0812886506319046,
    0.0663190484046936,
    0.08829206973314285,
    0.07619578391313553,
    0.028723949566483498
  ],
  "amp_mean_y": [
    0.1514969915151596,
    0.11750658601522446,
    0.14313626289367676,
    0.22231170535087585,
    0.13748063147068024,
    0.05945589020848274
  ],
  "symmetry_ratio": [
    1.537969946861267,
    0.6917795538902283,
    0.4633280634880066,
    0.39715439081192017,
    0.554229199886322,
    0.4831136167049408
  ],
  "energy_distribution": [
    0.20410913228988647,
    0.2947985827922821,
    0.27462902665138245,
    0.20051079988479614,
    0.2522532045841217,
    0.16544800996780396
  ],
  "motion_stability": [
    5.2202887535095215,
    1.0394463539123535,
    1.0056895017623901,
    1.0386531352996826,
    1.337411880493164,
    1.5338633060455322
  ],
  "freq_entropy": [
    8.10269832611084,
    7.781696796417236,
    7.847959518432617,
    7.870917797088623,
    7.820361137390137,
    7.945327281951904
  ]
}