{
  "dominant_freq": [
    5.040816326530612,
    0.500400320256205
  ],
  "amp_mean_x": [
    1.4193832874298096,
    0.4014783501625061
  ],
  "amp_mean_y": [
    2.010237455368042,
    0.6540767550468445
  ],
  "symmetry_ratio": [
    0.7060773968696594,
    0.6138092279434204
  ],
  "energy_distribution": [
    0.20957501232624054,
    0.36713260412216187
  ],
  "motion_stability": [
    3.5416629314422607,
    1.4805248975753784
  ],
  "freq_entropy": [
    10.33760929107666,
    9.867903709411621
  ]
}