{
  "dominant_freq": [
    0.9847295561581274,
    0.12177115427593439
  ],
  "amp_mean_x": [
    0.1856808066368103,
    0.6458246111869812
  ],
  "amp_mean_y": [
    0.2308381199836731,
    0.8474956750869751
  ],
  "symmetry_ratio": [
    0.8043767213821411,
    0.7620388269424438
  ],
  "energy_distribution": [
    0.3287031948566437,
    0.3014625906944275
  ],
  "motion_stability": [
    2.5194692611694336,
    3.3331637382507324
  ],
  "freq_entropy": [
    9.682186126708984,
    9.39635181427002
  ]
}