{
  "dominant_freq": [
    8.540031397174253,
    0.7192807192807192
  ],
  "amp_mean_x": [
    0.08652733266353607,
    0.08729541301727295
  ],
  "amp_mean_y": [
    0.08941991627216339,
    0.09114345908164978
  ],
  "symmetry_ratio": [
    0.9676516652107239,
    0.9577803611755371
  ],
  "energy_distribution": [
    0.19363680481910706,
    0.19945669174194336
  ],
  "motion_stability": [
    2.286715507507324,
    1.6400178670883179
  ],
  "freq_entropy": [
    9.173471450805664,
    9.119688034057617
  ]
}