{
  "dominant_freq": [
    5.687929092184411,
    0.43871022594426845
  ],
  "amp_mean_x": [
    0.13101884722709656,
    0.1858941614627838
  ],
  "amp_mean_y": [
    0.1819126307964325,
    0.20470519363880157
  ],
  "symmetry_ratio": [
    0.7202295064926147,
    0.9081067442893982
  ],
  "energy_distribution": [
    0.2167787402868271,
    0.25290289521217346
  ],
  "motion_stability": [
    1.7429611682891846,
    1.766809105873108
  ],
  "freq_entropy": [
    10.306577682495117,
    10.223369598388672
  ]
}