{
  "dominant_freq": [
    4.114649681528663,
    2.291139240506329,
    0.4926315789473684
  ],
  "amp_mean_x": [
    0.5155418515205383,
    0.39621442556381226,
    0.23761121928691864
  ],
  "amp_mean_y": [
    0.9575880169868469,
    0.6753683090209961,
    0.24843254685401917
  ],
  "symmetry_ratio": [
    0.5383754372596741,
    0.5866641998291016,
    0.9564415812492371
  ],
  "energy_distribution": [
    0.21680337190628052,
    0.20543144643306732,
    0.2971873879432678
  ],
  "motion_stability": [
    2.259450912475586,
    1.7312299013137817,
    1.3745436668395996
  ],
  "freq_entropy": [
    8.992372512817383,
    8.858195304870605,
    8.576860427856445
  ]
}