{
  "dominant_freq": [
    0.1009515789473684,
    0.1009515789473684,
    0.9338021052631578
  ],
  "amp_mean_x": [
    0.10111941397190094,
    0.07187244296073914,
    0.09870322048664093
  ],
  "amp_mean_y": [
    0.10049337893724442,
    0.2359895408153534,
    0.15559811890125275
  ],
  "symmetry_ratio": [
    1.0062296390533447,
    0.304557740688324,
    0.634347140789032
  ],
  "energy_distribution": [
    0.47385433316230774,
    0.6257287263870239,
    0.27280113101005554
  ],
  "motion_stability": [
    1.484985589981079,
    2.065232992172241,
    1.7204246520996094
  ],
  "freq_entropy": [
    8.378469467163086,
    7.979637622833252,
    8.899415016174316
  ]
}