{
  "dominant_freq": [
    1.3977497872340425,
    0.6580646808510637
  ],
  "amp_mean_x": [
    0.24668815732002258,
    0.5714114308357239
  ],
  "amp_mean_y": [
    0.29519522190093994,
    0.3587881922721863
  ],
  "symmetry_ratio": [
    0.8356780409812927,
    1.5926148891448975
  ],
  "energy_distribution": [
    0.21575628221035004,
    0.40026408433914185
  ],
  "motion_stability": [
    2.6984314918518066,
    4.721729278564453
  ],
  "freq_entropy": [
    10.336465835571289,
    10.132957458496094
  ]
}