{
  "dominant_freq": [
    0.26563831308077196,
    0.11996568977841314
  ],
  "amp_mean_x": [
    0.09378039836883545,
    0.16960984468460083
  ],
  "amp_mean_y": [
    0.25986701250076294,
    0.45562678575515747
  ],
  "symmetry_ratio": [
    0.36087843775749207,
    0.3722561001777649
  ],
  "energy_distribution": [
    0.2959911823272705,
    0.2882983088493347
  ],
  "motion_stability": [
    1.625349521636963,
    1.8648681640625
  ],
  "freq_entropy": [
    9.478365898132324,
    9.317110061645508
  ]
}