{
  "dominant_freq": [
    0.8201257861635219
  ],
  "amp_mean_x": [
    0.8286699652671814
  ],
  "amp_mean_y": [
    1.2824244499206543
  ],
  "symmetry_ratio": [
    0.6461744904518127
  ],
  "energy_distribution": [
    0.2367296665906906
  ],
  "motion_stability": [
    2.813148021697998
  ],
  "freq_entropy": [
    10.387146949768066
  ]
}