{
  "dominant_freq": [
    1.2137862137862139,
    0.1798201798201798
  ],
  "amp_mean_x": [
    0.044217366725206375,
    0.2967243194580078
  ],
  "amp_mean_y": [
    0.08021394908428192,
    0.4722340404987335
  ],
  "symmetry_ratio": [
    0.5512428879737854,
    0.6283416748046875
  ],
  "energy_distribution": [
    0.19728702306747437,
    0.25160038471221924
  ],
  "motion_stability": [
    1.992205262184143,
    1.9546935558319092
  ],
  "freq_entropy": [
    9.708694458007812,
    9.765990257263184
  ]
}