{
  "dominant_freq": [
    1.7750000000000001,
    0.1,
    0.1,
    0.2,
    0.17500000000000002
  ],
  "amp_mean_x": [
    0.119440458714962,
    0.1156391128897667,
    0.14300520718097687,
    0.18674667179584503,
    0.0971241444349289
  ],
  "amp_mean_y": [
    0.38518157601356506,
    0.5057998895645142,
    0.6011208295822144,
    0.2589706480503082,
    0.542313814163208
  ],
  "symmetry_ratio": [
    0.31008872389793396,
    0.22862620651721954,
    0.2378976047039032,
    0.7211113572120667,
    0.179092139005661
  ],
  "energy_distribution": [
    0.2909543514251709,
    0.2433309704065323,
    0.3442135751247406,
    0.44101497530937195,
    0.3018088638782501
  ],
  "motion_stability": [
    1.1957985162734985,
    1.0116822719573975,
    0.9198284149169922,
    0.9077032804489136,
    0.9967561960220337
  ],
  "freq_entropy": [
    7.908599853515625,
    8.01690673828125,
    7.864756107330322,
    7.5619916915893555,
    7.946541786193848
  ]
}