{
  "dominant_freq": [
    2.982017982017982,
    6.442226974546367,
    4.920111654546217
  ],
  "amp_mean_x": [
    0.2301882952451706,
    0.6550003886222839,
    1.1568795442581177
  ],
  "amp_mean_y": [
    0.1900305151939392,
    1.3737363815307617,
    1.85149085521698
  ],
  "symmetry_ratio": [
    1.2113227844238281,
    0.47680211067199707,
    0.6248367428779602
  ],
  "energy_distribution": [
    0.13644324243068695,
    0.20870429277420044,
    0.23481880128383636
  ],
  "motion_stability": [
    1.5744695663452148,
    4.017938613891602,
    4.3763628005981445
  ],
  "freq_entropy": [
    8.753729820251465,
    8.728181838989258,
    8.909732818603516
  ]
}