{
  "dominant_freq": [
    1.147153598281418,
    2.6852248394004286,
    1.4328358208955225
  ],
  "amp_mean_x": [
    0.9136962890625,
    1.286552906036377,
    0.4913877546787262
  ],
  "amp_mean_y": [
    0.9051854014396667,
    2.429129123687744,
    0.5190196633338928
  ],
  "symmetry_ratio": [
    1.0094023942947388,
    0.5296354293823242,
    0.9467613697052002
  ],
  "energy_distribution": [
    0.27240145206451416,
    0.26964080333709717,
    0.19781219959259033
  ],
  "motion_stability": [
    4.182890892028809,
    3.1440486907958984,
    1.9857492446899414
  ],
  "freq_entropy": [
    8.965775489807129,
    9.070048332214355,
    9.025344848632812
  ]
}