{
  "dominant_freq": [
    5.31985559566787,
    0.8148677626876342
  ],
  "amp_mean_x": [
    0.4893561601638794,
    0.6320691108703613
  ],
  "amp_mean_y": [
    1.3402066230773926,
    0.7596447467803955
  ],
  "symmetry_ratio": [
    0.3651348650455475,
    0.832058846950531
  ],
  "energy_distribution": [
    0.18304148316383362,
    0.21730239689350128
  ],
  "motion_stability": [
    5.466711521148682,
    4.1998491287231445
  ],
  "freq_entropy": [
    9.692479133605957,
    9.588285446166992
  ]
}