{
  "dominant_freq": [
    0.7141787234042553,
    0.4846212765957446
  ],
  "amp_mean_x": [
    0.24262581765651703,
    0.4385112524032593
  ],
  "amp_mean_y": [
    0.16518861055374146,
    0.330610454082489
  ],
  "symmetry_ratio": [
    1.468780517578125,
    1.3263683319091797
  ],
  "energy_distribution": [
    0.25152096152305603,
    0.2934964895248413
  ],
  "motion_stability": [
    1.2875579595565796,
    1.301121473312378
  ],
  "freq_entropy": [
    10.169580459594727,
    9.853761672973633
  ]
}