{
  "dominant_freq": [
    4.003295974098894,
    1.5308635026944886
  ],
  "amp_mean_x": [
    1.6087311506271362,
    2.6580939292907715
  ],
  "amp_mean_y": [
    1.5476429462432861,
    1.9283883571624756
  ],
  "symmetry_ratio": [
    1.0394717454910278,
    1.378401756286621
  ],
  "energy_distribution": [
    0.22822952270507812,
    0.2208399772644043
  ],
  "motion_stability": [
    2.6445040702819824,
    2.474970579147339
  ],
  "freq_entropy": [
    9.229131698608398,
    9.181304931640625
  ]
}