{
  "dominant_freq": [
    3.968793191489361,
    0.10712680851063829,
    0.10721805792163544
  ],
  "amp_mean_x": [
    0.6190205216407776,
    0.6202436089515686,
    0.49025002121925354
  ],
  "amp_mean_y": [
    0.6585536599159241,
    0.5043826103210449,
    0.43819931149482727
  ],
  "symmetry_ratio": [
    0.9399697780609131,
    1.2297085523605347,
    1.1187832355499268
  ],
  "energy_distribution": [
    0.20280563831329346,
    0.39845845103263855,
    0.290058970451355
  ],
  "motion_stability": [
    2.180396318435669,
    2.495649814605713,
    1.948217749595642
  ],
  "freq_entropy": [
    10.319703102111816,
    10.109668731689453,
    10.192560195922852
  ]
}