{
  "dominant_freq": [
    5.040000000000001,
    4.405714285714287
  ],
  "amp_mean_x": [
    0.06903263181447983,
    0.03251831606030464
  ],
  "amp_mean_y": [
    0.1723904013633728,
    0.09275549650192261
  ],
  "symmetry_ratio": [
    0.40044358372688293,
    0.35058102011680603
  ],
  "energy_distribution": [
    0.21646860241889954,
    0.14616484940052032
  ],
  "motion_stability": [
    3.6693716049194336,
    3.3991527557373047
  ],
  "freq_entropy": [
    9.649937629699707,
    9.661787986755371
  ]
}