{
  "dominant_freq": [
    3.7001055966209084,
    3.807073954983923,
    6.375411635565313
  ],
  "amp_mean_x": [
    1.017441749572754,
    3.132429361343384,
    3.074063777923584
  ],
  "amp_mean_y": [
    1.8411234617233276,
    6.101349830627441,
    6.40074348449707
  ],
  "symmetry_ratio": [
    0.5526200532913208,
    0.5133994221687317,
    0.48026666045188904
  ],
  "energy_distribution": [
    0.2062712162733078,
    0.1463983654975891,
    0.20299877226352692
  ],
  "motion_stability": [
    2.842756748199463,
    2.755124568939209,
    2.3965351581573486
  ],
  "freq_entropy": [
    8.968475341796875,
    8.60377311706543,
    8.964019775390625
  ]
}