{
  "dominant_freq": [
    4.0892307692307694,
    3.476898981989037
  ],
  "amp_mean_x": [
    0.12100110203027725,
    0.8689478039741516
  ],
  "amp_mean_y": [
    0.258585661649704,
    0.9206218123435974
  ],
  "symmetry_ratio": [
    0.4679343104362488,
    0.9438705444335938
  ],
  "energy_distribution": [
    0.15854232013225555,
    0.22783204913139343
  ],
  "motion_stability": [
    2.488285541534424,
    3.684067487716675
  ],
  "freq_entropy": [
    9.512317657470703,
    9.289833068847656
  ]
}