{
  "dominant_freq": [
    0.12005150214592275,
    0.16316045845272203
  ],
  "amp_mean_x": [
    0.5062130093574524,
    1.4599546194076538
  ],
  "amp_mean_y": [
    0.9610351324081421,
    2.2946577072143555
  ],
  "symmetry_ratio": [
    0.5267372727394104,
    0.6362407207489014
  ],
  "energy_distribution": [
    0.20803722739219666,
    0.36514177918434143
  ],
  "motion_stability": [
    1.7078015804290771,
    2.1573212146759033
  ],
  "freq_entropy": [
    9.53664779663086,
    9.182936668395996
  ]
}