{
  "dominant_freq": [
    3.6942857142857144,
    3.107296137339056
  ],
  "amp_mean_x": [
    0.34925270080566406,
    0.8653938174247742
  ],
  "amp_mean_y": [
    0.4863159656524658,
    0.9566704630851746
  ],
  "symmetry_ratio": [
    0.7181600332260132,
    0.9045892357826233
  ],
  "energy_distribution": [
    0.1683667004108429,
    0.39660632610321045
  ],
  "motion_stability": [
    2.5936784744262695,
    2.5610201358795166
  ],
  "freq_entropy": [
    9.624313354492188,
    8.992770195007324
  ]
}