{
  "dominant_freq": [
    2.553555396711937,
    5.324108108108108
  ],
  "amp_mean_x": [
    0.38003847002983093,
    1.0681555271148682
  ],
  "amp_mean_y": [
    0.812659502029419,
    1.9073365926742554
  ],
  "symmetry_ratio": [
    0.46764785051345825,
    0.5600246787071228
  ],
  "energy_distribution": [
    0.21761749684810638,
    0.18119724094867706
  ],
  "motion_stability": [
    2.367568254470825,
    3.042297840118408
  ],
  "freq_entropy": [
    9.613458633422852,
    9.58337116241455
  ]
}