{
  "dominant_freq": [
    4.028904947192886,
    0.12666666666666668
  ],
  "amp_mean_x": [
    0.33095425367355347,
    0.13873107731342316
  ],
  "amp_mean_y": [
    0.5147601962089539,
    0.29846298694610596
  ],
  "symmetry_ratio": [
    0.6429290175437927,
    0.4648183584213257
  ],
  "energy_distribution": [
    0.2685437500476837,
    0.36812156438827515
  ],
  "motion_stability": [
    2.4471750259399414,
    1.555249810218811
  ],
  "freq_entropy": [
    9.891962051391602,
    9.674591064453125
  ]
}