{
  "dominant_freq": [
    0.3009899569583931,
    0.11211798561151079
  ],
  "amp_mean_x": [
    0.81502765417099,
    1.0199679136276245
  ],
  "amp_mean_y": [
    1.0857268571853638,
    0.9907315969467163
  ],
  "symmetry_ratio": [
    0.7506746649742126,
    1.0295097827911377
  ],
  "energy_distribution": [
    0.22841931879520416,
    0.37060847878456116
  ],
  "motion_stability": [
    4.497239112854004,
    2.517245054244995
  ],
  "freq_entropy": [
    9.672956466674805,
    9.318094253540039
  ]
}