{
  "dominant_freq": [
    2.6089727427597955,
    4.377957993999142
  ],
  "amp_mean_x": [
    0.5967302322387695,
    1.2305577993392944
  ],
  "amp_mean_y": [
    0.7732012867927551,
    1.3593034744262695
  ],
  "symmetry_ratio": [
    0.7717657089233398,
    0.9052855372428894
  ],
  "energy_distribution": [
    0.2023233324289322,
    0.23863111436367035
  ],
  "motion_stability": [
    3.868527412414551,
    1.973558783531189
  ],
  "freq_entropy": [
    10.33858871459961,
    10.257133483886719
  ]
}