{
  "dominant_freq": [
    4.499330456777265,
    0.9284332688588007
  ],
  "amp_mean_x": [
    0.12365825474262238,
    0.03629997745156288
  ],
  "amp_mean_y": [
    0.15042220056056976,
    0.08973277360200882
  ],
  "symmetry_ratio": [
    0.8220744729042053,
    0.4045342206954956
  ],
  "energy_distribution": [
    0.17909619212150574,
    0.24884428083896637
  ],
  "motion_stability": [
    3.2863070964813232,
    1.6639583110809326
  ],
  "freq_entropy": [
    10.504912376403809,
    10.21899127960205
  ]
}