{
  "dominant_freq": [
    0.4926315789473684,
    1.6042105263157895,
    3.208421052631579
  ],
  "amp_mean_x": [
    0.06561161577701569,
    0.09002053737640381,
    0.050800252705812454
  ],
  "amp_mean_y": [
    0.11926516145467758,
    0.15508687496185303,
    0.08647534996271133
  ],
  "symmetry_ratio": [
    0.5501322746276855,
    0.5804523229598999,
    0.5874535441398621
  ],
  "energy_distribution": [
    0.23986750841140747,
    0.21339517831802368,
    0.18422339856624603
  ],
  "motion_stability": [
    1.5504558086395264,
    1.7130893468856812,
    1.9256678819656372
  ],
  "freq_entropy": [
    8.945942878723145,
    8.996500015258789,
    8.989724159240723
  ]
}