{
  "dominant_freq": [
    0.47163090128755364,
    0.44526857142857146
  ],
  "amp_mean_x": [
    0.2722853422164917,
    0.14219041168689728
  ],
  "amp_mean_y": [
    0.5114297866821289,
    0.3162189722061157
  ],
  "symmetry_ratio": [
    0.5324002504348755,
    0.449658066034317
  ],
  "energy_distribution": [
    0.21416383981704712,
    0.24437668919563293
  ],
  "motion_stability": [
    1.066251516342163,
    1.1045355796813965
  ],
  "freq_entropy": [
    9.572036743164062,
    9.499460220336914
  ]
}