{
  "dominant_freq": [
    0.29023578947368417,
    4.1181116965226545,
    0.1009515789473684
  ],
  "amp_mean_x": [
    0.5967923402786255,
    0.5394425988197327,
    0.2378748208284378
  ],
  "amp_mean_y": [
    0.5763400197029114,
    0.4789000153541565,
    0.29355520009994507
  ],
  "symmetry_ratio": [
    1.0354865789413452,
    1.1264201402664185,
    0.8103240132331848
  ],
  "energy_distribution": [
    0.24323219060897827,
    0.15459276735782623,
    0.1839088350534439
  ],
  "motion_stability": [
    1.2079253196716309,
    1.2929062843322754,
    0.9812160730361938
  ],
  "freq_entropy": [
    8.946392059326172,
    8.981718063354492,
    8.943382263183594
  ]
}