{
  "dominant_freq": [
    0.14411529223378702,
    3.084
  ],
  "amp_mean_x": [
    0.3665289282798767,
    0.5953772664070129
  ],
  "amp_mean_y": [
    0.39332932233810425,
    0.4087824821472168
  ],
  "symmetry_ratio": [
    0.9318627119064331,
    1.4564647674560547
  ],
  "energy_distribution": [
    0.29744887351989746,
    0.3519170880317688
  ],
  "motion_stability": [
    2.7446274757385254,
    3.155564785003662
  ],
  "freq_entropy": [
    8.80314826965332,
    8.597118377685547
  ]
}