{
  "dominant_freq": [
    4.81056923076923,
    0.3065851755526658
  ],
  "amp_mean_x": [
    1.0828825235366821,
    2.2213051319122314
  ],
  "amp_mean_y": [
    0.6007622480392456,
    1.1103768348693848
  ],
  "symmetry_ratio": [
    1.8025143146514893,
    2.0004966259002686
  ],
  "energy_distribution": [
    0.20794042944908142,
    0.2666704058647156
  ],
  "motion_stability": [
    1.382783055305481,
    1.4795620441436768
  ],
  "freq_entropy": [
    10.274255752563477,
    10.170363426208496
  ]
}