{
  "dominant_freq": [
    0.15881554343092805,
    0.30725361780466437
  ],
  "amp_mean_x": [
    0.9622078537940979,
    0.6710219383239746
  ],
  "amp_mean_y": [
    1.4330118894577026,
    1.7132019996643066
  ],
  "symmetry_ratio": [
    0.67145836353302,
    0.3916770815849304
  ],
  "energy_distribution": [
    0.3990868330001831,
    0.29980480670928955
  ],
  "motion_stability": [
    2.53357195854187,
    1.4336298704147339
  ],
  "freq_entropy": [
    9.873034477233887,
    9.902715682983398
  ]
}