{
  "dominant_freq": [
    0.15431069332919695,
    0.9509721048182587
  ],
  "amp_mean_x": [
    0.8325837850570679,
    1.2868173122406006
  ],
  "amp_mean_y": [
    0.5875767469406128,
    0.739242672920227
  ],
  "symmetry_ratio": [
    1.4169788360595703,
    1.7407238483428955
  ],
  "energy_distribution": [
    0.2877788543701172,
    0.5120596885681152
  ],
  "motion_stability": [
    2.8876466751098633,
    2.808687686920166
  ],
  "freq_entropy": [
    9.2557373046875,
    8.689735412597656
  ]
}