{
  "dominant_freq": [
    5.35,
    2.2048846675712346,
    0.5173564753004005
  ],
  "amp_mean_x": [
    0.8938474655151367,
    1.5590710639953613,
    0.978279709815979
  ],
  "amp_mean_y": [
    0.8207272887229919,
    2.5433101654052734,
    1.0644950866699219
  ],
  "symmetry_ratio": [
    1.0890918970108032,
    0.6130086183547974,
    0.919008195400238
  ],
  "energy_distribution": [
    0.21007105708122253,
    0.15728271007537842,
    0.24672837555408478
  ],
  "motion_stability": [
    1.8240330219268799,
    2.8017401695251465,
    1.6532683372497559
  ],
  "freq_entropy": [
    8.634519577026367,
    8.645648956298828,
    8.633572578430176
  ]
}