{
  "dominant_freq": [
    0.11237153813378781,
    0.30672921108742,
    0.30161705756929635,
    0.4744187234042553,
    3.9092413793103447
  ],
  "amp_mean_x": [
    0.2696116268634796,
    0.38565826416015625,
    0.6874108910560608,
    0.2842962443828583,
    0.48849576711654663
  ],
  "amp_mean_y": [
    0.5580277442932129,
    0.7273702621459961,
    0.9347512722015381,
    0.5295575261116028,
    0.458515465259552
  ],
  "symmetry_ratio": [
    0.4831509292125702,
    0.5302090048789978,
    0.7353944182395935,
    0.5368562340736389,
    1.0653855800628662
  ],
  "energy_distribution": [
    0.3067164719104767,
    0.32124871015548706,
    0.259735643863678,
    0.3188783526420593,
    0.22387255728244781
  ],
  "motion_stability": [
    2.4514198303222656,
    1.680692434310913,
    3.5276479721069336,
    1.227250099182129,
    1.3649890422821045
  ],
  "freq_entropy": [
    10.112961769104004,
    10.008885383605957,
    9.515504837036133,
    9.75192642211914,
    10.148164749145508
  ]
}