{
  "dominant_freq": [
    5.547667428049337,
    0.2082422535211267,
    0.4516027397260274
  ],
  "amp_mean_x": [
    1.7508490085601807,
    3.0975704193115234,
    0.8183916807174683
  ],
  "amp_mean_y": [
    3.2633910179138184,
    4.71674919128418,
    0.8293418288230896
  ],
  "symmetry_ratio": [
    0.5365121960639954,
    0.6567172408103943,
    0.9867965579032898
  ],
  "energy_distribution": [
    0.219919815659523,
    0.2956318259239197,
    0.19275231659412384
  ],
  "motion_stability": [
    2.924957275390625,
    2.800018548965454,
    2.0116076469421387
  ],
  "freq_entropy": [
    10.252128601074219,
    10.080551147460938,
    10.296659469604492
  ]
}