{
  "dominant_freq": [
    0.10004001600640255
  ],
  "amp_mean_x": [
    0.10550062358379364
  ],
  "amp_mean_y": [
    0.5018105506896973
  ],
  "symmetry_ratio": [
    0.2102399468421936
  ],
  "energy_distribution": [
    0.4503684639930725
  ],
  "motion_stability": [
    4.138607501983643
  ],
  "freq_entropy": [
    10.04332447052002
  ]
}