{
  "dominant_freq": [
    0.6000000000000001,
    0.36
  ],
  "amp_mean_x": [
    0.07055947184562683,
    0.15409089624881744
  ],
  "amp_mean_y": [
    0.14279167354106903,
    0.3797043263912201
  ],
  "symmetry_ratio": [
    0.4941427707672119,
    0.4058181345462799
  ],
  "energy_distribution": [
    0.3383723497390747,
    0.3011206388473511
  ],
  "motion_stability": [
    1.478388786315918,
    1.3741049766540527
  ],
  "freq_entropy": [
    8.827821731567383,
    8.848600387573242
  ]
}