{
  "dominant_freq": [
    1.408827685652487,
    2.4746657142857145
  ],
  "amp_mean_x": [
    0.7932257652282715,
    0.41154661774635315
  ],
  "amp_mean_y": [
    1.4501402378082275,
    0.30112719535827637
  ],
  "symmetry_ratio": [
    0.5469993352890015,
    1.3666869401931763
  ],
  "energy_distribution": [
    0.24546830356121063,
    0.2388334721326828
  ],
  "motion_stability": [
    3.5186338424682617,
    1.7548325061798096
  ],
  "freq_entropy": [
    9.586653709411621,
    9.526922225952148
  ]
}