{
  "dominant_freq": [
    0.11499999999999999,
    4.082318353632927
  ],
  "amp_mean_x": [
    0.4193698763847351,
    0.8193665146827698
  ],
  "amp_mean_y": [
    0.6506202816963196,
    1.2291525602340698
  ],
  "symmetry_ratio": [
    0.6445693373680115,
    0.6666108965873718
  ],
  "energy_distribution": [
    0.34066492319107056,
    0.2248174548149109
  ],
  "motion_stability": [
    2.384978771209717,
    4.735393524169922
  ],
  "freq_entropy": [
    10.018389701843262,
    10.300585746765137
  ]
}