{
  "dominant_freq": [
    5.0275054229934915,
    0.8106992805755395
  ],
  "amp_mean_x": [
    0.5612573027610779,
    0.9972019791603088
  ],
  "amp_mean_y": [
    0.839394748210907,
    1.1511240005493164
  ],
  "symmetry_ratio": [
    0.6686452627182007,
    0.8662854433059692
  ],
  "energy_distribution": [
    0.2280573695898056,
    0.36861705780029297
  ],
  "motion_stability": [
    2.892793655395508,
    2.140439510345459
  ],
  "freq_entropy": [
    9.549332618713379,
    9.400260925292969
  ]
}