{
  "dominant_freq": [
    0.15000000000000002,
    2.56
  ],
  "amp_mean_x": [
    0.26339492201805115,
    0.33780550956726074
  ],
  "amp_mean_y": [
    0.3586990237236023,
    0.3235337436199188
  ],
  "symmetry_ratio": [
    0.7343062162399292,
    1.0441120862960815
  ],
  "energy_distribution": [
    0.34169456362724304,
    0.2234719842672348
  ],
  "motion_stability": [
    2.2408456802368164,
    1.668318271636963
  ],
  "freq_entropy": [
    9.087051391601562,
    9.348093032836914
  ]
}