{
  "dominant_freq": [
    4.524450289680602,
    0.2671919462409804
  ],
  "amp_mean_x": [
    0.30519819259643555,
    0.7558794617652893
  ],
  "amp_mean_y": [
    0.7998749017715454,
    1.499476671218872
  ],
  "symmetry_ratio": [
    0.3815574049949646,
    0.5040954947471619
  ],
  "energy_distribution": [
    0.14012233912944794,
    0.27618783712387085
  ],
  "motion_stability": [
    3.5405490398406982,
    3.4572088718414307
  ],
  "freq_entropy": [
    9.554805755615234,
    9.184808731079102
  ]
}