{
  "dominant_freq": [
    3.0,
    1.8,
    0.6000000000000001,
    0.5785714285714285
  ],
  "amp_mean_x": [
    0.027666348963975906,
    0.018621081486344337,
    0.017599405720829964,
    0.017673520371317863
  ],
  "amp_mean_y": [
    0.05705910921096802,
    0.022738274186849594,
    0.020301442593336105,
    0.02945319004356861
  ],
  "symmetry_ratio": [
    0.4848717153072357,
    0.8189311623573303,
    0.8669041991233826,
    0.6000545620918274
  ],
  "energy_distribution": [
    0.31915825605392456,
    0.1987457275390625,
    0.19382697343826294,
    0.3265469968318939
  ],
  "motion_stability": [
    1.5036280155181885,
    1.4069145917892456,
    1.5900332927703857,
    1.8107596635818481
  ],
  "freq_entropy": [
    7.975030899047852,
    8.183156967163086,
    8.067765235900879,
    7.7951741218566895
  ]
}