{
  "dominant_freq": [
    0.14189886480908154,
    0.15000000000000002
  ],
  "amp_mean_x": [
    1.6332733631134033,
    0.2190583199262619
  ],
  "amp_mean_y": [
    0.629828691482544,
    0.06046207249164581
  ],
  "symmetry_ratio": [
    2.593202590942383,
    3.623070001602173
  ],
  "energy_distribution": [
    0.6835683584213257,
    0.3341597318649292
  ],
  "motion_stability": [
    4.7368927001953125,
    0.8464312553405762
  ],
  "freq_entropy": [
    7.725525379180908,
    8.632004737854004
  ]
}