{
  "dominant_freq": [
    0.4797241379310344,
    0.47951999999999995
  ],
  "amp_mean_x": [
    0.18698620796203613,
    0.1681373119354248
  ],
  "amp_mean_y": [
    0.7391300201416016,
    0.9701980948448181
  ],
  "symmetry_ratio": [
    0.2529814839363098,
    0.1733020395040512
  ],
  "energy_distribution": [
    0.26416823267936707,
    0.3670104444026947
  ],
  "motion_stability": [
    1.223541259765625,
    1.2388436794281006
  ],
  "freq_entropy": [
    10.227699279785156,
    10.110231399536133
  ]
}