{
  "dominant_freq": [
    0.11357052631578946,
    0.1009515789473684,
    0.47951999999999995
  ],
  "amp_mean_x": [
    0.17396587133407593,
    0.3588361442089081,
    0.12231345474720001
  ],
  "amp_mean_y": [
    0.3648166358470917,
    0.25066131353378296,
    0.13908648490905762
  ],
  "symmetry_ratio": [
    0.47685837745666504,
    1.4315577745437622,
    0.8794057369232178
  ],
  "energy_distribution": [
    0.4591637849807739,
    0.5907866954803467,
    0.3280144929885864
  ],
  "motion_stability": [
    3.0079455375671387,
    2.8879764080047607,
    1.3933128118515015
  ],
  "freq_entropy": [
    8.241521835327148,
    7.959931373596191,
    8.717211723327637
  ]
}