{
  "dominant_freq": [
    2.161772653575932,
    1.1007511007511008
  ],
  "amp_mean_x": [
    0.6662415862083435,
    0.6139130592346191
  ],
  "amp_mean_y": [
    0.8671583533287048,
    0.9278618097305298
  ],
  "symmetry_ratio": [
    0.7683044075965881,
    0.6616427898406982
  ],
  "energy_distribution": [
    0.2005668431520462,
    0.16307634115219116
  ],
  "motion_stability": [
    2.934842586517334,
    2.9828529357910156
  ],
  "freq_entropy": [
    9.431085586547852,
    9.489093780517578
  ]
}