{
  "dominant_freq": [
    0.19062190812720847,
    1.5153522267206476
  ],
  "amp_mean_x": [
    2.060020685195923,
    1.336471676826477
  ],
  "amp_mean_y": [
    3.7602038383483887,
    2.2136383056640625
  ],
  "symmetry_ratio": [
    0.5478481650352478,
    0.603744387626648
  ],
  "energy_distribution": [
    0.2777150273323059,
    0.2732428312301636
  ],
  "motion_stability": [
    2.7824883460998535,
    2.602670192718506
  ],
  "freq_entropy": [
    10.216826438903809,
    10.245491027832031
  ]
}