{
  "dominant_freq": [
    0.10105795574288723,
    0.47951999999999995,
    5.274719999999999
  ],
  "amp_mean_x": [
    0.15070690214633942,
    0.13243722915649414,
    0.06655667722225189
  ],
  "amp_mean_y": [
    0.159676656126976,
    0.12576651573181152,
    0.10770279914140701
  ],
  "symmetry_ratio": [
    0.9438255429267883,
    1.0530405044555664,
    0.6179661154747009
  ],
  "energy_distribution": [
    0.2628272473812103,
    0.20087425410747528,
    0.2013913094997406
  ],
  "motion_stability": [
    2.154783010482788,
    1.3451889753341675,
    1.2813376188278198
  ],
  "freq_entropy": [
    8.875528335571289,
    8.948001861572266,
    8.945432662963867
  ]
}