{
  "dominant_freq": [
    0.127531914893617,
    0.16978712446351932,
    0.28567148936170206
  ],
  "amp_mean_x": [
    0.4267224371433258,
    0.49239861965179443,
    0.20824243128299713
  ],
  "amp_mean_y": [
    0.4350129961967468,
    0.360202819108963,
    0.23935817182064056
  ],
  "symmetry_ratio": [
    0.9809418320655823,
    1.3670037984848022,
    0.8700034618377686
  ],
  "energy_distribution": [
    0.2131851762533188,
    0.29818832874298096,
    0.24524414539337158
  ],
  "motion_stability": [
    2.711176872253418,
    3.664778470993042,
    1.8322348594665527
  ],
  "freq_entropy": [
    10.335392951965332,
    10.033480644226074,
    10.295312881469727
  ]
}