{
  "dominant_freq": [
    0.10368,
    0.10127138331573389,
    0.1009515789473684
  ],
  "amp_mean_x": [
    1.9396326541900635,
    0.3320615291595459,
    0.09248891472816467
  ],
  "amp_mean_y": [
    1.7671610116958618,
    0.2552025318145752,
    0.10152687132358551
  ],
  "symmetry_ratio": [
    1.0975981950759888,
    1.30116868019104,
    0.910979688167572
  ],
  "energy_distribution": [
    0.28534045815467834,
    0.4753662049770355,
    0.2962419390678406
  ],
  "motion_stability": [
    1.7387338876724243,
    3.240520477294922,
    0.7776286005973816
  ],
  "freq_entropy": [
    8.654653549194336,
    8.675204277038574,
    8.547399520874023
  ]
}