{
  "dominant_freq": [
    0.1,
    0.11340725806451613
  ],
  "amp_mean_x": [
    0.426228791475296,
    1.7717030048370361
  ],
  "amp_mean_y": [
    0.6291271448135376,
    1.9730224609375
  ],
  "symmetry_ratio": [
    0.6774923205375671,
    0.8979639410972595
  ],
  "energy_distribution": [
    0.20368614792823792,
    0.47490257024765015
  ],
  "motion_stability": [
    2.433682680130005,
    2.6447935104370117
  ],
  "freq_entropy": [
    9.121940612792969,
    8.303716659545898
  ]
}