{
  "dominant_freq": [
    0.4367057142857143,
    0.47095714285714285
  ],
  "amp_mean_x": [
    0.16822116076946259,
    0.15265344083309174
  ],
  "amp_mean_y": [
    0.18484516441822052,
    0.19518882036209106
  ],
  "symmetry_ratio": [
    0.910065233707428,
    0.782080888748169
  ],
  "energy_distribution": [
    0.255031019449234,
    0.25952965021133423
  ],
  "motion_stability": [
    1.151136875152588,
    1.3177976608276367
  ],
  "freq_entropy": [
    9.48702621459961,
    9.451241493225098
  ]
}