{
  "dominant_freq": [
    5.03496,
    0.4669010526315789,
    0.47951999999999995
  ],
  "amp_mean_x": [
    0.13596101105213165,
    0.259395956993103,
    0.10086596012115479
  ],
  "amp_mean_y": [
    0.14980728924274445,
    0.1263444423675537,
    0.11730383336544037
  ],
  "symmetry_ratio": [
    0.9075727462768555,
    2.0530855655670166,
    0.8598692417144775
  ],
  "energy_distribution": [
    0.1906438171863556,
    0.42981621623039246,
    0.4092062711715698
  ],
  "motion_stability": [
    2.3140008449554443,
    1.0945078134536743,
    1.0032638311386108
  ],
  "freq_entropy": [
    8.938478469848633,
    8.208091735839844,
    8.171163558959961
  ]
}