{
  "dominant_freq": [
    2.4061652633081207,
    2.003710575139147
  ],
  "amp_mean_x": [
    0.2436353862285614,
    0.15731175243854523
  ],
  "amp_mean_y": [
    0.12471422553062439,
    0.21684063971042633
  ],
  "symmetry_ratio": [
    1.9535492658615112,
    0.7254717350006104
  ],
  "energy_distribution": [
    0.16323144733905792,
    0.19877523183822632
  ],
  "motion_stability": [
    8.018856048583984,
    1.816990852355957
  ],
  "freq_entropy": [
    9.7040376663208,
    9.574651718139648
  ]
}