{
  "dominant_freq": [
    0.12243063829787232,
    0.10776883561643835,
    0.10717241379310344,
    2.382296170212766
  ],
  "amp_mean_x": [
    0.10303588956594467,
    0.15404871106147766,
    0.18745486438274384,
    0.1799742579460144
  ],
  "amp_mean_y": [
    0.17754998803138733,
    0.40072113275527954,
    0.28474709391593933,
    0.2261703461408615
  ],
  "symmetry_ratio": [
    0.5803204774856567,
    0.3844287097454071,
    0.6583205461502075,
    0.7957465052604675
  ],
  "energy_distribution": [
    0.25919583439826965,
    0.45997354388237,
    0.46202003955841064,
    0.19836242496967316
  ],
  "motion_stability": [
    2.2203948497772217,
    2.8783531188964844,
    2.6698663234710693,
    3.4313063621520996
  ],
  "freq_entropy": [
    10.231204986572266,
    9.869264602661133,
    9.414473533630371,
    10.269783020019531
  ]
}