{
  "dominant_freq": [
    4.854820603907637,
    0.31062024291497975
  ],
  "amp_mean_x": [
    1.5156019926071167,
    0.5198600888252258
  ],
  "amp_mean_y": [
    2.0691497325897217,
    0.9776121973991394
  ],
  "symmetry_ratio": [
    0.732475757598877,
    0.5317651629447937
  ],
  "energy_distribution": [
    0.25503572821617126,
    0.31214994192123413
  ],
  "motion_stability": [
    4.450214385986328,
    2.832289934158325
  ],
  "freq_entropy": [
    9.264639854431152,
    9.239688873291016
  ]
}