{
  "dominant_freq": [
    0.5141386704789135,
    6.072182608695651
  ],
  "amp_mean_x": [
    0.19551855325698853,
    0.5933042168617249
  ],
  "amp_mean_y": [
    0.6990751028060913,
    1.7599149942398071
  ],
  "symmetry_ratio": [
    0.2796817719936371,
    0.3371209502220154
  ],
  "energy_distribution": [
    0.1817990392446518,
    0.2612378001213074
  ],
  "motion_stability": [
    2.1875994205474854,
    2.9816579818725586
  ],
  "freq_entropy": [
    9.58514404296875,
    9.562010765075684
  ]
}