{
  "dominant_freq": [
    8.295,
    2.13
  ],
  "amp_mean_x": [
    0.18842777609825134,
    0.1725558042526245
  ],
  "amp_mean_y": [
    0.13032574951648712,
    0.1780349165201187
  ],
  "symmetry_ratio": [
    1.4458215236663818,
    0.9692245125770569
  ],
  "energy_distribution": [
    0.19396117329597473,
    0.22870276868343353
  ],
  "motion_stability": [
    4.104569911956787,
    3.181396961212158
  ],
  "freq_entropy": [
    10.288552284240723,
    10.404770851135254
  ]
}