{
  "dominant_freq": [
    0.29023578947368417,
    0.4669010526315789,
    0.9338021052631578
  ],
  "amp_mean_x": [
    0.10396858304738998,
    0.03679315373301506,
    0.02168939635157585
  ],
  "amp_mean_y": [
    0.14821757376194,
    0.07053171098232269,
    0.06175035238265991
  ],
  "symmetry_ratio": [
    0.7014592289924622,
    0.5216540694236755,
    0.3512432873249054
  ],
  "energy_distribution": [
    0.25320830941200256,
    0.22538763284683228,
    0.2334216982126236
  ],
  "motion_stability": [
    1.6542463302612305,
    1.4518102407455444,
    1.5518317222595215
  ],
  "freq_entropy": [
    8.875807762145996,
    8.92255687713623,
    8.917327880859375
  ]
}