{
  "dominant_freq": [
    0.44400044400044403,
    0.10775741112819764
  ],
  "amp_mean_x": [
    0.2461133748292923,
    1.7907047271728516
  ],
  "amp_mean_y": [
    0.42622169852256775,
    1.728542685508728
  ],
  "symmetry_ratio": [
    0.5774304270744324,
    1.0359621047973633
  ],
  "energy_distribution": [
    0.2682954967021942,
    0.533512532711029
  ],
  "motion_stability": [
    1.522239089012146,
    5.3283371925354
  ],
  "freq_entropy": [
    9.408967018127441,
    8.392541885375977
  ]
}