{
  "dominant_freq": [
    3.9671896178803165,
    0.3087038626609442
  ],
  "amp_mean_x": [
    0.6077383756637573,
    0.42580142617225647
  ],
  "amp_mean_y": [
    0.9876723885536194,
    0.6074025630950928
  ],
  "symmetry_ratio": [
    0.6153238415718079,
    0.7010201215744019
  ],
  "energy_distribution": [
    0.2202400118112564,
    0.24567657709121704
  ],
  "motion_stability": [
    4.1001129150390625,
    1.79044508934021
  ],
  "freq_entropy": [
    9.483415603637695,
    9.514910697937012
  ]
}