{
  "dominant_freq": [
    6.1010526315789475,
    3.003167898627244,
    2.174920969441517
  ],
  "amp_mean_x": [
    0.36956503987312317,
    0.8191242814064026,
    1.1989566087722778
  ],
  "amp_mean_y": [
    0.5992980599403381,
    0.72927325963974,
    0.7653881907463074
  ],
  "symmetry_ratio": [
    0.6166631579399109,
    1.1232062578201294,
    1.566468596458435
  ],
  "energy_distribution": [
    0.15345686674118042,
    0.20848335325717926,
    0.23153901100158691
  ],
  "motion_stability": [
    2.4650392532348633,
    3.1458139419555664,
    2.114417314529419
  ],
  "freq_entropy": [
    9.093741416931152,
    9.119834899902344,
    9.064207077026367
  ]
}