{
  "dominant_freq": [
    0.46239428571428576,
    3.0336276060388205
  ],
  "amp_mean_x": [
    0.15238255262374878,
    0.8234283924102783
  ],
  "amp_mean_y": [
    0.15684211254119873,
    0.873946487903595
  ],
  "symmetry_ratio": [
    0.9715665578842163,
    0.9421954154968262
  ],
  "energy_distribution": [
    0.3299192488193512,
    0.18077999353408813
  ],
  "motion_stability": [
    1.2289519309997559,
    4.270063400268555
  ],
  "freq_entropy": [
    9.28065013885498,
    9.571422576904297
  ]
}