{
  "dominant_freq": [
    0.12685714285714284,
    1.7685142255005264,
    0.12618947368421052
  ],
  "amp_mean_x": [
    0.29299795627593994,
    0.6826972961425781,
    0.6471363306045532
  ],
  "amp_mean_y": [
    0.33355140686035156,
    0.5462596416473389,
    1.171402096748352
  ],
  "symmetry_ratio": [
    0.8784191608428955,
    1.2497670650482178,
    0.5524459481239319
  ],
  "energy_distribution": [
    0.2851063907146454,
    0.274417519569397,
    0.2247321903705597
  ],
  "motion_stability": [
    2.064424514770508,
    3.1051254272460938,
    5.9872894287109375
  ],
  "freq_entropy": [
    9.023078918457031,
    8.991437911987305,
    8.757248878479004
  ]
}