{
  "dominant_freq": [
    4.818327974276527,
    0.12645569620253164,
    5.280278187565857
  ],
  "amp_mean_x": [
    0.9550802707672119,
    0.6213467717170715,
    0.1631232351064682
  ],
  "amp_mean_y": [
    1.8467785120010376,
    1.1814203262329102,
    0.4392890930175781
  ],
  "symmetry_ratio": [
    0.517160177230835,
    0.5259320139884949,
    0.37133458256721497
  ],
  "energy_distribution": [
    0.2523697018623352,
    0.37727487087249756,
    0.1549827605485916
  ],
  "motion_stability": [
    1.519289255142212,
    2.064574718475342,
    3.0179319381713867
  ],
  "freq_entropy": [
    8.886207580566406,
    8.772171020507812,
    9.180596351623535
  ]
}