{
  "dominant_freq": [
    3.515625,
    2.2490221642764014
  ],
  "amp_mean_x": [
    0.3282431662082672,
    0.7383019924163818
  ],
  "amp_mean_y": [
    1.9185075759887695,
    2.7126097679138184
  ],
  "symmetry_ratio": [
    0.17109297215938568,
    0.27217406034469604
  ],
  "energy_distribution": [
    0.15966536104679108,
    0.23075240850448608
  ],
  "motion_stability": [
    3.3968875408172607,
    3.236697196960449
  ],
  "freq_entropy": [
    9.465553283691406,
    8.544126510620117
  ]
}