{
  "dominant_freq": [
    9.121808287986605,
    0.7240506329113925
  ],
  "amp_mean_x": [
    0.9171047806739807,
    2.038031578063965
  ],
  "amp_mean_y": [
    1.091869592666626,
    1.9290851354599
  ],
  "symmetry_ratio": [
    0.8399398326873779,
    1.0564757585525513
  ],
  "energy_distribution": [
    0.19321660697460175,
    0.32095497846603394
  ],
  "motion_stability": [
    2.2596161365509033,
    3.1431403160095215
  ],
  "freq_entropy": [
    10.356302261352539,
    10.104034423828125
  ]
}