{
  "dominant_freq": [
    0.11357052631578946,
    0.5299957894736842,
    0.10127138331573389
  ],
  "amp_mean_x": [
    0.20705948770046234,
    0.48771539330482483,
    0.17293265461921692
  ],
  "amp_mean_y": [
    0.37478944659233093,
    0.6026732921600342,
    0.3596818149089813
  ],
  "symmetry_ratio": [
    0.5524688363075256,
    0.8092533946037292,
    0.48079344630241394
  ],
  "energy_distribution": [
    0.3695312440395355,
    0.3253856599330902,
    0.2761748731136322
  ],
  "motion_stability": [
    1.4394416809082031,
    2.4328391551971436,
    1.594170093536377
  ],
  "freq_entropy": [
    8.839966773986816,
    8.521099090576172,
    8.928372383117676
  ]
}