{
  "dominant_freq": [
    2.1749839914621125,
    0.47186808510638295,
    0.3161392405063291
  ],
  "amp_mean_x": [
    0.615420937538147,
    1.750596046447754,
    0.5543434619903564
  ],
  "amp_mean_y": [
    1.9163745641708374,
    2.8493919372558594,
    1.583152174949646
  ],
  "symmetry_ratio": [
    0.3211381137371063,
    0.6143752932548523,
    0.3501517176628113
  ],
  "energy_distribution": [
    0.17797331511974335,
    0.2303793877363205,
    0.23432205617427826
  ],
  "motion_stability": [
    2.9586477279663086,
    1.608774185180664,
    1.505479097366333
  ],
  "freq_entropy": [
    8.998292922973633,
    8.870162010192871,
    8.787989616394043
  ]
}