{
  "dominant_freq": [
    0.47952,
    4.3756200000000005
  ],
  "amp_mean_x": [
    0.12150559574365616,
    0.08037771284580231
  ],
  "amp_mean_y": [
    0.1651734858751297,
    0.08278725296258926
  ],
  "symmetry_ratio": [
    0.7356240749359131,
    0.9708948135375977
  ],
  "energy_distribution": [
    0.25461438298225403,
    0.19619311392307281
  ],
  "motion_stability": [
    1.4144806861877441,
    1.341733455657959
  ],
  "freq_entropy": [
    9.44934368133545,
    9.509437561035156
  ]
}