{
  "dominant_freq": [
    5.753632033495515,
    4.713235482466252
  ],
  "amp_mean_x": [
    0.21388351917266846,
    0.2896871268749237
  ],
  "amp_mean_y": [
    0.40974971652030945,
    0.47980618476867676
  ],
  "symmetry_ratio": [
    0.5219857692718506,
    0.6037586331367493
  ],
  "energy_distribution": [
    0.1991383284330368,
    0.21103397011756897
  ],
  "motion_stability": [
    2.8318519592285156,
    5.313028812408447
  ],
  "freq_entropy": [
    10.372041702270508,
    10.556617736816406
  ]
}