{
  "dominant_freq": [
    0.5250000000000001,
    0.5550000000000002,
    3.8796992481203003
  ],
  "amp_mean_x": [
    0.11852850019931793,
    0.27339598536491394,
    0.4738379418849945
  ],
  "amp_mean_y": [
    0.11914277076721191,
    0.2022429257631302,
    0.3110271394252777
  ],
  "symmetry_ratio": [
    0.9948442578315735,
    1.3518197536468506,
    1.5234616994857788
  ],
  "energy_distribution": [
    0.28920167684555054,
    0.2437865138053894,
    0.2937433123588562
  ],
  "motion_stability": [
    1.2669847011566162,
    1.110168218612671,
    3.0888724327087402
  ],
  "freq_entropy": [
    8.34431266784668,
    8.422798156738281,
    8.736394882202148
  ]
}