{
  "dominant_freq": [
    0.48148148148148145,
    4.9907407407407405
  ],
  "amp_mean_x": [
    0.07691453397274017,
    0.14094026386737823
  ],
  "amp_mean_y": [
    0.15885473787784576,
    0.15916027128696442
  ],
  "symmetry_ratio": [
    0.48418155312538147,
    0.8855241537094116
  ],
  "energy_distribution": [
    0.23774123191833496,
    0.21239712834358215
  ],
  "motion_stability": [
    1.3102328777313232,
    1.0601025819778442
  ],
  "freq_entropy": [
    9.435026168823242,
    9.395410537719727
  ]
}