{
  "dominant_freq": [
    2.0713843752241083,
    0.10116465812668346
  ],
  "amp_mean_x": [
    0.5801712274551392,
    0.9960711002349854
  ],
  "amp_mean_y": [
    0.4585478603839874,
    1.7357999086380005
  ],
  "symmetry_ratio": [
    1.2652359008789062,
    0.5738398432731628
  ],
  "energy_distribution": [
    0.22078248858451843,
    0.3900548219680786
  ],
  "motion_stability": [
    1.913664698600769,
    4.734114646911621
  ],
  "freq_entropy": [
    9.307777404785156,
    9.111024856567383
  ]
}