{
  "dominant_freq": [
    0.4821428571428571,
    2.2678571428571423,
    2.964285714285714,
    1.2825144508670523
  ],
  "amp_mean_x": [
    0.23396942019462585,
    0.25891050696372986,
    0.3551276624202728,
    0.5225945711135864
  ],
  "amp_mean_y": [
    0.19888323545455933,
    0.3104374408721924,
    0.5338528752326965,
    1.295333981513977
  ],
  "symmetry_ratio": [
    1.176416039466858,
    0.8340182900428772,
    0.665216326713562,
    0.4034438729286194
  ],
  "energy_distribution": [
    0.2216888964176178,
    0.2678382396697998,
    0.18706488609313965,
    0.20955538749694824
  ],
  "motion_stability": [
    1.3040549755096436,
    1.3235363960266113,
    1.2596780061721802,
    2.960608959197998
  ],
  "freq_entropy": [
    8.42914867401123,
    8.484820365905762,
    8.449579238891602,
    8.652291297912598
  ]
}