{
  "dominant_freq": [
    5.998290622763063,
    3.080667143879742
  ],
  "amp_mean_x": [
    0.28340375423431396,
    0.4787980914115906
  ],
  "amp_mean_y": [
    0.7937169671058655,
    1.0616148710250854
  ],
  "symmetry_ratio": [
    0.35705897212028503,
    0.45100921392440796
  ],
  "energy_distribution": [
    0.10926977545022964,
    0.17334489524364471
  ],
  "motion_stability": [
    4.375897407531738,
    2.0123050212860107
  ],
  "freq_entropy": [
    9.721808433532715,
    9.555858612060547
  ]
}