{
  "dominant_freq": [
    0.355,
    2.9365345869711215,
    2.188755020080321
  ],
  "amp_mean_x": [
    0.28804588317871094,
    0.5986902117729187,
    0.8892858028411865
  ],
  "amp_mean_y": [
    0.07275129109621048,
    0.7409434914588928,
    0.9485945105552673
  ],
  "symmetry_ratio": [
    3.9593234062194824,
    0.8080106377601624,
    0.9374772906303406
  ],
  "energy_distribution": [
    0.4049096703529358,
    0.15906594693660736,
    0.18967276811599731
  ],
  "motion_stability": [
    1.14100980758667,
    5.383477687835693,
    2.519483804702759
  ],
  "freq_entropy": [
    9.796172142028809,
    10.378928184509277,
    10.305676460266113
  ]
}