{
  "dominant_freq": [
    0.48,
    0.72,
    0.1208053691275168,
    0.36
  ],
  "amp_mean_x": [
    0.10883467644453049,
    0.2769570052623749,
    1.2574741840362549,
    0.27779048681259155
  ],
  "amp_mean_y": [
    0.2619018256664276,
    0.30655401945114136,
    1.3690568208694458,
    0.5714688301086426
  ],
  "symmetry_ratio": [
    0.4155552387237549,
    0.9034525156021118,
    0.9184967279434204,
    0.48609909415245056
  ],
  "energy_distribution": [
    0.24681200087070465,
    0.22908112406730652,
    0.2753448188304901,
    0.3232087790966034
  ],
  "motion_stability": [
    1.2995784282684326,
    0.9538032412528992,
    2.700561046600342,
    1.1031806468963623
  ],
  "freq_entropy": [
    8.222818374633789,
    8.045642852783203,
    8.25836181640625,
    8.17414665222168
  ]
}