{
  "dominant_freq": [
    3.5282138311412816,
    4.4364246747796905
  ],
  "amp_mean_x": [
    2.186947822570801,
    0.9599460959434509
  ],
  "amp_mean_y": [
    4.181042194366455,
    1.4244019985198975
  ],
  "symmetry_ratio": [
    0.5230628252029419,
    0.6739292144775391
  ],
  "energy_distribution": [
    0.21944043040275574,
    0.21850793063640594
  ],
  "motion_stability": [
    2.5684728622436523,
    2.522174119949341
  ],
  "freq_entropy": [
    10.319793701171875,
    10.257055282592773
  ]
}