{
  "dominant_freq": [
    0.14432520075860933,
    0.3131197161047907
  ],
  "amp_mean_x": [
    0.6124785542488098,
    0.7841964364051819
  ],
  "amp_mean_y": [
    0.6631404757499695,
    0.5916735529899597
  ],
  "symmetry_ratio": [
    0.9236030578613281,
    1.3253870010375977
  ],
  "energy_distribution": [
    0.2527001202106476,
    0.25336381793022156
  ],
  "motion_stability": [
    3.6580142974853516,
    2.488161087036133
  ],
  "freq_entropy": [
    9.537452697753906,
    9.500970840454102
  ]
}