{
  "dominant_freq": [
    0.1370057142857143,
    0.29113714285714287,
    0.13739828080229224,
    0.1370057142857143
  ],
  "amp_mean_x": [
    0.3470679521560669,
    0.33775562047958374,
    0.5817564725875854,
    0.11909124255180359
  ],
  "amp_mean_y": [
    0.7706515789031982,
    0.5333908200263977,
    0.9552026391029358,
    0.5566888451576233
  ],
  "symmetry_ratio": [
    0.45035651326179504,
    0.6332235336303711,
    0.609039843082428,
    0.21392783522605896
  ],
  "energy_distribution": [
    0.2064988762140274,
    0.27413827180862427,
    0.4175218343734741,
    0.38158923387527466
  ],
  "motion_stability": [
    1.4599266052246094,
    1.1035417318344116,
    1.2713603973388672,
    1.052377462387085
  ],
  "freq_entropy": [
    8.489426612854004,
    8.333456039428711,
    8.09791374206543,
    8.292434692382812
  ]
}