{
  "dominant_freq": [
    1.23876,
    0.30636,
    0.47952
  ],
  "amp_mean_x": [
    0.07872255146503448,
    0.08574233949184418,
    0.06684957444667816
  ],
  "amp_mean_y": [
    0.11136350780725479,
    0.19292186200618744,
    0.19643643498420715
  ],
  "symmetry_ratio": [
    0.7068971991539001,
    0.4444407522678375,
    0.3403114974498749
  ],
  "energy_distribution": [
    0.20574447512626648,
    0.21697303652763367,
    0.259189635515213
  ],
  "motion_stability": [
    1.2702443599700928,
    1.2012218236923218,
    1.1749703884124756
  ],
  "freq_entropy": [
    8.816165924072266,
    8.82595443725586,
    8.827624320983887
  ]
}