{
  "dominant_freq": [
    0.1370057142857143,
    3.0831206896551717,
    6.713280000000001,
    4.384182857142857
  ],
  "amp_mean_x": [
    0.26465925574302673,
    0.37967756390571594,
    0.40853628516197205,
    0.3628714382648468
  ],
  "amp_mean_y": [
    0.22412072122097015,
    0.7121197581291199,
    0.9324067831039429,
    0.4126847982406616
  ],
  "symmetry_ratio": [
    1.1808781623840332,
    0.5331653356552124,
    0.43815240263938904,
    0.8792943954467773
  ],
  "energy_distribution": [
    0.29962894320487976,
    0.17809347808361053,
    0.17807194590568542,
    0.2086588591337204
  ],
  "motion_stability": [
    0.9827704429626465,
    1.641564965248108,
    1.3806703090667725,
    1.2840476036071777
  ],
  "freq_entropy": [
    8.426946640014648,
    8.575634002685547,
    8.533015251159668,
    8.555157661437988
  ]
}