{
  "dominant_freq": [
    4.103309462915601,
    0.11732936170212764,
    3.032739352640545,
    0.7706206896551723,
    0.2805702127659574,
    0.10712680851063829
  ],
  "amp_mean_x": [
    0.5224704146385193,
    0.43091896176338196,
    0.7451324462890625,
    0.5761411190032959,
    0.25578343868255615,
    0.4430072009563446
  ],
  "amp_mean_y": [
    0.7913578152656555,
    0.7527191042900085,
    0.6530181765556335,
    0.6063491702079773,
    0.6294776201248169,
    0.529042661190033
  ],
  "symmetry_ratio": [
    0.660220205783844,
    0.5724831223487854,
    1.1410592794418335,
    0.9501804113388062,
    0.40634238719940186,
    0.8373751640319824
  ],
  "energy_distribution": [
    0.22599604725837708,
    0.3472728133201599,
    0.21959349513053894,
    0.21279612183570862,
    0.2861550450325012,
    0.2835201323032379
  ],
  "motion_stability": [
    2.549765110015869,
    1.4349297285079956,
    3.645890474319458,
    1.5935646295547485,
    1.2331538200378418,
    1.4825713634490967
  ],
  "freq_entropy": [
    10.225236892700195,
    9.932697296142578,
    10.140438079833984,
    10.331991195678711,
    10.072830200195312,
    10.201322555541992
  ]
}