{
  "dominant_freq": [
    1.3688896463570515,
    2.6401229193341864,
    0.11246737739872067
  ],
  "amp_mean_x": [
    0.37652063369750977,
    0.6780660152435303,
    0.9482861161231995
  ],
  "amp_mean_y": [
    0.4381994903087616,
    0.8665089011192322,
    0.7232656478881836
  ],
  "symmetry_ratio": [
    0.8592448234558105,
    0.7825263142585754,
    1.3111172914505005
  ],
  "energy_distribution": [
    0.22558748722076416,
    0.2839406728744507,
    0.4120032787322998
  ],
  "motion_stability": [
    2.3752546310424805,
    3.4374117851257324,
    3.0777029991149902
  ],
  "freq_entropy": [
    10.310707092285156,
    10.110719680786133,
    9.620840072631836
  ]
}