{
  "dominant_freq": [
    3.905800681431005,
    0.29122791519434627
  ],
  "amp_mean_x": [
    0.44896650314331055,
    1.148974061012268
  ],
  "amp_mean_y": [
    0.796301543712616,
    2.329669952392578
  ],
  "symmetry_ratio": [
    0.5638146996498108,
    0.49319177865982056
  ],
  "energy_distribution": [
    0.14689138531684875,
    0.4070966839790344
  ],
  "motion_stability": [
    3.120591878890991,
    5.168967247009277
  ],
  "freq_entropy": [
    10.245834350585938,
    10.018845558166504
  ]
}