{
  "dominant_freq": [
    2.470100094290159,
    0.11762981046257498,
    0.11222819733458031,
    0.10712691563755393,
    3.7695580942278855
  ],
  "amp_mean_x": [
    1.0264105796813965,
    0.47008365392684937,
    0.47369861602783203,
    0.2140313684940338,
    0.2608814537525177
  ],
  "amp_mean_y": [
    1.1190321445465088,
    0.4648646414279938,
    0.5387235879898071,
    0.26072099804878235,
    0.2372109591960907
  ],
  "symmetry_ratio": [
    0.9172306656837463,
    1.0112268924713135,
    0.8792980909347534,
    0.8209211230278015,
    1.099786639213562
  ],
  "energy_distribution": [
    0.19910375773906708,
    0.5907104015350342,
    0.552172839641571,
    0.33453911542892456,
    0.24330617487430573
  ],
  "motion_stability": [
    4.718008995056152,
    3.001460075378418,
    3.1144912242889404,
    2.5613489151000977,
    2.1540393829345703
  ],
  "freq_entropy": [
    10.371623992919922,
    9.074491500854492,
    8.954259872436523,
    10.246496200561523,
    10.276798248291016
  ]
}