{
  "dominant_freq": [
    4.7621052631578955,
    5.177215189873417,
    0.7452631578947368
  ],
  "amp_mean_x": [
    0.13506412506103516,
    0.15964031219482422,
    0.06490308046340942
  ],
  "amp_mean_y": [
    0.19399598240852356,
    0.28378674387931824,
    0.17312294244766235
  ],
  "symmetry_ratio": [
    0.6962212324142456,
    0.5625361800193787,
    0.3748959004878998
  ],
  "energy_distribution": [
    0.14325377345085144,
    0.21693404018878937,
    0.20058117806911469
  ],
  "motion_stability": [
    1.5660924911499023,
    1.5821503400802612,
    2.212282180786133
  ],
  "freq_entropy": [
    8.833662986755371,
    8.983675956726074,
    9.023836135864258
  ]
}