{
  "dominant_freq": [
    0.2601651063829787,
    0.10202553191489361,
    4.954488352027609
  ],
  "amp_mean_x": [
    0.05033525824546814,
    0.06402374804019928,
    1.4454929828643799
  ],
  "amp_mean_y": [
    0.07199376821517944,
    0.08585076034069061,
    1.7642062902450562
  ],
  "symmetry_ratio": [
    0.6991613507270813,
    0.7457563281059265,
    0.8193446397781372
  ],
  "energy_distribution": [
    0.251858651638031,
    0.3476061522960663,
    0.3854215443134308
  ],
  "motion_stability": [
    1.5358048677444458,
    1.858649492263794,
    6.142029762268066
  ],
  "freq_entropy": [
    10.232804298400879,
    10.07779312133789,
    9.89680290222168
  ]
}