{
  "dominant_freq": [
    0.10275428571428571,
    0.29113714285714287
  ],
  "amp_mean_x": [
    0.10118655860424042,
    0.04702021926641464
  ],
  "amp_mean_y": [
    0.11657620966434479,
    0.12517762184143066
  ],
  "symmetry_ratio": [
    0.8679863214492798,
    0.3756279945373535
  ],
  "energy_distribution": [
    0.36308765411376953,
    0.24683161079883575
  ],
  "motion_stability": [
    1.2561497688293457,
    1.2002135515213013
  ],
  "freq_entropy": [
    9.352251052856445,
    9.433614730834961
  ]
}