{
  "dominant_freq": [
    0.46931744680851056,
    0.4257612323491656
  ],
  "amp_mean_x": [
    0.4724242091178894,
    1.074576497077942
  ],
  "amp_mean_y": [
    0.28348207473754883,
    1.8483749628067017
  ],
  "symmetry_ratio": [
    1.6665047407150269,
    0.5813628435134888
  ],
  "energy_distribution": [
    0.23251216113567352,
    0.258003294467926
  ],
  "motion_stability": [
    0.9298722743988037,
    4.1206374168396
  ],
  "freq_entropy": [
    10.248505592346191,
    10.327762603759766
  ]
}