{
  "dominant_freq": [
    1.187805872756933
  ],
  "amp_mean_x": [
    1.215097427368164
  ],
  "amp_mean_y": [
    2.3581464290618896
  ],
  "symmetry_ratio": [
    0.5152764916419983
  ],
  "energy_distribution": [
    0.2040974646806717
  ],
  "motion_stability": [
    4.7851667404174805
  ],
  "freq_entropy": [
    10.273216247558594
  ]
}