{
  "dominant_freq": [
    2.993050193050194,
    0.48000000000000004
  ],
  "amp_mean_x": [
    0.7737680077552795,
    0.4539223313331604
  ],
  "amp_mean_y": [
    0.9450122714042664,
    0.653542160987854
  ],
  "symmetry_ratio": [
    0.8187915086746216,
    0.6945570707321167
  ],
  "energy_distribution": [
    0.24362672865390778,
    0.2381604015827179
  ],
  "motion_stability": [
    5.921876907348633,
    1.0919909477233887
  ],
  "freq_entropy": [
    9.495623588562012,
    9.187957763671875
  ]
}