{
  "dominant_freq": [
    6.016129032258065,
    0.5
  ],
  "amp_mean_x": [
    0.08972051739692688,
    0.12069845199584961
  ],
  "amp_mean_y": [
    0.1467425376176834,
    0.11399444937705994
  ],
  "symmetry_ratio": [
    0.6114144921302795,
    1.0588098764419556
  ],
  "energy_distribution": [
    0.18878448009490967,
    0.2417268455028534
  ],
  "motion_stability": [
    1.8844023942947388,
    1.1561286449432373
  ],
  "freq_entropy": [
    9.656881332397461,
    9.537687301635742
  ]
}