{
  "dominant_freq": [
    4.798627591136525,
    7.628727272727272
  ],
  "amp_mean_x": [
    0.3343522548675537,
    0.3829774856567383
  ],
  "amp_mean_y": [
    1.0568530559539795,
    1.4710428714752197
  ],
  "symmetry_ratio": [
    0.31636589765548706,
    0.2603442072868347
  ],
  "energy_distribution": [
    0.18363749980926514,
    0.15643258392810822
  ],
  "motion_stability": [
    3.8216261863708496,
    1.5653207302093506
  ],
  "freq_entropy": [
    9.624619483947754,
    9.580971717834473
  ]
}