{
  "dominant_freq": [
    0.1608713866778383
  ],
  "amp_mean_x": [
    1.0723621845245361
  ],
  "amp_mean_y": [
    2.408024311065674
  ],
  "symmetry_ratio": [
    0.44532862305641174
  ],
  "energy_distribution": [
    0.3165598213672638
  ],
  "motion_stability": [
    3.457958221435547
  ],
  "freq_entropy": [
    10.075032234191895
  ]
}