{
  "dominant_freq": [
    3.879752727272727,
    0.5250218978102189
  ],
  "amp_mean_x": [
    0.38416340947151184,
    0.4334145188331604
  ],
  "amp_mean_y": [
    0.45515385270118713,
    0.573216438293457
  ],
  "symmetry_ratio": [
    0.8440297842025757,
    0.7561097145080566
  ],
  "energy_distribution": [
    0.20668736100196838,
    0.17877233028411865
  ],
  "motion_stability": [
    2.062094211578369,
    3.4879374504089355
  ],
  "freq_entropy": [
    9.232208251953125,
    9.27239990234375
  ]
}