{
  "dominant_freq": [
    3.085714285714286,
    5.986715867158672
  ],
  "amp_mean_x": [
    1.6736317873001099,
    1.8874484300613403
  ],
  "amp_mean_y": [
    3.8898186683654785,
    4.742842674255371
  ],
  "symmetry_ratio": [
    0.4302595853805542,
    0.3979572057723999
  ],
  "energy_distribution": [
    0.2792380154132843,
    0.21333977580070496
  ],
  "motion_stability": [
    4.874975204467773,
    2.069504976272583
  ],
  "freq_entropy": [
    9.358774185180664,
    9.532130241394043
  ]
}