{
  "dominant_freq": [
    3.9231385108086467,
    0.16200891049007696
  ],
  "amp_mean_x": [
    0.06864364445209503,
    0.351904958486557
  ],
  "amp_mean_y": [
    0.1124042272567749,
    0.656069815158844
  ],
  "symmetry_ratio": [
    0.6106855869293213,
    0.5363833904266357
  ],
  "energy_distribution": [
    0.18488472700119019,
    0.6479759812355042
  ],
  "motion_stability": [
    10.99655818939209,
    9.031241416931152
  ],
  "freq_entropy": [
    10.561405181884766,
    9.2282075881958
  ]
}