{
  "dominant_freq": [
    0.13379073756432247
  ],
  "amp_mean_x": [
    3.0982537269592285
  ],
  "amp_mean_y": [
    4.181831359863281
  ],
  "symmetry_ratio": [
    0.7408844232559204
  ],
  "energy_distribution": [
    0.20339278876781464
  ],
  "motion_stability": [
    2.520040512084961
  ],
  "freq_entropy": [
    10.149092674255371
  ]
}