{
  "dominant_freq": [
    0.5416666666666666,
    2.896959459459459
  ],
  "amp_mean_x": [
    0.328144371509552,
    1.2645105123519897
  ],
  "amp_mean_y": [
    0.4520966708660126,
    1.5218809843063354
  ],
  "symmetry_ratio": [
    0.7258278727531433,
    0.8308866024017334
  ],
  "energy_distribution": [
    0.28706613183021545,
    0.3381985127925873
  ],
  "motion_stability": [
    1.809660792350769,
    4.255377769470215
  ],
  "freq_entropy": [
    9.497800827026367,
    9.407478332519531
  ]
}