{
  "dominant_freq": [
    4.254464680851063,
    7.285722316865417
  ],
  "amp_mean_x": [
    0.07069262862205505,
    0.1704879254102707
  ],
  "amp_mean_y": [
    0.20823076367378235,
    0.42031484842300415
  ],
  "symmetry_ratio": [
    0.33949175477027893,
    0.4056195616722107
  ],
  "energy_distribution": [
    0.24403807520866394,
    0.1974148154258728
  ],
  "motion_stability": [
    2.5080463886260986,
    3.5790295600891113
  ],
  "freq_entropy": [
    10.458057403564453,
    10.364097595214844
  ]
}