{
  "dominant_freq": [
    0.11222808510638296,
    0.24496551724137927
  ],
  "amp_mean_x": [
    0.9520948529243469,
    1.0533180236816406
  ],
  "amp_mean_y": [
    0.4431232213973999,
    0.5457633137702942
  ],
  "symmetry_ratio": [
    2.1486005783081055,
    1.929990530014038
  ],
  "energy_distribution": [
    0.6805692911148071,
    0.24632039666175842
  ],
  "motion_stability": [
    2.4740631580352783,
    1.8715801239013672
  ],
  "freq_entropy": [
    9.126893997192383,
    10.3145112991333
  ]
}