{
  "dominant_freq": [
    0.8523153013910355,
    0.29645749613601236,
    0.33197538461538456,
    1.4385599999999998
  ],
  "amp_mean_x": [
    0.7389047741889954,
    0.4621187746524811,
    0.7791354656219482,
    0.24930670857429504
  ],
  "amp_mean_y": [
    1.7456309795379639,
    1.1793476343154907,
    1.428560495376587,
    0.5805277228355408
  ],
  "symmetry_ratio": [
    0.4232880771160126,
    0.39184272289276123,
    0.545399010181427,
    0.4294484257698059
  ],
  "energy_distribution": [
    0.22607490420341492,
    0.24898765981197357,
    0.2262864112854004,
    0.24207134544849396
  ],
  "motion_stability": [
    1.6872888803482056,
    1.4328278303146362,
    1.0688683986663818,
    1.4514281749725342
  ],
  "freq_entropy": [
    8.474748611450195,
    8.27373218536377,
    8.399194717407227,
    8.285723686218262
  ]
}