{
  "dominant_freq": [
    0.8787508787508788,
    0.11580382523195507
  ],
  "amp_mean_x": [
    1.2684130668640137,
    1.8539268970489502
  ],
  "amp_mean_y": [
    0.9494863152503967,
    1.2552297115325928
  ],
  "symmetry_ratio": [
    1.335893988609314,
    1.4769622087478638
  ],
  "energy_distribution": [
    0.22049573063850403,
    0.27067553997039795
  ],
  "motion_stability": [
    2.199047565460205,
    1.8363724946975708
  ],
  "freq_entropy": [
    9.128535270690918,
    9.024296760559082
  ]
}