{
  "dominant_freq": [
    3.1574389721627405,
    6.580369565217392,
    5.206652542372881
  ],
  "amp_mean_x": [
    1.462998390197754,
    1.8614134788513184,
    0.5939258933067322
  ],
  "amp_mean_y": [
    2.4645605087280273,
    3.30778431892395,
    1.3539719581604004
  ],
  "symmetry_ratio": [
    0.5936143398284912,
    0.5627372860908508,
    0.43865451216697693
  ],
  "energy_distribution": [
    0.2178887277841568,
    0.197972372174263,
    0.17232272028923035
  ],
  "motion_stability": [
    2.2678370475769043,
    2.8316807746887207,
    2.1011531352996826
  ],
  "freq_entropy": [
    8.99045467376709,
    9.004622459411621,
    9.038557052612305
  ]
}