{
  "dominant_freq": [
    1.8994285714285715,
    3.2521440823327614
  ],
  "amp_mean_x": [
    0.13761451840400696,
    0.15929657220840454
  ],
  "amp_mean_y": [
    0.2960370182991028,
    0.25739991664886475
  ],
  "symmetry_ratio": [
    0.46485579013824463,
    0.6188679933547974
  ],
  "energy_distribution": [
    0.23361557722091675,
    0.1711096167564392
  ],
  "motion_stability": [
    2.0863521099090576,
    2.023503541946411
  ],
  "freq_entropy": [
    9.856385231018066,
    9.911778450012207
  ]
}