{
  "dominant_freq": [
    0.4464882943143813,
    0.46445098864114437
  ],
  "amp_mean_x": [
    0.07057152688503265,
    0.06914184242486954
  ],
  "amp_mean_y": [
    0.1835934966802597,
    0.14584898948669434
  ],
  "symmetry_ratio": [
    0.38439011573791504,
    0.47406458854675293
  ],
  "energy_distribution": [
    0.39480921626091003,
    0.35844317078590393
  ],
  "motion_stability": [
    1.5630192756652832,
    1.5689531564712524
  ],
  "freq_entropy": [
    9.926461219787598,
    9.988146781921387
  ]
}