{
  "dominant_freq": [
    2.4974999999999996,
    0.47951999999999995
  ],
  "amp_mean_x": [
    0.16537480056285858,
    0.06705043464899063
  ],
  "amp_mean_y": [
    0.22508478164672852,
    0.14289098978042603
  ],
  "symmetry_ratio": [
    0.7347222566604614,
    0.4692418575286865
  ],
  "energy_distribution": [
    0.16072075068950653,
    0.2875872254371643
  ],
  "motion_stability": [
    2.4099466800689697,
    1.1774958372116089
  ],
  "freq_entropy": [
    9.374048233032227,
    9.153090476989746
  ]
}