{
  "dominant_freq": [
    4.436390159621218,
    8.02459773601555
  ],
  "amp_mean_x": [
    0.6776299476623535,
    0.7682684063911438
  ],
  "amp_mean_y": [
    1.161467432975769,
    1.3755511045455933
  ],
  "symmetry_ratio": [
    0.5834257006645203,
    0.558516800403595
  ],
  "energy_distribution": [
    0.21456100046634674,
    0.0892152264714241
  ],
  "motion_stability": [
    3.778836727142334,
    2.383601427078247
  ],
  "freq_entropy": [
    9.82203483581543,
    9.641363143920898
  ]
}