{
  "dominant_freq": [
    5.129151428571428,
    0.7021542857142857
  ],
  "amp_mean_x": [
    0.22372318804264069,
    0.2064892202615738
  ],
  "amp_mean_y": [
    0.2917592525482178,
    0.2864648401737213
  ],
  "symmetry_ratio": [
    0.766807496547699,
    0.7208186984062195
  ],
  "energy_distribution": [
    0.16384194791316986,
    0.2031734585762024
  ],
  "motion_stability": [
    2.3564367294311523,
    2.1075074672698975
  ],
  "freq_entropy": [
    9.563413619995117,
    9.570548057556152
  ]
}