{
  "dominant_freq": [
    1.19,
    0.47000000000000003,
    0.8812421317666808
  ],
  "amp_mean_x": [
    0.13945354521274567,
    0.1934148669242859,
    0.6701460480690002
  ],
  "amp_mean_y": [
    0.1841936707496643,
    0.26789599657058716,
    0.7473113536834717
  ],
  "symmetry_ratio": [
    0.7571027874946594,
    0.7219774723052979,
    0.8967427611351013
  ],
  "energy_distribution": [
    0.25880327820777893,
    0.26075229048728943,
    0.4643505811691284
  ],
  "motion_stability": [
    1.2793852090835571,
    2.457608699798584,
    4.735087871551514
  ],
  "freq_entropy": [
    10.277019500732422,
    10.119283676147461,
    9.742408752441406
  ]
}