{
  "dominant_freq": [
    3.9483880851063824,
    0.47951999999999995
  ],
  "amp_mean_x": [
    0.1306818723678589,
    0.1807928830385208
  ],
  "amp_mean_y": [
    0.24031394720077515,
    0.39270514249801636
  ],
  "symmetry_ratio": [
    0.5437964797019958,
    0.4603781998157501
  ],
  "energy_distribution": [
    0.2281356006860733,
    0.21140089631080627
  ],
  "motion_stability": [
    1.6659178733825684,
    1.5201473236083984
  ],
  "freq_entropy": [
    10.340670585632324,
    10.23967456817627
  ]
}