{
  "dominant_freq": [
    1.6547368421052633,
    5.873684210526317,
    0.6947368421052632
  ],
  "amp_mean_x": [
    0.04814739525318146,
    0.04112154245376587,
    0.0513729564845562
  ],
  "amp_mean_y": [
    0.07803377509117126,
    0.0798708125948906,
    0.07107792049646378
  ],
  "symmetry_ratio": [
    0.6170071363449097,
    0.5148506760597229,
    0.722769558429718
  ],
  "energy_distribution": [
    0.2328052520751953,
    0.19965094327926636,
    0.21535678207874298
  ],
  "motion_stability": [
    1.448859691619873,
    2.2375378608703613,
    2.053668975830078
  ],
  "freq_entropy": [
    8.958541870117188,
    9.075322151184082,
    9.013763427734375
  ]
}