{
  "dominant_freq": [
    0.47951999999999995,
    4.337476363636363,
    0.1307781818181818,
    4.555439999999999,
    3.029694545454545
  ],
  "amp_mean_x": [
    0.07449312508106232,
    0.07728037238121033,
    0.09993501007556915,
    0.11943165212869644,
    0.12759451568126678
  ],
  "amp_mean_y": [
    0.12725433707237244,
    0.2377089560031891,
    0.24067877233028412,
    0.3521422743797302,
    0.2826346457004547
  ],
  "symmetry_ratio": [
    0.5853877067565918,
    0.3251050114631653,
    0.41522154211997986,
    0.339157372713089,
    0.4514468312263489
  ],
  "energy_distribution": [
    0.33714383840560913,
    0.18835493922233582,
    0.21851830184459686,
    0.3859155476093292,
    0.15804922580718994
  ],
  "motion_stability": [
    2.984356164932251,
    2.604403018951416,
    1.9423885345458984,
    2.487600803375244,
    4.8715500831604
  ],
  "freq_entropy": [
    8.20069694519043,
    8.282500267028809,
    8.288695335388184,
    8.101811408996582,
    8.550210952758789
  ]
}