{
  "dominant_freq": [
    0.10105795574288723,
    3.3944968421052626,
    4.252585263157894
  ],
  "amp_mean_x": [
    0.484439879655838,
    0.2113763391971588,
    0.09001940488815308
  ],
  "amp_mean_y": [
    0.31745752692222595,
    0.10133208334445953,
    0.10491874068975449
  ],
  "symmetry_ratio": [
    1.5259990692138672,
    2.0859763622283936,
    0.857991635799408
  ],
  "energy_distribution": [
    0.6571000814437866,
    0.5724802613258362,
    0.26916611194610596
  ],
  "motion_stability": [
    3.186979293823242,
    2.552907943725586,
    1.6475354433059692
  ],
  "freq_entropy": [
    7.73795747756958,
    8.276802062988281,
    8.946357727050781
  ]
}