{
  "dominant_freq": [
    1.022134736842105,
    1.2178285714285713,
    0.1009515789473684
  ],
  "amp_mean_x": [
    0.7693783640861511,
    0.6711249947547913,
    0.3215814530849457
  ],
  "amp_mean_y": [
    1.332510232925415,
    0.7740370035171509,
    0.5073849558830261
  ],
  "symmetry_ratio": [
    0.577390193939209,
    0.8670451045036316,
    0.6338016986846924
  ],
  "energy_distribution": [
    0.30203545093536377,
    0.3118310868740082,
    0.3127825856208801
  ],
  "motion_stability": [
    3.0053420066833496,
    2.525416374206543,
    2.6573326587677
  ],
  "freq_entropy": [
    9.165546417236328,
    8.844751358032227,
    9.127241134643555
  ]
}