{
  "dominant_freq": [
    5.643312101910828,
    1.7744680851063832,
    7.843220338983052
  ],
  "amp_mean_x": [
    0.8465009927749634,
    1.4488016366958618,
    1.123663067817688
  ],
  "amp_mean_y": [
    1.0847961902618408,
    1.577008605003357,
    1.5827432870864868
  ],
  "symmetry_ratio": [
    0.7803318500518799,
    0.9187024235725403,
    0.7099465131759644
  ],
  "energy_distribution": [
    0.18814076483249664,
    0.2233343869447708,
    0.18039998412132263
  ],
  "motion_stability": [
    2.0348410606384277,
    2.133777618408203,
    2.481815814971924
  ],
  "freq_entropy": [
    9.008272171020508,
    8.844365119934082,
    9.060009956359863
  ]
}