{
  "dominant_freq": [
    0.47152847152847155,
    5.0989010989010985
  ],
  "amp_mean_x": [
    0.06410642713308334,
    0.0669175386428833
  ],
  "amp_mean_y": [
    0.12796038389205933,
    0.08790607005357742
  ],
  "symmetry_ratio": [
    0.5009865164756775,
    0.7612391114234924
  ],
  "energy_distribution": [
    0.22007842361927032,
    0.1738128960132599
  ],
  "motion_stability": [
    1.2617383003234863,
    1.19985830783844
  ],
  "freq_entropy": [
    9.566201210021973,
    9.552454948425293
  ]
}