{
  "dominant_freq": [
    1.505665127989929
  ],
  "amp_mean_x": [
    1.0078587532043457
  ],
  "amp_mean_y": [
    1.0778626203536987
  ],
  "symmetry_ratio": [
    0.9350530505180359
  ],
  "energy_distribution": [
    0.24269530177116394
  ],
  "motion_stability": [
    3.43882417678833
  ],
  "freq_entropy": [
    10.321223258972168
  ]
}