{
  "dominant_freq": [
    0.7137574967405474,
    2.629221932114882
  ],
  "amp_mean_x": [
    1.1463409662246704,
    0.6313873529434204
  ],
  "amp_mean_y": [
    2.135283946990967,
    2.0521135330200195
  ],
  "symmetry_ratio": [
    0.536856472492218,
    0.30767661333084106
  ],
  "energy_distribution": [
    0.5481204986572266,
    0.3462963104248047
  ],
  "motion_stability": [
    6.139195442199707,
    3.697629690170288
  ],
  "freq_entropy": [
    9.87489128112793,
    9.987459182739258
  ]
}