{
  "dominant_freq": [
    0.10898192716374533,
    2.3649078194532738
  ],
  "amp_mean_x": [
    0.17218075692653656,
    0.43207505345344543
  ],
  "amp_mean_y": [
    0.16837964951992035,
    0.3077865242958069
  ],
  "symmetry_ratio": [
    1.0225746631622314,
    1.4038140773773193
  ],
  "energy_distribution": [
    0.3555048406124115,
    0.2676502466201782
  ],
  "motion_stability": [
    1.2402088642120361,
    1.794290542602539
  ],
  "freq_entropy": [
    8.939939498901367,
    9.333730697631836
  ]
}