{
  "dominant_freq": [
    0.12295384615384614,
    0.13261061946902652
  ],
  "amp_mean_x": [
    1.2505624294281006,
    0.976426899433136
  ],
  "amp_mean_y": [
    1.2706884145736694,
    0.9290666580200195
  ],
  "symmetry_ratio": [
    0.984161376953125,
    1.0509761571884155
  ],
  "energy_distribution": [
    0.5447015166282654,
    0.43549948930740356
  ],
  "motion_stability": [
    7.599171161651611,
    4.076277732849121
  ],
  "freq_entropy": [
    9.705564498901367,
    9.959030151367188
  ]
}