{
  "dominant_freq": [
    4.285072340425531,
    0.3051302847282139,
    4.27887249466951
  ],
  "amp_mean_x": [
    0.15175293385982513,
    0.9752196073532104,
    0.4442174732685089
  ],
  "amp_mean_y": [
    0.17900456488132477,
    1.204710602760315,
    0.744832456111908
  ],
  "symmetry_ratio": [
    0.8477601408958435,
    0.80950528383255,
    0.596399188041687
  ],
  "energy_distribution": [
    0.2207244634628296,
    0.27393561601638794,
    0.22749356925487518
  ],
  "motion_stability": [
    3.1022987365722656,
    4.3420233726501465,
    3.2776882648468018
  ],
  "freq_entropy": [
    10.372111320495605,
    10.07347297668457,
    10.364537239074707
  ]
}