{
  "dominant_freq": [
    0.933438085829632,
    0.5261405261405261
  ],
  "amp_mean_x": [
    0.7424135804176331,
    0.5682605504989624
  ],
  "amp_mean_y": [
    0.4874534606933594,
    0.31848615407943726
  ],
  "symmetry_ratio": [
    1.5230450630187988,
    1.7842551469802856
  ],
  "energy_distribution": [
    0.24321207404136658,
    0.2953735589981079
  ],
  "motion_stability": [
    2.091120481491089,
    2.555478811264038
  ],
  "freq_entropy": [
    9.89310359954834,
    9.828256607055664
  ]
}