{
  "dominant_freq": [
    2.2611717597471017,
    2.8801517386722857,
    0.12618947368421052
  ],
  "amp_mean_x": [
    0.503711462020874,
    0.666954755783081,
    0.39573943614959717
  ],
  "amp_mean_y": [
    0.7622140049934387,
    1.0915099382400513,
    0.9082305431365967
  ],
  "symmetry_ratio": [
    0.6608530879020691,
    0.6110386252403259,
    0.43572574853897095
  ],
  "energy_distribution": [
    0.20209862291812897,
    0.2082134634256363,
    0.3011133372783661
  ],
  "motion_stability": [
    2.3350090980529785,
    1.7841646671295166,
    1.7604107856750488
  ],
  "freq_entropy": [
    9.07394790649414,
    8.983413696289062,
    8.955228805541992
  ]
}