{
  "dominant_freq": [
    2.167061538461538,
    1.9665019173412865
  ],
  "amp_mean_x": [
    0.4194639027118683,
    0.16632774472236633
  ],
  "amp_mean_y": [
    0.47983524203300476,
    0.29360538721084595
  ],
  "symmetry_ratio": [
    0.874183177947998,
    0.5665010213851929
  ],
  "energy_distribution": [
    0.3412688374519348,
    0.22814565896987915
  ],
  "motion_stability": [
    8.317367553710938,
    5.795497894287109
  ],
  "freq_entropy": [
    10.011377334594727,
    10.333545684814453
  ]
}