{
  "dominant_freq": [
    0.2907727659574468,
    0.10712680851063829,
    5.0451625531914885
  ],
  "amp_mean_x": [
    0.10240855813026428,
    0.10558672249317169,
    0.41918566823005676
  ],
  "amp_mean_y": [
    0.19763006269931793,
    0.25754314661026,
    0.5207198262214661
  ],
  "symmetry_ratio": [
    0.5181831121444702,
    0.4099768400192261,
    0.8050119280815125
  ],
  "energy_distribution": [
    0.2506200075149536,
    0.4390581250190735,
    0.23104014992713928
  ],
  "motion_stability": [
    1.2508643865585327,
    1.6677007675170898,
    3.3798305988311768
  ],
  "freq_entropy": [
    10.20937728881836,
    9.888784408569336,
    9.93159294128418
  ]
}