{
  "dominant_freq": [
    0.3004770959377701,
    0.10719523099850968
  ],
  "amp_mean_x": [
    4.353930473327637,
    5.018182277679443
  ],
  "amp_mean_y": [
    5.364780426025391,
    4.624288082122803
  ],
  "symmetry_ratio": [
    0.8115766644477844,
    1.0851794481277466
  ],
  "energy_distribution": [
    0.2962593734264374,
    0.21713905036449432
  ],
  "motion_stability": [
    2.437175750732422,
    2.0450220108032227
  ],
  "freq_entropy": [
    9.202655792236328,
    9.42202377319336
  ]
}