{
  "dominant_freq": [
    0.4669010526315789,
    2.738311578947368,
    0.492138947368421
  ],
  "amp_mean_x": [
    0.1285337209701538,
    0.1176079511642456,
    0.14423461258411407
  ],
  "amp_mean_y": [
    0.20270732045173645,
    0.36609551310539246,
    0.30667203664779663
  ],
  "symmetry_ratio": [
    0.6340852379798889,
    0.3212493658065796,
    0.47032201290130615
  ],
  "energy_distribution": [
    0.2854330539703369,
    0.3059226870536804,
    0.29663729667663574
  ],
  "motion_stability": [
    1.6966369152069092,
    1.82129967212677,
    1.6339778900146484
  ],
  "freq_entropy": [
    8.910882949829102,
    8.837945938110352,
    8.86388874053955
  ]
}