{
  "dominant_freq": [
    0.5052085714285715,
    0.7107171428571428
  ],
  "amp_mean_x": [
    0.09416516870260239,
    0.160764679312706
  ],
  "amp_mean_y": [
    0.14626049995422363,
    0.2763606011867523
  ],
  "symmetry_ratio": [
    0.643818199634552,
    0.5817207098007202
  ],
  "energy_distribution": [
    0.23986093699932098,
    0.26713499426841736
  ],
  "motion_stability": [
    1.1499378681182861,
    1.231974482536316
  ],
  "freq_entropy": [
    9.532505989074707,
    9.483253479003906
  ]
}