{
  "dominant_freq": [
    0.1009515789473684,
    1.7540336842105262,
    0.11357052631578946
  ],
  "amp_mean_x": [
    0.22721701860427856,
    0.10919146239757538,
    0.10972484201192856
  ],
  "amp_mean_y": [
    0.16386830806732178,
    0.15399150550365448,
    0.11303466558456421
  ],
  "symmetry_ratio": [
    1.3865830898284912,
    0.7090745568275452,
    0.970718502998352
  ],
  "energy_distribution": [
    0.6131778359413147,
    0.2068386971950531,
    0.3892924189567566
  ],
  "motion_stability": [
    2.858682155609131,
    2.391482353210449,
    1.203594446182251
  ],
  "freq_entropy": [
    7.811924457550049,
    9.0155668258667,
    8.614609718322754
  ]
}