{
  "dominant_freq": [
    0.18977732793522267,
    0.8
  ],
  "amp_mean_x": [
    1.6948254108428955,
    0.11455198377370834
  ],
  "amp_mean_y": [
    2.0507147312164307,
    0.5376385450363159
  ],
  "symmetry_ratio": [
    0.8264559507369995,
    0.21306505799293518
  ],
  "energy_distribution": [
    0.5030422806739807,
    0.24659369885921478
  ],
  "motion_stability": [
    3.775515556335449,
    1.3406460285186768
  ],
  "freq_entropy": [
    7.919764041900635,
    8.891559600830078
  ]
}