{
  "dominant_freq": [
    0.4542821052631578,
    0.29023578947368417,
    0.29023578947368417
  ],
  "amp_mean_x": [
    0.145305335521698,
    0.12370989471673965,
    0.16853076219558716
  ],
  "amp_mean_y": [
    0.4318282902240753,
    0.672800600528717,
    0.348741352558136
  ],
  "symmetry_ratio": [
    0.3364886939525604,
    0.1838730424642563,
    0.4832543134689331
  ],
  "energy_distribution": [
    0.2794969081878662,
    0.3802914321422577,
    0.32945820689201355
  ],
  "motion_stability": [
    1.4712414741516113,
    1.0593364238739014,
    1.3942112922668457
  ],
  "freq_entropy": [
    8.914077758789062,
    8.63939380645752,
    8.898493766784668
  ]
}