{
  "dominant_freq": [
    0.10833333333333334,
    0.3416666666666667
  ],
  "amp_mean_x": [
    0.07441341131925583,
    0.06288351118564606
  ],
  "amp_mean_y": [
    0.14906439185142517,
    0.07238999009132385
  ],
  "symmetry_ratio": [
    0.4992031455039978,
    0.8686769008636475
  ],
  "energy_distribution": [
    0.37318646907806396,
    0.24155913293361664
  ],
  "motion_stability": [
    1.568673014640808,
    1.2238949537277222
  ],
  "freq_entropy": [
    9.156572341918945,
    9.380489349365234
  ]
}