{
  "dominant_freq": [
    5.283282857142858,
    0.2825742857142857
  ],
  "amp_mean_x": [
    0.23248925805091858,
    0.27116283774375916
  ],
  "amp_mean_y": [
    0.07399778813123703,
    0.09202288836240768
  ],
  "symmetry_ratio": [
    3.141840696334839,
    2.9466891288757324
  ],
  "energy_distribution": [
    0.2245032787322998,
    0.3159543573856354
  ],
  "motion_stability": [
    1.2708383798599243,
    1.1499152183532715
  ],
  "freq_entropy": [
    9.567272186279297,
    9.16781997680664
  ]
}