{
  "dominant_freq": [
    5.8028571428571425,
    2.335745296671491
  ],
  "amp_mean_x": [
    0.22442726790905,
    0.9783990383148193
  ],
  "amp_mean_y": [
    1.0332974195480347,
    3.4458394050598145
  ],
  "symmetry_ratio": [
    0.21719522774219513,
    0.28393635153770447
  ],
  "energy_distribution": [
    0.16894769668579102,
    0.3454919457435608
  ],
  "motion_stability": [
    2.0111711025238037,
    3.3575453758239746
  ],
  "freq_entropy": [
    9.648417472839355,
    9.370342254638672
  ]
}