{
  "dominant_freq": [
    0.29684571428571427,
    4.361348571428571
  ],
  "amp_mean_x": [
    0.13481296598911285,
    0.08586400747299194
  ],
  "amp_mean_y": [
    0.15327021479606628,
    0.14353987574577332
  ],
  "symmetry_ratio": [
    0.8795770406723022,
    0.5981892347335815
  ],
  "energy_distribution": [
    0.24485835433006287,
    0.21650582551956177
  ],
  "motion_stability": [
    1.843982219696045,
    3.257427215576172
  ],
  "freq_entropy": [
    9.11009407043457,
    9.329917907714844
  ]
}