{
  "dominant_freq": [
    4.596004596004595,
    3.872127872127872
  ],
  "amp_mean_x": [
    0.4943877160549164,
    0.35989928245544434
  ],
  "amp_mean_y": [
    0.21886003017425537,
    0.13146145641803741
  ],
  "symmetry_ratio": [
    2.2589218616485596,
    2.7376790046691895
  ],
  "energy_distribution": [
    0.1863795965909958,
    0.19951719045639038
  ],
  "motion_stability": [
    1.681840419769287,
    1.3813652992248535
  ],
  "freq_entropy": [
    9.134296417236328,
    9.191696166992188
  ]
}