{
  "dominant_freq": [
    6.3690222693531275,
    0.22834285714285713,
    5.7982002107481545
  ],
  "amp_mean_x": [
    0.8103317022323608,
    0.7717123627662659,
    0.47710537910461426
  ],
  "amp_mean_y": [
    2.0944197177886963,
    2.699164390563965,
    1.1318233013153076
  ],
  "symmetry_ratio": [
    0.3869003355503082,
    0.2859078645706177,
    0.42153698205947876
  ],
  "energy_distribution": [
    0.27621641755104065,
    0.24364686012268066,
    0.21886058151721954
  ],
  "motion_stability": [
    4.474818229675293,
    5.482506275177002,
    4.266449451446533
  ],
  "freq_entropy": [
    8.907958984375,
    9.10017204284668,
    9.11251449584961
  ]
}