{
  "dominant_freq": [
    1.265656438070231,
    1.060794875227865
  ],
  "amp_mean_x": [
    0.262236088514328,
    0.49997225403785706
  ],
  "amp_mean_y": [
    0.7051602602005005,
    1.3821502923965454
  ],
  "symmetry_ratio": [
    0.37188154458999634,
    0.361735075712204
  ],
  "energy_distribution": [
    0.18913686275482178,
    0.180189847946167
  ],
  "motion_stability": [
    1.4906463623046875,
    2.189518928527832
  ],
  "freq_entropy": [
    10.275741577148438,
    10.359819412231445
  ]
}