{
  "dominant_freq": [
    0.8250000000000001,
    4.72194388777555
  ],
  "amp_mean_x": [
    0.2773304581642151,
    0.6424530148506165
  ],
  "amp_mean_y": [
    0.2764243483543396,
    0.4314891993999481
  ],
  "symmetry_ratio": [
    1.0032780170440674,
    1.4889202117919922
  ],
  "energy_distribution": [
    0.2531125545501709,
    0.2527483403682709
  ],
  "motion_stability": [
    2.165525197982788,
    2.0778403282165527
  ],
  "freq_entropy": [
    8.879852294921875,
    8.998088836669922
  ]
}