{
  "dominant_freq": [
    0.29113714285714287,
    1.2005150214592275
  ],
  "amp_mean_x": [
    0.2591822147369385,
    0.4337823987007141
  ],
  "amp_mean_y": [
    0.18944963812828064,
    0.18147285282611847
  ],
  "symmetry_ratio": [
    1.3680797815322876,
    2.390343189239502
  ],
  "energy_distribution": [
    0.23070697486400604,
    0.18656060099601746
  ],
  "motion_stability": [
    1.2048118114471436,
    1.8344831466674805
  ],
  "freq_entropy": [
    9.460245132446289,
    9.609336853027344
  ]
}