{
  "dominant_freq": [
    0.10122311261071279
  ],
  "amp_mean_x": [
    1.4238388538360596
  ],
  "amp_mean_y": [
    2.3525867462158203
  ],
  "symmetry_ratio": [
    0.6052227020263672
  ],
  "energy_distribution": [
    0.24015593528747559
  ],
  "motion_stability": [
    4.273342609405518
  ],
  "freq_entropy": [
    10.225282669067383
  ]
}