{
  "dominant_freq": [
    3.288137142857143,
    1.1988
  ],
  "amp_mean_x": [
    0.20555707812309265,
    0.26022085547447205
  ],
  "amp_mean_y": [
    0.25715726613998413,
    0.49676138162612915
  ],
  "symmetry_ratio": [
    0.7993438243865967,
    0.5238347053527832
  ],
  "energy_distribution": [
    0.19397670030593872,
    0.1903793066740036
  ],
  "motion_stability": [
    1.5391626358032227,
    1.2760796546936035
  ],
  "freq_entropy": [
    9.488411903381348,
    9.469188690185547
  ]
}