{
  "dominant_freq": [
    0.12658922914466736,
    4.818327974276527,
    3.5963999999999996
  ],
  "amp_mean_x": [
    1.186875581741333,
    3.3526620864868164,
    1.469222903251648
  ],
  "amp_mean_y": [
    1.5089961290359497,
    2.298570394515991,
    1.0974644422531128
  ],
  "symmetry_ratio": [
    0.7865332365036011,
    1.4585857391357422,
    1.3387430906295776
  ],
  "energy_distribution": [
    0.3206993341445923,
    0.20185159146785736,
    0.20311276614665985
  ],
  "motion_stability": [
    4.005006313323975,
    2.254953145980835,
    2.121058464050293
  ],
  "freq_entropy": [
    8.996627807617188,
    9.039558410644531,
    8.990517616271973
  ]
}