{
  "dominant_freq": [
    1.293103448275862,
    5.720946915351506
  ],
  "amp_mean_x": [
    0.12040857970714569,
    0.9173033237457275
  ],
  "amp_mean_y": [
    0.14369864761829376,
    2.154498815536499
  ],
  "symmetry_ratio": [
    0.8379242420196533,
    0.4257618188858032
  ],
  "energy_distribution": [
    0.21033160388469696,
    0.1850564181804657
  ],
  "motion_stability": [
    2.167370080947876,
    4.349723815917969
  ],
  "freq_entropy": [
    9.54012393951416,
    9.514486312866211
  ]
}