{
  "dominant_freq": [
    7.237894736842106,
    1.250526315789474,
    4.24421052631579
  ],
  "amp_mean_x": [
    0.0799640342593193,
    0.07997380942106247,
    0.1061641275882721
  ],
  "amp_mean_y": [
    0.09305917471647263,
    0.14203476905822754,
    0.11726614087820053
  ],
  "symmetry_ratio": [
    0.859281599521637,
    0.5630579590797424,
    0.9053263664245605
  ],
  "energy_distribution": [
    0.15916308760643005,
    0.23581600189208984,
    0.24005991220474243
  ],
  "motion_stability": [
    2.108570098876953,
    1.1144800186157227,
    1.8454396724700928
  ],
  "freq_entropy": [
    8.966206550598145,
    8.944494247436523,
    9.04171371459961
  ]
}