{
  "dominant_freq": [
    0.5625000000000001,
    0.1
  ],
  "amp_mean_x": [
    0.24276074767112732,
    0.4294019043445587
  ],
  "amp_mean_y": [
    0.36600637435913086,
    0.49645185470581055
  ],
  "symmetry_ratio": [
    0.6632691621780396,
    0.8649416565895081
  ],
  "energy_distribution": [
    0.3284568786621094,
    0.35976287722587585
  ],
  "motion_stability": [
    1.35787034034729,
    1.286072015762329
  ],
  "freq_entropy": [
    8.99252986907959,
    8.779006958007812
  ]
}