{
  "dominant_freq": [
    0.9989999999999999,
    2.965452631578947,
    0.2776168421052631
  ],
  "amp_mean_x": [
    0.3462677001953125,
    1.221123456954956,
    0.3694441318511963
  ],
  "amp_mean_y": [
    0.27262574434280396,
    0.38189464807510376,
    0.2764151096343994
  ],
  "symmetry_ratio": [
    1.2701210975646973,
    3.197540044784546,
    1.3365554809570312
  ],
  "energy_distribution": [
    0.3185378611087799,
    0.6568861603736877,
    0.26814159750938416
  ],
  "motion_stability": [
    2.1882119178771973,
    3.5109193325042725,
    1.1397154331207275
  ],
  "freq_entropy": [
    9.0286283493042,
    8.157535552978516,
    8.97234058380127
  ]
}