{
  "dominant_freq": [
    0.4367057142857143,
    1.9563450754852623
  ],
  "amp_mean_x": [
    0.16526879370212555,
    0.2430974841117859
  ],
  "amp_mean_y": [
    0.7704612612724304,
    1.092424988746643
  ],
  "symmetry_ratio": [
    0.21450629830360413,
    0.22253014147281647
  ],
  "energy_distribution": [
    0.2571675479412079,
    0.21006570756435394
  ],
  "motion_stability": [
    1.8704113960266113,
    1.0670217275619507
  ],
  "freq_entropy": [
    9.563304901123047,
    9.475046157836914
  ]
}