{
  "dominant_freq": [
    0.10735522388059701,
    0.8830561027837259,
    5.151572402044293
  ],
  "amp_mean_x": [
    0.5295010209083557,
    1.1549608707427979,
    1.1470856666564941
  ],
  "amp_mean_y": [
    0.5767372250556946,
    0.8328205347061157,
    0.6805709004402161
  ],
  "symmetry_ratio": [
    0.9180975556373596,
    1.3868063688278198,
    1.6854755878448486
  ],
  "energy_distribution": [
    0.38966822624206543,
    0.23391197621822357,
    0.18901394307613373
  ],
  "motion_stability": [
    2.6997368335723877,
    2.240452289581299,
    3.309659719467163
  ],
  "freq_entropy": [
    9.849623680114746,
    10.284196853637695,
    10.514568328857422
  ]
}