{
  "dominant_freq": [
    7.02135225375626,
    0.607725
  ],
  "amp_mean_x": [
    0.4497056305408478,
    0.15412652492523193
  ],
  "amp_mean_y": [
    1.1549769639968872,
    0.18171095848083496
  ],
  "symmetry_ratio": [
    0.38936328887939453,
    0.8481960892677307
  ],
  "energy_distribution": [
    0.10445020347833633,
    0.24479258060455322
  ],
  "motion_stability": [
    4.211008071899414,
    1.5793837308883667
  ],
  "freq_entropy": [
    9.667730331420898,
    9.529544830322266
  ]
}