{
  "dominant_freq": [
    4.277823157894736,
    1.2745136842105262,
    0.3659494736842105
  ],
  "amp_mean_x": [
    0.3238487243652344,
    0.24427387118339539,
    0.14003275334835052
  ],
  "amp_mean_y": [
    0.3916742205619812,
    0.2356453686952591,
    0.433295339345932
  ],
  "symmetry_ratio": [
    0.8268318772315979,
    1.0366164445877075,
    0.3231808543205261
  ],
  "energy_distribution": [
    0.2516123652458191,
    0.2907561957836151,
    0.33509743213653564
  ],
  "motion_stability": [
    1.6589486598968506,
    1.4714466333389282,
    2.0204226970672607
  ],
  "freq_entropy": [
    8.93055534362793,
    8.961708068847656,
    9.017667770385742
  ]
}