{
  "dominant_freq": [
    5.522768670309654,
    0.45901639344262296
  ],
  "amp_mean_x": [
    0.34368765354156494,
    0.3778107166290283
  ],
  "amp_mean_y": [
    0.5872296690940857,
    0.48217710852622986
  ],
  "symmetry_ratio": [
    0.585269570350647,
    0.7835517525672913
  ],
  "energy_distribution": [
    0.23404879868030548,
    0.2122579663991928
  ],
  "motion_stability": [
    2.554292917251587,
    1.3380075693130493
  ],
  "freq_entropy": [
    9.796259880065918,
    9.744909286499023
  ]
}