{
  "dominant_freq": [
    3.0352595744680846,
    0.45911489361702124
  ],
  "amp_mean_x": [
    0.07236361503601074,
    0.16269558668136597
  ],
  "amp_mean_y": [
    0.12722298502922058,
    0.21507315337657928
  ],
  "symmetry_ratio": [
    0.568793535232544,
    0.756466269493103
  ],
  "energy_distribution": [
    0.21873140335083008,
    0.2865627408027649
  ],
  "motion_stability": [
    2.0026063919067383,
    2.580069065093994
  ],
  "freq_entropy": [
    10.262303352355957,
    10.274524688720703
  ]
}