{
  "dominant_freq": [
    0.4755392209266748,
    0.1202079597704028
  ],
  "amp_mean_x": [
    0.23178304731845856,
    0.24624769389629364
  ],
  "amp_mean_y": [
    0.25933265686035156,
    0.6312701106071472
  ],
  "symmetry_ratio": [
    0.8937672972679138,
    0.3900829255580902
  ],
  "energy_distribution": [
    0.30989959836006165,
    0.2286892980337143
  ],
  "motion_stability": [
    1.3285086154937744,
    1.723657250404358
  ],
  "freq_entropy": [
    8.990245819091797,
    9.102035522460938
  ]
}