{
  "dominant_freq": [
    2.0938239083750894,
    0.12862660944206009
  ],
  "amp_mean_x": [
    0.24984224140644073,
    0.429732084274292
  ],
  "amp_mean_y": [
    0.6318057179450989,
    1.075054407119751
  ],
  "symmetry_ratio": [
    0.39544156193733215,
    0.39973053336143494
  ],
  "energy_distribution": [
    0.1722722351551056,
    0.24584372341632843
  ],
  "motion_stability": [
    2.5884459018707275,
    2.1497669219970703
  ],
  "freq_entropy": [
    9.568714141845703,
    9.587841987609863
  ]
}