{
  "dominant_freq": [
    1.2000000000000002,
    1.775,
    0.35000000000000003,
    4.800000000000001
  ],
  "amp_mean_x": [
    0.15582148730754852,
    0.04321853816509247,
    0.08471701294183731,
    0.03727442026138306
  ],
  "amp_mean_y": [
    0.2154245525598526,
    0.08101538568735123,
    0.11790207028388977,
    0.06983225792646408
  ],
  "symmetry_ratio": [
    0.7233228087425232,
    0.5334608554840088,
    0.7185370922088623,
    0.5337707996368408
  ],
  "energy_distribution": [
    0.3009915351867676,
    0.15046945214271545,
    0.2537113130092621,
    0.19306844472885132
  ],
  "motion_stability": [
    1.305464267730713,
    1.1990771293640137,
    1.2852753400802612,
    1.1918721199035645
  ],
  "freq_entropy": [
    7.868573188781738,
    7.866822242736816,
    7.718667507171631,
    7.833330154418945
  ]
}