{
  "dominant_freq": [
    7.654553049289891,
    3.375
  ],
  "amp_mean_x": [
    0.3345547616481781,
    0.3622966408729553
  ],
  "amp_mean_y": [
    0.3246958553791046,
    0.7477566599845886
  ],
  "symmetry_ratio": [
    1.0303635597229004,
    0.4845114052295685
  ],
  "energy_distribution": [
    0.21085171401500702,
    0.18790441751480103
  ],
  "motion_stability": [
    2.3790664672851562,
    1.5675127506256104
  ],
  "freq_entropy": [
    9.226736068725586,
    9.286998748779297
  ]
}