{
  "dominant_freq": [
    4.9125342742364015,
    0.4948243246115587
  ],
  "amp_mean_x": [
    0.1418571025133133,
    0.20211909711360931
  ],
  "amp_mean_y": [
    0.17125587165355682,
    0.1933215707540512
  ],
  "symmetry_ratio": [
    0.8283342123031616,
    1.0455071926116943
  ],
  "energy_distribution": [
    0.2151840478181839,
    0.2899754047393799
  ],
  "motion_stability": [
    2.9735307693481445,
    1.8218317031860352
  ],
  "freq_entropy": [
    10.255949020385742,
    10.156288146972656
  ]
}