{
  "dominant_freq": [
    0.1326333241226858,
    0.12243076072863307
  ],
  "amp_mean_x": [
    0.20616744458675385,
    0.33193767070770264
  ],
  "amp_mean_y": [
    0.24419771134853363,
    0.29631519317626953
  ],
  "symmetry_ratio": [
    0.8442644476890564,
    1.1202181577682495
  ],
  "energy_distribution": [
    0.28471773862838745,
    0.5058180689811707
  ],
  "motion_stability": [
    2.1955299377441406,
    1.8768126964569092
  ],
  "freq_entropy": [
    10.293423652648926,
    9.432735443115234
  ]
}