{
  "dominant_freq": [
    1.3536121673003803,
    0.15012510425354464
  ],
  "amp_mean_x": [
    1.6695160865783691,
    0.4959240257740021
  ],
  "amp_mean_y": [
    1.8776209354400635,
    0.37536904215812683
  ],
  "symmetry_ratio": [
    0.8891656994819641,
    1.3211638927459717
  ],
  "energy_distribution": [
    0.23073160648345947,
    0.26969313621520996
  ],
  "motion_stability": [
    2.6180050373077393,
    2.321042537689209
  ],
  "freq_entropy": [
    10.280675888061523,
    10.256452560424805
  ]
}