{
  "dominant_freq": [
    2.9439671989641774,
    4.0854113597246124
  ],
  "amp_mean_x": [
    0.7068464756011963,
    0.7296931147575378
  ],
  "amp_mean_y": [
    1.256597876548767,
    2.0353331565856934
  ],
  "symmetry_ratio": [
    0.5625081062316895,
    0.35851284861564636
  ],
  "energy_distribution": [
    0.18036574125289917,
    0.2756999433040619
  ],
  "motion_stability": [
    5.890738010406494,
    6.583381652832031
  ],
  "freq_entropy": [
    10.406661033630371,
    10.323171615600586
  ]
}