{
  "dominant_freq": [
    2.5,
    0.525,
    0.49559471365638763,
    3.163858804653029
  ],
  "amp_mean_x": [
    0.1549365222454071,
    0.11683404445648193,
    0.27558666467666626,
    0.7246460318565369
  ],
  "amp_mean_y": [
    0.146421417593956,
    0.11652794480323792,
    0.18216921389102936,
    0.6810967922210693
  ],
  "symmetry_ratio": [
    1.058154821395874,
    1.0026267766952515,
    1.5128059387207031,
    1.0639398097991943
  ],
  "energy_distribution": [
    0.1790419965982437,
    0.22560791671276093,
    0.20302465558052063,
    0.3462437689304352
  ],
  "motion_stability": [
    2.395216226577759,
    2.206230878829956,
    1.695944905281067,
    6.391909122467041
  ],
  "freq_entropy": [
    10.307114601135254,
    10.259113311767578,
    10.182477951049805,
    9.969476699829102
  ]
}