{
  "dominant_freq": [
    2.0456119148936165,
    0.11265954720205039,
    2.8812360515021456,
    0.11251535836177472,
    0.10202553191489361
  ],
  "amp_mean_x": [
    0.26996153593063354,
    0.3249301612377167,
    0.9040439128875732,
    0.4209236800670624,
    0.3699209988117218
  ],
  "amp_mean_y": [
    0.3368403911590576,
    0.7512332797050476,
    0.9214401841163635,
    0.56146240234375,
    0.6744099855422974
  ],
  "symmetry_ratio": [
    0.8014523983001709,
    0.4325289726257324,
    0.9811205863952637,
    0.7496916651725769,
    0.5485105514526367
  ],
  "energy_distribution": [
    0.31298282742500305,
    0.4858383238315582,
    0.23629595339298248,
    0.1945134997367859,
    0.3576398491859436
  ],
  "motion_stability": [
    2.152587890625,
    1.9839146137237549,
    2.9845104217529297,
    2.860714912414551,
    2.090848445892334
  ],
  "freq_entropy": [
    10.058004379272461,
    9.703995704650879,
    10.21922492980957,
    10.249353408813477,
    10.145336151123047
  ]
}