{
  "dominant_freq": [
    4.420083150984682,
    3.735208421052631,
    2.453240506329114
  ],
  "amp_mean_x": [
    1.0654395818710327,
    0.609890341758728,
    0.9287657141685486
  ],
  "amp_mean_y": [
    2.186572790145874,
    0.5647836327552795,
    0.4569869637489319
  ],
  "symmetry_ratio": [
    0.48726463317871094,
    1.0798654556274414,
    2.0323681831359863
  ],
  "energy_distribution": [
    0.5243811011314392,
    0.2439793199300766,
    0.23054631054401398
  ],
  "motion_stability": [
    5.5259199142456055,
    3.747023582458496,
    1.6645511388778687
  ],
  "freq_entropy": [
    8.61011028289795,
    9.064183235168457,
    9.003059387207031
  ]
}