{
  "dominant_freq": [
    4.1181116965226545,
    2.144817891373802,
    3.7042285714285708
  ],
  "amp_mean_x": [
    0.39187678694725037,
    0.7408562898635864,
    0.4252651333808899
  ],
  "amp_mean_y": [
    0.7956218123435974,
    1.766722321510315,
    1.1445157527923584
  ],
  "symmetry_ratio": [
    0.49254152178764343,
    0.4193394184112549,
    0.3715677559375763
  ],
  "energy_distribution": [
    0.24501776695251465,
    0.2672250270843506,
    0.185426265001297
  ],
  "motion_stability": [
    1.6548099517822266,
    2.2642979621887207,
    2.4422760009765625
  ],
  "freq_entropy": [
    8.974506378173828,
    9.001502990722656,
    9.07651138305664
  ]
}