{
  "dominant_freq": [
    5.163402857142857,
    0.47095714285714285
  ],
  "amp_mean_x": [
    0.2680915892124176,
    0.17375950515270233
  ],
  "amp_mean_y": [
    0.15224306285381317,
    0.14135676622390747
  ],
  "symmetry_ratio": [
    1.7609444856643677,
    1.2292267084121704
  ],
  "energy_distribution": [
    0.2605952322483063,
    0.2972868084907532
  ],
  "motion_stability": [
    3.861875534057617,
    1.6818468570709229
  ],
  "freq_entropy": [
    9.65416145324707,
    9.061644554138184
  ]
}