{
  "dominant_freq": [
    0.49386281588447656,
    0.10359712230215827
  ],
  "amp_mean_x": [
    0.44576552510261536,
    0.44666749238967896
  ],
  "amp_mean_y": [
    0.6624548435211182,
    0.8746536374092102
  ],
  "symmetry_ratio": [
    0.6728994846343994,
    0.510679304599762
  ],
  "energy_distribution": [
    0.25748932361602783,
    0.27169764041900635
  ],
  "motion_stability": [
    2.1691970825195312,
    5.0811448097229
  ],
  "freq_entropy": [
    9.491740226745605,
    9.460304260253906
  ]
}