{
  "dominant_freq": [
    4.861607235494477,
    3.6218607647179075
  ],
  "amp_mean_x": [
    3.528439521789551,
    2.657820463180542
  ],
  "amp_mean_y": [
    7.2247443199157715,
    3.1368205547332764
  ],
  "symmetry_ratio": [
    0.48838260769844055,
    0.8472976088523865
  ],
  "energy_distribution": [
    0.24188315868377686,
    0.19838932156562805
  ],
  "motion_stability": [
    1.8582568168640137,
    1.7030127048492432
  ],
  "freq_entropy": [
    9.111604690551758,
    9.11569595336914
  ]
}