{
  "dominant_freq": [
    0.10105263157894738,
    0.1136842105263158,
    0.10105263157894738
  ],
  "amp_mean_x": [
    0.041751593351364136,
    0.08868548274040222,
    0.19227935373783112
  ],
  "amp_mean_y": [
    0.19717484712600708,
    0.2385932058095932,
    0.19470053911209106
  ],
  "symmetry_ratio": [
    0.2117490917444229,
    0.3717016279697418,
    0.9875645637512207
  ],
  "energy_distribution": [
    0.46031832695007324,
    0.26737576723098755,
    0.27696672081947327
  ],
  "motion_stability": [
    0.9729430675506592,
    1.3139303922653198,
    1.0296518802642822
  ],
  "freq_entropy": [
    8.462757110595703,
    8.72301197052002,
    8.974021911621094
  ]
}