{
  "dominant_freq": [
    0.13190679611650485,
    4.69160926737633
  ],
  "amp_mean_x": [
    4.208733558654785,
    1.3355867862701416
  ],
  "amp_mean_y": [
    4.96537446975708,
    1.181701421737671
  ],
  "symmetry_ratio": [
    0.8476165533065796,
    1.1302235126495361
  ],
  "energy_distribution": [
    0.31152164936065674,
    0.3418985605239868
  ],
  "motion_stability": [
    2.8621737957000732,
    2.085522174835205
  ],
  "freq_entropy": [
    9.610442161560059,
    9.483665466308594
  ]
}