{
  "dominant_freq": [
    6.006615214994488,
    0.14057507987220447,
    4.472843450479234
  ],
  "amp_mean_x": [
    1.2701674699783325,
    1.3298317193984985,
    1.0469157695770264
  ],
  "amp_mean_y": [
    3.452455520629883,
    3.272966146469116,
    2.7702414989471436
  ],
  "symmetry_ratio": [
    0.36790263652801514,
    0.40630781650543213,
    0.37791499495506287
  ],
  "energy_distribution": [
    0.20533370971679688,
    0.4324890077114105,
    0.19491970539093018
  ],
  "motion_stability": [
    2.7350881099700928,
    3.56900691986084,
    2.5926637649536133
  ],
  "freq_entropy": [
    9.001819610595703,
    8.63471794128418,
    8.947090148925781
  ]
}