{
  "dominant_freq": [
    2.088538495380554,
    2.04559203118233
  ],
  "amp_mean_x": [
    2.5824427604675293,
    1.0857906341552734
  ],
  "amp_mean_y": [
    4.753654479980469,
    2.169055223464966
  ],
  "symmetry_ratio": [
    0.5432541966438293,
    0.5005822777748108
  ],
  "energy_distribution": [
    0.15194354951381683,
    0.26362451910972595
  ],
  "motion_stability": [
    2.910487651824951,
    4.86029052734375
  ],
  "freq_entropy": [
    10.270781517028809,
    10.384060859680176
  ]
}