{
  "dominant_freq": [
    0.2776168421052631,
    4.618534736842105,
    2.7887873684210525
  ],
  "amp_mean_x": [
    0.3172043263912201,
    0.3217601776123047,
    0.073936827480793
  ],
  "amp_mean_y": [
    0.42628785967826843,
    0.2717054486274719,
    0.15773877501487732
  ],
  "symmetry_ratio": [
    0.744108259677887,
    1.184224247932434,
    0.46872955560684204
  ],
  "energy_distribution": [
    0.23944780230522156,
    0.20302210748195648,
    0.2704187333583832
  ],
  "motion_stability": [
    1.594651699066162,
    1.6202189922332764,
    2.494049072265625
  ],
  "freq_entropy": [
    9.032052993774414,
    8.963057518005371,
    8.78678035736084
  ]
}