{
  "dominant_freq": [
    4.646591850828728,
    0.11367931034482756
  ],
  "amp_mean_x": [
    0.26148751378059387,
    0.2595437169075012
  ],
  "amp_mean_y": [
    0.62214595079422,
    0.7370179295539856
  ],
  "symmetry_ratio": [
    0.42029932141304016,
    0.35215386748313904
  ],
  "energy_distribution": [
    0.2089945673942566,
    0.3317432999610901
  ],
  "motion_stability": [
    1.8712754249572754,
    1.643639087677002
  ],
  "freq_entropy": [
    9.298980712890625,
    9.015897750854492
  ]
}