{
  "dominant_freq": [
    4.885327637761639,
    0.31654855195911413
  ],
  "amp_mean_x": [
    0.40295541286468506,
    0.3473292589187622
  ],
  "amp_mean_y": [
    0.9474495649337769,
    1.0020657777786255
  ],
  "symmetry_ratio": [
    0.42530539631843567,
    0.34661322832107544
  ],
  "energy_distribution": [
    0.2704896926879883,
    0.22496238350868225
  ],
  "motion_stability": [
    2.438683032989502,
    2.0151379108428955
  ],
  "freq_entropy": [
    10.125982284545898,
    10.394983291625977
  ]
}