{
  "dominant_freq": [
    1.9458153786511996,
    2.0806485625248947,
    1.4921140240833333
  ],
  "amp_mean_x": [
    0.8997907638549805,
    0.6077519655227661,
    0.422331303358078
  ],
  "amp_mean_y": [
    2.006573438644409,
    0.6031635999679565,
    0.4100787341594696
  ],
  "symmetry_ratio": [
    0.44842153787612915,
    1.0076072216033936,
    1.0298786163330078
  ],
  "energy_distribution": [
    0.2842751443386078,
    0.2536449432373047,
    0.18500646948814392
  ],
  "motion_stability": [
    4.475092887878418,
    3.2301549911499023,
    1.9859445095062256
  ],
  "freq_entropy": [
    10.12661361694336,
    10.26225471496582,
    10.389664649963379
  ]
}