{
  "dominant_freq": [
    0.47952,
    0.5335649676956209
  ],
  "amp_mean_x": [
    0.16556841135025024,
    0.20377859473228455
  ],
  "amp_mean_y": [
    0.37161386013031006,
    0.42047780752182007
  ],
  "symmetry_ratio": [
    0.44553884863853455,
    0.4846358001232147
  ],
  "energy_distribution": [
    0.19510094821453094,
    0.2532658576965332
  ],
  "motion_stability": [
    1.9668914079666138,
    2.2561914920806885
  ],
  "freq_entropy": [
    9.532980918884277,
    9.552637100219727
  ]
}