{
  "dominant_freq": [
    6.312829787234042,
    5.291429778247096,
    6.221141052631578
  ],
  "amp_mean_x": [
    0.6243438124656677,
    0.4604353606700897,
    0.16545581817626953
  ],
  "amp_mean_y": [
    0.6794019341468811,
    0.5947134494781494,
    0.27664488554000854
  ],
  "symmetry_ratio": [
    0.9189609289169312,
    0.7742137908935547,
    0.5980801582336426
  ],
  "energy_distribution": [
    0.21972858905792236,
    0.22993791103363037,
    0.21676447987556458
  ],
  "motion_stability": [
    4.5729804039001465,
    3.0479655265808105,
    2.322338342666626
  ],
  "freq_entropy": [
    9.04345989227295,
    9.021821022033691,
    9.080939292907715
  ]
}