{
  "dominant_freq": [
    2.703506907545165,
    0.303477344573235,
    0.10105263157894738
  ],
  "amp_mean_x": [
    0.8808709383010864,
    0.2532471716403961,
    0.16379985213279724
  ],
  "amp_mean_y": [
    1.6010922193527222,
    0.7989336848258972,
    0.5108645558357239
  ],
  "symmetry_ratio": [
    0.5501687526702881,
    0.3169814646244049,
    0.3206326365470886
  ],
  "energy_distribution": [
    0.2235272377729416,
    0.2319193035364151,
    0.36614149808883667
  ],
  "motion_stability": [
    3.609926700592041,
    2.493868589401245,
    2.4354729652404785
  ],
  "freq_entropy": [
    8.879258155822754,
    8.888774871826172,
    8.771385192871094
  ]
}