{
  "dominant_freq": [
    3.854744463373083,
    0.3060765957446808,
    0.28567148936170206
  ],
  "amp_mean_x": [
    0.2791082561016083,
    0.14547593891620636,
    0.06091723591089249
  ],
  "amp_mean_y": [
    0.513433039188385,
    0.297281950712204,
    0.18115609884262085
  ],
  "symmetry_ratio": [
    0.5436118245124817,
    0.4893534183502197,
    0.3362693190574646
  ],
  "energy_distribution": [
    0.2392958700656891,
    0.26881957054138184,
    0.2045382708311081
  ],
  "motion_stability": [
    2.5539541244506836,
    1.6622519493103027,
    1.5683841705322266
  ],
  "freq_entropy": [
    10.275259017944336,
    10.094576835632324,
    10.2261962890625
  ]
}