{
  "dominant_freq": [
    6.528480208786428,
    6.34959795134443
  ],
  "amp_mean_x": [
    0.9226986169815063,
    0.28282082080841064
  ],
  "amp_mean_y": [
    1.8440265655517578,
    0.5926995873451233
  ],
  "symmetry_ratio": [
    0.5003716349601746,
    0.47717398405075073
  ],
  "energy_distribution": [
    0.19561836123466492,
    0.20319651067256927
  ],
  "motion_stability": [
    2.4185850620269775,
    3.999546527862549
  ],
  "freq_entropy": [
    10.286410331726074,
    10.383358001708984
  ]
}