{
  "dominant_freq": [
    0.1016949152542373,
    1.5932560590094837,
    4.673684210526316
  ],
  "amp_mean_x": [
    0.45010194182395935,
    0.3820352256298065,
    0.32822176814079285
  ],
  "amp_mean_y": [
    0.7803775072097778,
    0.5233947038650513,
    0.3303162455558777
  ],
  "symmetry_ratio": [
    0.5767745971679688,
    0.7299180030822754,
    0.9936591982841492
  ],
  "energy_distribution": [
    0.20319415628910065,
    0.2072807252407074,
    0.16753815114498138
  ],
  "motion_stability": [
    2.544193744659424,
    2.6824586391448975,
    1.7260674238204956
  ],
  "freq_entropy": [
    8.916854858398438,
    9.05640697479248,
    9.00318717956543
  ]
}