{
  "dominant_freq": [
    1.3007896625987079,
    0.12086330935251799
  ],
  "amp_mean_x": [
    0.666531503200531,
    1.1152639389038086
  ],
  "amp_mean_y": [
    1.1637927293777466,
    3.1858925819396973
  ],
  "symmetry_ratio": [
    0.5727235674858093,
    0.3500632643699646
  ],
  "energy_distribution": [
    0.17991000413894653,
    0.47224855422973633
  ],
  "motion_stability": [
    2.240406036376953,
    3.748969078063965
  ],
  "freq_entropy": [
    9.551263809204102,
    9.152923583984375
  ]
}