{
  "dominant_freq": [
    0.17988424437299033,
    2.320258064516129,
    3.054511727078891
  ],
  "amp_mean_x": [
    1.2825735807418823,
    1.401177167892456,
    2.1159799098968506
  ],
  "amp_mean_y": [
    1.3428926467895508,
    1.145788550376892,
    2.310410737991333
  ],
  "symmetry_ratio": [
    0.9550827145576477,
    1.2228933572769165,
    0.9158457517623901
  ],
  "energy_distribution": [
    0.42190906405448914,
    0.3378700017929077,
    0.2521567940711975
  ],
  "motion_stability": [
    4.123661518096924,
    3.8972716331481934,
    2.278560161590576
  ],
  "freq_entropy": [
    8.181920051574707,
    8.639107704162598,
    8.94586181640625
  ]
}