{
  "dominant_freq": [
    0.7141787234042553,
    0.4744187234042553,
    0.7192799999999999,
    0.5152289361702127,
    0.7039761702127658
  ],
  "amp_mean_x": [
    0.07016187906265259,
    0.04690996930003166,
    0.061152175068855286,
    0.042833082377910614,
    0.07525395601987839
  ],
  "amp_mean_y": [
    0.11831185966730118,
    0.0800500363111496,
    0.15150800347328186,
    0.07685734331607819,
    0.13837683200836182
  ],
  "symmetry_ratio": [
    0.5930249094963074,
    0.5860080718994141,
    0.40362340211868286,
    0.5573062896728516,
    0.5438334941864014
  ],
  "energy_distribution": [
    0.2829305827617645,
    0.24461668729782104,
    0.23038697242736816,
    0.24791400134563446,
    0.21962036192417145
  ],
  "motion_stability": [
    1.6073477268218994,
    1.3409082889556885,
    1.7335667610168457,
    1.4810442924499512,
    1.51615309715271
  ],
  "freq_entropy": [
    10.169334411621094,
    10.166876792907715,
    10.228626251220703,
    10.267638206481934,
    10.278160095214844
  ]
}