{
  "dominant_freq": [
    0.3962680577849117,
    3.963291649858814,
    0.13026052104208416
  ],
  "amp_mean_x": [
    0.6102327108383179,
    1.349702000617981,
    1.3424042463302612
  ],
  "amp_mean_y": [
    1.0513031482696533,
    2.555199146270752,
    1.991321325302124
  ],
  "symmetry_ratio": [
    0.580453634262085,
    0.5282179117202759,
    0.6741273999214172
  ],
  "energy_distribution": [
    0.23046725988388062,
    0.26046568155288696,
    0.34851112961769104
  ],
  "motion_stability": [
    2.611832857131958,
    2.4620189666748047,
    2.236119270324707
  ],
  "freq_entropy": [
    10.264623641967773,
    10.198371887207031,
    10.00654125213623
  ]
}