{
  "dominant_freq": [
    0.4812387096774193,
    4.236687953555879
  ],
  "amp_mean_x": [
    0.7227751612663269,
    1.6994479894638062
  ],
  "amp_mean_y": [
    0.9522497057914734,
    2.6762096881866455
  ],
  "symmetry_ratio": [
    0.7590185403823853,
    0.6350204944610596
  ],
  "energy_distribution": [
    0.24650119245052338,
    0.19526538252830505
  ],
  "motion_stability": [
    1.7130357027053833,
    2.540372610092163
  ],
  "freq_entropy": [
    9.578529357910156,
    9.466846466064453
  ]
}