{
  "dominant_freq": [
    0.10105263157894738,
    3.4484210526315793,
    0.10191082802547771
  ],
  "amp_mean_x": [
    0.1618918925523758,
    0.6781225800514221,
    0.8649234771728516
  ],
  "amp_mean_y": [
    0.27533480525016785,
    0.5602478384971619,
    1.293933629989624
  ],
  "symmetry_ratio": [
    0.5879819393157959,
    1.210397481918335,
    0.6684449911117554
  ],
  "energy_distribution": [
    0.3578495979309082,
    0.18685920536518097,
    0.21726398169994354
  ],
  "motion_stability": [
    1.3175435066223145,
    1.5533965826034546,
    1.7444484233856201
  ],
  "freq_entropy": [
    8.593916893005371,
    8.888716697692871,
    8.986641883850098
  ]
}