{
  "dominant_freq": [
    0.1070358213215356,
    0.4595404595404595
  ],
  "amp_mean_x": [
    0.6276715993881226,
    0.1745678186416626
  ],
  "amp_mean_y": [
    1.0465822219848633,
    0.26226145029067993
  ],
  "symmetry_ratio": [
    0.5997346043586731,
    0.6656251549720764
  ],
  "energy_distribution": [
    0.2994707226753235,
    0.23305059969425201
  ],
  "motion_stability": [
    5.309547424316406,
    1.405191421508789
  ],
  "freq_entropy": [
    9.891986846923828,
    9.760396003723145
  ]
}