{
  "dominant_freq": [
    4.64951768488746,
    0.11083123425692695
  ],
  "amp_mean_x": [
    1.689703345298767,
    6.628109931945801
  ],
  "amp_mean_y": [
    1.8387641906738281,
    7.507226467132568
  ],
  "symmetry_ratio": [
    0.9189342260360718,
    0.8828973174095154
  ],
  "energy_distribution": [
    0.22400934994220734,
    0.23980970680713654
  ],
  "motion_stability": [
    2.2941277027130127,
    2.0783421993255615
  ],
  "freq_entropy": [
    9.411489486694336,
    9.2611722946167
  ]
}