{
  "dominant_freq": [
    2.3726249999999998,
    0.12487499999999999
  ],
  "amp_mean_x": [
    0.06776098906993866,
    0.09024491906166077
  ],
  "amp_mean_y": [
    0.08591485023498535,
    0.08387719839811325
  ],
  "symmetry_ratio": [
    0.7886993885040283,
    1.07591712474823
  ],
  "energy_distribution": [
    0.2898775041103363,
    0.2926977276802063
  ],
  "motion_stability": [
    1.3122223615646362,
    1.676800012588501
  ],
  "freq_entropy": [
    8.928754806518555,
    8.884176254272461
  ]
}