{
  "dominant_freq": [
    0.28471528471528473,
    3.7904379184178425,
    4.051644557973671
  ],
  "amp_mean_x": [
    0.10958435386419296,
    0.7851726412773132,
    0.5968404412269592
  ],
  "amp_mean_y": [
    0.20566880702972412,
    1.595306634902954,
    1.1884827613830566
  ],
  "symmetry_ratio": [
    0.5328195095062256,
    0.4921766221523285,
    0.5021868944168091
  ],
  "energy_distribution": [
    0.33346742391586304,
    0.1939726322889328,
    0.2084171324968338
  ],
  "motion_stability": [
    1.4741740226745605,
    2.4791624546051025,
    2.067168712615967
  ],
  "freq_entropy": [
    8.64122486114502,
    8.711027145385742,
    8.818486213684082
  ]
}