{
  "dominant_freq": [
    0.12787199999999999,
    0.16005340453938585,
    1.1828159999999999
  ],
  "amp_mean_x": [
    0.13109798729419708,
    0.22361111640930176,
    0.2839478552341461
  ],
  "amp_mean_y": [
    0.2903299629688263,
    0.7758513689041138,
    0.6407227516174316
  ],
  "symmetry_ratio": [
    0.4515482485294342,
    0.288213849067688,
    0.443168044090271
  ],
  "energy_distribution": [
    0.41319647431373596,
    0.3810108006000519,
    0.2648804485797882
  ],
  "motion_stability": [
    1.1378426551818848,
    1.205941915512085,
    1.2541446685791016
  ],
  "freq_entropy": [
    8.306221961975098,
    8.46889877319336,
    8.583196640014648
  ]
}