{
  "dominant_freq": [
    1.69134795042898,
    2.5941620591039087
  ],
  "amp_mean_x": [
    0.5455220937728882,
    0.6139722466468811
  ],
  "amp_mean_y": [
    0.7193695902824402,
    0.40765196084976196
  ],
  "symmetry_ratio": [
    0.7583335638046265,
    1.506118655204773
  ],
  "energy_distribution": [
    0.2605951726436615,
    0.1565590351819992
  ],
  "motion_stability": [
    3.9856622219085693,
    3.612793445587158
  ],
  "freq_entropy": [
    9.20918083190918,
    9.214714050292969
  ]
}