{
  "dominant_freq": [
    0.1483375959079284,
    0.125
  ],
  "amp_mean_x": [
    1.9209400415420532,
    1.696681022644043
  ],
  "amp_mean_y": [
    2.8085858821868896,
    3.519044876098633
  ],
  "symmetry_ratio": [
    0.6839527487754822,
    0.48214247822761536
  ],
  "energy_distribution": [
    0.38262519240379333,
    0.24186624586582184
  ],
  "motion_stability": [
    3.129059076309204,
    4.131068229675293
  ],
  "freq_entropy": [
    9.953025817871094,
    9.681807518005371
  ]
}