{
  "dominant_freq": [
    0.7639484978540773,
    7.908309455587393
  ],
  "amp_mean_x": [
    0.46982479095458984,
    0.7351428270339966
  ],
  "amp_mean_y": [
    0.6391669511795044,
    0.9218959212303162
  ],
  "symmetry_ratio": [
    0.7350580096244812,
    0.7974249720573425
  ],
  "energy_distribution": [
    0.1968594342470169,
    0.1725529432296753
  ],
  "motion_stability": [
    1.8787052631378174,
    3.6419546604156494
  ],
  "freq_entropy": [
    9.565353393554688,
    9.723165512084961
  ]
}