{
  "dominant_freq": [
    0.10215594375798892,
    0.13285933503836317
  ],
  "amp_mean_x": [
    0.38176000118255615,
    0.5893104076385498
  ],
  "amp_mean_y": [
    0.1597699075937271,
    0.46660834550857544
  ],
  "symmetry_ratio": [
    2.3894362449645996,
    1.2629657983779907
  ],
  "energy_distribution": [
    0.4531084895133972,
    0.3772318661212921
  ],
  "motion_stability": [
    2.234064817428589,
    3.90311336517334
  ],
  "freq_entropy": [
    9.846277236938477,
    10.079477310180664
  ]
}