{
  "dominant_freq": [
    0.2797202797202797,
    0.12987012987012986
  ],
  "amp_mean_x": [
    0.1187608614563942,
    0.13425295054912567
  ],
  "amp_mean_y": [
    0.25690948963165283,
    0.3953371047973633
  ],
  "symmetry_ratio": [
    0.46226730942726135,
    0.33959105610847473
  ],
  "energy_distribution": [
    0.21512842178344727,
    0.30753612518310547
  ],
  "motion_stability": [
    2.427239179611206,
    1.589446783065796
  ],
  "freq_entropy": [
    9.51443099975586,
    9.221450805664062
  ]
}