{
  "dominant_freq": [
    4.918153846153845,
    0.1022866894197952
  ],
  "amp_mean_x": [
    0.4752344489097595,
    0.7204949855804443
  ],
  "amp_mean_y": [
    0.41686275601387024,
    0.8850710988044739
  ],
  "symmetry_ratio": [
    1.1400262117385864,
    0.8140532374382019
  ],
  "energy_distribution": [
    0.1977512389421463,
    0.41602376103401184
  ],
  "motion_stability": [
    2.789397716522217,
    2.7297379970550537
  ],
  "freq_entropy": [
    10.37166976928711,
    10.093969345092773
  ]
}