{
  "dominant_freq": [
    0.2914285714285714,
    0.10285714285714287
  ],
  "amp_mean_x": [
    0.06843721866607666,
    0.05389200523495674
  ],
  "amp_mean_y": [
    0.12985114753246307,
    0.15213102102279663
  ],
  "symmetry_ratio": [
    0.5270436406135559,
    0.3542473018169403
  ],
  "energy_distribution": [
    0.29145291447639465,
    0.26485830545425415
  ],
  "motion_stability": [
    1.3347132205963135,
    2.023719549179077
  ],
  "freq_entropy": [
    9.47928237915039,
    9.52090072631836
  ]
}