{
  "dominant_freq": [
    0.2805702127659574,
    0.2601651063829787
  ],
  "amp_mean_x": [
    0.1524583101272583,
    0.1755163073539734
  ],
  "amp_mean_y": [
    0.2509689927101135,
    0.35643211007118225
  ],
  "symmetry_ratio": [
    0.607478678226471,
    0.4924256205558777
  ],
  "energy_distribution": [
    0.26159200072288513,
    0.22861498594284058
  ],
  "motion_stability": [
    1.4149463176727295,
    1.300789475440979
  ],
  "freq_entropy": [
    10.19933032989502,
    10.225208282470703
  ]
}