{
  "dominant_freq": [
    0.9626736899464171,
    0.38352871990897575
  ],
  "amp_mean_x": [
    0.11931825429201126,
    0.5461159348487854
  ],
  "amp_mean_y": [
    0.16673040390014648,
    0.6105008125305176
  ],
  "symmetry_ratio": [
    0.7156358361244202,
    0.894537627696991
  ],
  "energy_distribution": [
    0.2877112627029419,
    0.4278142750263214
  ],
  "motion_stability": [
    2.379351854324341,
    5.2884979248046875
  ],
  "freq_entropy": [
    9.252869606018066,
    9.096503257751465
  ]
}