{
  "dominant_freq": [
    4.310729613733906
  ],
  "amp_mean_x": [
    2.1971867084503174
  ],
  "amp_mean_y": [
    3.7671866416931152
  ],
  "symmetry_ratio": [
    0.5832433700561523
  ],
  "energy_distribution": [
    0.25873926281929016
  ],
  "motion_stability": [
    2.617915153503418
  ],
  "freq_entropy": [
    10.31352424621582
  ]
}