{
  "dominant_freq": [
    1.038961038961039,
    0.10673800323216015
  ],
  "amp_mean_x": [
    0.161703422665596,
    0.3407215476036072
  ],
  "amp_mean_y": [
    0.28007474541664124,
    0.6154260635375977
  ],
  "symmetry_ratio": [
    0.5773581266403198,
    0.5536352396011353
  ],
  "energy_distribution": [
    0.2620191276073456,
    0.2948829233646393
  ],
  "motion_stability": [
    1.4393079280853271,
    5.10814094543457
  ],
  "freq_entropy": [
    9.943107604980469,
    9.697897911071777
  ]
}