{
  "dominant_freq": [
    1.460272011453114,
    3.1405912040374906
  ],
  "amp_mean_x": [
    0.40472355484962463,
    0.4041858911514282
  ],
  "amp_mean_y": [
    0.8178364634513855,
    0.7575755715370178
  ],
  "symmetry_ratio": [
    0.49487102031707764,
    0.5335255265235901
  ],
  "energy_distribution": [
    0.2614402174949646,
    0.19571726024150848
  ],
  "motion_stability": [
    3.7203688621520996,
    4.053121566772461
  ],
  "freq_entropy": [
    9.614805221557617,
    9.553023338317871
  ]
}