{
  "dominant_freq": [
    3.6689189189189193,
    2.190373174689021
  ],
  "amp_mean_x": [
    0.1301654726266861,
    0.5736182332038879
  ],
  "amp_mean_y": [
    0.13531634211540222,
    0.2827829122543335
  ],
  "symmetry_ratio": [
    0.9619346261024475,
    2.028475522994995
  ],
  "energy_distribution": [
    0.2300744354724884,
    0.5318475365638733
  ],
  "motion_stability": [
    1.433713674545288,
    2.886232376098633
  ],
  "freq_entropy": [
    9.856307983398438,
    9.507773399353027
  ]
}