{
  "dominant_freq": [
    0.9187694300518133,
    4.621424369747898
  ],
  "amp_mean_x": [
    0.9826299548149109,
    0.8555489778518677
  ],
  "amp_mean_y": [
    1.7860469818115234,
    1.4056600332260132
  ],
  "symmetry_ratio": [
    0.5501702427864075,
    0.6086457371711731
  ],
  "energy_distribution": [
    0.311365008354187,
    0.20740005373954773
  ],
  "motion_stability": [
    5.269412994384766,
    4.476816177368164
  ],
  "freq_entropy": [
    8.834650039672852,
    9.052118301391602
  ]
}