{
  "dominant_freq": [
    6.7631578947368425,
    0.3421052631578947,
    0.11842105263157894
  ],
  "amp_mean_x": [
    0.15640844404697418,
    0.24499987065792084,
    0.15596601366996765
  ],
  "amp_mean_y": [
    0.1616499423980713,
    0.37562286853790283,
    0.17546473443508148
  ],
  "symmetry_ratio": [
    0.9675750136375427,
    0.6522496342658997,
    0.8888738751411438
  ],
  "energy_distribution": [
    0.18325871229171753,
    0.24661438167095184,
    0.3035738170146942
  ],
  "motion_stability": [
    1.770176649093628,
    2.4902501106262207,
    1.4354376792907715
  ],
  "freq_entropy": [
    8.972047805786133,
    8.908111572265625,
    8.833419799804688
  ]
}