{
  "dominant_freq": [
    2.6400000000000006,
    4.099378881987579
  ],
  "amp_mean_x": [
    0.14932619035243988,
    1.6988537311553955
  ],
  "amp_mean_y": [
    0.1945018172264099,
    2.6418893337249756
  ],
  "symmetry_ratio": [
    0.7677367329597473,
    0.6430450081825256
  ],
  "energy_distribution": [
    0.1867842674255371,
    0.2700665593147278
  ],
  "motion_stability": [
    2.024385452270508,
    2.778909206390381
  ],
  "freq_entropy": [
    9.9110107421875,
    9.838666915893555
  ]
}