{
  "dominant_freq": [
    5.453125,
    4.057017543859649,
    1.75
  ],
  "amp_mean_x": [
    0.1409633308649063,
    0.2348000407218933,
    0.20099680125713348
  ],
  "amp_mean_y": [
    0.12920115888118744,
    0.31888437271118164,
    0.5164663791656494
  ],
  "symmetry_ratio": [
    1.091037631034851,
    0.7363171577453613,
    0.3891769349575043
  ],
  "energy_distribution": [
    0.2118973284959793,
    0.1793653815984726,
    0.27641740441322327
  ],
  "motion_stability": [
    1.592159390449524,
    1.835616946220398,
    0.9487400650978088
  ],
  "freq_entropy": [
    8.691154479980469,
    8.782804489135742,
    8.500338554382324
  ]
}