{
  "dominant_freq": [
    4.647178750897343,
    0.28358709677419347
  ],
  "amp_mean_x": [
    0.21194687485694885,
    0.6119346022605896
  ],
  "amp_mean_y": [
    0.5467172265052795,
    1.3140673637390137
  ],
  "symmetry_ratio": [
    0.3876718282699585,
    0.465679794549942
  ],
  "energy_distribution": [
    0.22232507169246674,
    0.19541503489017487
  ],
  "motion_stability": [
    2.0208959579467773,
    1.3181936740875244
  ],
  "freq_entropy": [
    9.61783504486084,
    9.467475891113281
  ]
}