{
  "dominant_freq": [
    0.10368,
    0.29023578947368417,
    2.952833684210526
  ],
  "amp_mean_x": [
    1.0945019721984863,
    0.3137737512588501,
    0.11122959852218628
  ],
  "amp_mean_y": [
    0.8684137463569641,
    0.2293887585401535,
    0.1617623120546341
  ],
  "symmetry_ratio": [
    1.2603461742401123,
    1.3678689002990723,
    0.6876113414764404
  ],
  "energy_distribution": [
    0.40702852606773376,
    0.4043538570404053,
    0.22056886553764343
  ],
  "motion_stability": [
    5.404441833496094,
    2.6901328563690186,
    1.3664169311523438
  ],
  "freq_entropy": [
    8.55331039428711,
    8.704681396484375,
    8.977448463439941
  ]
}