{
  "dominant_freq": [
    0.7108057279094907,
    0.40516143895865564
  ],
  "amp_mean_x": [
    2.9686028957366943,
    3.923793077468872
  ],
  "amp_mean_y": [
    9.335911750793457,
    16.262367248535156
  ],
  "symmetry_ratio": [
    0.3179767429828644,
    0.24128055572509766
  ],
  "energy_distribution": [
    0.24592715501785278,
    0.2826659679412842
  ],
  "motion_stability": [
    2.316833019256592,
    2.418729305267334
  ],
  "freq_entropy": [
    8.826847076416016,
    8.182951927185059
  ]
}