{
  "dominant_freq": [
    1.705263157894737,
    0.10333692142088269,
    1.8031746031746032
  ],
  "amp_mean_x": [
    0.7904354929924011,
    2.246934652328491,
    1.8415428400039673
  ],
  "amp_mean_y": [
    1.0486661195755005,
    2.916609048843384,
    2.2973620891571045
  ],
  "symmetry_ratio": [
    0.7537532448768616,
    0.7703928351402283,
    0.8015901446342468
  ],
  "energy_distribution": [
    0.20240160822868347,
    0.5486279129981995,
    0.24685174226760864
  ],
  "motion_stability": [
    3.3006951808929443,
    2.965907335281372,
    3.2719898223876953
  ],
  "freq_entropy": [
    9.00111198425293,
    8.16975212097168,
    9.017784118652344
  ]
}