{
  "dominant_freq": [
    3.545454545454546,
    5.35063752276867
  ],
  "amp_mean_x": [
    0.163991779088974,
    0.2652185559272766
  ],
  "amp_mean_y": [
    0.21943603456020355,
    0.4595910608768463
  ],
  "symmetry_ratio": [
    0.7473329305648804,
    0.5770751237869263
  ],
  "energy_distribution": [
    0.22896701097488403,
    0.19199831783771515
  ],
  "motion_stability": [
    2.123228073120117,
    2.760523796081543
  ],
  "freq_entropy": [
    9.226240158081055,
    9.187373161315918
  ]
}