{
  "dominant_freq": [
    4.479726315789472,
    0.1009515789473684,
    0.29023578947368417
  ],
  "amp_mean_x": [
    0.06772014498710632,
    0.07780539244413376,
    0.07389501482248306
  ],
  "amp_mean_y": [
    0.16210328042507172,
    0.1644010692834854,
    0.24954400956630707
  ],
  "symmetry_ratio": [
    0.4177592396736145,
    0.47326573729515076,
    0.29612016677856445
  ],
  "energy_distribution": [
    0.22418884932994843,
    0.4500998854637146,
    0.34056606888771057
  ],
  "motion_stability": [
    1.5278143882751465,
    2.0047900676727295,
    1.4556397199630737
  ],
  "freq_entropy": [
    9.056097030639648,
    8.756013870239258,
    8.906661987304688
  ]
}