{
  "dominant_freq": [
    1.5838706747797657,
    0.101716465352829
  ],
  "amp_mean_x": [
    0.1662319153547287,
    0.11376619338989258
  ],
  "amp_mean_y": [
    0.32853394746780396,
    0.17026609182357788
  ],
  "symmetry_ratio": [
    0.5059809684753418,
    0.6681670546531677
  ],
  "energy_distribution": [
    0.23524776101112366,
    0.2551734447479248
  ],
  "motion_stability": [
    2.0644679069519043,
    1.771188497543335
  ],
  "freq_entropy": [
    9.784262657165527,
    9.55311393737793
  ]
}