{
  "dominant_freq": [
    2.6121221052631576,
    0.4669010526315789,
    1.7306174920969437
  ],
  "amp_mean_x": [
    0.07895614951848984,
    0.08100082725286484,
    0.6139239072799683
  ],
  "amp_mean_y": [
    0.15796111524105072,
    0.10598063468933105,
    1.7094178199768066
  ],
  "symmetry_ratio": [
    0.4998454749584198,
    0.7642983794212341,
    0.35914209485054016
  ],
  "energy_distribution": [
    0.2123250514268875,
    0.24271604418754578,
    0.5498131513595581
  ],
  "motion_stability": [
    1.5533726215362549,
    1.6485860347747803,
    5.544313430786133
  ],
  "freq_entropy": [
    9.004131317138672,
    8.95450210571289,
    8.723188400268555
  ]
}