{
  "dominant_freq": [
    3.5528072727272724,
    2.3561492265696087
  ],
  "amp_mean_x": [
    0.2989194989204407,
    0.49979186058044434
  ],
  "amp_mean_y": [
    0.23937055468559265,
    1.032443642616272
  ],
  "symmetry_ratio": [
    1.2487730979919434,
    0.4840863347053528
  ],
  "energy_distribution": [
    0.27789726853370667,
    0.18957915902137756
  ],
  "motion_stability": [
    4.102486610412598,
    2.2220287322998047
  ],
  "freq_entropy": [
    9.260704040527344,
    9.254724502563477
  ]
}