{
  "dominant_freq": [
    4.55544,
    3.853285714285714,
    0.2915536480686695,
    6.098546511627907
  ],
  "amp_mean_x": [
    0.29041704535484314,
    0.629217803478241,
    0.39456459879875183,
    1.0968799591064453
  ],
  "amp_mean_y": [
    0.7063354253768921,
    0.8166053295135498,
    0.6257982850074768,
    2.836247205734253
  ],
  "symmetry_ratio": [
    0.4111602306365967,
    0.7705286741256714,
    0.6304980516433716,
    0.38673636317253113
  ],
  "energy_distribution": [
    0.24575275182724,
    0.20159685611724854,
    0.292706161737442,
    0.1760304570198059
  ],
  "motion_stability": [
    1.5059847831726074,
    1.5981700420379639,
    1.2263840436935425,
    3.876007318496704
  ],
  "freq_entropy": [
    8.56899642944336,
    8.63249683380127,
    8.18722152709961,
    8.60978889465332
  ]
}