{
  "dominant_freq": [
    8.170756234915526,
    3.6924939467312345
  ],
  "amp_mean_x": [
    0.7839516401290894,
    1.059256911277771
  ],
  "amp_mean_y": [
    1.7714719772338867,
    1.69807767868042
  ],
  "symmetry_ratio": [
    0.44254249334335327,
    0.6237976551055908
  ],
  "energy_distribution": [
    0.20737718045711517,
    0.2961951196193695
  ],
  "motion_stability": [
    2.0678064823150635,
    2.8170390129089355
  ],
  "freq_entropy": [
    10.34105110168457,
    9.973550796508789
  ]
}