{
  "dominant_freq": [
    1.9940652818991098,
    0.524833209785026
  ],
  "amp_mean_x": [
    0.9483501315116882,
    0.8389330506324768
  ],
  "amp_mean_y": [
    1.122351050376892,
    1.066013216972351
  ],
  "symmetry_ratio": [
    0.8449674844741821,
    0.7869818210601807
  ],
  "energy_distribution": [
    0.2516018748283386,
    0.23614247143268585
  ],
  "motion_stability": [
    2.0869369506835938,
    2.0049057006835938
  ],
  "freq_entropy": [
    9.49182415008545,
    9.526750564575195
  ]
}