{
  "dominant_freq": [
    2.965
  ],
  "amp_mean_x": [
    0.1650041937828064
  ],
  "amp_mean_y": [
    0.2632542550563812
  ],
  "symmetry_ratio": [
    0.6267864108085632
  ],
  "energy_distribution": [
    0.19033166766166687
  ],
  "motion_stability": [
    1.593461275100708
  ],
  "freq_entropy": [
    10.339296340942383
  ]
}