{
  "dominant_freq": [
    0.29688471391972665,
    0.12835117773019272
  ],
  "amp_mean_x": [
    0.7230525612831116,
    0.8591158986091614
  ],
  "amp_mean_y": [
    0.7267502546310425,
    0.8763224482536316
  ],
  "symmetry_ratio": [
    0.9949120283126831,
    0.9803650379180908
  ],
  "energy_distribution": [
    0.40186047554016113,
    0.39164653420448303
  ],
  "motion_stability": [
    2.1383590698242188,
    7.548495292663574
  ],
  "freq_entropy": [
    9.809200286865234,
    10.1998929977417
  ]
}