{
  "dominant_freq": [
    0.47981079442086105,
    0.13812734990903575
  ],
  "amp_mean_x": [
    0.29207056760787964,
    0.4884524345397949
  ],
  "amp_mean_y": [
    0.49540528655052185,
    0.7361497282981873
  ],
  "symmetry_ratio": [
    0.5895588397979736,
    0.6635231971740723
  ],
  "energy_distribution": [
    0.1973607838153839,
    0.44993072748184204
  ],
  "motion_stability": [
    1.6803410053253174,
    2.9446511268615723
  ],
  "freq_entropy": [
    9.816704750061035,
    9.176580429077148
  ]
}