{
  "dominant_freq": [
    0.4966457142857143,
    3.682028571428572
  ],
  "amp_mean_x": [
    0.03630019724369049,
    0.2161169797182083
  ],
  "amp_mean_y": [
    0.03711804002523422,
    0.2353552281856537
  ],
  "symmetry_ratio": [
    0.9779664278030396,
    0.9182586669921875
  ],
  "energy_distribution": [
    0.2664461135864258,
    0.24718309938907623
  ],
  "motion_stability": [
    1.7931630611419678,
    7.848662376403809
  ],
  "freq_entropy": [
    9.303298950195312,
    9.677799224853516
  ]
}