{
  "dominant_freq": [
    0.12008005336891261,
    0.125,
    0.11
  ],
  "amp_mean_x": [
    0.3765546679496765,
    0.5499745011329651,
    0.3746362626552582
  ],
  "amp_mean_y": [
    0.31473827362060547,
    0.5124365091323853,
    0.3217524290084839
  ],
  "symmetry_ratio": [
    1.1964057683944702,
    1.0732539892196655,
    1.164361834526062
  ],
  "energy_distribution": [
    0.5350451469421387,
    0.1978599578142166,
    0.3628363013267517
  ],
  "motion_stability": [
    2.1684815883636475,
    3.441570281982422,
    1.7103323936462402
  ],
  "freq_entropy": [
    9.290898323059082,
    10.35931396484375,
    9.886601448059082
  ]
}