{
  "dominant_freq": [
    3.5672983555207507,
    4.336085106382979
  ],
  "amp_mean_x": [
    3.786004066467285,
    1.5264402627944946
  ],
  "amp_mean_y": [
    6.212798595428467,
    1.661752462387085
  ],
  "symmetry_ratio": [
    0.6093878746032715,
    0.9185726046562195
  ],
  "energy_distribution": [
    0.26011908054351807,
    0.24400420486927032
  ],
  "motion_stability": [
    2.5027661323547363,
    2.058422565460205
  ],
  "freq_entropy": [
    9.43720817565918,
    9.581293106079102
  ]
}