{
  "dominant_freq": [
    0.8162042553191489,
    1.0253565957446806,
    0.10202553191489361
  ],
  "amp_mean_x": [
    0.084132619202137,
    0.07130395621061325,
    0.11243390291929245
  ],
  "amp_mean_y": [
    0.1571950912475586,
    0.12570594251155853,
    0.20952248573303223
  ],
  "symmetry_ratio": [
    0.5352115035057068,
    0.5672281980514526,
    0.5366197228431702
  ],
  "energy_distribution": [
    0.3259665369987488,
    0.2889636754989624,
    0.3428526222705841
  ],
  "motion_stability": [
    1.8519251346588135,
    2.604224681854248,
    1.8963627815246582
  ],
  "freq_entropy": [
    10.27629280090332,
    10.276226043701172,
    9.892616271972656
  ]
}