{
  "dominant_freq": [
    0.11314285714285713,
    0.11353250107619456,
    2.112827586206896
  ],
  "amp_mean_x": [
    1.0811845064163208,
    0.5589913129806519,
    0.21646572649478912
  ],
  "amp_mean_y": [
    2.217059373855591,
    2.5308406352996826,
    0.5265491008758545
  ],
  "symmetry_ratio": [
    0.4876660108566284,
    0.22087179124355316,
    0.41110265254974365
  ],
  "energy_distribution": [
    0.2926146686077118,
    0.444273978471756,
    0.22108204662799835
  ],
  "motion_stability": [
    5.381833553314209,
    5.430222511291504,
    2.347761392593384
  ],
  "freq_entropy": [
    9.843595504760742,
    10.057710647583008,
    9.996444702148438
  ]
}