{
  "dominant_freq": [
    0.13821130325984693,
    4.808298497618885
  ],
  "amp_mean_x": [
    0.4666328728199005,
    0.42403948307037354
  ],
  "amp_mean_y": [
    0.6021214127540588,
    0.504672646522522
  ],
  "symmetry_ratio": [
    0.7749813795089722,
    0.8402268290519714
  ],
  "energy_distribution": [
    0.18015918135643005,
    0.1912643164396286
  ],
  "motion_stability": [
    2.864576816558838,
    2.371716260910034
  ],
  "freq_entropy": [
    9.840794563293457,
    9.837757110595703
  ]
}