{
  "dominant_freq": [
    3.882861025718168,
    0.6657139674789265
  ],
  "amp_mean_x": [
    1.079077959060669,
    1.0735737085342407
  ],
  "amp_mean_y": [
    1.2710256576538086,
    2.4930672645568848
  ],
  "symmetry_ratio": [
    0.848982036113739,
    0.4306236505508423
  ],
  "energy_distribution": [
    0.20116867125034332,
    0.23369811475276947
  ],
  "motion_stability": [
    1.9537556171417236,
    2.092839002609253
  ],
  "freq_entropy": [
    10.296798706054688,
    10.301066398620605
  ]
}