{
  "dominant_freq": [
    0.3088235294117647,
    3.857479387514723,
    3.235294117647059
  ],
  "amp_mean_x": [
    0.09414805471897125,
    0.32270610332489014,
    0.1730034351348877
  ],
  "amp_mean_y": [
    0.29926052689552307,
    0.33028826117515564,
    0.4355933964252472
  ],
  "symmetry_ratio": [
    0.3146023154258728,
    0.9770438075065613,
    0.39716726541519165
  ],
  "energy_distribution": [
    0.28352296352386475,
    0.29284608364105225,
    0.1596142053604126
  ],
  "motion_stability": [
    1.0898032188415527,
    2.0689468383789062,
    1.2694709300994873
  ],
  "freq_entropy": [
    8.686363220214844,
    8.777544021606445,
    8.771324157714844
  ]
}