{
  "dominant_freq": [
    0.48,
    3.2800000000000002,
    4.8533333333333335,
    0.48000000000000004,
    2.506666666666667,
    1.6533333333333333
  ],
  "amp_mean_x": [
    0.04439815133810043,
    0.0960204228758812,
    0.1972169727087021,
    0.17211835086345673,
    0.09050887823104858,
    0.04814504086971283
  ],
  "amp_mean_y": [
    0.08812511712312698,
    0.11568279564380646,
    0.15564624965190887,
    0.2638748288154602,
    0.15604965388774872,
    0.057804469019174576
  ],
  "symmetry_ratio": [
    0.5038081407546997,
    0.8300319910049438,
    1.2670845985412598,
    0.6522727012634277,
    0.5800005197525024,
    0.8328948020935059
  ],
  "energy_distribution": [
    0.19188520312309265,
    0.17834573984146118,
    0.1796974390745163,
    0.22542057931423187,
    0.14807291328907013,
    0.22079667448997498
  ],
  "motion_stability": [
    1.3532836437225342,
    1.5272423028945923,
    1.3767483234405518,
    1.4767169952392578,
    1.3196148872375488,
    1.337819218635559
  ],
  "freq_entropy": [
    7.952241897583008,
    7.9042768478393555,
    7.885512351989746,
    7.891565799713135,
    7.8542585372924805,
    7.8551483154296875
  ]
}