{
  "dominant_freq": [
    0.1173794277242553,
    0.11742941896263873,
    0.12248288110357075
  ],
  "amp_mean_x": [
    0.4096774756908417,
    0.8359306454658508,
    1.0294400453567505
  ],
  "amp_mean_y": [
    0.48304614424705505,
    1.0636849403381348,
    1.2452884912490845
  ],
  "symmetry_ratio": [
    0.8481125235557556,
    0.7858818173408508,
    0.8266679048538208
  ],
  "energy_distribution": [
    0.33420222997665405,
    0.37145349383354187,
    0.3510662317276001
  ],
  "motion_stability": [
    2.2297310829162598,
    2.670166492462158,
    4.189991474151611
  ],
  "freq_entropy": [
    10.123826026916504,
    9.740915298461914,
    9.646350860595703
  ]
}