{
  "dominant_freq": [
    0.4367057142857143,
    3.8194931209268645
  ],
  "amp_mean_x": [
    0.025470605120062828,
    1.068311333656311
  ],
  "amp_mean_y": [
    0.04079257696866989,
    1.2352644205093384
  ],
  "symmetry_ratio": [
    0.6243931651115417,
    0.8648442625999451
  ],
  "energy_distribution": [
    0.25071755051612854,
    0.3286905288696289
  ],
  "motion_stability": [
    1.804237723350525,
    7.058965682983398
  ],
  "freq_entropy": [
    9.393213272094727,
    9.1787691116333
  ]
}