{
  "dominant_freq": [
    0.42310588235294116,
    2.3719572192513367,
    0.3168076109936575
  ],
  "amp_mean_x": [
    1.788411021232605,
    0.9081532955169678,
    0.30802005529403687
  ],
  "amp_mean_y": [
    3.773296594619751,
    1.4347517490386963,
    0.47214871644973755
  ],
  "symmetry_ratio": [
    0.4739651381969452,
    0.6329689621925354,
    0.6523793339729309
  ],
  "energy_distribution": [
    0.2582419514656067,
    0.2521498501300812,
    0.33941414952278137
  ],
  "motion_stability": [
    2.6265718936920166,
    4.401943683624268,
    4.003723621368408
  ],
  "freq_entropy": [
    8.957372665405273,
    9.106481552124023,
    9.09505844116211
  ]
}