{
  "dominant_freq": [
    2.4945454545454546,
    3.2136335970785153
  ],
  "amp_mean_x": [
    0.12259680777788162,
    0.29842254519462585
  ],
  "amp_mean_y": [
    0.13006994128227234,
    1.155327558517456
  ],
  "symmetry_ratio": [
    0.9425452947616577,
    0.2583012580871582
  ],
  "energy_distribution": [
    0.14155356585979462,
    0.35165080428123474
  ],
  "motion_stability": [
    6.6280341148376465,
    5.986806869506836
  ],
  "freq_entropy": [
    9.849958419799805,
    9.817336082458496
  ]
}