{
  "dominant_freq": [
    4.647708154506438,
    4.401308571428571,
    1.2383586800573887,
    0.10275428571428571
  ],
  "amp_mean_x": [
    0.6680492758750916,
    0.4517611265182495,
    1.0084514617919922,
    0.23473124206066132
  ],
  "amp_mean_y": [
    1.2873302698135376,
    1.0018484592437744,
    2.0002570152282715,
    0.45917943120002747
  ],
  "symmetry_ratio": [
    0.5189416408538818,
    0.45092761516571045,
    0.5041609406471252,
    0.5111972093582153
  ],
  "energy_distribution": [
    0.17561814188957214,
    0.18799300491809845,
    0.2341737300157547,
    0.20195254683494568
  ],
  "motion_stability": [
    2.8747148513793945,
    1.8940463066101074,
    1.9863098859786987,
    1.500964641571045
  ],
  "freq_entropy": [
    8.643838882446289,
    8.526850700378418,
    8.564760208129883,
    8.5819091796875
  ]
}