{
  "dominant_freq": [
    0.1009515789473684,
    0.265277133825079,
    0.1009515789473684
  ],
  "amp_mean_x": [
    0.08497094362974167,
    0.13850358128547668,
    0.16561958193778992
  ],
  "amp_mean_y": [
    0.11994284391403198,
    0.3436693847179413,
    0.13702431321144104
  ],
  "symmetry_ratio": [
    0.7084286212921143,
    0.40301403403282166,
    1.2086875438690186
  ],
  "energy_distribution": [
    0.6103923916816711,
    0.3011854588985443,
    0.2922649085521698
  ],
  "motion_stability": [
    1.5328236818313599,
    1.7498393058776855,
    1.6459245681762695
  ],
  "freq_entropy": [
    7.589826583862305,
    8.963415145874023,
    8.9232816696167
  ]
}