{
  "dominant_freq": [
    3.2704135737009548,
    3.1265822784810124,
    3.1619047619047618
  ],
  "amp_mean_x": [
    0.9114962816238403,
    0.6111737489700317,
    0.9279909133911133
  ],
  "amp_mean_y": [
    1.420825481414795,
    0.5666472911834717,
    0.8633744120597839
  ],
  "symmetry_ratio": [
    0.6415258646011353,
    1.0785788297653198,
    1.074841856956482
  ],
  "energy_distribution": [
    0.23127031326293945,
    0.23186737298965454,
    0.20533902943134308
  ],
  "motion_stability": [
    2.5839602947235107,
    1.928318738937378,
    1.5264763832092285
  ],
  "freq_entropy": [
    9.090164184570312,
    9.06338119506836,
    8.986446380615234
  ]
}