{
  "dominant_freq": [
    4.454492875545506,
    2.2931372559427823,
    3.038851588797883
  ],
  "amp_mean_x": [
    0.22329305112361908,
    0.666387140750885,
    2.2492733001708984
  ],
  "amp_mean_y": [
    0.22288134694099426,
    1.3699123859405518,
    4.176730632781982
  ],
  "symmetry_ratio": [
    1.0018471479415894,
    0.4864450693130493,
    0.538524866104126
  ],
  "energy_distribution": [
    0.18728409707546234,
    0.13756075501441956,
    0.20731504261493683
  ],
  "motion_stability": [
    1.4091436862945557,
    4.233532905578613,
    2.1438310146331787
  ],
  "freq_entropy": [
    8.921211242675781,
    9.04704475402832,
    8.983294486999512
  ]
}