{
  "dominant_freq": [
    4.853333333333334,
    0.4266666666666667,
    6.826666666666667,
    0.10666666666666667,
    0.16,
    3.3066666666666666
  ],
  "amp_mean_x": [
    0.09646362066268921,
    0.11847832798957825,
    0.23000936210155487,
    0.4969302713871002,
    0.4246605634689331,
    0.2702060639858246
  ],
  "amp_mean_y": [
    0.319650799036026,
    0.28726163506507874,
    0.2075793743133545,
    0.685613214969635,
    0.8345955610275269,
    0.4613853693008423
  ],
  "symmetry_ratio": [
    0.3017781376838684,
    0.4124404788017273,
    1.1080549955368042,
    0.7247968316078186,
    0.508821964263916,
    0.5856407284736633
  ],
  "energy_distribution": [
    0.4289533793926239,
    0.31916022300720215,
    0.23165543377399445,
    0.28666314482688904,
    0.2815436124801636,
    0.1936645358800888
  ],
  "motion_stability": [
    1.0220552682876587,
    1.008234977722168,
    1.272386908531189,
    0.7817500829696655,
    0.8083643913269043,
    0.7166498899459839
  ],
  "freq_entropy": [
    7.653831481933594,
    7.832481384277344,
    7.927362442016602,
    7.789402961730957,
    7.773054122924805,
    7.9170122146606445
  ]
}