{
  "dominant_freq": [
    2.123287128712871,
    1.8190432033719701,
    2.549828571428571
  ],
  "amp_mean_x": [
    1.196523904800415,
    0.6526432037353516,
    0.25924718379974365
  ],
  "amp_mean_y": [
    1.0364017486572266,
    0.48511964082717896,
    0.5108023881912231
  ],
  "symmetry_ratio": [
    1.1544981002807617,
    1.3453242778778076,
    0.5075293183326721
  ],
  "energy_distribution": [
    0.19896727800369263,
    0.18943914771080017,
    0.15720714628696442
  ],
  "motion_stability": [
    4.087762832641602,
    1.5820643901824951,
    3.0535268783569336
  ],
  "freq_entropy": [
    9.020485877990723,
    9.037958145141602,
    9.013711929321289
  ]
}