{
  "dominant_freq": [
    3.593860169491525,
    2.2683424947145876,
    4.620506863780358
  ],
  "amp_mean_x": [
    1.9409960508346558,
    1.0863063335418701,
    1.019371747970581
  ],
  "amp_mean_y": [
    1.8969035148620605,
    1.126619815826416,
    1.1844615936279297
  ],
  "symmetry_ratio": [
    1.0232445001602173,
    0.9642173051834106,
    0.8606203198432922
  ],
  "energy_distribution": [
    0.279207706451416,
    0.17306698858737946,
    0.17852556705474854
  ],
  "motion_stability": [
    4.395869255065918,
    4.187459468841553,
    2.9394826889038086
  ],
  "freq_entropy": [
    8.870502471923828,
    9.070661544799805,
    9.041990280151367
  ]
}