{
  "dominant_freq": [
    7.6743913606911445,
    4.875154612386314
  ],
  "amp_mean_x": [
    0.4448314905166626,
    1.0124129056930542
  ],
  "amp_mean_y": [
    1.6316334009170532,
    2.910053253173828
  ],
  "symmetry_ratio": [
    0.2726295590400696,
    0.347901850938797
  ],
  "energy_distribution": [
    0.19566857814788818,
    0.20053064823150635
  ],
  "motion_stability": [
    3.0281243324279785,
    2.2723207473754883
  ],
  "freq_entropy": [
    10.329155921936035,
    10.295259475708008
  ]
}