{
  "dominant_freq": [
    0.7192799999999999,
    0.4642161702127659
  ],
  "amp_mean_x": [
    0.09064634889364243,
    0.14791782200336456
  ],
  "amp_mean_y": [
    0.28931593894958496,
    0.366161048412323
  ],
  "symmetry_ratio": [
    0.31331267952919006,
    0.40396928787231445
  ],
  "energy_distribution": [
    0.21692721545696259,
    0.2512211799621582
  ],
  "motion_stability": [
    1.39980149269104,
    1.1956396102905273
  ],
  "freq_entropy": [
    10.173392295837402,
    10.044830322265625
  ]
}