{
  "dominant_freq": [
    1.3009404388714731,
    1.605748757984386
  ],
  "amp_mean_x": [
    0.44374415278434753,
    0.8632618188858032
  ],
  "amp_mean_y": [
    1.365371823310852,
    1.8837103843688965
  ],
  "symmetry_ratio": [
    0.32499876618385315,
    0.4582773447036743
  ],
  "energy_distribution": [
    0.2103133499622345,
    0.20534932613372803
  ],
  "motion_stability": [
    3.5626134872436523,
    4.108399391174316
  ],
  "freq_entropy": [
    9.673454284667969,
    9.604385375976562
  ]
}