{
  "dominant_freq": [
    0.12987012987012986,
    0.3196803196803197
  ],
  "amp_mean_x": [
    0.26826345920562744,
    0.16916130483150482
  ],
  "amp_mean_y": [
    0.1877051740884781,
    0.2035306841135025
  ],
  "symmetry_ratio": [
    1.429174542427063,
    0.8311341404914856
  ],
  "energy_distribution": [
    0.2753202021121979,
    0.31803739070892334
  ],
  "motion_stability": [
    1.3999519348144531,
    1.64085054397583
  ],
  "freq_entropy": [
    9.254186630249023,
    9.054697036743164
  ]
}