{
  "dominant_freq": [
    0.11732936170212764,
    7.265454545454545,
    2.2576463570515553
  ],
  "amp_mean_x": [
    0.25391581654548645,
    0.8733516931533813,
    1.0687392950057983
  ],
  "amp_mean_y": [
    0.36305978894233704,
    1.5546263456344604,
    1.76718008518219
  ],
  "symmetry_ratio": [
    0.6993774175643921,
    0.5617759227752686,
    0.6047710180282593
  ],
  "energy_distribution": [
    0.25247323513031006,
    0.1248001679778099,
    0.2875063121318817
  ],
  "motion_stability": [
    2.4698238372802734,
    4.106316566467285,
    2.1533918380737305
  ],
  "freq_entropy": [
    10.310163497924805,
    10.361594200134277,
    10.085651397705078
  ]
}