{
  "dominant_freq": [
    0.46399999999999997,
    4.823045267489713,
    4.192
  ],
  "amp_mean_x": [
    0.07877177745103836,
    1.151518702507019,
    0.9797138571739197
  ],
  "amp_mean_y": [
    0.16530655324459076,
    2.2678732872009277,
    0.9972295165061951
  ],
  "symmetry_ratio": [
    0.476519376039505,
    0.5077526569366455,
    0.9824357032775879
  ],
  "energy_distribution": [
    0.22680626809597015,
    0.13122783601284027,
    0.20812228322029114
  ],
  "motion_stability": [
    1.502555251121521,
    4.042658805847168,
    1.8112730979919434
  ],
  "freq_entropy": [
    8.610114097595215,
    8.702581405639648,
    8.623186111450195
  ]
}