{
  "dominant_freq": [
    0.6672240802675585
  ],
  "amp_mean_x": [
    0.3265915811061859
  ],
  "amp_mean_y": [
    0.3449894189834595
  ],
  "symmetry_ratio": [
    0.9466713070869446
  ],
  "energy_distribution": [
    0.23040173947811127
  ],
  "motion_stability": [
    5.308746814727783
  ],
  "freq_entropy": [
    10.318314552307129
  ]
}