{
  "dominant_freq": [
    0.4795204795204795,
    1.8028846153846154
  ],
  "amp_mean_x": [
    0.21471287310123444,
    1.8740086555480957
  ],
  "amp_mean_y": [
    0.22882144153118134,
    1.4561655521392822
  ],
  "symmetry_ratio": [
    0.9383424520492554,
    1.28694748878479
  ],
  "energy_distribution": [
    0.23894977569580078,
    0.5650455355644226
  ],
  "motion_stability": [
    2.560366153717041,
    5.275074005126953
  ],
  "freq_entropy": [
    9.106983184814453,
    8.195648193359375
  ]
}