{
  "dominant_freq": [
    0.27629193341869396,
    0.29599999999999993,
    6.4535059625212945
  ],
  "amp_mean_x": [
    0.667168378829956,
    0.6290244460105896,
    0.5419014096260071
  ],
  "amp_mean_y": [
    0.8152096271514893,
    0.68186354637146,
    1.0284967422485352
  ],
  "symmetry_ratio": [
    0.8184009790420532,
    0.9225078225135803,
    0.5268868803977966
  ],
  "energy_distribution": [
    0.3534868657588959,
    0.2628811001777649,
    0.18856488168239594
  ],
  "motion_stability": [
    5.0744948387146,
    1.5121827125549316,
    2.505490779876709
  ],
  "freq_entropy": [
    10.308422088623047,
    10.142936706542969,
    10.340344429016113
  ]
}