{
  "dominant_freq": [
    0.4795204795204795,
    3.939947827723379,
    3.548451548451548,
    1.7441574818624,
    0.8425309630128908
  ],
  "amp_mean_x": [
    0.4668915271759033,
    0.5682480931282043,
    0.7667308449745178,
    1.1321488618850708,
    1.1376694440841675
  ],
  "amp_mean_y": [
    0.47880250215530396,
    0.6460491418838501,
    0.8699090480804443,
    2.609483003616333,
    1.04946768283844
  ],
  "symmetry_ratio": [
    0.975123405456543,
    0.8795741200447083,
    0.8813919425010681,
    0.4338594377040863,
    1.084044337272644
  ],
  "energy_distribution": [
    0.22737637162208557,
    0.2051781415939331,
    0.2153448462486267,
    0.22427862882614136,
    0.2319907695055008
  ],
  "motion_stability": [
    1.4207537174224854,
    1.3935279846191406,
    1.4073717594146729,
    2.863997459411621,
    1.7359073162078857
  ],
  "freq_entropy": [
    7.994255542755127,
    7.9933624267578125,
    8.08442497253418,
    7.991186141967773,
    8.065362930297852
  ]
}