{
  "dominant_freq": [
    5.0503305713039675,
    4.154257425742574,
    0.7531455805892546
  ],
  "amp_mean_x": [
    0.8952861428260803,
    0.8130621910095215,
    0.555637538433075
  ],
  "amp_mean_y": [
    2.6275787353515625,
    3.05576753616333,
    2.299050807952881
  ],
  "symmetry_ratio": [
    0.34072667360305786,
    0.26607462763786316,
    0.2416812777519226
  ],
  "energy_distribution": [
    0.39772722125053406,
    0.18775710463523865,
    0.19844302535057068
  ],
  "motion_stability": [
    3.2105860710144043,
    2.167922258377075,
    1.5630903244018555
  ],
  "freq_entropy": [
    10.055697441101074,
    10.33156967163086,
    10.316665649414062
  ]
}