{
  "dominant_freq": [
    2.295356929637526,
    0.4591148936170212
  ],
  "amp_mean_x": [
    0.4734072983264923,
    0.1687615066766739
  ],
  "amp_mean_y": [
    0.5801352858543396,
    0.2918354272842407
  ],
  "symmetry_ratio": [
    0.8160291314125061,
    0.5782762765884399
  ],
  "energy_distribution": [
    0.2796255052089691,
    0.2558078169822693
  ],
  "motion_stability": [
    2.170999050140381,
    1.4051339626312256
  ],
  "freq_entropy": [
    10.36113166809082,
    10.16666030883789
  ]
}