{
  "dominant_freq": [
    0.30285473684210523,
    0.11357052631578946,
    3.9371115789473676
  ],
  "amp_mean_x": [
    0.17502611875534058,
    0.10880076885223389,
    0.11773300915956497
  ],
  "amp_mean_y": [
    0.3229019343852997,
    0.3567485511302948,
    0.24034425616264343
  ],
  "symmetry_ratio": [
    0.5420411229133606,
    0.3049788773059845,
    0.48985156416893005
  ],
  "energy_distribution": [
    0.2564043700695038,
    0.260766863822937,
    0.23859038949012756
  ],
  "motion_stability": [
    1.2871793508529663,
    1.601567268371582,
    1.331821322441101
  ],
  "freq_entropy": [
    8.90902328491211,
    8.905733108520508,
    9.012384414672852
  ]
}