{
  "dominant_freq": [
    0.10334482758620687,
    0.7278428571428571
  ],
  "amp_mean_x": [
    0.2941890060901642,
    0.12259817868471146
  ],
  "amp_mean_y": [
    0.6514682769775391,
    0.1194942370057106
  ],
  "symmetry_ratio": [
    0.45157840847969055,
    1.0259757041931152
  ],
  "energy_distribution": [
    0.335509717464447,
    0.1969393938779831
  ],
  "motion_stability": [
    9.111419677734375,
    1.90330171585083
  ],
  "freq_entropy": [
    9.664259910583496,
    9.528155326843262
  ]
}