{
  "dominant_freq": [
    0.301103448275862,
    0.19894978723404252
  ],
  "amp_mean_x": [
    0.22319242358207703,
    0.16612382233142853
  ],
  "amp_mean_y": [
    0.41338446736335754,
    0.4168297052383423
  ],
  "symmetry_ratio": [
    0.5399149060249329,
    0.39854124188423157
  ],
  "energy_distribution": [
    0.24343499541282654,
    0.23699399828910828
  ],
  "motion_stability": [
    2.4385905265808105,
    1.7547169923782349
  ],
  "freq_entropy": [
    10.301495552062988,
    10.185907363891602
  ]
}