{
  "dominant_freq": [
    5.871569361702127,
    0.4387097872340425
  ],
  "amp_mean_x": [
    0.0522872731089592,
    0.07032942026853561
  ],
  "amp_mean_y": [
    0.13424035906791687,
    0.16991759836673737
  ],
  "symmetry_ratio": [
    0.38950487971305847,
    0.4139030873775482
  ],
  "energy_distribution": [
    0.2311047911643982,
    0.233373761177063
  ],
  "motion_stability": [
    1.8827461004257202,
    1.5286598205566406
  ],
  "freq_entropy": [
    10.355234146118164,
    10.271707534790039
  ]
}