{
  "dominant_freq": [
    1.366639967961554
  ],
  "amp_mean_x": [
    0.15253189206123352
  ],
  "amp_mean_y": [
    0.29721301794052124
  ],
  "symmetry_ratio": [
    0.5132073163986206
  ],
  "energy_distribution": [
    0.30653202533721924
  ],
  "motion_stability": [
    5.794068336486816
  ],
  "freq_entropy": [
    10.299459457397461
  ]
}