{
  "dominant_freq": [
    0.12099689440993787,
    0.12062229102167182
  ],
  "amp_mean_x": [
    0.9441062808036804,
    0.716564416885376
  ],
  "amp_mean_y": [
    1.0960336923599243,
    0.8798884749412537
  ],
  "symmetry_ratio": [
    0.8613843321800232,
    0.814380943775177
  ],
  "energy_distribution": [
    0.36684638261795044,
    0.3388565182685852
  ],
  "motion_stability": [
    4.542184829711914,
    2.9385440349578857
  ],
  "freq_entropy": [
    9.33917236328125,
    9.204330444335938
  ]
}