{
  "dominant_freq": [
    5.24650959860384,
    5.065290648694186
  ],
  "amp_mean_x": [
    3.082226514816284,
    2.726982593536377
  ],
  "amp_mean_y": [
    6.856189250946045,
    4.446159839630127
  ],
  "symmetry_ratio": [
    0.44955387711524963,
    0.6133343577384949
  ],
  "energy_distribution": [
    0.24596236646175385,
    0.16571548581123352
  ],
  "motion_stability": [
    2.0457890033721924,
    2.961432456970215
  ],
  "freq_entropy": [
    9.234432220458984,
    9.228269577026367
  ]
}