{
  "dominant_freq": [
    4.447412353923205,
    0.76,
    3.46,
    5.839464882943144
  ],
  "amp_mean_x": [
    0.0953797772526741,
    0.07084031403064728,
    0.08301212638616562,
    0.0878283679485321
  ],
  "amp_mean_y": [
    0.40766867995262146,
    0.06022535264492035,
    0.0900333970785141,
    0.13390974700450897
  ],
  "symmetry_ratio": [
    0.2339639514684677,
    1.1762540340423584,
    0.9220148324966431,
    0.6558773517608643
  ],
  "energy_distribution": [
    0.27033841609954834,
    0.2525591552257538,
    0.19579944014549255,
    0.18226230144500732
  ],
  "motion_stability": [
    2.823734760284424,
    1.1148680448532104,
    1.027378797531128,
    3.4110450744628906
  ],
  "freq_entropy": [
    8.294078826904297,
    8.25333023071289,
    8.254056930541992,
    8.521679878234863
  ]
}