{
  "dominant_freq": [
    0.3287848101265823,
    2.76354947368421,
    1.7722492080253431
  ],
  "amp_mean_x": [
    0.9043411612510681,
    0.8283841609954834,
    0.29556694626808167
  ],
  "amp_mean_y": [
    0.9841467142105103,
    1.4919911623001099,
    1.0783441066741943
  ],
  "symmetry_ratio": [
    0.9189088940620422,
    0.5552205443382263,
    0.274093359708786
  ],
  "energy_distribution": [
    0.22813111543655396,
    0.3239213526248932,
    0.20861947536468506
  ],
  "motion_stability": [
    2.003878593444824,
    2.5788564682006836,
    2.6593246459960938
  ],
  "freq_entropy": [
    8.990612030029297,
    8.52650260925293,
    9.025102615356445
  ]
}