{
  "dominant_freq": [
    1.211418947368421,
    3.3728092729188615,
    0.1009515789473684
  ],
  "amp_mean_x": [
    0.18457362055778503,
    0.3423517048358917,
    0.41322562098503113
  ],
  "amp_mean_y": [
    0.11898770928382874,
    0.20489218831062317,
    0.29403260350227356
  ],
  "symmetry_ratio": [
    1.5511990785598755,
    1.6708871126174927,
    1.405373454093933
  ],
  "energy_distribution": [
    0.1691811978816986,
    0.16966693103313446,
    0.2576597332954407
  ],
  "motion_stability": [
    0.8294622898101807,
    2.6855947971343994,
    0.7041721343994141
  ],
  "freq_entropy": [
    8.977431297302246,
    9.20238971710205,
    8.95296859741211
  ]
}