{
  "dominant_freq": [
    0.5147058823529411,
    0.47058823529411764,
    0.45588235294117646
  ],
  "amp_mean_x": [
    0.0483977273106575,
    0.05485077202320099,
    0.04153955355286598
  ],
  "amp_mean_y": [
    0.09500862658023834,
    0.151223823428154,
    0.10231584310531616
  ],
  "symmetry_ratio": [
    0.5094035267829895,
    0.3627125024795532,
    0.40599337220191956
  ],
  "energy_distribution": [
    0.21556691825389862,
    0.186388298869133,
    0.2702604830265045
  ],
  "motion_stability": [
    1.5376965999603271,
    1.7480424642562866,
    1.5629568099975586
  ],
  "freq_entropy": [
    8.702491760253906,
    8.733266830444336,
    8.58248233795166
  ]
}