{
  "dominant_freq": [
    1.62504,
    3.11688,
    4.87512,
    5.54112,
    1.25208,
    0.10656
  ],
  "amp_mean_x": [
    0.20243047177791595,
    0.15387319028377533,
    0.09781491011381149,
    0.5541703104972839,
    0.08046476542949677,
    0.10670115053653717
  ],
  "amp_mean_y": [
    0.10607399791479111,
    0.06552829593420029,
    0.0543324314057827,
    0.28495749831199646,
    0.18170231580734253,
    0.2025294154882431
  ],
  "symmetry_ratio": [
    1.9083892107009888,
    2.3481945991516113,
    1.8003042936325073,
    1.9447472095489502,
    0.4428384006023407,
    0.5268427133560181
  ],
  "energy_distribution": [
    0.2374289333820343,
    0.2416149079799652,
    0.26801738142967224,
    0.3318347930908203,
    0.31070569157600403,
    0.24831780791282654
  ],
  "motion_stability": [
    3.32873272895813,
    1.9470311403274536,
    1.880336046218872,
    3.6325955390930176,
    1.2485148906707764,
    0.632499098777771
  ],
  "freq_entropy": [
    8.006255149841309,
    7.793066501617432,
    7.851337432861328,
    7.994133949279785,
    7.8403778076171875,
    7.833504676818848
  ]
}