{
  "dominant_freq": [
    4.01598,
    1.2844285714285715
  ],
  "amp_mean_x": [
    0.03475635498762131,
    0.10382542014122009
  ],
  "amp_mean_y": [
    0.06507367640733719,
    0.3697475790977478
  ],
  "symmetry_ratio": [
    0.5341077446937561,
    0.28080081939697266
  ],
  "energy_distribution": [
    0.2045995593070984,
    0.19537466764450073
  ],
  "motion_stability": [
    1.342692255973816,
    2.2655627727508545
  ],
  "freq_entropy": [
    9.447036743164062,
    9.57592487335205
  ]
}