{
  "dominant_freq": [
    0.10116455696202531,
    4.340917894736841,
    0.2019031578947368
  ],
  "amp_mean_x": [
    0.11337371915578842,
    0.03652436286211014,
    0.043693430721759796
  ],
  "amp_mean_y": [
    0.4005185663700104,
    0.13753998279571533,
    0.166908398270607
  ],
  "symmetry_ratio": [
    0.2830673158168793,
    0.2655545175075531,
    0.26178088784217834
  ],
  "energy_distribution": [
    0.42866650223731995,
    0.6720468997955322,
    0.3976529836654663
  ],
  "motion_stability": [
    3.907341957092285,
    3.351120710372925,
    3.6813442707061768
  ],
  "freq_entropy": [
    8.754698753356934,
    8.269474983215332,
    8.90446949005127
  ]
}