{
  "dominant_freq": [
    5.674762675756285,
    4.77152254186346
  ],
  "amp_mean_x": [
    0.5085911154747009,
    0.7692408561706543
  ],
  "amp_mean_y": [
    0.48100754618644714,
    1.1512596607208252
  ],
  "symmetry_ratio": [
    1.0573453903198242,
    0.6681731939315796
  ],
  "energy_distribution": [
    0.21743468940258026,
    0.21510513126850128
  ],
  "motion_stability": [
    2.4689927101135254,
    3.6090707778930664
  ],
  "freq_entropy": [
    10.335307121276855,
    10.315452575683594
  ]
}