{
  "dominant_freq": [
    0.3519880851063829,
    4.968508126603934
  ],
  "amp_mean_x": [
    0.23316645622253418,
    0.5627999305725098
  ],
  "amp_mean_y": [
    0.3470359444618225,
    1.8647878170013428
  ],
  "symmetry_ratio": [
    0.6718798279762268,
    0.30180373787879944
  ],
  "energy_distribution": [
    0.23047499358654022,
    0.18561393022537231
  ],
  "motion_stability": [
    2.0632967948913574,
    2.470355272293091
  ],
  "freq_entropy": [
    10.142136573791504,
    10.192584037780762
  ]
}