{
  "dominant_freq": [
    4.304179111377055,
    1.1793168337223086
  ],
  "amp_mean_x": [
    0.8182539343833923,
    0.7364436984062195
  ],
  "amp_mean_y": [
    1.5649051666259766,
    0.9955341219902039
  ],
  "symmetry_ratio": [
    0.5228776335716248,
    0.7397473454475403
  ],
  "energy_distribution": [
    0.17335420846939087,
    0.3976399898529053
  ],
  "motion_stability": [
    5.815953254699707,
    4.773312568664551
  ],
  "freq_entropy": [
    10.403280258178711,
    10.093013763427734
  ]
}