{
  "dominant_freq": [
    2.835870967741935,
    4.211169230769229,
    0.2631255487269535,
    1.7953786906290117,
    3.3033373083475297
  ],
  "amp_mean_x": [
    1.89276921749115,
    2.9478585720062256,
    2.548687696456909,
    1.4182708263397217,
    0.26569706201553345
  ],
  "amp_mean_y": [
    1.7341032028198242,
    1.782261848449707,
    2.2973010540008545,
    1.8270071744918823,
    0.433093398809433
  ],
  "symmetry_ratio": [
    1.0914974212646484,
    1.653998613357544,
    1.1094269752502441,
    0.77628093957901,
    0.6134867668151855
  ],
  "energy_distribution": [
    0.21488596498966217,
    0.4926643669605255,
    0.3350658714771271,
    0.4352360963821411,
    0.5958153605461121
  ],
  "motion_stability": [
    2.9182143211364746,
    4.648397445678711,
    5.344449043273926,
    5.813587188720703,
    2.613435983657837
  ],
  "freq_entropy": [
    10.343696594238281,
    9.479768753051758,
    10.157238006591797,
    9.784513473510742,
    9.517472267150879
  ]
}