{
  "dominant_freq": [
    6.769230769230769,
    4.9575089789566995
  ],
  "amp_mean_x": [
    0.21165309846401215,
    0.6300760507583618
  ],
  "amp_mean_y": [
    0.34617358446121216,
    1.3245570659637451
  ],
  "symmetry_ratio": [
    0.6114073991775513,
    0.475688099861145
  ],
  "energy_distribution": [
    0.1944563239812851,
    0.23903463780879974
  ],
  "motion_stability": [
    2.3224050998687744,
    5.73496150970459
  ],
  "freq_entropy": [
    9.722972869873047,
    9.74266242980957
  ]
}