{
  "dominant_freq": [
    4.065025883207701,
    3.291254200345109
  ],
  "amp_mean_x": [
    0.10449305176734924,
    0.2473004162311554
  ],
  "amp_mean_y": [
    0.14583837985992432,
    0.19899390637874603
  ],
  "symmetry_ratio": [
    0.7164989709854126,
    1.2427537441253662
  ],
  "energy_distribution": [
    0.20879624783992767,
    0.26517003774642944
  ],
  "motion_stability": [
    1.4381033182144165,
    1.6005983352661133
  ],
  "freq_entropy": [
    9.208073616027832,
    9.163496971130371
  ]
}