{
  "dominant_freq": [
    1.0,
    3.340471092077088,
    5.790476190476191
  ],
  "amp_mean_x": [
    0.7477041482925415,
    0.8073755502700806,
    1.009384274482727
  ],
  "amp_mean_y": [
    2.301612377166748,
    3.393869161605835,
    3.1320996284484863
  ],
  "symmetry_ratio": [
    0.3248610198497772,
    0.23789235949516296,
    0.32227081060409546
  ],
  "energy_distribution": [
    0.2537313997745514,
    0.21866202354431152,
    0.2806333303451538
  ],
  "motion_stability": [
    2.4264564514160156,
    2.13061785697937,
    3.137115240097046
  ],
  "freq_entropy": [
    8.983537673950195,
    8.987430572509766,
    9.043561935424805
  ]
}