{
  "dominant_freq": [
    0.10105263157894738,
    0.31578947368421056,
    0.6821052631578948
  ],
  "amp_mean_x": [
    0.5415362119674683,
    0.20606493949890137,
    0.1746513545513153
  ],
  "amp_mean_y": [
    0.5977962017059326,
    0.2802979350090027,
    0.2696755528450012
  ],
  "symmetry_ratio": [
    0.9058876633644104,
    0.7351639866828918,
    0.6476351022720337
  ],
  "energy_distribution": [
    0.47902652621269226,
    0.29185110330581665,
    0.2712284326553345
  ],
  "motion_stability": [
    1.820319414138794,
    1.5120654106140137,
    1.3730052709579468
  ],
  "freq_entropy": [
    8.592744827270508,
    8.8690767288208,
    8.86662483215332
  ]
}