{
  "dominant_freq": [
    0.3116883116883117,
    0.3000003000002999
  ],
  "amp_mean_x": [
    0.667341947555542,
    0.3184913694858551
  ],
  "amp_mean_y": [
    1.3225809335708618,
    0.7391604781150818
  ],
  "symmetry_ratio": [
    0.5045754909515381,
    0.4308825731277466
  ],
  "energy_distribution": [
    0.26243796944618225,
    0.2018408328294754
  ],
  "motion_stability": [
    2.162429094314575,
    1.6609318256378174
  ],
  "freq_entropy": [
    9.101083755493164,
    9.064859390258789
  ]
}