{
  "dominant_freq": [
    3.12
  ],
  "amp_mean_x": [
    0.04210410267114639
  ],
  "amp_mean_y": [
    0.07264390587806702
  ],
  "symmetry_ratio": [
    0.5795958042144775
  ],
  "energy_distribution": [
    0.20530806481838226
  ],
  "motion_stability": [
    1.1898084878921509
  ],
  "freq_entropy": [
    10.268424034118652
  ]
}