{
  "dominant_freq": [
    2.5423728813559316,
    0.13461538461538464
  ],
  "amp_mean_x": [
    1.0851298570632935,
    0.850536048412323
  ],
  "amp_mean_y": [
    1.0089607238769531,
    0.7268096804618835
  ],
  "symmetry_ratio": [
    1.0754926204681396,
    1.1702321767807007
  ],
  "energy_distribution": [
    0.22028666734695435,
    0.3447740375995636
  ],
  "motion_stability": [
    1.6891546249389648,
    1.014040231704712
  ],
  "freq_entropy": [
    9.324373245239258,
    9.17175006866455
  ]
}