{
  "dominant_freq": [
    4.866569456427954,
    0.12791293213828425
  ],
  "amp_mean_x": [
    0.8519191741943359,
    0.6871063113212585
  ],
  "amp_mean_y": [
    1.4320160150527954,
    0.8248171806335449
  ],
  "symmetry_ratio": [
    0.5949089527130127,
    0.833040714263916
  ],
  "energy_distribution": [
    0.19424203038215637,
    0.31398719549179077
  ],
  "motion_stability": [
    4.526238918304443,
    3.079402446746826
  ],
  "freq_entropy": [
    10.275359153747559,
    10.007311820983887
  ]
}