{
  "dominant_freq": [
    0.5090120160213618,
    0.5003335557038026
  ],
  "amp_mean_x": [
    0.391994833946228,
    0.2047126740217209
  ],
  "amp_mean_y": [
    0.7556837797164917,
    0.3289380371570587
  ],
  "symmetry_ratio": [
    0.5187286734580994,
    0.6223441958427429
  ],
  "energy_distribution": [
    0.2522169053554535,
    0.3406248390674591
  ],
  "motion_stability": [
    3.97206974029541,
    1.250115156173706
  ],
  "freq_entropy": [
    9.493124008178711,
    9.405895233154297
  ]
}