{
  "dominant_freq": [
    0.10543933054393306,
    3.6473551637279593
  ],
  "amp_mean_x": [
    1.0737550258636475,
    1.2834261655807495
  ],
  "amp_mean_y": [
    1.2046430110931396,
    1.4659621715545654
  ],
  "symmetry_ratio": [
    0.8913470506668091,
    0.8754838109016418
  ],
  "energy_distribution": [
    0.2746238112449646,
    0.2734011709690094
  ],
  "motion_stability": [
    3.2894299030303955,
    2.4204349517822266
  ],
  "freq_entropy": [
    10.159905433654785,
    10.25575065612793
  ]
}