{
  "dominant_freq": [
    1.7702845100105373,
    0.11464968152866242,
    0.10105263157894738
  ],
  "amp_mean_x": [
    0.8548446297645569,
    0.6636306047439575,
    0.47285404801368713
  ],
  "amp_mean_y": [
    1.0985194444656372,
    1.0949883460998535,
    0.7105976939201355
  ],
  "symmetry_ratio": [
    0.778178870677948,
    0.6060618162155151,
    0.6654314398765564
  ],
  "energy_distribution": [
    0.2681683301925659,
    0.33120793104171753,
    0.4592839777469635
  ],
  "motion_stability": [
    2.3904104232788086,
    2.067819356918335,
    1.8381329774856567
  ],
  "freq_entropy": [
    9.044143676757812,
    8.864105224609375,
    8.303459167480469
  ]
}