{
  "dominant_freq": [
    3.365861538461538,
    0.2967580025608194
  ],
  "amp_mean_x": [
    0.5449417233467102,
    1.3106153011322021
  ],
  "amp_mean_y": [
    0.5276579260826111,
    0.9893538951873779
  ],
  "symmetry_ratio": [
    1.032755732536316,
    1.3247183561325073
  ],
  "energy_distribution": [
    0.2437017858028412,
    0.36737415194511414
  ],
  "motion_stability": [
    4.154876708984375,
    3.2136964797973633
  ],
  "freq_entropy": [
    10.296730995178223,
    9.978675842285156
  ]
}