{
  "dominant_freq": [
    6.699070764832024,
    5.360057265569077
  ],
  "amp_mean_x": [
    0.21052081882953644,
    0.2586360275745392
  ],
  "amp_mean_y": [
    0.2449125349521637,
    0.360783189535141
  ],
  "symmetry_ratio": [
    0.8595755100250244,
    0.716873824596405
  ],
  "energy_distribution": [
    0.1867247074842453,
    0.19319529831409454
  ],
  "motion_stability": [
    2.054230213165283,
    3.4599804878234863
  ],
  "freq_entropy": [
    9.621881484985352,
    9.57029914855957
  ]
}