{
  "dominant_freq": [
    0.29587404255319144,
    0.29587404255319144
  ],
  "amp_mean_x": [
    0.1308603137731552,
    0.10991569608449936
  ],
  "amp_mean_y": [
    0.11169622838497162,
    0.16477154195308685
  ],
  "symmetry_ratio": [
    1.171573281288147,
    0.6670793890953064
  ],
  "energy_distribution": [
    0.3419422507286072,
    0.24820885062217712
  ],
  "motion_stability": [
    1.5091016292572021,
    1.4088836908340454
  ],
  "freq_entropy": [
    9.955379486083984,
    10.16400146484375
  ]
}