{
  "dominant_freq": [
    0.10656,
    0.10656,
    0.77256,
    2.37096,
    0.10727516778523488,
    3.40992
  ],
  "amp_mean_x": [
    0.21248769760131836,
    0.2240046113729477,
    0.16475366055965424,
    0.10811758786439896,
    0.5162281394004822,
    0.17119647562503815
  ],
  "amp_mean_y": [
    0.33278679847717285,
    0.3999307453632355,
    0.4140198528766632,
    0.404636025428772,
    1.03803551197052,
    0.14012229442596436
  ],
  "symmetry_ratio": [
    0.63850998878479,
    0.560108482837677,
    0.39793661236763,
    0.2671971321105957,
    0.49731260538101196,
    1.2217646837234497
  ],
  "energy_distribution": [
    0.3549000024795532,
    0.2717244327068329,
    0.27311110496520996,
    0.1618535816669464,
    0.409048467874527,
    0.18895144760608673
  ],
  "motion_stability": [
    1.3345959186553955,
    0.7964094877243042,
    0.8445717096328735,
    1.2292695045471191,
    2.7577528953552246,
    0.9933939576148987
  ],
  "freq_entropy": [
    7.636656761169434,
    7.754907608032227,
    7.69807767868042,
    7.954510688781738,
    7.502399921417236,
    7.758039474487305
  ]
}