{
  "dominant_freq": [
    0.13779310344827583,
    3.1388952654232423
  ],
  "amp_mean_x": [
    0.6685571074485779,
    0.36942628026008606
  ],
  "amp_mean_y": [
    1.734580159187317,
    0.8820606470108032
  ],
  "symmetry_ratio": [
    0.385428786277771,
    0.41882187128067017
  ],
  "energy_distribution": [
    0.28648313879966736,
    0.20786547660827637
  ],
  "motion_stability": [
    2.5868515968322754,
    2.127469062805176
  ],
  "freq_entropy": [
    9.452749252319336,
    9.569960594177246
  ]
}