{
  "dominant_freq": [
    0.12388826978492631,
    0.13109612137558674
  ],
  "amp_mean_x": [
    0.18903785943984985,
    0.21298488974571228
  ],
  "amp_mean_y": [
    0.551051676273346,
    0.6926296353340149
  ],
  "symmetry_ratio": [
    0.34304922819137573,
    0.3075018525123596
  ],
  "energy_distribution": [
    0.22462467849254608,
    0.24236199259757996
  ],
  "motion_stability": [
    4.396732807159424,
    2.3975977897644043
  ],
  "freq_entropy": [
    9.706474304199219,
    9.62021255493164
  ]
}