{
  "dominant_freq": [
    0.3194052428018908,
    3.6397037037037037,
    1.5525974729241876,
    2.2866678306416413
  ],
  "amp_mean_x": [
    0.9367267489433289,
    1.8781386613845825,
    3.104358196258545,
    1.3837960958480835
  ],
  "amp_mean_y": [
    1.4408589601516724,
    3.187166929244995,
    5.553611755371094,
    4.161528587341309
  ],
  "symmetry_ratio": [
    0.6501169204711914,
    0.5892815589904785,
    0.5589800477027893,
    0.33252111077308655
  ],
  "energy_distribution": [
    0.249479740858078,
    0.20373882353305817,
    0.20308303833007812,
    0.18497860431671143
  ],
  "motion_stability": [
    2.760312080383301,
    2.2905197143554688,
    1.7878918647766113,
    1.8203929662704468
  ],
  "freq_entropy": [
    10.253119468688965,
    10.228822708129883,
    10.222124099731445,
    10.282808303833008
  ]
}