{
  "dominant_freq": [
    5.191232142857142,
    0.31968,
    0.2936926503340757,
    5.873853006681514,
    3.612455357142857,
    4.31568
  ],
  "amp_mean_x": [
    0.3245700001716614,
    0.16771046817302704,
    0.22776979207992554,
    0.20265847444534302,
    1.4960768222808838,
    0.04568415507674217
  ],
  "amp_mean_y": [
    0.9690464735031128,
    0.4903274178504944,
    0.4169563055038452,
    0.573082447052002,
    1.0158568620681763,
    0.16506551206111908
  ],
  "symmetry_ratio": [
    0.3349374830722809,
    0.34203770756721497,
    0.5462677478790283,
    0.35362881422042847,
    1.4727240800857544,
    0.27676376700401306
  ],
  "energy_distribution": [
    0.1961367279291153,
    0.3634147644042969,
    0.19977980852127075,
    0.19160106778144836,
    0.47414636611938477,
    0.18999791145324707
  ],
  "motion_stability": [
    1.9606444835662842,
    1.2907387018203735,
    1.0914244651794434,
    1.3087619543075562,
    3.7064526081085205,
    2.1364128589630127
  ],
  "freq_entropy": [
    7.8867011070251465,
    7.824884414672852,
    7.947448253631592,
    7.97489070892334,
    7.534305572509766,
    8.092653274536133
  ]
}