{
  "dominant_freq": [
    3.4976752941176468,
    0.14103529411764704,
    0.11282823529411763
  ],
  "amp_mean_x": [
    0.1578734666109085,
    0.10614141076803207,
    0.17113558948040009
  ],
  "amp_mean_y": [
    0.18327267467975616,
    0.15378524363040924,
    0.17631523311138153
  ],
  "symmetry_ratio": [
    0.8614130020141602,
    0.6901924014091492,
    0.9706228375434875
  ],
  "energy_distribution": [
    0.20119257271289825,
    0.2932153642177582,
    0.29274749755859375
  ],
  "motion_stability": [
    1.1158866882324219,
    1.6390740871429443,
    1.5621216297149658
  ],
  "freq_entropy": [
    8.790247917175293,
    8.87227725982666,
    8.745149612426758
  ]
}