{
  "dominant_freq": [
    4.338074376984882,
    1.250424216931394
  ],
  "amp_mean_x": [
    0.6568394899368286,
    0.7341398000717163
  ],
  "amp_mean_y": [
    1.070133090019226,
    1.1972559690475464
  ],
  "symmetry_ratio": [
    0.613792359828949,
    0.6131853461265564
  ],
  "energy_distribution": [
    0.2033139318227768,
    0.21494147181510925
  ],
  "motion_stability": [
    3.737438201904297,
    2.4487533569335938
  ],
  "freq_entropy": [
    9.082608222961426,
    9.149558067321777
  ]
}