{
  "dominant_freq": [
    3.579274285714286,
    0.17526315789473682
  ],
  "amp_mean_x": [
    0.3427230417728424,
    0.7869122624397278
  ],
  "amp_mean_y": [
    0.16740849614143372,
    0.9875748753547668
  ],
  "symmetry_ratio": [
    2.0472261905670166,
    0.7968127727508545
  ],
  "energy_distribution": [
    0.170110821723938,
    0.29163411259651184
  ],
  "motion_stability": [
    1.6879929304122925,
    5.369141578674316
  ],
  "freq_entropy": [
    9.593199729919434,
    9.430012702941895
  ]
}