{
  "dominant_freq": [
    2.508917142857143,
    0.2740114285714286
  ],
  "amp_mean_x": [
    0.17892353236675262,
    0.29534220695495605
  ],
  "amp_mean_y": [
    0.17701584100723267,
    0.5924291014671326
  ],
  "symmetry_ratio": [
    1.0107769966125488,
    0.49852752685546875
  ],
  "energy_distribution": [
    0.1985587626695633,
    0.2417987436056137
  ],
  "motion_stability": [
    1.4563648700714111,
    6.153264999389648
  ],
  "freq_entropy": [
    9.501501083374023,
    9.395055770874023
  ]
}