{
  "dominant_freq": [
    0.2146325290430094,
    1.8777034483840767,
    3.3531082967336214,
    0.1789255520598804,
    3.7638568181071386
  ],
  "amp_mean_x": [
    1.293818712234497,
    1.9919525384902954,
    1.2724339962005615,
    0.9589614868164062,
    0.9075754880905151
  ],
  "amp_mean_y": [
    2.671107769012451,
    3.6733150482177734,
    1.6708346605300903,
    0.956268846988678,
    1.4673446416854858
  ],
  "symmetry_ratio": [
    0.48437532782554626,
    0.5422765016555786,
    0.7615559101104736,
    1.0028157234191895,
    0.6185155510902405
  ],
  "energy_distribution": [
    0.28150057792663574,
    0.1894170641899109,
    0.2471277117729187,
    0.3429020643234253,
    0.22380927205085754
  ],
  "motion_stability": [
    2.8543810844421387,
    2.329197406768799,
    3.3411920070648193,
    2.2439846992492676,
    3.0363383293151855
  ],
  "freq_entropy": [
    10.08791732788086,
    10.202009201049805,
    10.223091125488281,
    10.029218673706055,
    10.320661544799805
  ]
}