{
  "dominant_freq": [
    0.11222808510638296,
    0.12753191489361698
  ],
  "amp_mean_x": [
    0.15774497389793396,
    0.15063878893852234
  ],
  "amp_mean_y": [
    0.12431830167770386,
    0.32085296511650085
  ],
  "symmetry_ratio": [
    1.268879771232605,
    0.4694947600364685
  ],
  "energy_distribution": [
    0.5440638065338135,
    0.6753436326980591
  ],
  "motion_stability": [
    1.8417019844055176,
    2.0746328830718994
  ],
  "freq_entropy": [
    9.538731575012207,
    9.1624755859375
  ]
}