{
  "dominant_freq": [
    0.24996255319148936,
    6.9122297872340415
  ],
  "amp_mean_x": [
    0.19080694019794464,
    0.36347267031669617
  ],
  "amp_mean_y": [
    0.24048760533332825,
    0.3796732723712921
  ],
  "symmetry_ratio": [
    0.7934169173240662,
    0.9573301672935486
  ],
  "energy_distribution": [
    0.18373745679855347,
    0.17349696159362793
  ],
  "motion_stability": [
    1.6337783336639404,
    1.6757903099060059
  ],
  "freq_entropy": [
    10.268411636352539,
    10.311626434326172
  ]
}