{
  "dominant_freq": [
    6.555140425531914,
    0.9845463829787233
  ],
  "amp_mean_x": [
    0.15817302465438843,
    0.21130765974521637
  ],
  "amp_mean_y": [
    0.18237921595573425,
    0.1986788958311081
  ],
  "symmetry_ratio": [
    0.8672754764556885,
    1.0635637044906616
  ],
  "energy_distribution": [
    0.24665440618991852,
    0.2074165940284729
  ],
  "motion_stability": [
    3.6270198822021484,
    4.050348281860352
  ],
  "freq_entropy": [
    10.383749008178711,
    10.225696563720703
  ]
}