{
  "dominant_freq": [
    5.395833333333333,
    1.0,
    0.13089005235602094,
    2.5
  ],
  "amp_mean_x": [
    0.10970606654882431,
    0.06875605136156082,
    4.018064975738525,
    0.04448642581701279
  ],
  "amp_mean_y": [
    0.08974959701299667,
    0.07547710090875626,
    3.1023852825164795,
    0.03443374112248421
  ],
  "symmetry_ratio": [
    1.222357153892517,
    0.9109524488449097,
    1.2951534986495972,
    1.291942834854126
  ],
  "energy_distribution": [
    0.21484360098838806,
    0.21984362602233887,
    0.42732900381088257,
    0.175062894821167
  ],
  "motion_stability": [
    1.397848129272461,
    1.2726383209228516,
    3.732365846633911,
    1.7306203842163086
  ],
  "freq_entropy": [
    8.267251968383789,
    8.157283782958984,
    8.038863182067871,
    8.264667510986328
  ]
}