{
  "dominant_freq": [
    0.47
  ],
  "amp_mean_x": [
    0.2959691882133484
  ],
  "amp_mean_y": [
    0.32970139384269714
  ],
  "symmetry_ratio": [
    0.897688627243042
  ],
  "energy_distribution": [
    0.24235938489437103
  ],
  "motion_stability": [
    1.6029231548309326
  ],
  "freq_entropy": [
    10.158220291137695
  ]
}