{
  "dominant_freq": [
    0.3287961494317611,
    6.663452976518953,
    0.4598981581078767
  ],
  "amp_mean_x": [
    1.0940872430801392,
    0.8429896831512451,
    0.46963727474212646
  ],
  "amp_mean_y": [
    3.4198899269104004,
    2.0916407108306885,
    0.8435857892036438
  ],
  "symmetry_ratio": [
    0.31991884112358093,
    0.4030279517173767,
    0.5567154884338379
  ],
  "energy_distribution": [
    0.2501393258571625,
    0.19189512729644775,
    0.2533821761608124
  ],
  "motion_stability": [
    3.1468658447265625,
    2.5709009170532227,
    1.6276202201843262
  ],
  "freq_entropy": [
    10.297195434570312,
    10.334049224853516,
    10.216066360473633
  ]
}