{
  "dominant_freq": [
    0.5299957894736842,
    0.7192799999999999,
    0.984277894736842
  ],
  "amp_mean_x": [
    0.11843015998601913,
    0.14469490945339203,
    0.1458515077829361
  ],
  "amp_mean_y": [
    0.1759059578180313,
    0.15374855697155,
    0.17551566660404205
  ],
  "symmetry_ratio": [
    0.673258364200592,
    0.9411139488220215,
    0.8309885263442993
  ],
  "energy_distribution": [
    0.1845577210187912,
    0.19629845023155212,
    0.28807246685028076
  ],
  "motion_stability": [
    2.2720987796783447,
    1.3394557237625122,
    3.353165626525879
  ],
  "freq_entropy": [
    9.241037368774414,
    8.90950870513916,
    9.059030532836914
  ]
}