{
  "dominant_freq": [
    0.10667298802892022,
    0.36114598232724504,
    0.10159332193230497,
    0.35581785920998943
  ],
  "amp_mean_x": [
    0.11269938945770264,
    0.20237421989440918,
    0.036710333079099655,
    0.20987112820148468
  ],
  "amp_mean_y": [
    0.2681066691875458,
    0.6535555124282837,
    0.2035650908946991,
    0.8017324805259705
  ],
  "symmetry_ratio": [
    0.4203527867794037,
    0.3096511662006378,
    0.1803370714187622,
    0.2617720067501068
  ],
  "energy_distribution": [
    0.36690977215766907,
    0.19347922503948212,
    0.28523749113082886,
    0.29231369495391846
  ],
  "motion_stability": [
    1.326735019683838,
    2.5956146717071533,
    1.3135405778884888,
    1.8583173751831055
  ],
  "freq_entropy": [
    9.611166000366211,
    10.47923755645752,
    10.112863540649414,
    10.17913818359375
  ]
}