{
  "dominant_freq": [
    4.774193548387096,
    4.548387096774194
  ],
  "amp_mean_x": [
    0.3573434352874756,
    0.641620934009552
  ],
  "amp_mean_y": [
    0.2022055685520172,
    0.3230105936527252
  ],
  "symmetry_ratio": [
    1.7672284841537476,
    1.9863773584365845
  ],
  "energy_distribution": [
    0.19556990265846252,
    0.227798730134964
  ],
  "motion_stability": [
    1.3566055297851562,
    1.185028314590454
  ],
  "freq_entropy": [
    9.637702941894531,
    9.602109909057617
  ]
}