{
  "dominant_freq": [
    4.647267625991031,
    5.203307330966905
  ],
  "amp_mean_x": [
    0.1293196678161621,
    0.15100036561489105
  ],
  "amp_mean_y": [
    0.12995895743370056,
    0.25377243757247925
  ],
  "symmetry_ratio": [
    0.995080828666687,
    0.5950227379798889
  ],
  "energy_distribution": [
    0.16700904071331024,
    0.19184938073158264
  ],
  "motion_stability": [
    1.5535892248153687,
    1.4038702249526978
  ],
  "freq_entropy": [
    10.32840633392334,
    10.287313461303711
  ]
}