{
  "dominant_freq": [
    0.27586206896551724,
    0.3
  ],
  "amp_mean_x": [
    0.5783525109291077,
    0.21791736781597137
  ],
  "amp_mean_y": [
    1.1296420097351074,
    0.32451963424682617
  ],
  "symmetry_ratio": [
    0.5119785666465759,
    0.6715074777603149
  ],
  "energy_distribution": [
    0.4626826047897339,
    0.466468870639801
  ],
  "motion_stability": [
    6.069538116455078,
    1.6115007400512695
  ],
  "freq_entropy": [
    9.40549373626709,
    8.897588729858398
  ]
}