{
  "dominant_freq": [
    0.1520676532769556,
    6.4230715835140995,
    4.121294512877939
  ],
  "amp_mean_x": [
    1.2357077598571777,
    1.4371981620788574,
    1.59311842918396
  ],
  "amp_mean_y": [
    2.0245397090911865,
    2.6848812103271484,
    3.774866819381714
  ],
  "symmetry_ratio": [
    0.6103647947311401,
    0.5352930426597595,
    0.42203301191329956
  ],
  "energy_distribution": [
    0.24803416430950165,
    0.19592003524303436,
    0.20799919962882996
  ],
  "motion_stability": [
    2.999603748321533,
    3.1963889598846436,
    3.6675426959991455
  ],
  "freq_entropy": [
    8.901399612426758,
    8.996552467346191,
    8.99437427520752
  ]
}