{
  "dominant_freq": [
    6.208974683544303,
    0.12618947368421052,
    4.3212558139534885
  ],
  "amp_mean_x": [
    0.6677697896957397,
    1.1398487091064453,
    0.9251754283905029
  ],
  "amp_mean_y": [
    0.6286449432373047,
    0.929661214351654,
    1.1818407773971558
  ],
  "symmetry_ratio": [
    1.0622367858886719,
    1.226090431213379,
    0.782825767993927
  ],
  "energy_distribution": [
    0.19920913875102997,
    0.3352898061275482,
    0.17200230062007904
  ],
  "motion_stability": [
    4.729042053222656,
    3.163003921508789,
    3.491978883743286
  ],
  "freq_entropy": [
    9.133169174194336,
    8.863409042358398,
    9.047001838684082
  ]
}