{
  "dominant_freq": [
    4.595000000000001
  ],
  "amp_mean_x": [
    0.10419546812772751
  ],
  "amp_mean_y": [
    0.08712012320756912
  ],
  "symmetry_ratio": [
    1.195997714996338
  ],
  "energy_distribution": [
    0.2348296195268631
  ],
  "motion_stability": [
    4.8136372566223145
  ],
  "freq_entropy": [
    10.467967987060547
  ]
}