{
  "dominant_freq": [
    3.9500689655172407,
    1.2100323679727427
  ],
  "amp_mean_x": [
    0.23445458710193634,
    0.32074442505836487
  ],
  "amp_mean_y": [
    0.5280746221542358,
    0.5945095419883728
  ],
  "symmetry_ratio": [
    0.44398003816604614,
    0.53951096534729
  ],
  "energy_distribution": [
    0.2712705731391907,
    0.2117435783147812
  ],
  "motion_stability": [
    3.8786838054656982,
    2.1789321899414062
  ],
  "freq_entropy": [
    10.1061372756958,
    10.18380355834961
  ]
}