{
  "dominant_freq": [
    1.240909090909091,
    0.5386363636363637
  ],
  "amp_mean_x": [
    0.09082937240600586,
    0.12391126900911331
  ],
  "amp_mean_y": [
    0.12400639057159424,
    0.34462305903434753
  ],
  "symmetry_ratio": [
    0.732457160949707,
    0.3595559298992157
  ],
  "energy_distribution": [
    0.26765236258506775,
    0.36640241742134094
  ],
  "motion_stability": [
    4.190289497375488,
    2.4831900596618652
  ],
  "freq_entropy": [
    9.880859375,
    9.63974380493164
  ]
}