{
  "dominant_freq": [
    0.7131327953044755,
    5.136329017517136
  ],
  "amp_mean_x": [
    1.467025876045227,
    1.6983864307403564
  ],
  "amp_mean_y": [
    4.467491626739502,
    3.7827401161193848
  ],
  "symmetry_ratio": [
    0.32837799191474915,
    0.4489831030368805
  ],
  "energy_distribution": [
    0.20269443094730377,
    0.2200341522693634
  ],
  "motion_stability": [
    2.215306043624878,
    2.255742311477661
  ],
  "freq_entropy": [
    9.50775146484375,
    9.4014253616333
  ]
}