{
  "dominant_freq": [
    4.21545249131456,
    0.1021125382283815
  ],
  "amp_mean_x": [
    0.3174377679824829,
    0.5634362101554871
  ],
  "amp_mean_y": [
    0.39048030972480774,
    0.6235764622688293
  ],
  "symmetry_ratio": [
    0.8129417896270752,
    0.9035559296607971
  ],
  "energy_distribution": [
    0.24501222372055054,
    0.49905630946159363
  ],
  "motion_stability": [
    3.0552825927734375,
    1.8339076042175293
  ],
  "freq_entropy": [
    10.362018585205078,
    9.653024673461914
  ]
}