{
  "dominant_freq": [
    0.9590399999999999,
    0.2917714285714285,
    2.499085714285714
  ],
  "amp_mean_x": [
    0.24890577793121338,
    0.2485945075750351,
    0.2624204158782959
  ],
  "amp_mean_y": [
    0.7451622486114502,
    0.7833228707313538,
    0.6542843580245972
  ],
  "symmetry_ratio": [
    0.334028959274292,
    0.31735894083976746,
    0.40108007192611694
  ],
  "energy_distribution": [
    0.245341494679451,
    0.1764085292816162,
    0.1993490308523178
  ],
  "motion_stability": [
    1.7050738334655762,
    1.7855205535888672,
    2.2760958671569824
  ],
  "freq_entropy": [
    8.992120742797852,
    9.054183959960938,
    9.065837860107422
  ]
}