{
  "dominant_freq": [
    0.336960336960337,
    1.50093808630394
  ],
  "amp_mean_x": [
    0.45886656641960144,
    0.966794490814209
  ],
  "amp_mean_y": [
    0.49688106775283813,
    1.3366621732711792
  ],
  "symmetry_ratio": [
    0.9234937429428101,
    0.7232900857925415
  ],
  "energy_distribution": [
    0.21696828305721283,
    0.2509898543357849
  ],
  "motion_stability": [
    1.631319284439087,
    1.7834336757659912
  ],
  "freq_entropy": [
    9.957130432128906,
    9.89225959777832
  ]
}