{
  "dominant_freq": [
    5.077894736842106,
    0.48000000000000004,
    4.597894736842106
  ],
  "amp_mean_x": [
    0.15956413745880127,
    0.18417325615882874,
    0.12757360935211182
  ],
  "amp_mean_y": [
    0.23829907178878784,
    0.25578436255455017,
    0.3246188461780548
  ],
  "symmetry_ratio": [
    0.6695961356163025,
    0.7200332880020142,
    0.39299508929252625
  ],
  "energy_distribution": [
    0.13690654933452606,
    0.30233660340309143,
    0.24502789974212646
  ],
  "motion_stability": [
    5.612933158874512,
    1.162168264389038,
    1.2559871673583984
  ],
  "freq_entropy": [
    9.071529388427734,
    8.822869300842285,
    8.902362823486328
  ]
}