{
  "dominant_freq": [
    4.4920353982300885,
    0.10443864229765012
  ],
  "amp_mean_x": [
    1.874145746231079,
    0.498121976852417
  ],
  "amp_mean_y": [
    3.071361541748047,
    1.280945897102356
  ],
  "symmetry_ratio": [
    0.6102002859115601,
    0.3888704180717468
  ],
  "energy_distribution": [
    0.20365191996097565,
    0.2825867533683777
  ],
  "motion_stability": [
    2.3337512016296387,
    2.0573415756225586
  ],
  "freq_entropy": [
    9.216806411743164,
    9.03571891784668
  ]
}