{
  "dominant_freq": [
    0.45999999999999996,
    4.73
  ],
  "amp_mean_x": [
    0.093480184674263,
    0.12097236514091492
  ],
  "amp_mean_y": [
    0.10798700898885727,
    0.1817418485879898
  ],
  "symmetry_ratio": [
    0.8656613826751709,
    0.6656274795532227
  ],
  "energy_distribution": [
    0.20051726698875427,
    0.19620701670646667
  ],
  "motion_stability": [
    1.5246822834014893,
    1.5349388122558594
  ],
  "freq_entropy": [
    10.32966423034668,
    10.292957305908203
  ]
}