{
  "dominant_freq": [
    4.530202105263157,
    4.265204210526315,
    3.5837810526315783
  ],
  "amp_mean_x": [
    0.07902467995882034,
    0.10112777352333069,
    0.06201593950390816
  ],
  "amp_mean_y": [
    0.09615819156169891,
    0.12234164774417877,
    0.07557670027017593
  ],
  "symmetry_ratio": [
    0.821819543838501,
    0.8266013860702515,
    0.8205695748329163
  ],
  "energy_distribution": [
    0.22003984451293945,
    0.15462784469127655,
    0.19644783437252045
  ],
  "motion_stability": [
    1.9173158407211304,
    2.1632776260375977,
    1.9433470964431763
  ],
  "freq_entropy": [
    8.906274795532227,
    9.02356243133545,
    9.115402221679688
  ]
}