{
  "dominant_freq": [
    0.1457142857142857,
    5.0021598272138235
  ],
  "amp_mean_x": [
    0.3945893943309784,
    0.9898205399513245
  ],
  "amp_mean_y": [
    0.7193162441253662,
    3.025226354598999
  ],
  "symmetry_ratio": [
    0.5485617518424988,
    0.3271889090538025
  ],
  "energy_distribution": [
    0.3025400638580322,
    0.21664749085903168
  ],
  "motion_stability": [
    1.677857756614685,
    1.8630855083465576
  ],
  "freq_entropy": [
    9.515357971191406,
    9.5648832321167
  ]
}