{
  "dominant_freq": [
    0.12020033388981635,
    4.040712468193385
  ],
  "amp_mean_x": [
    0.43745359778404236,
    3.784393787384033
  ],
  "amp_mean_y": [
    0.5330533385276794,
    5.2664361000061035
  ],
  "symmetry_ratio": [
    0.8206563591957092,
    0.7185872197151184
  ],
  "energy_distribution": [
    0.2395058423280716,
    0.24048015475273132
  ],
  "motion_stability": [
    1.7874269485473633,
    2.805994987487793
  ],
  "freq_entropy": [
    9.262027740478516,
    9.302398681640625
  ]
}