{
  "dominant_freq": [
    2.984140323196117,
    0.1800774332963174
  ],
  "amp_mean_x": [
    0.4911021888256073,
    0.5402158498764038
  ],
  "amp_mean_y": [
    0.9727503657341003,
    1.0282455682754517
  ],
  "symmetry_ratio": [
    0.504859447479248,
    0.5253763198852539
  ],
  "energy_distribution": [
    0.2414415180683136,
    0.2960861921310425
  ],
  "motion_stability": [
    2.992058277130127,
    1.7891054153442383
  ],
  "freq_entropy": [
    9.592897415161133,
    9.420210838317871
  ]
}