{
  "dominant_freq": [
    0.76,
    0.10535117056856189
  ],
  "amp_mean_x": [
    0.21413584053516388,
    0.8324121236801147
  ],
  "amp_mean_y": [
    0.24307645857334137,
    1.73664128780365
  ],
  "symmetry_ratio": [
    0.8809402585029602,
    0.47932299971580505
  ],
  "energy_distribution": [
    0.23764987289905548,
    0.21314644813537598
  ],
  "motion_stability": [
    1.5876269340515137,
    4.058803558349609
  ],
  "freq_entropy": [
    10.220670700073242,
    10.40855598449707
  ]
}