{
  "dominant_freq": [
    0.10739529675251958,
    3.5201569688768606,
    7.558148571428571
  ],
  "amp_mean_x": [
    1.3253763914108276,
    0.17060790956020355,
    0.4302845299243927
  ],
  "amp_mean_y": [
    2.885225772857666,
    0.20853891968727112,
    2.1187195777893066
  ],
  "symmetry_ratio": [
    0.4593666195869446,
    0.8181106448173523,
    0.20308706164360046
  ],
  "energy_distribution": [
    0.25636380910873413,
    0.18308565020561218,
    0.28033187985420227
  ],
  "motion_stability": [
    5.5755205154418945,
    1.5194623470306396,
    4.750306606292725
  ],
  "freq_entropy": [
    8.933300018310547,
    8.573429107666016,
    8.361863136291504
  ]
}