{
  "dominant_freq": [
    4.447299499642601,
    0.4733237616654701
  ],
  "amp_mean_x": [
    0.4415017366409302,
    0.4814126193523407
  ],
  "amp_mean_y": [
    0.9907442927360535,
    1.041481614112854
  ],
  "symmetry_ratio": [
    0.44562631845474243,
    0.46223822236061096
  ],
  "energy_distribution": [
    0.10505222529172897,
    0.2420940399169922
  ],
  "motion_stability": [
    2.4376134872436523,
    1.5660741329193115
  ],
  "freq_entropy": [
    9.56535816192627,
    9.565921783447266
  ]
}