{
  "dominant_freq": [
    0.7436889727451763,
    3.432492440535336
  ],
  "amp_mean_x": [
    0.5234758853912354,
    1.4226042032241821
  ],
  "amp_mean_y": [
    1.339245080947876,
    2.5119965076446533
  ],
  "symmetry_ratio": [
    0.39087384939193726,
    0.5663241147994995
  ],
  "energy_distribution": [
    0.43799129128456116,
    0.30182066559791565
  ],
  "motion_stability": [
    5.986166000366211,
    4.838364601135254
  ],
  "freq_entropy": [
    9.738992691040039,
    10.010570526123047
  ]
}