{
  "dominant_freq": [
    3.4071157894736834,
    0.744517894736842,
    0.4669010526315789
  ],
  "amp_mean_x": [
    0.5077031254768372,
    0.5317323207855225,
    0.3375912010669708
  ],
  "amp_mean_y": [
    0.6844353675842285,
    0.4634530544281006,
    0.384771466255188
  ],
  "symmetry_ratio": [
    0.741783857345581,
    1.1473273038864136,
    0.8773810863494873
  ],
  "energy_distribution": [
    0.18158605694770813,
    0.2338479459285736,
    0.2746088206768036
  ],
  "motion_stability": [
    3.212629556655884,
    2.6486799716949463,
    1.998494267463684
  ],
  "freq_entropy": [
    9.050046920776367,
    9.068757057189941,
    8.92228889465332
  ]
}