{
  "dominant_freq": [
    0.29023578947368417,
    4.283238900634249,
    0.9853150684931505
  ],
  "amp_mean_x": [
    0.2962549924850464,
    0.7682321071624756,
    0.4276973605155945
  ],
  "amp_mean_y": [
    0.41262874007225037,
    1.2223689556121826,
    0.5898721814155579
  ],
  "symmetry_ratio": [
    0.7179698348045349,
    0.6284781098365784,
    0.7250678539276123
  ],
  "energy_distribution": [
    0.2719053626060486,
    0.21434572339057922,
    0.2473636120557785
  ],
  "motion_stability": [
    1.1160460710525513,
    2.64198637008667,
    1.757171869277954
  ],
  "freq_entropy": [
    8.651611328125,
    8.80441951751709,
    8.982640266418457
  ]
}