{
  "dominant_freq": [
    0.4795204795204795,
    3.948392033498416
  ],
  "amp_mean_x": [
    0.19588464498519897,
    0.10486495494842529
  ],
  "amp_mean_y": [
    0.1104624941945076,
    0.18246257305145264
  ],
  "symmetry_ratio": [
    1.7733136415481567,
    0.5747203826904297
  ],
  "energy_distribution": [
    0.188136488199234,
    0.2078971266746521
  ],
  "motion_stability": [
    2.067451000213623,
    3.4851808547973633
  ],
  "freq_entropy": [
    10.334466934204102,
    10.358450889587402
  ]
}