{
  "dominant_freq": [
    0.27036765957446807,
    1.5214752981260646
  ],
  "amp_mean_x": [
    0.06810387223958969,
    0.7533868551254272
  ],
  "amp_mean_y": [
    0.14343172311782837,
    0.9421840310096741
  ],
  "symmetry_ratio": [
    0.4748173654079437,
    0.7996175289154053
  ],
  "energy_distribution": [
    0.27946531772613525,
    0.26060357689857483
  ],
  "motion_stability": [
    1.4302244186401367,
    2.527592182159424
  ],
  "freq_entropy": [
    10.198631286621094,
    10.297074317932129
  ]
}