{
  "dominant_freq": [
    5.451385263157894,
    3.6342568421052626,
    1.5395115789473683
  ],
  "amp_mean_x": [
    0.32110995054244995,
    0.38129350543022156,
    0.26634475588798523
  ],
  "amp_mean_y": [
    0.5348225235939026,
    0.6731508374214172,
    0.49900197982788086
  ],
  "symmetry_ratio": [
    0.600404679775238,
    0.5664309859275818,
    0.5337548851966858
  ],
  "energy_distribution": [
    0.17596060037612915,
    0.22828702628612518,
    0.2849513292312622
  ],
  "motion_stability": [
    3.143204689025879,
    3.58463716506958,
    3.7162814140319824
  ],
  "freq_entropy": [
    9.072002410888672,
    9.047843933105469,
    9.057503700256348
  ]
}