{
  "dominant_freq": [
    3.9436425643322193,
    5.439312069146323
  ],
  "amp_mean_x": [
    0.2716728150844574,
    0.5120642185211182
  ],
  "amp_mean_y": [
    0.6978815197944641,
    1.2642090320587158
  ],
  "symmetry_ratio": [
    0.38928213715553284,
    0.40504711866378784
  ],
  "energy_distribution": [
    0.2103019505739212,
    0.172344371676445
  ],
  "motion_stability": [
    1.54583740234375,
    1.7545171976089478
  ],
  "freq_entropy": [
    9.670870780944824,
    9.65878677368164
  ]
}