{
  "dominant_freq": [
    4.127447368421052,
    2.4713987115246954
  ],
  "amp_mean_x": [
    0.5314443707466125,
    0.4019354283809662
  ],
  "amp_mean_y": [
    1.4329899549484253,
    0.9050672054290771
  ],
  "symmetry_ratio": [
    0.37086397409439087,
    0.44409456849098206
  ],
  "energy_distribution": [
    0.2581891417503357,
    0.23333775997161865
  ],
  "motion_stability": [
    4.718355655670166,
    1.8282896280288696
  ],
  "freq_entropy": [
    9.622093200683594,
    9.557622909545898
  ]
}