{
  "dominant_freq": [
    5.428851428571429,
    0.48808285714285715
  ],
  "amp_mean_x": [
    0.1743936985731125,
    0.19196756184101105
  ],
  "amp_mean_y": [
    0.3054555058479309,
    0.2736385464668274
  ],
  "symmetry_ratio": [
    0.5709299445152283,
    0.701537013053894
  ],
  "energy_distribution": [
    0.22251641750335693,
    0.22468532621860504
  ],
  "motion_stability": [
    2.864407539367676,
    3.1453564167022705
  ],
  "freq_entropy": [
    9.577840805053711,
    9.521915435791016
  ]
}