{
  "dominant_freq": [
    3.9478968185726564,
    0.4642161702127659,
    1.2218046908315563
  ],
  "amp_mean_x": [
    0.4396775960922241,
    0.16420352458953857,
    0.2807161808013916
  ],
  "amp_mean_y": [
    0.6579071879386902,
    0.39228472113609314,
    0.5764158368110657
  ],
  "symmetry_ratio": [
    0.668297290802002,
    0.4185824990272522,
    0.4870028793811798
  ],
  "energy_distribution": [
    0.3550208806991577,
    0.28341349959373474,
    0.24657148122787476
  ],
  "motion_stability": [
    6.470619201660156,
    1.3919086456298828,
    1.4128592014312744
  ],
  "freq_entropy": [
    10.19826889038086,
    10.171680450439453,
    10.281597137451172
  ]
}