{
  "dominant_freq": [
    4.628699999999999,
    1.0126149914821123
  ],
  "amp_mean_x": [
    0.06629834324121475,
    1.4016242027282715
  ],
  "amp_mean_y": [
    0.16632117331027985,
    3.1480765342712402
  ],
  "symmetry_ratio": [
    0.39861637353897095,
    0.44523194432258606
  ],
  "energy_distribution": [
    0.1834001988172531,
    0.2110050618648529
  ],
  "motion_stability": [
    1.9157845973968506,
    2.9090778827667236
  ],
  "freq_entropy": [
    9.596954345703125,
    9.557657241821289
  ]
}