{
  "dominant_freq": [
    0.27278083832335326,
    3.7318413461538453,
    2.7457756788665875
  ],
  "amp_mean_x": [
    1.115943431854248,
    1.5865756273269653,
    0.8230858445167542
  ],
  "amp_mean_y": [
    1.9177755117416382,
    3.560023307800293,
    1.4183413982391357
  ],
  "symmetry_ratio": [
    0.5818946957588196,
    0.4456644058227539,
    0.5803157687187195
  ],
  "energy_distribution": [
    0.23287615180015564,
    0.21818822622299194,
    0.2383231520652771
  ],
  "motion_stability": [
    2.3199610710144043,
    2.2755088806152344,
    2.1293387413024902
  ],
  "freq_entropy": [
    8.896163940429688,
    8.831914901733398,
    8.820794105529785
  ]
}