{
  "dominant_freq": [
    6.108333333333333,
    0.3
  ],
  "amp_mean_x": [
    0.24600671231746674,
    0.38650044798851013
  ],
  "amp_mean_y": [
    0.21933972835540771,
    0.28406715393066406
  ],
  "symmetry_ratio": [
    1.1215784549713135,
    1.3605953454971313
  ],
  "energy_distribution": [
    0.20104427635669708,
    0.21102961897850037
  ],
  "motion_stability": [
    1.4615390300750732,
    0.6307957172393799
  ],
  "freq_entropy": [
    9.611228942871094,
    9.520383834838867
  ]
}