{
  "dominant_freq": [
    2.993841938883034,
    2.875544359255203,
    0.27972
  ],
  "amp_mean_x": [
    1.1669000387191772,
    1.6022861003875732,
    1.4533683061599731
  ],
  "amp_mean_y": [
    1.7918578386306763,
    2.522308349609375,
    1.6823973655700684
  ],
  "symmetry_ratio": [
    0.6512235403060913,
    0.6352459192276001,
    0.863867461681366
  ],
  "energy_distribution": [
    0.25559869408607483,
    0.25531867146492004,
    0.31470686197280884
  ],
  "motion_stability": [
    2.451141834259033,
    2.266244888305664,
    1.7384357452392578
  ],
  "freq_entropy": [
    8.857194900512695,
    8.851591110229492,
    8.70379638671875
  ]
}