{
  "dominant_freq": [
    1.5395115789473683,
    0.10597127071823204,
    0.11381012658227847
  ],
  "amp_mean_x": [
    0.2137603610754013,
    2.832690477371216,
    0.5241296887397766
  ],
  "amp_mean_y": [
    0.20162786543369293,
    1.393489956855774,
    0.5233854055404663
  ],
  "symmetry_ratio": [
    1.0601726770401,
    2.0328028202056885,
    1.0014220476150513
  ],
  "energy_distribution": [
    0.21612919867038727,
    0.3760446310043335,
    0.3504372239112854
  ],
  "motion_stability": [
    1.2862281799316406,
    4.2036452293396,
    1.307053804397583
  ],
  "freq_entropy": [
    8.915586471557617,
    8.533458709716797,
    8.57264232635498
  ]
}