{
  "dominant_freq": [
    0.46706493506493507,
    5.254256055363321,
    0.33493830034924327
  ],
  "amp_mean_x": [
    3.046678304672241,
    2.5088913440704346,
    4.083290100097656
  ],
  "amp_mean_y": [
    3.634695529937744,
    5.073291301727295,
    8.452844619750977
  ],
  "symmetry_ratio": [
    0.8382210731506348,
    0.4945293366909027,
    0.48306697607040405
  ],
  "energy_distribution": [
    0.2468019276857376,
    0.17003647983074188,
    0.2511788308620453
  ],
  "motion_stability": [
    2.778923511505127,
    2.878605365753174,
    2.127595901489258
  ],
  "freq_entropy": [
    8.878866195678711,
    8.887596130371094,
    8.822226524353027
  ]
}