{
  "dominant_freq": [
    4.763049188866457,
    4.382603697672192
  ],
  "amp_mean_x": [
    1.073617696762085,
    2.0245399475097656
  ],
  "amp_mean_y": [
    1.6481388807296753,
    3.412679672241211
  ],
  "symmetry_ratio": [
    0.6514121294021606,
    0.5932405591011047
  ],
  "energy_distribution": [
    0.21888907253742218,
    0.18051078915596008
  ],
  "motion_stability": [
    2.1144800186157227,
    2.2761101722717285
  ],
  "freq_entropy": [
    9.350112915039062,
    9.291447639465332
  ]
}