{
  "dominant_freq": [
    3.5370284510010532,
    0.29023578947368417,
    0.30285473684210523
  ],
  "amp_mean_x": [
    0.43922698497772217,
    0.3656107485294342,
    0.11903156340122223
  ],
  "amp_mean_y": [
    0.6954407691955566,
    0.4060021638870239,
    0.21344563364982605
  ],
  "symmetry_ratio": [
    0.6315807104110718,
    0.9005143046379089,
    0.5576668977737427
  ],
  "energy_distribution": [
    0.23142209649085999,
    0.2582497000694275,
    0.21577554941177368
  ],
  "motion_stability": [
    1.6160800457000732,
    0.9605425000190735,
    1.3543606996536255
  ],
  "freq_entropy": [
    8.896896362304688,
    8.868570327758789,
    8.957727432250977
  ]
}