{
  "dominant_freq": [
    1.793684210526316,
    0.1642105263157895,
    6.858947368421053
  ],
  "amp_mean_x": [
    0.06882155686616898,
    0.08329126238822937,
    0.2545260488986969
  ],
  "amp_mean_y": [
    0.09377359598875046,
    0.15605683624744415,
    0.2333439290523529
  ],
  "symmetry_ratio": [
    0.7339118719100952,
    0.5337238907814026,
    1.0907764434814453
  ],
  "energy_distribution": [
    0.2985818684101105,
    0.25979071855545044,
    0.20832541584968567
  ],
  "motion_stability": [
    2.243804931640625,
    3.880154609680176,
    3.1922507286071777
  ],
  "freq_entropy": [
    8.848880767822266,
    9.14846134185791,
    9.161517143249512
  ]
}