{
  "dominant_freq": [
    0.11222819733458031,
    0.12438922944759521
  ],
  "amp_mean_x": [
    0.18659208714962006,
    0.43332040309906006
  ],
  "amp_mean_y": [
    0.2020597606897354,
    1.2059786319732666
  ],
  "symmetry_ratio": [
    0.9234499931335449,
    0.35931017994880676
  ],
  "energy_distribution": [
    0.39289283752441406,
    0.37629827857017517
  ],
  "motion_stability": [
    1.7892765998840332,
    3.3782167434692383
  ],
  "freq_entropy": [
    9.894554138183594,
    10.038386344909668
  ]
}