{
  "dominant_freq": [
    0.11393030623020062,
    0.5195644820295983,
    2.0190315789473683
  ],
  "amp_mean_x": [
    1.0181721448898315,
    0.3109736740589142,
    0.25250130891799927
  ],
  "amp_mean_y": [
    1.0439010858535767,
    1.3350063562393188,
    0.7083271145820618
  ],
  "symmetry_ratio": [
    0.9753530621528625,
    0.2329379767179489,
    0.3564755618572235
  ],
  "energy_distribution": [
    0.658928632736206,
    0.23729799687862396,
    0.31261706352233887
  ],
  "motion_stability": [
    3.0796685218811035,
    2.2148971557617188,
    1.846651315689087
  ],
  "freq_entropy": [
    7.693791389465332,
    9.027059555053711,
    8.922605514526367
  ]
}