{
  "dominant_freq": [
    0.36631578947368426,
    0.2778947368421053,
    0.26554267650158064
  ],
  "amp_mean_x": [
    0.348713219165802,
    0.30232346057891846,
    0.2858040928840637
  ],
  "amp_mean_y": [
    0.3417465090751648,
    0.353360652923584,
    0.3058483302593231
  ],
  "symmetry_ratio": [
    1.0203856229782104,
    0.8555662631988525,
    0.9344635009765625
  ],
  "energy_distribution": [
    0.26293545961380005,
    0.2626086473464966,
    0.2966712415218353
  ],
  "motion_stability": [
    1.787416934967041,
    1.7553907632827759,
    1.3389620780944824
  ],
  "freq_entropy": [
    9.004003524780273,
    8.554571151733398,
    8.862483978271484
  ]
}