{
  "dominant_freq": [
    2.15625,
    0.29166666666666663
  ],
  "amp_mean_x": [
    0.2671757936477661,
    0.26377877593040466
  ],
  "amp_mean_y": [
    0.18898895382881165,
    0.5001815557479858
  ],
  "symmetry_ratio": [
    1.4137111902236938,
    0.527366042137146
  ],
  "energy_distribution": [
    0.2450624704360962,
    0.27919596433639526
  ],
  "motion_stability": [
    1.4304625988006592,
    0.8831510543823242
  ],
  "freq_entropy": [
    9.153606414794922,
    9.190343856811523
  ]
}