{
  "dominant_freq": [
    0.10105263157894738,
    0.1136842105263158,
    0.7578947368421053
  ],
  "amp_mean_x": [
    0.3186247944831848,
    0.22125710546970367,
    0.10997703671455383
  ],
  "amp_mean_y": [
    0.275780588388443,
    0.20131221413612366,
    0.1940649449825287
  ],
  "symmetry_ratio": [
    1.1553561687469482,
    1.099074363708496,
    0.5667022466659546
  ],
  "energy_distribution": [
    0.42212411761283875,
    0.39631277322769165,
    0.26454323530197144
  ],
  "motion_stability": [
    3.064352035522461,
    2.473095417022705,
    1.7738316059112549
  ],
  "freq_entropy": [
    8.439285278320312,
    8.679720878601074,
    8.918964385986328
  ]
}