{
  "dominant_freq": [
    0.1,
    1.0375
  ],
  "amp_mean_x": [
    0.05625009164214134,
    0.2713777422904968
  ],
  "amp_mean_y": [
    0.1875910609960556,
    0.1703644096851349
  ],
  "symmetry_ratio": [
    0.2998548746109009,
    1.5929250717163086
  ],
  "energy_distribution": [
    0.29365119338035583,
    0.4161823093891144
  ],
  "motion_stability": [
    1.2683377265930176,
    4.687483787536621
  ],
  "freq_entropy": [
    8.69654655456543,
    8.478839874267578
  ]
}