{
  "dominant_freq": [
    3.1273043478260867,
    9.553513846153844,
    3.6871608832807565,
    0.5348492307692306
  ],
  "amp_mean_x": [
    1.258182168006897,
    0.21545131504535675,
    1.5678503513336182,
    0.1001039445400238
  ],
  "amp_mean_y": [
    1.682403564453125,
    0.35704970359802246,
    1.5176262855529785,
    0.13522133231163025
  ],
  "symmetry_ratio": [
    0.7478480339050293,
    0.6034210920333862,
    1.033093810081482,
    0.7402969598770142
  ],
  "energy_distribution": [
    0.2926684319972992,
    0.21732079982757568,
    0.10805273056030273,
    0.3026215136051178
  ],
  "motion_stability": [
    5.414925575256348,
    2.671400547027588,
    5.501938819885254,
    1.431278109550476
  ],
  "freq_entropy": [
    8.443524360656738,
    8.570594787597656,
    8.488109588623047,
    8.28522777557373
  ]
}