{
  "dominant_freq": [
    6.904826205641492,
    7.602944494995451
  ],
  "amp_mean_x": [
    0.4304799437522888,
    0.6851911544799805
  ],
  "amp_mean_y": [
    0.8782766461372375,
    1.2386322021484375
  ],
  "symmetry_ratio": [
    0.4901416301727295,
    0.5531837344169617
  ],
  "energy_distribution": [
    0.19428735971450806,
    0.20385470986366272
  ],
  "motion_stability": [
    2.7823596000671387,
    2.4550528526306152
  ],
  "freq_entropy": [
    9.219496726989746,
    9.217046737670898
  ]
}