{
  "dominant_freq": [
    0.11357052631578946,
    0.11357052631578946,
    1.6674562697576394
  ],
  "amp_mean_x": [
    0.3813001215457916,
    0.35514596104621887,
    0.3739415109157562
  ],
  "amp_mean_y": [
    0.4693010449409485,
    0.6839761734008789,
    0.711969256401062
  ],
  "symmetry_ratio": [
    0.8124851584434509,
    0.5192373394966125,
    0.5252214074134827
  ],
  "energy_distribution": [
    0.22813680768013,
    0.21932350099086761,
    0.22008025646209717
  ],
  "motion_stability": [
    3.6617722511291504,
    3.795654773712158,
    2.005636215209961
  ],
  "freq_entropy": [
    9.295541763305664,
    9.101097106933594,
    9.0237398147583
  ]
}