{
  "dominant_freq": [
    0.15156017830609214,
    1.2160953800298062
  ],
  "amp_mean_x": [
    0.383991539478302,
    0.5467228889465332
  ],
  "amp_mean_y": [
    1.5163929462432861,
    1.794176697731018
  ],
  "symmetry_ratio": [
    0.2532269358634949,
    0.30472075939178467
  ],
  "energy_distribution": [
    0.21781225502490997,
    0.1771029531955719
  ],
  "motion_stability": [
    2.331068277359009,
    2.1709351539611816
  ],
  "freq_entropy": [
    9.530116081237793,
    9.520461082458496
  ]
}