{
  "dominant_freq": [
    4.655989172118205,
    0.1160130192388257
  ],
  "amp_mean_x": [
    0.0901549682021141,
    0.10983395576477051
  ],
  "amp_mean_y": [
    0.20505306124687195,
    0.1531902551651001
  ],
  "symmetry_ratio": [
    0.4396665394306183,
    0.7169774174690247
  ],
  "energy_distribution": [
    0.33567073941230774,
    0.28650572896003723
  ],
  "motion_stability": [
    1.9798083305358887,
    2.1402978897094727
  ],
  "freq_entropy": [
    9.690479278564453,
    9.611244201660156
  ]
}