{
  "dominant_freq": [
    0.43500000000000005,
    6.840000000000002,
    3.7200000000000006
  ],
  "amp_mean_x": [
    0.07037677615880966,
    0.36598488688468933,
    0.28651562333106995
  ],
  "amp_mean_y": [
    0.07263138890266418,
    0.23823776841163635,
    0.3025980293750763
  ],
  "symmetry_ratio": [
    0.9689581394195557,
    1.5362168550491333,
    0.9468522667884827
  ],
  "energy_distribution": [
    0.19683682918548584,
    0.16884101927280426,
    0.18962141871452332
  ],
  "motion_stability": [
    1.3759617805480957,
    1.5315274000167847,
    1.5782264471054077
  ],
  "freq_entropy": [
    8.751300811767578,
    8.81337833404541,
    8.788776397705078
  ]
}