{
  "dominant_freq": [
    6.385187368421052,
    0.2776168421052631,
    3.9118736842105255
  ],
  "amp_mean_x": [
    0.10313151776790619,
    0.13302089273929596,
    0.11229187250137329
  ],
  "amp_mean_y": [
    0.16466742753982544,
    0.18149317800998688,
    0.1941222846508026
  ],
  "symmetry_ratio": [
    0.6263018846511841,
    0.7329250574111938,
    0.5784594416618347
  ],
  "energy_distribution": [
    0.21348100900650024,
    0.22309556603431702,
    0.18187925219535828
  ],
  "motion_stability": [
    1.826287031173706,
    1.4827371835708618,
    1.842213749885559
  ],
  "freq_entropy": [
    8.98377513885498,
    9.001426696777344,
    8.99307632446289
  ]
}