{
  "dominant_freq": [
    2.071360691144708,
    1.9201011591148576,
    4.151633684210526
  ],
  "amp_mean_x": [
    0.9215927720069885,
    0.48134446144104004,
    0.29647645354270935
  ],
  "amp_mean_y": [
    2.0080885887145996,
    0.49820753931999207,
    0.4879332482814789
  ],
  "symmetry_ratio": [
    0.4589402973651886,
    0.9661524891853333,
    0.6076168417930603
  ],
  "energy_distribution": [
    0.43272092938423157,
    0.25177955627441406,
    0.18208757042884827
  ],
  "motion_stability": [
    4.844049453735352,
    3.0973103046417236,
    2.4671945571899414
  ],
  "freq_entropy": [
    8.37237548828125,
    8.861449241638184,
    9.045299530029297
  ]
}