{
  "dominant_freq": [
    0.44682590137135586,
    4.697121060757424
  ],
  "amp_mean_x": [
    0.11851673573255539,
    0.3218521475791931
  ],
  "amp_mean_y": [
    0.1845393180847168,
    0.5078784227371216
  ],
  "symmetry_ratio": [
    0.6422302722930908,
    0.6337189078330994
  ],
  "energy_distribution": [
    0.21125459671020508,
    0.25485920906066895
  ],
  "motion_stability": [
    1.3207831382751465,
    2.879298448562622
  ],
  "freq_entropy": [
    9.078432083129883,
    9.216669082641602
  ]
}