{
  "dominant_freq": [
    0.1009515789473684,
    0.29054162276080076,
    0.2655569620253164
  ],
  "amp_mean_x": [
    0.08351781219244003,
    0.1663956642150879,
    0.16664738953113556
  ],
  "amp_mean_y": [
    0.17871138453483582,
    0.45779961347579956,
    0.4365905821323395
  ],
  "symmetry_ratio": [
    0.46733346581459045,
    0.36346834897994995,
    0.3817017376422882
  ],
  "energy_distribution": [
    0.33434155583381653,
    0.1910470873117447,
    0.32094696164131165
  ],
  "motion_stability": [
    1.096045732498169,
    1.364403247833252,
    1.9882221221923828
  ],
  "freq_entropy": [
    8.57182788848877,
    8.915390014648438,
    8.943294525146484
  ]
}