{
  "dominant_freq": [
    4.461133708351363,
    8.924513651877131
  ],
  "amp_mean_x": [
    1.9075736999511719,
    1.2179524898529053
  ],
  "amp_mean_y": [
    2.1338791847229004,
    1.5631157159805298
  ],
  "symmetry_ratio": [
    0.8939464688301086,
    0.7791825532913208
  ],
  "energy_distribution": [
    0.26015961170196533,
    0.1618444323539734
  ],
  "motion_stability": [
    2.2801363468170166,
    1.8987925052642822
  ],
  "freq_entropy": [
    10.304445266723633,
    10.32891845703125
  ]
}