{
  "dominant_freq": [
    1.1834961702127658,
    0.6733685106382978
  ],
  "amp_mean_x": [
    0.29935887455940247,
    0.263169527053833
  ],
  "amp_mean_y": [
    0.4637291133403778,
    0.4380626678466797
  ],
  "symmetry_ratio": [
    0.6455468535423279,
    0.6007577180862427
  ],
  "energy_distribution": [
    0.22561433911323547,
    0.20157010853290558
  ],
  "motion_stability": [
    1.2371268272399902,
    1.1815637350082397
  ],
  "freq_entropy": [
    10.294864654541016,
    10.212390899658203
  ]
}