{
  "dominant_freq": [
    0.11009174311926606,
    0.10500000000000001,
    0.10500000000000001,
    0.2907268170426065
  ],
  "amp_mean_x": [
    0.32778942584991455,
    0.594073474407196,
    0.2523115277290344,
    0.2795678377151489
  ],
  "amp_mean_y": [
    0.40263208746910095,
    0.5252206921577454,
    0.3728093206882477,
    0.51625657081604
  ],
  "symmetry_ratio": [
    0.8141164779663086,
    1.1310930252075195,
    0.6767843961715698,
    0.5415288805961609
  ],
  "energy_distribution": [
    0.5965120196342468,
    0.4625455439090729,
    0.4744992256164551,
    0.2546527087688446
  ],
  "motion_stability": [
    2.6783275604248047,
    2.6820194721221924,
    2.2877120971679688,
    1.9481151103973389
  ],
  "freq_entropy": [
    8.992426872253418,
    9.621145248413086,
    9.544694900512695,
    10.29343032836914
  ]
}