{
  "dominant_freq": [
    5.909002900837882,
    4.803468827596358
  ],
  "amp_mean_x": [
    0.37170928716659546,
    0.8904666900634766
  ],
  "amp_mean_y": [
    0.514276921749115,
    0.8156536817550659
  ],
  "symmetry_ratio": [
    0.7227804064750671,
    1.091721534729004
  ],
  "energy_distribution": [
    0.1920313686132431,
    0.25544801354408264
  ],
  "motion_stability": [
    5.036675453186035,
    4.586386680603027
  ],
  "freq_entropy": [
    10.447035789489746,
    10.305196762084961
  ]
}