{
  "dominant_freq": [
    4.807687499999999,
    5.166889267461669
  ],
  "amp_mean_x": [
    1.1045613288879395,
    0.3781198263168335
  ],
  "amp_mean_y": [
    1.2625854015350342,
    0.6335974335670471
  ],
  "symmetry_ratio": [
    0.8748408555984497,
    0.5967824459075928
  ],
  "energy_distribution": [
    0.2403911054134369,
    0.19988295435905457
  ],
  "motion_stability": [
    3.187587261199951,
    1.7235807180404663
  ],
  "freq_entropy": [
    10.291358947753906,
    10.319067001342773
  ]
}