{
  "dominant_freq": [
    5.019050970910927,
    0.14166040753928494
  ],
  "amp_mean_x": [
    1.831610083580017,
    3.7243871688842773
  ],
  "amp_mean_y": [
    3.6204214096069336,
    4.999385356903076
  ],
  "symmetry_ratio": [
    0.5059107542037964,
    0.7449690103530884
  ],
  "energy_distribution": [
    0.18018200993537903,
    0.21038979291915894
  ],
  "motion_stability": [
    2.145603656768799,
    1.8986064195632935
  ],
  "freq_entropy": [
    9.522876739501953,
    9.545977592468262
  ]
}