{
  "dominant_freq": [
    0.10840560373582389,
    0.1002004008016032
  ],
  "amp_mean_x": [
    0.41258689761161804,
    0.5252609252929688
  ],
  "amp_mean_y": [
    0.4935806393623352,
    0.4322735667228699
  ],
  "symmetry_ratio": [
    0.8359057307243347,
    1.215112328529358
  ],
  "energy_distribution": [
    0.3391053080558777,
    0.5472224354743958
  ],
  "motion_stability": [
    3.0506651401519775,
    1.8140228986740112
  ],
  "freq_entropy": [
    9.273509979248047,
    8.603008270263672
  ]
}