{
  "dominant_freq": [
    0.44437879972605154,
    0.12290144712186575
  ],
  "amp_mean_x": [
    0.30083131790161133,
    0.5581842064857483
  ],
  "amp_mean_y": [
    0.6139844655990601,
    0.6321298480033875
  ],
  "symmetry_ratio": [
    0.48996567726135254,
    0.8830214142799377
  ],
  "energy_distribution": [
    0.19919109344482422,
    0.4329366981983185
  ],
  "motion_stability": [
    3.0919365882873535,
    4.691577434539795
  ],
  "freq_entropy": [
    10.328814506530762,
    9.8737211227417
  ]
}