{
  "dominant_freq": [
    5.119999999999999,
    0.11564121571534472
  ],
  "amp_mean_x": [
    0.19063982367515564,
    0.24359950423240662
  ],
  "amp_mean_y": [
    0.22703464329242706,
    0.1611388772726059
  ],
  "symmetry_ratio": [
    0.8396948575973511,
    1.5117363929748535
  ],
  "energy_distribution": [
    0.16867318749427795,
    0.35778531432151794
  ],
  "motion_stability": [
    2.2040114402770996,
    2.082322359085083
  ],
  "freq_entropy": [
    9.499359130859375,
    9.40584945678711
  ]
}