{
  "dominant_freq": [
    2.6457148891235476,
    1.7918905263157894,
    1.3758809776833154
  ],
  "amp_mean_x": [
    0.37794122099876404,
    0.4013344943523407,
    0.30986732244491577
  ],
  "amp_mean_y": [
    1.512798547744751,
    1.050276756286621,
    1.0237977504730225
  ],
  "symmetry_ratio": [
    0.24982917308807373,
    0.38212260603904724,
    0.302664577960968
  ],
  "energy_distribution": [
    0.08954004943370819,
    0.19473303854465485,
    0.2645774185657501
  ],
  "motion_stability": [
    4.742454528808594,
    2.5618324279785156,
    3.5328190326690674
  ],
  "freq_entropy": [
    9.217113494873047,
    9.015840530395508,
    9.116247177124023
  ]
}