{
  "dominant_freq": [
    4.895099999999999,
    0.48950999999999995
  ],
  "amp_mean_x": [
    0.0642835944890976,
    0.13666242361068726
  ],
  "amp_mean_y": [
    0.07707684487104416,
    0.16445311903953552
  ],
  "symmetry_ratio": [
    0.8340195417404175,
    0.8310114145278931
  ],
  "energy_distribution": [
    0.21271128952503204,
    0.21523220837116241
  ],
  "motion_stability": [
    1.540834665298462,
    2.1898629665374756
  ],
  "freq_entropy": [
    9.277585983276367,
    9.355412483215332
  ]
}