{
  "dominant_freq": [
    4.915318744053283,
    4.166666666666667
  ],
  "amp_mean_x": [
    8.780552864074707,
    6.722020626068115
  ],
  "amp_mean_y": [
    7.331064701080322,
    6.297513008117676
  ],
  "symmetry_ratio": [
    1.197718620300293,
    1.067408800125122
  ],
  "energy_distribution": [
    0.1787518560886383,
    0.21907737851142883
  ],
  "motion_stability": [
    1.9079763889312744,
    1.9366753101348877
  ],
  "freq_entropy": [
    10.131961822509766,
    10.197982788085938
  ]
}