{
  "dominant_freq": [
    2.10456,
    0.1332,
    4.50216,
    7.2727200000000005,
    3.686514806378132,
    2.58408
  ],
  "amp_mean_x": [
    0.28851771354675293,
    0.24069875478744507,
    0.13693299889564514,
    0.2518811821937561,
    3.4995384216308594,
    0.09297659993171692
  ],
  "amp_mean_y": [
    0.31761685013771057,
    0.2515481412410736,
    0.36455535888671875,
    0.4715707302093506,
    6.175508975982666,
    0.22030009329319
  ],
  "symmetry_ratio": [
    0.9083828926086426,
    0.9568695425987244,
    0.3756164610385895,
    0.5341323614120483,
    0.5666801333427429,
    0.42204520106315613
  ],
  "energy_distribution": [
    0.3203735649585724,
    0.26357993483543396,
    0.2099212110042572,
    0.20379900932312012,
    0.35242992639541626,
    0.27201932668685913
  ],
  "motion_stability": [
    1.6529775857925415,
    1.0414109230041504,
    1.647700548171997,
    2.391800880432129,
    3.141284942626953,
    1.4728028774261475
  ],
  "freq_entropy": [
    7.946420669555664,
    7.656645774841309,
    7.968997955322266,
    8.007591247558594,
    7.715647220611572,
    7.830049514770508
  ]
}