{
  "dominant_freq": [
    0.7021542857142857,
    0.10275428571428571
  ],
  "amp_mean_x": [
    0.13386096060276031,
    0.32481810450553894
  ],
  "amp_mean_y": [
    0.27559608221054077,
    0.30279549956321716
  ],
  "symmetry_ratio": [
    0.485714316368103,
    1.0727308988571167
  ],
  "energy_distribution": [
    0.22186502814292908,
    0.5406014323234558
  ],
  "motion_stability": [
    1.1817902326583862,
    1.6081061363220215
  ],
  "freq_entropy": [
    9.486297607421875,
    8.75614070892334
  ]
}