{
  "dominant_freq": [
    4.463886075949366,
    3.5108785982478095,
    3.5514449999999997
  ],
  "amp_mean_x": [
    0.2771272361278534,
    2.655457019805908,
    2.9390718936920166
  ],
  "amp_mean_y": [
    0.9352521300315857,
    10.337912559509277,
    9.668492317199707
  ],
  "symmetry_ratio": [
    0.2963128685951233,
    0.25686588883399963,
    0.30398452281951904
  ],
  "energy_distribution": [
    0.18495647609233856,
    0.20592814683914185,
    0.18648241460323334
  ],
  "motion_stability": [
    2.3037679195404053,
    2.1862542629241943,
    2.230161666870117
  ],
  "freq_entropy": [
    9.079357147216797,
    8.572796821594238,
    8.799635887145996
  ]
}