{
  "dominant_freq": [
    1.4079537483792803,
    0.7192807192807192
  ],
  "amp_mean_x": [
    0.035436149686574936,
    0.08622639626264572
  ],
  "amp_mean_y": [
    0.06695609539747238,
    0.14497734606266022
  ],
  "symmetry_ratio": [
    0.5292445421218872,
    0.5947577357292175
  ],
  "energy_distribution": [
    0.2118787169456482,
    0.2259620875120163
  ],
  "motion_stability": [
    1.1704471111297607,
    1.1606624126434326
  ],
  "freq_entropy": [
    10.185135841369629,
    10.310054779052734
  ]
}