{
  "dominant_freq": [
    0.6214285714285714,
    3.755364806866953,
    0.12857142857142856,
    0.6857142857142857
  ],
  "amp_mean_x": [
    0.03394091874361038,
    2.2482800483703613,
    0.08382826298475266,
    0.17693708837032318
  ],
  "amp_mean_y": [
    0.12618951499462128,
    2.2219338417053223,
    0.22044630348682404,
    0.14387160539627075
  ],
  "symmetry_ratio": [
    0.26896780729293823,
    1.0118573904037476,
    0.38026612997055054,
    1.2298263311386108
  ],
  "energy_distribution": [
    0.41324830055236816,
    0.3505650460720062,
    0.3227047920227051,
    0.4103657007217407
  ],
  "motion_stability": [
    1.1424853801727295,
    3.965975761413574,
    0.9607682228088379,
    2.519768238067627
  ],
  "freq_entropy": [
    7.996176719665527,
    7.923776149749756,
    8.111103057861328,
    7.956934452056885
  ]
}