{
  "dominant_freq": [
    8.195744680851064,
    0.7958732498157701
  ],
  "amp_mean_x": [
    2.555800437927246,
    3.836549997329712
  ],
  "amp_mean_y": [
    4.518935203552246,
    7.2121405601501465
  ],
  "symmetry_ratio": [
    0.5655758380889893,
    0.53195720911026
  ],
  "energy_distribution": [
    0.2258700281381607,
    0.24242597818374634
  ],
  "motion_stability": [
    2.203812837600708,
    2.21707820892334
  ],
  "freq_entropy": [
    9.615071296691895,
    9.44328498840332
  ]
}