{
  "dominant_freq": [
    1.7333333333333334,
    0.13351134846461948,
    0.5833333333333334
  ],
  "amp_mean_x": [
    0.3779383897781372,
    1.1302775144577026,
    0.54274582862854
  ],
  "amp_mean_y": [
    0.6635012030601501,
    1.3778183460235596,
    0.5472935438156128
  ],
  "symmetry_ratio": [
    0.5696122050285339,
    0.8203385472297668,
    0.9916905164718628
  ],
  "energy_distribution": [
    0.1993187665939331,
    0.27146631479263306,
    0.274552583694458
  ],
  "motion_stability": [
    1.7626664638519287,
    2.602013111114502,
    0.847811222076416
  ],
  "freq_entropy": [
    8.578889846801758,
    8.63344955444336,
    8.490161895751953
  ]
}