{
  "dominant_freq": [
    6.706256627783669,
    0.26865671641791045,
    8.435517970401692
  ],
  "amp_mean_x": [
    0.8591411113739014,
    2.265460252761841,
    0.3971726596355438
  ],
  "amp_mean_y": [
    1.7783758640289307,
    2.8157565593719482,
    0.7260922789573669
  ],
  "symmetry_ratio": [
    0.4831043481826782,
    0.8045653700828552,
    0.5470002293586731
  ],
  "energy_distribution": [
    0.20810867846012115,
    0.36895743012428284,
    0.1850760132074356
  ],
  "motion_stability": [
    3.2431349754333496,
    4.329607963562012,
    2.993705987930298
  ],
  "freq_entropy": [
    9.062281608581543,
    8.627642631530762,
    9.098640441894531
  ]
}