{
  "dominant_freq": [
    1.4949756126226714,
    1.9603925486278428
  ],
  "amp_mean_x": [
    0.14729145169258118,
    0.356764018535614
  ],
  "amp_mean_y": [
    0.1832789182662964,
    0.20396845042705536
  ],
  "symmetry_ratio": [
    0.803646445274353,
    1.74911367893219
  ],
  "energy_distribution": [
    0.2208884060382843,
    0.27058959007263184
  ],
  "motion_stability": [
    1.3188414573669434,
    1.3023500442504883
  ],
  "freq_entropy": [
    9.808897018432617,
    9.803430557250977
  ]
}