{
  "dominant_freq": [
    0.1009515789473684,
    0.731898947368421,
    4.530202105263157
  ],
  "amp_mean_x": [
    0.2726089656352997,
    0.1567303091287613,
    0.18450872600078583
  ],
  "amp_mean_y": [
    0.3488292992115021,
    0.373795747756958,
    0.40319329500198364
  ],
  "symmetry_ratio": [
    0.7814967632293701,
    0.41929399967193604,
    0.4576185345649719
  ],
  "energy_distribution": [
    0.2052038311958313,
    0.21256642043590546,
    0.11876077204942703
  ],
  "motion_stability": [
    2.5855321884155273,
    2.6839864253997803,
    4.017785549163818
  ],
  "freq_entropy": [
    8.957523345947266,
    9.208045959472656,
    9.174259185791016
  ]
}