{
  "dominant_freq": [
    0.13636363636363635
  ],
  "amp_mean_x": [
    0.7640307545661926
  ],
  "amp_mean_y": [
    0.9608343243598938
  ],
  "symmetry_ratio": [
    0.7951743006706238
  ],
  "energy_distribution": [
    0.3010554313659668
  ],
  "motion_stability": [
    2.7519214153289795
  ],
  "freq_entropy": [
    10.11479377746582
  ]
}