{
  "dominant_freq": [
    3.558543157894736,
    0.12618947368421052,
    0.30285473684210523
  ],
  "amp_mean_x": [
    0.384452223777771,
    0.12909941375255585,
    0.08275637030601501
  ],
  "amp_mean_y": [
    0.3625991940498352,
    0.2921352684497833,
    0.17746581137180328
  ],
  "symmetry_ratio": [
    1.060267686843872,
    0.4419165551662445,
    0.4663228988647461
  ],
  "energy_distribution": [
    0.2219170182943344,
    0.23548611998558044,
    0.18213769793510437
  ],
  "motion_stability": [
    1.2305231094360352,
    1.7159655094146729,
    1.9232261180877686
  ],
  "freq_entropy": [
    8.830184936523438,
    8.890920639038086,
    9.050819396972656
  ]
}