{
  "dominant_freq": [
    3.0440991180176398
  ],
  "amp_mean_x": [
    0.4599199593067169
  ],
  "amp_mean_y": [
    0.9630241394042969
  ],
  "symmetry_ratio": [
    0.4775788486003876
  ],
  "energy_distribution": [
    0.2516033947467804
  ],
  "motion_stability": [
    4.902110576629639
  ],
  "freq_entropy": [
    10.201951026916504
  ]
}