{
  "dominant_freq": [
    4.405666897028334,
    4.538381742738588
  ],
  "amp_mean_x": [
    0.8401321768760681,
    0.8637403249740601
  ],
  "amp_mean_y": [
    1.5819789171218872,
    1.2204387187957764
  ],
  "symmetry_ratio": [
    0.5310640931129456,
    0.7077293992042542
  ],
  "energy_distribution": [
    0.19073271751403809,
    0.21340720355510712
  ],
  "motion_stability": [
    2.441387414932251,
    1.70059072971344
  ],
  "freq_entropy": [
    9.602673530578613,
    9.50271987915039
  ]
}