{
  "dominant_freq": [
    0.2603867120954003,
    0.10712680851063829
  ],
  "amp_mean_x": [
    0.054339662194252014,
    0.1388082504272461
  ],
  "amp_mean_y": [
    0.1640145629644394,
    0.16685351729393005
  ],
  "symmetry_ratio": [
    0.331309974193573,
    0.8319168090820312
  ],
  "energy_distribution": [
    0.49703505635261536,
    0.8228654265403748
  ],
  "motion_stability": [
    7.033743381500244,
    4.309769630432129
  ],
  "freq_entropy": [
    9.859946250915527,
    7.887026786804199
  ]
}