{
  "dominant_freq": [
    3.796422991071428,
    0.1250139043381535
  ],
  "amp_mean_x": [
    0.9175434708595276,
    1.2343021631240845
  ],
  "amp_mean_y": [
    0.9940453767776489,
    1.2120755910873413
  ],
  "symmetry_ratio": [
    0.9230398535728455,
    1.018337607383728
  ],
  "energy_distribution": [
    0.4228576123714447,
    0.35587963461875916
  ],
  "motion_stability": [
    4.14587926864624,
    3.902543306350708
  ],
  "freq_entropy": [
    9.218719482421875,
    9.230833053588867
  ]
}