{
  "dominant_freq": [
    5.824120603015076,
    3.5238095238095237
  ],
  "amp_mean_x": [
    0.7576359510421753,
    1.027719259262085
  ],
  "amp_mean_y": [
    1.860545039176941,
    0.8907281756401062
  ],
  "symmetry_ratio": [
    0.4072118401527405,
    1.1537967920303345
  ],
  "energy_distribution": [
    0.23041611909866333,
    0.1929936707019806
  ],
  "motion_stability": [
    2.1395435333251953,
    1.3768584728240967
  ],
  "freq_entropy": [
    10.339839935302734,
    10.333096504211426
  ]
}