{
  "dominant_freq": [
    3.7287793047696036,
    0.7317562149157979
  ],
  "amp_mean_x": [
    1.0173324346542358,
    0.38223063945770264
  ],
  "amp_mean_y": [
    1.225757122039795,
    0.31823426485061646
  ],
  "symmetry_ratio": [
    0.8299624919891357,
    1.2010983228683472
  ],
  "energy_distribution": [
    0.16195444762706757,
    0.3825936019420624
  ],
  "motion_stability": [
    2.8570384979248047,
    2.609487533569336
  ],
  "freq_entropy": [
    9.222210884094238,
    9.141080856323242
  ]
}