{
  "dominant_freq": [
    0.3333333333333333,
    1.7696629213483146,
    0.43575418994413406
  ],
  "amp_mean_x": [
    0.1550350934267044,
    0.4371718466281891,
    0.22964058816432953
  ],
  "amp_mean_y": [
    0.5874354243278503,
    0.9389335513114929,
    0.4666517674922943
  ],
  "symmetry_ratio": [
    0.26391851902008057,
    0.46560466289520264,
    0.4921026825904846
  ],
  "energy_distribution": [
    0.30151277780532837,
    0.3271614909172058,
    0.21869786083698273
  ],
  "motion_stability": [
    1.2592740058898926,
    4.443631649017334,
    2.827775239944458
  ],
  "freq_entropy": [
    8.33669662475586,
    8.323869705200195,
    8.655771255493164
  ]
}