{
  "dominant_freq": [
    1.701818181818182,
    1.7454545454545456
  ],
  "amp_mean_x": [
    0.37638741731643677,
    0.6096294522285461
  ],
  "amp_mean_y": [
    0.4387179911136627,
    0.4622175693511963
  ],
  "symmetry_ratio": [
    0.8579256534576416,
    1.3189231157302856
  ],
  "energy_distribution": [
    0.27354001998901367,
    0.22346992790699005
  ],
  "motion_stability": [
    2.135068893432617,
    1.330633521080017
  ],
  "freq_entropy": [
    9.141026496887207,
    9.19023323059082
  ]
}