{
  "dominant_freq": [
    0.13791052407328502,
    0.9395306209850107
  ],
  "amp_mean_x": [
    1.281448483467102,
    1.5765794515609741
  ],
  "amp_mean_y": [
    0.9635570049285889,
    0.9123778939247131
  ],
  "symmetry_ratio": [
    1.3299145698547363,
    1.7279895544052124
  ],
  "energy_distribution": [
    0.3476511836051941,
    0.32253414392471313
  ],
  "motion_stability": [
    2.9339122772216797,
    3.403397798538208
  ],
  "freq_entropy": [
    9.971877098083496,
    10.131658554077148
  ]
}