{
  "dominant_freq": [
    0.29102044293015333,
    0.4693174468085106,
    0.10712680851063829
  ],
  "amp_mean_x": [
    0.38871148228645325,
    0.2653166651725769,
    0.2665197253227234
  ],
  "amp_mean_y": [
    0.8774000406265259,
    0.5438001751899719,
    0.5268100500106812
  ],
  "symmetry_ratio": [
    0.44302651286125183,
    0.487893670797348,
    0.5059123635292053
  ],
  "energy_distribution": [
    0.25875532627105713,
    0.24581533670425415,
    0.2767597436904907
  ],
  "motion_stability": [
    2.2755727767944336,
    1.3728973865509033,
    1.4570212364196777
  ],
  "freq_entropy": [
    10.344359397888184,
    10.18722152709961,
    10.208230018615723
  ]
}