{
  "dominant_freq": [
    3.5754283326368577
  ],
  "amp_mean_x": [
    0.531125545501709
  ],
  "amp_mean_y": [
    0.7983678579330444
  ],
  "symmetry_ratio": [
    0.6652641892433167
  ],
  "energy_distribution": [
    0.24414250254631042
  ],
  "motion_stability": [
    3.123241424560547
  ],
  "freq_entropy": [
    10.298629760742188
  ]
}