{
  "dominant_freq": [
    2.5531446786248324,
    2.435708621275632,
    1.7932351120314487
  ],
  "amp_mean_x": [
    1.954801321029663,
    1.5781725645065308,
    2.7346184253692627
  ],
  "amp_mean_y": [
    1.6801027059555054,
    2.267986536026001,
    2.461930751800537
  ],
  "symmetry_ratio": [
    1.1635011434555054,
    0.6958473920822144,
    1.1107617616653442
  ],
  "energy_distribution": [
    0.3037351071834564,
    0.22975778579711914,
    0.25223591923713684
  ],
  "motion_stability": [
    2.9458236694335938,
    2.6763322353363037,
    3.1044094562530518
  ],
  "freq_entropy": [
    9.971208572387695,
    10.232019424438477,
    10.291060447692871
  ]
}