{
  "dominant_freq": [
    5.969978556111509,
    3.7298474945533773
  ],
  "amp_mean_x": [
    0.4576496183872223,
    1.2343441247940063
  ],
  "amp_mean_y": [
    0.5564226508140564,
    1.6044816970825195
  ],
  "symmetry_ratio": [
    0.822485625743866,
    0.7693101763725281
  ],
  "energy_distribution": [
    0.16201476752758026,
    0.18018794059753418
  ],
  "motion_stability": [
    3.5361502170562744,
    3.4327392578125
  ],
  "freq_entropy": [
    9.577564239501953,
    9.517007827758789
  ]
}