{
  "dominant_freq": [
    0.18057784911717495,
    0.6
  ],
  "amp_mean_x": [
    0.10610136389732361,
    0.15918415784835815
  ],
  "amp_mean_y": [
    0.20497119426727295,
    0.04912809282541275
  ],
  "symmetry_ratio": [
    0.5176403522491455,
    3.2401859760284424
  ],
  "energy_distribution": [
    0.2618069648742676,
    0.30679938197135925
  ],
  "motion_stability": [
    3.2603321075439453,
    1.1133455038070679
  ],
  "freq_entropy": [
    9.118278503417969,
    8.67388916015625
  ]
}