{
  "dominant_freq": [
    0.6092684323550465,
    0.10297494631352899
  ],
  "amp_mean_x": [
    0.6418101787567139,
    0.9362777471542358
  ],
  "amp_mean_y": [
    0.6990380883216858,
    0.8490590453147888
  ],
  "symmetry_ratio": [
    0.9181333184242249,
    1.1027239561080933
  ],
  "energy_distribution": [
    0.2789350152015686,
    0.24120663106441498
  ],
  "motion_stability": [
    3.687248945236206,
    4.460624694824219
  ],
  "freq_entropy": [
    9.464005470275879,
    9.591341018676758
  ]
}