{
  "dominant_freq": [
    0.53946,
    0.10282773409578269
  ],
  "amp_mean_x": [
    0.10826026648283005,
    0.24845071136951447
  ],
  "amp_mean_y": [
    0.306217223405838,
    0.5061195492744446
  ],
  "symmetry_ratio": [
    0.3535407483577728,
    0.49089333415031433
  ],
  "energy_distribution": [
    0.24782776832580566,
    0.30441492795944214
  ],
  "motion_stability": [
    2.4806652069091797,
    2.8400156497955322
  ],
  "freq_entropy": [
    9.578022003173828,
    8.94742202758789
  ]
}