{
  "dominant_freq": [
    0.5578093306288032,
    7.050958627648839
  ],
  "amp_mean_x": [
    1.1817995309829712,
    1.076842188835144
  ],
  "amp_mean_y": [
    2.308152437210083,
    1.8706448078155518
  ],
  "symmetry_ratio": [
    0.5120110511779785,
    0.5756529569625854
  ],
  "energy_distribution": [
    0.2561100721359253,
    0.2190382182598114
  ],
  "motion_stability": [
    2.6490445137023926,
    2.011101245880127
  ],
  "freq_entropy": [
    9.029706954956055,
    9.024036407470703
  ]
}