{
  "dominant_freq": [
    2.965452631578947,
    2.741197049525816,
    4.580677894736841
  ],
  "amp_mean_x": [
    0.016840828582644463,
    0.875464916229248,
    0.03136257827281952
  ],
  "amp_mean_y": [
    0.0589737594127655,
    0.44085928797721863,
    0.1679178923368454
  ],
  "symmetry_ratio": [
    0.2855647802352905,
    1.9858148097991943,
    0.18677330017089844
  ],
  "energy_distribution": [
    0.3042566478252411,
    0.174418643116951,
    0.3359224796295166
  ],
  "motion_stability": [
    2.132307529449463,
    5.342761993408203,
    1.300955891609192
  ],
  "freq_entropy": [
    8.70591926574707,
    8.889546394348145,
    8.744550704956055
  ]
}