{
  "dominant_freq": [
    0.7765531062124248,
    0.2875
  ],
  "amp_mean_x": [
    0.1492135226726532,
    0.19447264075279236
  ],
  "amp_mean_y": [
    0.09176652878522873,
    0.13612142205238342
  ],
  "symmetry_ratio": [
    1.6260124444961548,
    1.4286704063415527
  ],
  "energy_distribution": [
    0.2855939269065857,
    0.5782332420349121
  ],
  "motion_stability": [
    2.725511312484741,
    1.3403122425079346
  ],
  "freq_entropy": [
    9.082305908203125,
    7.667181015014648
  ]
}