{
  "dominant_freq": [
    4.000210315999789,
    2.3821506098627476,
    7.2585642205895375
  ],
  "amp_mean_x": [
    0.5254186987876892,
    1.2831459045410156,
    0.262789785861969
  ],
  "amp_mean_y": [
    0.8789628744125366,
    2.312833547592163,
    0.6649763584136963
  ],
  "symmetry_ratio": [
    0.5977712273597717,
    0.5547938942909241,
    0.3951866626739502
  ],
  "energy_distribution": [
    0.16769134998321533,
    0.1804071068763733,
    0.26551640033721924
  ],
  "motion_stability": [
    2.464621067047119,
    4.175055980682373,
    3.9951980113983154
  ],
  "freq_entropy": [
    8.899202346801758,
    8.977484703063965,
    9.123504638671875
  ]
}