{
  "dominant_freq": [
    0.7021542857142857,
    0.2581765972720746
  ],
  "amp_mean_x": [
    0.2201465219259262,
    0.937791109085083
  ],
  "amp_mean_y": [
    0.4986395239830017,
    1.0477193593978882
  ],
  "symmetry_ratio": [
    0.44149431586265564,
    0.8950785398483276
  ],
  "energy_distribution": [
    0.17910172045230865,
    0.2946449816226959
  ],
  "motion_stability": [
    1.8783122301101685,
    2.9130797386169434
  ],
  "freq_entropy": [
    9.551034927368164,
    9.686325073242188
  ]
}