{
  "dominant_freq": [
    1.6987251063829785,
    0.6988748936170212,
    0.510127659574468,
    0.4438110638297872,
    4.642161702127659,
    3.9789957446808506,
    0.47951999999999995,
    3.91267914893617,
    0.8978246808510637
  ],
  "amp_mean_x": [
    0.04212546348571777,
    0.054849814623594284,
    0.06275346130132675,
    0.038977090269327164,
    0.04176892712712288,
    0.05583120882511139,
    0.07691685855388641,
    0.09401359409093857,
    0.0844520777463913
  ],
  "amp_mean_y": [
    0.12146945297718048,
    0.19992206990718842,
    0.1449906826019287,
    0.15160802006721497,
    0.15832208096981049,
    0.17211338877677917,
    0.1800268590450287,
    0.2052275687456131,
    0.2122766673564911
  ],
  "symmetry_ratio": [
    0.346798837184906,
    0.2743559777736664,
    0.43281030654907227,
    0.257091224193573,
    0.2638224959373474,
    0.32438620924949646,
    0.4272521138191223,
    0.45809435844421387,
    0.39783966541290283
  ],
  "energy_distribution": [
    0.19799575209617615,
    0.2484569400548935,
    0.22478467226028442,
    0.25022128224372864,
    0.21394585072994232,
    0.21122244000434875,
    0.19008411467075348,
    0.17313501238822937,
    0.2519875466823578
  ],
  "motion_stability": [
    1.987209439277649,
    1.447580099105835,
    1.4738298654556274,
    1.483651041984558,
    1.4913742542266846,
    1.4895910024642944,
    1.4958276748657227,
    1.5801451206207275,
    1.511317253112793
  ],
  "freq_entropy": [
    10.340173721313477,
    10.259982109069824,
    10.279779434204102,
    10.218307495117188,
    10.252241134643555,
    10.264799118041992,
    10.275388717651367,
    10.32707405090332,
    10.263212203979492
  ]
}