{
  "dominant_freq": [
    3.474782608695652,
    3.3219509668508276
  ],
  "amp_mean_x": [
    0.10825922340154648,
    0.4302384555339813
  ],
  "amp_mean_y": [
    0.16374264657497406,
    0.244440957903862
  ],
  "symmetry_ratio": [
    0.6611547470092773,
    1.7600915431976318
  ],
  "energy_distribution": [
    0.14940981566905975,
    0.5654023885726929
  ],
  "motion_stability": [
    1.9255213737487793,
    3.2794265747070312
  ],
  "freq_entropy": [
    9.26799488067627,
    8.345460891723633
  ]
}