{
  "dominant_freq": [
    2.545147160531776,
    0.47952047952047955,
    0.11065857219703373,
    5.053408130331207
  ],
  "amp_mean_x": [
    0.27416011691093445,
    0.2786312699317932,
    0.29903826117515564,
    0.11596392095088959
  ],
  "amp_mean_y": [
    0.2870289981365204,
    0.3791044354438782,
    0.33386629819869995,
    0.14905960857868195
  ],
  "symmetry_ratio": [
    0.9551652073860168,
    0.734972357749939,
    0.895682692527771,
    0.7779701352119446
  ],
  "energy_distribution": [
    0.22024224698543549,
    0.19264519214630127,
    0.3556123375892639,
    0.32549768686294556
  ],
  "motion_stability": [
    1.0739836692810059,
    1.0199894905090332,
    1.58663010597229,
    1.532324194908142
  ],
  "freq_entropy": [
    8.45937728881836,
    8.35002326965332,
    8.191156387329102,
    8.425434112548828
  ]
}