{
  "dominant_freq": [
    0.639237765266349,
    1.5006252605252188
  ],
  "amp_mean_x": [
    0.8413577675819397,
    0.47834959626197815
  ],
  "amp_mean_y": [
    2.163642406463623,
    0.5693157911300659
  ],
  "symmetry_ratio": [
    0.388861745595932,
    0.8402183651924133
  ],
  "energy_distribution": [
    0.2577904760837555,
    0.19713714718818665
  ],
  "motion_stability": [
    4.554574966430664,
    2.1208934783935547
  ],
  "freq_entropy": [
    10.331292152404785,
    10.266685485839844
  ]
}