{
  "dominant_freq": [
    0.10137843551797039,
    0.1009515789473684,
    4.101157894736842
  ],
  "amp_mean_x": [
    0.24294814467430115,
    0.06281266361474991,
    0.04217974469065666
  ],
  "amp_mean_y": [
    0.38947075605392456,
    0.1182803213596344,
    0.0822821855545044
  ],
  "symmetry_ratio": [
    0.623790442943573,
    0.5310491323471069,
    0.5126230716705322
  ],
  "energy_distribution": [
    0.37187081575393677,
    0.3471940755844116,
    0.28706568479537964
  ],
  "motion_stability": [
    2.6765880584716797,
    1.549852728843689,
    1.94123113155365
  ],
  "freq_entropy": [
    8.594496726989746,
    8.728829383850098,
    9.115915298461914
  ]
}