{
  "dominant_freq": [
    0.1009515789473684,
    2.0695073684210525,
    2.0529133192389004
  ],
  "amp_mean_x": [
    0.22545355558395386,
    0.5430106520652771,
    0.6849029660224915
  ],
  "amp_mean_y": [
    0.427429735660553,
    0.6304758787155151,
    1.4236820936203003
  ],
  "symmetry_ratio": [
    0.527463436126709,
    0.86127108335495,
    0.4810785949230194
  ],
  "energy_distribution": [
    0.4269661605358124,
    0.25666543841362,
    0.21936634182929993
  ],
  "motion_stability": [
    2.6300806999206543,
    3.6242880821228027,
    2.492438793182373
  ],
  "freq_entropy": [
    8.721141815185547,
    9.0912504196167,
    9.055023193359375
  ]
}