{
  "dominant_freq": [
    4.455310344827586,
    1.6351918158567775,
    5.166889267461669
  ],
  "amp_mean_x": [
    0.40390363335609436,
    0.4814455807209015,
    0.28189828991889954
  ],
  "amp_mean_y": [
    0.4363817870616913,
    1.1917773485183716,
    0.5801764130592346
  ],
  "symmetry_ratio": [
    0.925574004650116,
    0.4039727449417114,
    0.4858837425708771
  ],
  "energy_distribution": [
    0.22066377103328705,
    0.26117631793022156,
    0.22966039180755615
  ],
  "motion_stability": [
    1.8061530590057373,
    3.9264063835144043,
    2.3562488555908203
  ],
  "freq_entropy": [
    10.230359077453613,
    10.287249565124512,
    10.338598251342773
  ]
}