{
  "dominant_freq": [
    5.153552148929653,
    4.3865908527562665
  ],
  "amp_mean_x": [
    1.2182657718658447,
    2.512392282485962
  ],
  "amp_mean_y": [
    0.7382712960243225,
    5.440201759338379
  ],
  "symmetry_ratio": [
    1.6501599550247192,
    0.46181967854499817
  ],
  "energy_distribution": [
    0.26477906107902527,
    0.28638917207717896
  ],
  "motion_stability": [
    1.6765780448913574,
    3.8945112228393555
  ],
  "freq_entropy": [
    9.480603218078613,
    9.316128730773926
  ]
}