{
  "dominant_freq": [
    3.2291080851063825,
    1.304155290102389
  ],
  "amp_mean_x": [
    0.06078210845589638,
    0.1292356699705124
  ],
  "amp_mean_y": [
    0.18644651770591736,
    0.4752885103225708
  ],
  "symmetry_ratio": [
    0.32600292563438416,
    0.2719099521636963
  ],
  "energy_distribution": [
    0.29215484857559204,
    0.5071786642074585
  ],
  "motion_stability": [
    2.469428062438965,
    4.692951202392578
  ],
  "freq_entropy": [
    10.30652141571045,
    9.724000930786133
  ]
}