{
  "dominant_freq": [
    4.382871536523929,
    4.479695431472082
  ],
  "amp_mean_x": [
    0.43276581168174744,
    0.7541038393974304
  ],
  "amp_mean_y": [
    1.4623801708221436,
    2.4747705459594727
  ],
  "symmetry_ratio": [
    0.29593250155448914,
    0.30471667647361755
  ],
  "energy_distribution": [
    0.15187501907348633,
    0.15222452580928802
  ],
  "motion_stability": [
    3.24127197265625,
    4.16717529296875
  ],
  "freq_entropy": [
    9.06999397277832,
    9.076194763183594
  ]
}