{
  "dominant_freq": [
    1.432146829810901,
    1.0138888888888888,
    2.614015572858732
  ],
  "amp_mean_x": [
    0.31698036193847656,
    0.40876442193984985,
    0.200063556432724
  ],
  "amp_mean_y": [
    0.3752393126487732,
    0.4495188295841217,
    0.25941434502601624
  ],
  "symmetry_ratio": [
    0.8447418808937073,
    0.9093376994132996,
    0.7712123990058899
  ],
  "energy_distribution": [
    0.20871125161647797,
    0.2052673101425171,
    0.1889924705028534
  ],
  "motion_stability": [
    1.3986339569091797,
    1.317105770111084,
    1.5564730167388916
  ],
  "freq_entropy": [
    8.8199462890625,
    8.830702781677246,
    8.893146514892578
  ]
}