{
  "dominant_freq": [
    0.4795204795204795,
    0.26155662519298883
  ],
  "amp_mean_x": [
    0.14538945257663727,
    0.08355428278446198
  ],
  "amp_mean_y": [
    0.29836705327033997,
    0.1614837348461151
  ],
  "symmetry_ratio": [
    0.4872838854789734,
    0.5174161195755005
  ],
  "energy_distribution": [
    0.22355501353740692,
    0.2797192931175232
  ],
  "motion_stability": [
    0.6170395612716675,
    1.2713775634765625
  ],
  "freq_entropy": [
    9.185807228088379,
    9.023792266845703
  ]
}