{
  "dominant_freq": [
    4.30403379091869,
    4.177444561774023,
    4.557212249208025
  ],
  "amp_mean_x": [
    0.3762696087360382,
    0.2372097223997116,
    0.14184008538722992
  ],
  "amp_mean_y": [
    1.0368447303771973,
    0.355484277009964,
    0.2647113502025604
  ],
  "symmetry_ratio": [
    0.36289870738983154,
    0.6672860980033875,
    0.5358292460441589
  ],
  "energy_distribution": [
    0.11443661898374557,
    0.2197604924440384,
    0.17626160383224487
  ],
  "motion_stability": [
    5.158018112182617,
    2.889082193374634,
    1.8518505096435547
  ],
  "freq_entropy": [
    9.1482572555542,
    8.988701820373535,
    9.028825759887695
  ]
}