{
  "dominant_freq": [
    0.305,
    0.475
  ],
  "amp_mean_x": [
    0.05155336484313011,
    0.0446099154651165
  ],
  "amp_mean_y": [
    0.11335457861423492,
    0.079979307949543
  ],
  "symmetry_ratio": [
    0.4547973871231079,
    0.5577682256698608
  ],
  "energy_distribution": [
    0.21637332439422607,
    0.27763134241104126
  ],
  "motion_stability": [
    3.1806387901306152,
    1.2893855571746826
  ],
  "freq_entropy": [
    10.397969245910645,
    10.046710014343262
  ]
}