{
  "dominant_freq": [
    2.9070899999999997,
    0.49949999999999994
  ],
  "amp_mean_x": [
    0.8156655430793762,
    1.1267549991607666
  ],
  "amp_mean_y": [
    0.6788036823272705,
    0.6939681172370911
  ],
  "symmetry_ratio": [
    1.2016221284866333,
    1.6236408948898315
  ],
  "energy_distribution": [
    0.12780968844890594,
    0.23664186894893646
  ],
  "motion_stability": [
    2.0328292846679688,
    1.2422049045562744
  ],
  "freq_entropy": [
    9.466081619262695,
    9.212360382080078
  ]
}