{
  "dominant_freq": [
    4.917053686471009,
    0.497000714796283
  ],
  "amp_mean_x": [
    0.24658001959323883,
    0.3507210314273834
  ],
  "amp_mean_y": [
    0.8699352741241455,
    0.9647139310836792
  ],
  "symmetry_ratio": [
    0.28344640135765076,
    0.36354926228523254
  ],
  "energy_distribution": [
    0.5070763826370239,
    0.24104022979736328
  ],
  "motion_stability": [
    2.6004910469055176,
    2.4293599128723145
  ],
  "freq_entropy": [
    9.205652236938477,
    9.591836929321289
  ]
}