{
  "dominant_freq": [
    1.6688172043010754,
    0.11345454545454545
  ],
  "amp_mean_x": [
    0.6883431077003479,
    1.5645263195037842
  ],
  "amp_mean_y": [
    0.7943175435066223,
    3.137166976928711
  ],
  "symmetry_ratio": [
    0.866584300994873,
    0.49870672821998596
  ],
  "energy_distribution": [
    0.25795310735702515,
    0.2559666037559509
  ],
  "motion_stability": [
    3.2557621002197266,
    3.062201976776123
  ],
  "freq_entropy": [
    9.493278503417969,
    9.391870498657227
  ]
}