{
  "dominant_freq": [
    3.495448421052631,
    0.4164252631578947,
    0.47951999999999995
  ],
  "amp_mean_x": [
    0.22061792016029358,
    0.09023340046405792,
    0.10701517015695572
  ],
  "amp_mean_y": [
    0.3605882525444031,
    0.24426783621311188,
    0.13127782940864563
  ],
  "symmetry_ratio": [
    0.6118277907371521,
    0.36940354108810425,
    0.8151808381080627
  ],
  "energy_distribution": [
    0.2075047343969345,
    0.3569549024105072,
    0.27264949679374695
  ],
  "motion_stability": [
    4.275713920593262,
    1.58931565284729,
    1.8870824575424194
  ],
  "freq_entropy": [
    9.204787254333496,
    8.700094223022461,
    8.91777515411377
  ]
}