{
  "dominant_freq": [
    0.455
  ],
  "amp_mean_x": [
    0.08442137390375137
  ],
  "amp_mean_y": [
    0.1682763397693634
  ],
  "symmetry_ratio": [
    0.5016829967498779
  ],
  "energy_distribution": [
    0.2837100028991699
  ],
  "motion_stability": [
    3.612372398376465
  ],
  "freq_entropy": [
    10.436323165893555
  ]
}