{
  "dominant_freq": [
    5.707787022665915,
    0.11622726304166747
  ],
  "amp_mean_x": [
    0.7709655165672302,
    0.791067361831665
  ],
  "amp_mean_y": [
    2.040571689605713,
    1.9427210092544556
  ],
  "symmetry_ratio": [
    0.37781840562820435,
    0.4071955680847168
  ],
  "energy_distribution": [
    0.20971153676509857,
    0.43035057187080383
  ],
  "motion_stability": [
    2.1939620971679688,
    2.085927724838257
  ],
  "freq_entropy": [
    9.623860359191895,
    9.289314270019531
  ]
}