{
  "dominant_freq": [
    0.11357063988642935,
    0.5299963194700037,
    0.2902360797097639
  ],
  "amp_mean_x": [
    0.07623732835054398,
    0.08548492938280106,
    0.127572700381279
  ],
  "amp_mean_y": [
    0.1167464554309845,
    0.147642582654953,
    0.10230819135904312
  ],
  "symmetry_ratio": [
    0.653016209602356,
    0.5789991617202759,
    1.2469451427459717
  ],
  "energy_distribution": [
    0.33768996596336365,
    0.26326248049736023,
    0.3312467336654663
  ],
  "motion_stability": [
    1.3656258583068848,
    1.3403308391571045,
    1.3042304515838623
  ],
  "freq_entropy": [
    8.708430290222168,
    8.803059577941895,
    8.11751651763916
  ]
}