{
  "dominant_freq": [
    0.442057942057942,
    2.0904095904095903
  ],
  "amp_mean_x": [
    0.06047499552369118,
    0.47141021490097046
  ],
  "amp_mean_y": [
    0.10559723526239395,
    0.48911580443382263
  ],
  "symmetry_ratio": [
    0.5726948976516724,
    0.963800847530365
  ],
  "energy_distribution": [
    0.3092946708202362,
    0.19763004779815674
  ],
  "motion_stability": [
    3.2165369987487793,
    2.718461513519287
  ],
  "freq_entropy": [
    9.656938552856445,
    9.778054237365723
  ]
}