{
  "dominant_freq": [
    2.665870786516854,
    0.15957404326123129
  ],
  "amp_mean_x": [
    1.906620740890503,
    1.6561347246170044
  ],
  "amp_mean_y": [
    3.751281261444092,
    4.034666061401367
  ],
  "symmetry_ratio": [
    0.5082585215568542,
    0.4104762673377991
  ],
  "energy_distribution": [
    0.26445484161376953,
    0.2631109058856964
  ],
  "motion_stability": [
    3.2810420989990234,
    4.465724945068359
  ],
  "freq_entropy": [
    10.074384689331055,
    9.335524559020996
  ]
}