{
  "dominant_freq": [
    0.30000000000000004,
    0.10344827586206896
  ],
  "amp_mean_x": [
    0.05865386873483658,
    1.200791835784912
  ],
  "amp_mean_y": [
    0.15613140165805817,
    2.131135940551758
  ],
  "symmetry_ratio": [
    0.3756698966026306,
    0.5634515285491943
  ],
  "energy_distribution": [
    0.2416059821844101,
    0.6451493501663208
  ],
  "motion_stability": [
    1.3824104070663452,
    5.454377174377441
  ],
  "freq_entropy": [
    9.484536170959473,
    8.352609634399414
  ]
}