{
  "dominant_freq": [
    3.0787468247248095,
    0.26533166458072593
  ],
  "amp_mean_x": [
    1.1628063917160034,
    0.5545742511749268
  ],
  "amp_mean_y": [
    1.1348111629486084,
    0.9857851266860962
  ],
  "symmetry_ratio": [
    1.0246695280075073,
    0.562571108341217
  ],
  "energy_distribution": [
    0.4795837104320526,
    0.3952593207359314
  ],
  "motion_stability": [
    5.699638366699219,
    2.2512731552124023
  ],
  "freq_entropy": [
    9.782554626464844,
    9.561275482177734
  ]
}