{
  "dominant_freq": [
    0.4795204795204795,
    1.6712699065640242
  ],
  "amp_mean_x": [
    0.05382176488637924,
    0.22871242463588715
  ],
  "amp_mean_y": [
    0.12990856170654297,
    0.12809297442436218
  ],
  "symmetry_ratio": [
    0.4143049716949463,
    1.7855188846588135
  ],
  "energy_distribution": [
    0.20547913014888763,
    0.08919142186641693
  ],
  "motion_stability": [
    4.5793561935424805,
    4.326964855194092
  ],
  "freq_entropy": [
    9.939034461975098,
    9.693023681640625
  ]
}