{
  "dominant_freq": [
    5.386948085106383,
    2.2423229654878565,
    0.4813635198633062
  ],
  "amp_mean_x": [
    0.21114753186702728,
    0.49121958017349243,
    0.6473556160926819
  ],
  "amp_mean_y": [
    0.35592660307884216,
    0.5497716665267944,
    1.0790759325027466
  ],
  "symmetry_ratio": [
    0.5932333469390869,
    0.8934974670410156,
    0.5999166369438171
  ],
  "energy_distribution": [
    0.1753847301006317,
    0.20759066939353943,
    0.2210472971200943
  ],
  "motion_stability": [
    1.8239688873291016,
    1.499328851699829,
    1.9935799837112427
  ],
  "freq_entropy": [
    10.398138046264648,
    10.262957572937012,
    10.235086441040039
  ]
}