{
  "dominant_freq": [
    4.767379746835443,
    2.364721518987342,
    4.4544884210526305
  ],
  "amp_mean_x": [
    0.8404049277305603,
    0.3750327527523041,
    0.6198868155479431
  ],
  "amp_mean_y": [
    0.48966947197914124,
    0.3791579008102417,
    0.36748194694519043
  ],
  "symmetry_ratio": [
    1.716269850730896,
    0.9891202449798584,
    1.6868497133255005
  ],
  "energy_distribution": [
    0.31454235315322876,
    0.17288672924041748,
    0.3405446410179138
  ],
  "motion_stability": [
    5.461421012878418,
    6.105917930603027,
    4.446695804595947
  ],
  "freq_entropy": [
    9.010238647460938,
    9.085845947265625,
    8.94465446472168
  ]
}