{
  "dominant_freq": [
    0.44590557939914166,
    4.355352517985611
  ],
  "amp_mean_x": [
    0.3952840268611908,
    1.1426490545272827
  ],
  "amp_mean_y": [
    0.48948389291763306,
    0.8791378140449524
  ],
  "symmetry_ratio": [
    0.807552695274353,
    1.2997382879257202
  ],
  "energy_distribution": [
    0.2189403772354126,
    0.20964905619621277
  ],
  "motion_stability": [
    1.8993570804595947,
    3.0193827152252197
  ],
  "freq_entropy": [
    9.537965774536133,
    9.556497573852539
  ]
}