{
  "dominant_freq": [
    0.1009515789473684,
    0.2776168421052631,
    0.1009515789473684
  ],
  "amp_mean_x": [
    0.11419735848903656,
    0.2211112529039383,
    0.3053535223007202
  ],
  "amp_mean_y": [
    0.18677596747875214,
    0.6607517004013062,
    0.5499508380889893
  ],
  "symmetry_ratio": [
    0.6114135384559631,
    0.3346359133720398,
    0.5552378296852112
  ],
  "energy_distribution": [
    0.3917748034000397,
    0.28903964161872864,
    0.2554808557033539
  ],
  "motion_stability": [
    1.6051305532455444,
    1.6110103130340576,
    1.9078962802886963
  ],
  "freq_entropy": [
    8.551164627075195,
    8.964115142822266,
    9.085899353027344
  ]
}