{
  "dominant_freq": [
    1.793076923076923,
    4.552405063291139,
    2.687835789473684
  ],
  "amp_mean_x": [
    0.93463134765625,
    0.8943619728088379,
    0.24500051140785217
  ],
  "amp_mean_y": [
    0.9179579019546509,
    1.1436548233032227,
    0.3984961211681366
  ],
  "symmetry_ratio": [
    1.0181636810302734,
    0.7820209264755249,
    0.6148127913475037
  ],
  "energy_distribution": [
    0.27766430377960205,
    0.24640850722789764,
    0.16876965761184692
  ],
  "motion_stability": [
    4.163817405700684,
    5.210814476013184,
    1.9644967317581177
  ],
  "freq_entropy": [
    9.125943183898926,
    9.003824234008789,
    8.981656074523926
  ]
}