{
  "dominant_freq": [
    0.2592,
    2.918048472075869,
    3.587557428872497
  ],
  "amp_mean_x": [
    2.104534149169922,
    1.2879003286361694,
    0.31288379430770874
  ],
  "amp_mean_y": [
    1.169724464416504,
    0.9495581984519958,
    0.40970146656036377
  ],
  "symmetry_ratio": [
    1.7991708517074585,
    1.3563153743743896,
    0.763687252998352
  ],
  "energy_distribution": [
    0.3298962414264679,
    0.332563579082489,
    0.2736537754535675
  ],
  "motion_stability": [
    4.255796432495117,
    5.596466064453125,
    3.573411464691162
  ],
  "freq_entropy": [
    8.945708274841309,
    8.86131477355957,
    9.06278133392334
  ]
}