{
  "dominant_freq": [
    1.3580954003407155,
    3.2666396900559618
  ],
  "amp_mean_x": [
    0.24014435708522797,
    0.7060409188270569
  ],
  "amp_mean_y": [
    0.5472545027732849,
    2.3356897830963135
  ],
  "symmetry_ratio": [
    0.4388166069984436,
    0.3022836744785309
  ],
  "energy_distribution": [
    0.3384544849395752,
    0.17874616384506226
  ],
  "motion_stability": [
    2.3226280212402344,
    2.2996389865875244
  ],
  "freq_entropy": [
    10.257823944091797,
    10.255834579467773
  ]
}