{
  "dominant_freq": [
    0.7706571428571428,
    4.14734158776402
  ],
  "amp_mean_x": [
    0.4261307120323181,
    1.4499940872192383
  ],
  "amp_mean_y": [
    0.7057945728302002,
    2.2841813564300537
  ],
  "symmetry_ratio": [
    0.6037602424621582,
    0.6347981691360474
  ],
  "energy_distribution": [
    0.19744187593460083,
    0.3105281889438629
  ],
  "motion_stability": [
    2.3029873371124268,
    3.0997962951660156
  ],
  "freq_entropy": [
    9.830120086669922,
    8.89590835571289
  ]
}