{
  "dominant_freq": [
    0.15358361774744028,
    0.13
  ],
  "amp_mean_x": [
    0.47263458371162415,
    0.15747594833374023
  ],
  "amp_mean_y": [
    0.7101161479949951,
    0.27262547612190247
  ],
  "symmetry_ratio": [
    0.6655736565589905,
    0.577627420425415
  ],
  "energy_distribution": [
    0.2924925982952118,
    0.6018950343132019
  ],
  "motion_stability": [
    5.336309432983398,
    2.644019365310669
  ],
  "freq_entropy": [
    8.754571914672852,
    7.897972583770752
  ]
}