{
  "dominant_freq": [
    0.4795204795204795,
    0.7090781558866666
  ],
  "amp_mean_x": [
    0.20520561933517456,
    0.23719142377376556
  ],
  "amp_mean_y": [
    0.19957154989242554,
    0.22982479631900787
  ],
  "symmetry_ratio": [
    1.0282307863235474,
    1.0320532321929932
  ],
  "energy_distribution": [
    0.19810330867767334,
    0.23675879836082458
  ],
  "motion_stability": [
    1.2706592082977295,
    0.9097132682800293
  ],
  "freq_entropy": [
    10.231156349182129,
    10.047113418579102
  ]
}