{
  "dominant_freq": [
    5.341041936786617,
    0.9284332688588006
  ],
  "amp_mean_x": [
    0.13598375022411346,
    0.12332819402217865
  ],
  "amp_mean_y": [
    0.2250145673751831,
    0.1998768150806427
  ],
  "symmetry_ratio": [
    0.6043331027030945,
    0.6170210242271423
  ],
  "energy_distribution": [
    0.19713294506072998,
    0.22613957524299622
  ],
  "motion_stability": [
    1.2836394309997559,
    1.4040424823760986
  ],
  "freq_entropy": [
    10.29463005065918,
    10.140830993652344
  ]
}