{
  "dominant_freq": [
    4.167839650145772,
    0.33395142857142857
  ],
  "amp_mean_x": [
    0.7736695408821106,
    0.4559079110622406
  ],
  "amp_mean_y": [
    1.5656318664550781,
    0.27037766575813293
  ],
  "symmetry_ratio": [
    0.4941580295562744,
    1.6861892938613892
  ],
  "energy_distribution": [
    0.28574997186660767,
    0.36305126547813416
  ],
  "motion_stability": [
    6.252592086791992,
    1.6234769821166992
  ],
  "freq_entropy": [
    9.480320930480957,
    9.433847427368164
  ]
}