{
  "dominant_freq": [
    0.10290128755364807,
    0.3558589981447124
  ],
  "amp_mean_x": [
    0.323490172624588,
    10.712465286254883
  ],
  "amp_mean_y": [
    0.7721176743507385,
    14.825078964233398
  ],
  "symmetry_ratio": [
    0.41896486282348633,
    0.7225907444953918
  ],
  "energy_distribution": [
    0.21297237277030945,
    0.3196991980075836
  ],
  "motion_stability": [
    6.6218719482421875,
    2.2050561904907227
  ],
  "freq_entropy": [
    9.479469299316406,
    9.106003761291504
  ]
}