{
  "dominant_freq": [
    0.21231422505307856,
    0.11842105263157894,
    0.10526315789473684
  ],
  "amp_mean_x": [
    0.5663842558860779,
    0.1737271249294281,
    0.12307775765657425
  ],
  "amp_mean_y": [
    1.6988269090652466,
    0.6995488405227661,
    0.2721138596534729
  ],
  "symmetry_ratio": [
    0.3333972692489624,
    0.2483416646718979,
    0.4523024260997772
  ],
  "energy_distribution": [
    0.50347501039505,
    0.33090701699256897,
    0.34425875544548035
  ],
  "motion_stability": [
    2.1352999210357666,
    1.394263744354248,
    1.5621447563171387
  ],
  "freq_entropy": [
    8.46419906616211,
    8.706762313842773,
    8.737985610961914
  ]
}