{
  "dominant_freq": [
    0.15031989953620045,
    5.014396999368822
  ],
  "amp_mean_x": [
    0.3764316737651825,
    0.4134390652179718
  ],
  "amp_mean_y": [
    0.7705349326133728,
    0.7762947082519531
  ],
  "symmetry_ratio": [
    0.4885329008102417,
    0.5325800180435181
  ],
  "energy_distribution": [
    0.2776205539703369,
    0.43212753534317017
  ],
  "motion_stability": [
    2.483290672302246,
    1.9810711145401
  ],
  "freq_entropy": [
    9.640429496765137,
    9.344785690307617
  ]
}