{
  "dominant_freq": [
    0.4622222222222222,
    1.2739420935412025
  ],
  "amp_mean_x": [
    0.12534838914871216,
    0.6673043966293335
  ],
  "amp_mean_y": [
    0.2221837043762207,
    1.1214394569396973
  ],
  "symmetry_ratio": [
    0.5641655325889587,
    0.5950427055358887
  ],
  "energy_distribution": [
    0.211024209856987,
    0.18457309901714325
  ],
  "motion_stability": [
    1.5259939432144165,
    3.415437698364258
  ],
  "freq_entropy": [
    9.324568748474121,
    9.54219913482666
  ]
}