{
  "dominant_freq": [
    0.10159332193230498,
    1.4259424785740573,
    5.8047215941952786
  ],
  "amp_mean_x": [
    0.735331654548645,
    0.983414888381958,
    0.4124336242675781
  ],
  "amp_mean_y": [
    0.6121165156364441,
    0.8128176927566528,
    0.8442946672439575
  ],
  "symmetry_ratio": [
    1.2012935876846313,
    1.209883689880371,
    0.488494873046875
  ],
  "energy_distribution": [
    0.29708728194236755,
    0.2063639611005783,
    0.1677844375371933
  ],
  "motion_stability": [
    2.032097816467285,
    2.7233548164367676,
    2.0007991790771484
  ],
  "freq_entropy": [
    8.948860168457031,
    9.02992057800293,
    9.184237480163574
  ]
}