{
  "dominant_freq": [
    0.46285714285714286,
    2.286532951289398
  ],
  "amp_mean_x": [
    0.11370357125997543,
    0.31649014353752136
  ],
  "amp_mean_y": [
    0.17957809567451477,
    0.5295776724815369
  ],
  "symmetry_ratio": [
    0.6331706047058105,
    0.5976274013519287
  ],
  "energy_distribution": [
    0.1690875142812729,
    0.22476692497730255
  ],
  "motion_stability": [
    1.9091789722442627,
    2.4728095531463623
  ],
  "freq_entropy": [
    9.506711959838867,
    9.603487014770508
  ]
}