{
  "dominant_freq": [
    3.555589787234042,
    0.2805702127659574
  ],
  "amp_mean_x": [
    0.1750621795654297,
    0.13851262629032135
  ],
  "amp_mean_y": [
    0.332675039768219,
    0.384621798992157
  ],
  "symmetry_ratio": [
    0.526225745677948,
    0.3601268231868744
  ],
  "energy_distribution": [
    0.18503819406032562,
    0.2531796097755432
  ],
  "motion_stability": [
    1.9417773485183716,
    2.4784598350524902
  ],
  "freq_entropy": [
    10.33292007446289,
    10.373517990112305
  ]
}