{
  "dominant_freq": [
    2.9340540077153876,
    0.31170843989769825
  ],
  "amp_mean_x": [
    0.6376329660415649,
    0.3179914951324463
  ],
  "amp_mean_y": [
    1.1357516050338745,
    0.45993950963020325
  ],
  "symmetry_ratio": [
    0.5614193677902222,
    0.691376805305481
  ],
  "energy_distribution": [
    0.25687405467033386,
    0.25616538524627686
  ],
  "motion_stability": [
    2.8341562747955322,
    1.7910664081573486
  ],
  "freq_entropy": [
    10.207743644714355,
    10.394564628601074
  ]
}