{
  "dominant_freq": [
    3.329403839676659,
    0.3709349593495935,
    0.355,
    0.36
  ],
  "amp_mean_x": [
    0.581434428691864,
    0.2127205729484558,
    0.24944669008255005,
    0.26014265418052673
  ],
  "amp_mean_y": [
    0.8763819336891174,
    0.2959965169429779,
    0.37177368998527527,
    0.37332019209861755
  ],
  "symmetry_ratio": [
    0.663448691368103,
    0.7186590433120728,
    0.6709638237953186,
    0.6968352198600769
  ],
  "energy_distribution": [
    0.16601355373859406,
    0.23180370032787323,
    0.23119153082370758,
    0.21464242041110992
  ],
  "motion_stability": [
    2.943343162536621,
    1.4231915473937988,
    1.7247862815856934,
    1.1532515287399292
  ],
  "freq_entropy": [
    10.35952377319336,
    10.14192008972168,
    10.219804763793945,
    10.273393630981445
  ]
}