{
  "dominant_freq": [
    4.535034893617021,
    0.1123236797274276,
    0.12753191489361698,
    0.12753191489361698,
    0.10712680851063829,
    0.11222808510638296,
    4.690068965517241
  ],
  "amp_mean_x": [
    0.3037046790122986,
    0.48823243379592896,
    0.3168585002422333,
    0.39805135130882263,
    0.23094311356544495,
    0.6195902824401855,
    0.2788013517856598
  ],
  "amp_mean_y": [
    0.34698882699012756,
    0.6265453100204468,
    0.3854685127735138,
    0.3292270004749298,
    0.28122490644454956,
    0.5238043069839478,
    0.4754803478717804
  ],
  "symmetry_ratio": [
    0.8752577900886536,
    0.7792451977729797,
    0.8220087885856628,
    1.2090482711791992,
    0.8212043642997742,
    1.1828659772872925,
    0.5863572359085083
  ],
  "energy_distribution": [
    0.1822131872177124,
    0.723777711391449,
    0.2854120433330536,
    0.4923892319202423,
    0.4852100610733032,
    0.7209426164627075,
    0.18105767667293549
  ],
  "motion_stability": [
    2.0017247200012207,
    1.9425580501556396,
    1.5252926349639893,
    2.6961798667907715,
    1.634718418121338,
    3.7524685859680176,
    4.060391426086426
  ],
  "freq_entropy": [
    10.323720932006836,
    8.56374740600586,
    10.032571792602539,
    9.874898910522461,
    9.655898094177246,
    8.882545471191406,
    10.304924011230469
  ]
}