{
  "dominant_freq": [
    7.457286432160804,
    5.507537688442211
  ],
  "amp_mean_x": [
    0.9399731755256653,
    0.8205679655075073
  ],
  "amp_mean_y": [
    1.174423336982727,
    1.1840604543685913
  ],
  "symmetry_ratio": [
    0.8003699779510498,
    0.6930118799209595
  ],
  "energy_distribution": [
    0.22258006036281586,
    0.18760521709918976
  ],
  "motion_stability": [
    1.813279151916504,
    1.8115739822387695
  ],
  "freq_entropy": [
    9.330540657043457,
    9.342826843261719
  ]
}