{
  "dominant_freq": [
    0.10095167989904831,
    2.18308007781692,
    0.10095167989904831
  ],
  "amp_mean_x": [
    1.1279019117355347,
    0.8825460076332092,
    0.4926525056362152
  ],
  "amp_mean_y": [
    2.130082368850708,
    1.2308268547058105,
    0.7087815999984741
  ],
  "symmetry_ratio": [
    0.5295109152793884,
    0.7170350551605225,
    0.6950695514678955
  ],
  "energy_distribution": [
    0.3072667419910431,
    0.16705229878425598,
    0.2230999916791916
  ],
  "motion_stability": [
    3.965750217437744,
    2.104513168334961,
    1.402436375617981
  ],
  "freq_entropy": [
    8.79800796508789,
    8.975212097167969,
    9.013815879821777
  ]
}