{
  "dominant_freq": [
    9.17650651465798,
    3.456072351421189
  ],
  "amp_mean_x": [
    1.6610482931137085,
    3.043445348739624
  ],
  "amp_mean_y": [
    2.4131367206573486,
    6.072047710418701
  ],
  "symmetry_ratio": [
    0.6883357763290405,
    0.5012222528457642
  ],
  "energy_distribution": [
    0.2310268133878708,
    0.23792283236980438
  ],
  "motion_stability": [
    2.341874599456787,
    2.121445655822754
  ],
  "freq_entropy": [
    10.294656753540039,
    10.238462448120117
  ]
}