{
  "dominant_freq": [
    5.848675914249686,
    0.4725000000000001
  ],
  "amp_mean_x": [
    0.4263986051082611,
    0.1470794826745987
  ],
  "amp_mean_y": [
    0.9336709976196289,
    0.8809478282928467
  ],
  "symmetry_ratio": [
    0.4566904306411743,
    0.16695594787597656
  ],
  "energy_distribution": [
    0.1716414839029312,
    0.21428050100803375
  ],
  "motion_stability": [
    2.1536643505096436,
    0.9088743329048157
  ],
  "freq_entropy": [
    9.732392311096191,
    9.64494514465332
  ]
}