{
  "dominant_freq": [
    0.28750000000000003,
    6.021341463414634
  ],
  "amp_mean_x": [
    0.22391997277736664,
    1.4521318674087524
  ],
  "amp_mean_y": [
    0.2185060828924179,
    1.5552425384521484
  ],
  "symmetry_ratio": [
    1.024776816368103,
    0.93370121717453
  ],
  "energy_distribution": [
    0.20666758716106415,
    0.16803127527236938
  ],
  "motion_stability": [
    1.384951114654541,
    3.4609861373901367
  ],
  "freq_entropy": [
    8.912147521972656,
    8.963624954223633
  ]
}