{
  "dominant_freq": [
    4.370178699070765,
    0.11139671193709791
  ],
  "amp_mean_x": [
    0.33349186182022095,
    0.4744306802749634
  ],
  "amp_mean_y": [
    0.570409893989563,
    0.8089030981063843
  ],
  "symmetry_ratio": [
    0.5846530199050903,
    0.5865111351013184
  ],
  "energy_distribution": [
    0.23294943571090698,
    0.2785087823867798
  ],
  "motion_stability": [
    2.6614813804626465,
    1.722411870956421
  ],
  "freq_entropy": [
    9.578887939453125,
    9.465381622314453
  ]
}