{
  "dominant_freq": [
    2.93
  ],
  "amp_mean_x": [
    0.22914350032806396
  ],
  "amp_mean_y": [
    0.1436627209186554
  ],
  "symmetry_ratio": [
    1.5950101613998413
  ],
  "energy_distribution": [
    0.5434525609016418
  ],
  "motion_stability": [
    3.3406589031219482
  ],
  "freq_entropy": [
    9.803327560424805
  ]
}