{
  "dominant_freq": [
    3.228332559378871,
    0.28771228771228774
  ],
  "amp_mean_x": [
    0.5673398375511169,
    0.36099162697792053
  ],
  "amp_mean_y": [
    0.5180047154426575,
    0.7195011973381042
  ],
  "symmetry_ratio": [
    1.0952407121658325,
    0.5017248392105103
  ],
  "energy_distribution": [
    0.2504396140575409,
    0.26654383540153503
  ],
  "motion_stability": [
    1.5518031120300293,
    1.6134355068206787
  ],
  "freq_entropy": [
    9.803409576416016,
    9.772159576416016
  ]
}