{
  "dominant_freq": [
    0.10105263157894738,
    0.13924050632911394,
    1.2518440463645943
  ],
  "amp_mean_x": [
    0.1247248724102974,
    0.24483570456504822,
    0.7276358604431152
  ],
  "amp_mean_y": [
    0.22628667950630188,
    0.31917962431907654,
    0.7681458592414856
  ],
  "symmetry_ratio": [
    0.5511807799339294,
    0.7670781016349792,
    0.9472626447677612
  ],
  "energy_distribution": [
    0.35879194736480713,
    0.39790716767311096,
    0.2199128121137619
  ],
  "motion_stability": [
    1.9310731887817383,
    2.5074894428253174,
    2.28515625
  ],
  "freq_entropy": [
    8.718067169189453,
    8.721159934997559,
    9.013029098510742
  ]
}