{
  "dominant_freq": [
    5.919177679832005,
    0.2808094801280491
  ],
  "amp_mean_x": [
    0.81236732006073,
    0.4362810552120209
  ],
  "amp_mean_y": [
    1.1663247346878052,
    0.7112869620323181
  ],
  "symmetry_ratio": [
    0.6965189576148987,
    0.613368570804596
  ],
  "energy_distribution": [
    0.15913790464401245,
    0.2602787911891937
  ],
  "motion_stability": [
    4.305309772491455,
    3.988887310028076
  ],
  "freq_entropy": [
    10.3873291015625,
    10.272701263427734
  ]
}