{
  "dominant_freq": [
    0.11131714285714286,
    0.8140528949249463
  ],
  "amp_mean_x": [
    1.8193453550338745,
    0.4401560127735138
  ],
  "amp_mean_y": [
    1.5790539979934692,
    0.2751256823539734
  ],
  "symmetry_ratio": [
    1.1521742343902588,
    1.5998361110687256
  ],
  "energy_distribution": [
    0.31977224349975586,
    0.4393746852874756
  ],
  "motion_stability": [
    5.645561218261719,
    4.120770454406738
  ],
  "freq_entropy": [
    9.546409606933594,
    9.337736129760742
  ]
}