{
  "dominant_freq": [
    0.34143037974683543,
    6.6359872746553545,
    0.30285473684210523
  ],
  "amp_mean_x": [
    1.1723564863204956,
    0.5671085119247437,
    0.3061668276786804
  ],
  "amp_mean_y": [
    2.501188278198242,
    1.2162303924560547,
    0.4605998396873474
  ],
  "symmetry_ratio": [
    0.46871981024742126,
    0.46628379821777344,
    0.6647132635116577
  ],
  "energy_distribution": [
    0.20468184351921082,
    0.18644142150878906,
    0.2867598533630371
  ],
  "motion_stability": [
    3.7270150184631348,
    2.30995774269104,
    2.4256486892700195
  ],
  "freq_entropy": [
    9.110093116760254,
    9.016297340393066,
    8.972654342651367
  ]
}