{
  "dominant_freq": [
    0.10275428571428571,
    0.33395142857142857
  ],
  "amp_mean_x": [
    0.19778119027614594,
    0.2674444019794464
  ],
  "amp_mean_y": [
    0.06191445514559746,
    0.06852447241544724
  ],
  "symmetry_ratio": [
    3.1944267749786377,
    3.9029035568237305
  ],
  "energy_distribution": [
    0.3151320219039917,
    0.26167353987693787
  ],
  "motion_stability": [
    0.9329483509063721,
    0.9903861284255981
  ],
  "freq_entropy": [
    9.298991203308105,
    9.47087287902832
  ]
}