{
  "dominant_freq": [
    0.4540909090909091,
    1.9898365679264551,
    0.15674686192468618,
    0.12380034423407915
  ],
  "amp_mean_x": [
    1.111363410949707,
    0.26159897446632385,
    1.6165099143981934,
    1.1010196208953857
  ],
  "amp_mean_y": [
    1.8177140951156616,
    0.40772348642349243,
    3.5346782207489014,
    2.8470373153686523
  ],
  "symmetry_ratio": [
    0.6114071607589722,
    0.6416087746620178,
    0.457328736782074,
    0.38672468066215515
  ],
  "energy_distribution": [
    0.2712651491165161,
    0.2603969871997833,
    0.2727489471435547,
    0.4005942642688751
  ],
  "motion_stability": [
    6.075860500335693,
    3.9889907836914062,
    2.8749256134033203,
    4.293300628662109
  ],
  "freq_entropy": [
    10.29403305053711,
    10.201916694641113,
    10.25689697265625,
    9.716506958007812
  ]
}