{
  "dominant_freq": [
    0.2825742857142857,
    0.47952
  ],
  "amp_mean_x": [
    0.0951368510723114,
    0.11620139330625534
  ],
  "amp_mean_y": [
    0.18794509768486023,
    0.17369970679283142
  ],
  "symmetry_ratio": [
    0.5061948895454407,
    0.6689786314964294
  ],
  "energy_distribution": [
    0.20527884364128113,
    0.41385290026664734
  ],
  "motion_stability": [
    2.296142101287842,
    1.36600923538208
  ],
  "freq_entropy": [
    9.576355934143066,
    8.944903373718262
  ]
}