{
  "dominant_freq": [
    2.7739726027397262,
    2.647727272727273
  ],
  "amp_mean_x": [
    0.36324092745780945,
    0.21123376488685608
  ],
  "amp_mean_y": [
    0.7301905155181885,
    0.1266898810863495
  ],
  "symmetry_ratio": [
    0.4974604845046997,
    1.6673294305801392
  ],
  "energy_distribution": [
    0.22422777116298676,
    0.21550464630126953
  ],
  "motion_stability": [
    3.166618824005127,
    1.9582617282867432
  ],
  "freq_entropy": [
    9.198333740234375,
    9.129478454589844
  ]
}