{
  "dominant_freq": [
    1.6685653104925053,
    0.9590399999999999
  ],
  "amp_mean_x": [
    0.36188676953315735,
    0.13308559358119965
  ],
  "amp_mean_y": [
    1.2909194231033325,
    0.1775527000427246
  ],
  "symmetry_ratio": [
    0.2803325653076172,
    0.7495554685592651
  ],
  "energy_distribution": [
    0.2626688480377197,
    0.2095007747411728
  ],
  "motion_stability": [
    8.230056762695312,
    1.3200842142105103
  ],
  "freq_entropy": [
    10.46999740600586,
    10.211570739746094
  ]
}