{
  "dominant_freq": [
    1.783979870596693,
    0.11171612903225805
  ],
  "amp_mean_x": [
    0.3971213698387146,
    0.3413935601711273
  ],
  "amp_mean_y": [
    1.2706546783447266,
    0.5343532562255859
  ],
  "symmetry_ratio": [
    0.31253287196159363,
    0.6388911604881287
  ],
  "energy_distribution": [
    0.25980842113494873,
    0.24629217386245728
  ],
  "motion_stability": [
    2.494943618774414,
    4.004539966583252
  ],
  "freq_entropy": [
    9.575682640075684,
    9.389514923095703
  ]
}