{
  "dominant_freq": [
    4.568058947368421,
    0.7192799999999999,
    7.20541894736842
  ],
  "amp_mean_x": [
    0.07761191576719284,
    0.2315354198217392,
    0.2285255491733551
  ],
  "amp_mean_y": [
    0.1243264451622963,
    0.19532522559165955,
    0.3336338996887207
  ],
  "symmetry_ratio": [
    0.6242591142654419,
    1.1853841543197632,
    0.6849589943885803
  ],
  "energy_distribution": [
    0.1852756142616272,
    0.21976004540920258,
    0.10343887656927109
  ],
  "motion_stability": [
    1.1986351013183594,
    1.450316071510315,
    3.21589994430542
  ],
  "freq_entropy": [
    8.887177467346191,
    8.990605354309082,
    9.093066215515137
  ]
}