{
  "dominant_freq": [
    0.8060017021276595,
    0.9135172413793102
  ],
  "amp_mean_x": [
    0.12889452278614044,
    0.09921738505363464
  ],
  "amp_mean_y": [
    0.3161243498325348,
    0.21460182964801788
  ],
  "symmetry_ratio": [
    0.40773361921310425,
    0.46233242750167847
  ],
  "energy_distribution": [
    0.23830179870128632,
    0.2307969331741333
  ],
  "motion_stability": [
    1.8993277549743652,
    1.6805071830749512
  ],
  "freq_entropy": [
    10.282649993896484,
    10.293798446655273
  ]
}