{
  "dominant_freq": [
    4.802139037433155,
    4.651933701657459
  ],
  "amp_mean_x": [
    5.262783050537109,
    0.8068390488624573
  ],
  "amp_mean_y": [
    6.194011211395264,
    1.210955023765564
  ],
  "symmetry_ratio": [
    0.8496567010879517,
    0.6662832498550415
  ],
  "energy_distribution": [
    0.24057741463184357,
    0.1880895048379898
  ],
  "motion_stability": [
    2.0341055393218994,
    4.508028984069824
  ],
  "freq_entropy": [
    9.240950584411621,
    9.242462158203125
  ]
}