{
  "dominant_freq": [
    4.657992609799839,
    2.068617453232838
  ],
  "amp_mean_x": [
    2.154313087463379,
    2.221525192260742
  ],
  "amp_mean_y": [
    1.8427530527114868,
    3.5393600463867188
  ],
  "symmetry_ratio": [
    1.1690731048583984,
    0.6276629567146301
  ],
  "energy_distribution": [
    0.2308887094259262,
    0.24055656790733337
  ],
  "motion_stability": [
    2.292018175125122,
    1.8008708953857422
  ],
  "freq_entropy": [
    9.031746864318848,
    8.986983299255371
  ]
}