{
  "dominant_freq": [
    2.2771073253833047,
    0.6733685106382978
  ],
  "amp_mean_x": [
    0.3300895690917969,
    0.11806679517030716
  ],
  "amp_mean_y": [
    0.4972648620605469,
    0.1884789913892746
  ],
  "symmetry_ratio": [
    0.6638103723526001,
    0.6264188885688782
  ],
  "energy_distribution": [
    0.17792513966560364,
    0.21531549096107483
  ],
  "motion_stability": [
    3.0452489852905273,
    2.1070656776428223
  ],
  "freq_entropy": [
    10.32203483581543,
    10.345596313476562
  ]
}