{
  "dominant_freq": [
    3.9000959999999996,
    0.43156799999999995,
    3.4685279999999996
  ],
  "amp_mean_x": [
    0.2657284438610077,
    0.19993998110294342,
    0.1840224266052246
  ],
  "amp_mean_y": [
    0.37854328751564026,
    0.3226369321346283,
    0.3383476436138153
  ],
  "symmetry_ratio": [
    0.7019763588905334,
    0.6197057962417603,
    0.5438856482505798
  ],
  "energy_distribution": [
    0.24265913665294647,
    0.27982646226882935,
    0.23621311783790588
  ],
  "motion_stability": [
    1.5877165794372559,
    0.9962809085845947,
    0.8891263008117676
  ],
  "freq_entropy": [
    8.589024543762207,
    8.460160255432129,
    8.658478736877441
  ]
}