{
  "dominant_freq": [
    0.5678526315789474,
    7.369465263157894,
    0.29023578947368417
  ],
  "amp_mean_x": [
    0.3574964702129364,
    0.24489842355251312,
    0.14051048457622528
  ],
  "amp_mean_y": [
    0.31231650710105896,
    0.3578225374221802,
    0.1547415554523468
  ],
  "symmetry_ratio": [
    1.1446608304977417,
    0.6844130754470825,
    0.9080333113670349
  ],
  "energy_distribution": [
    0.22663761675357819,
    0.1945597529411316,
    0.2643693685531616
  ],
  "motion_stability": [
    1.1853275299072266,
    1.3217272758483887,
    1.2771327495574951
  ],
  "freq_entropy": [
    8.850223541259766,
    9.005703926086426,
    8.82509994506836
  ]
}