{
  "dominant_freq": [
    4.375947540983606,
    2.9394882729211087,
    4.560240252897787
  ],
  "amp_mean_x": [
    1.1588664054870605,
    0.8698259592056274,
    0.8388188481330872
  ],
  "amp_mean_y": [
    2.3742802143096924,
    0.7529585957527161,
    0.4389618933200836
  ],
  "symmetry_ratio": [
    0.48809167742729187,
    1.1552108526229858,
    1.9109150171279907
  ],
  "energy_distribution": [
    0.3049430847167969,
    0.1716272383928299,
    0.19522880017757416
  ],
  "motion_stability": [
    4.54705810546875,
    2.9651756286621094,
    2.023444890975952
  ],
  "freq_entropy": [
    9.065816879272461,
    9.100590705871582,
    9.044486045837402
  ]
}