{
  "dominant_freq": [
    4.425,
    7.2125
  ],
  "amp_mean_x": [
    1.1772677898406982,
    1.2202223539352417
  ],
  "amp_mean_y": [
    0.772635817527771,
    1.0842854976654053
  ],
  "symmetry_ratio": [
    1.5237033367156982,
    1.1253700256347656
  ],
  "energy_distribution": [
    0.30656298995018005,
    0.1556321084499359
  ],
  "motion_stability": [
    4.592745780944824,
    2.7797207832336426
  ],
  "freq_entropy": [
    8.160614967346191,
    9.066449165344238
  ]
}