{
  "dominant_freq": [
    0.10215594375798892,
    0.10740102389078496,
    0.13285933503836317
  ],
  "amp_mean_x": [
    0.2806655168533325,
    0.5715118646621704,
    0.48435667157173157
  ],
  "amp_mean_y": [
    0.28327998518943787,
    0.44807419180870056,
    0.4018612504005432
  ],
  "symmetry_ratio": [
    0.990770697593689,
    1.2754849195480347,
    1.205283284187317
  ],
  "energy_distribution": [
    0.24038945138454437,
    0.6686370372772217,
    0.40383538603782654
  ],
  "motion_stability": [
    3.0668692588806152,
    4.900073051452637,
    3.587167263031006
  ],
  "freq_entropy": [
    10.272306442260742,
    8.717549324035645,
    9.947811126708984
  ]
}