{
  "dominant_freq": [
    4.507207031249999,
    0.3163499999999999
  ],
  "amp_mean_x": [
    0.7257439494132996,
    0.09912596642971039
  ],
  "amp_mean_y": [
    1.0980827808380127,
    0.11188913881778717
  ],
  "symmetry_ratio": [
    0.660919189453125,
    0.8859301805496216
  ],
  "energy_distribution": [
    0.15023863315582275,
    0.3026646375656128
  ],
  "motion_stability": [
    5.9268999099731445,
    1.4595344066619873
  ],
  "freq_entropy": [
    9.71184253692627,
    9.430669784545898
  ]
}