{
  "dominant_freq": [
    1.2330514285714285,
    0.1067181008902077,
    5.63436,
    2.3286043165467625
  ],
  "amp_mean_x": [
    0.07666552066802979,
    1.7217680215835571,
    0.22245356440544128,
    0.6745309233665466
  ],
  "amp_mean_y": [
    0.18961839377880096,
    2.52557110786438,
    0.5409179925918579,
    1.0345734357833862
  ],
  "symmetry_ratio": [
    0.404314786195755,
    0.6817341446876526,
    0.4112519323825836,
    0.6519894003868103
  ],
  "energy_distribution": [
    0.22123391926288605,
    0.5014497637748718,
    0.20643103122711182,
    0.23525899648666382
  ],
  "motion_stability": [
    1.326479196548462,
    4.995634078979492,
    1.0325007438659668,
    3.7267653942108154
  ],
  "freq_entropy": [
    8.528568267822266,
    8.187186241149902,
    8.471210479736328,
    8.629337310791016
  ]
}