{
  "dominant_freq": [
    0.47095714285714285,
    0.517840172786177
  ],
  "amp_mean_x": [
    0.22823376953601837,
    1.0194798707962036
  ],
  "amp_mean_y": [
    0.3417593240737915,
    2.0062661170959473
  ],
  "symmetry_ratio": [
    0.667820155620575,
    0.5081478953361511
  ],
  "energy_distribution": [
    0.3583584129810333,
    0.41754794120788574
  ],
  "motion_stability": [
    1.332557201385498,
    3.5197176933288574
  ],
  "freq_entropy": [
    9.261930465698242,
    9.390240669250488
  ]
}