{
  "dominant_freq": [
    0.6433166547533953,
    0.1507537688442211
  ],
  "amp_mean_x": [
    0.24314726889133453,
    0.8547994494438171
  ],
  "amp_mean_y": [
    0.43367689847946167,
    1.1255099773406982
  ],
  "symmetry_ratio": [
    0.5606645345687866,
    0.759477436542511
  ],
  "energy_distribution": [
    0.2883334457874298,
    0.6778841018676758
  ],
  "motion_stability": [
    2.5308475494384766,
    3.172640323638916
  ],
  "freq_entropy": [
    9.286659240722656,
    7.800653457641602
  ]
}