{
  "dominant_freq": [
    0.4564396551724137,
    0.14682708933717578
  ],
  "amp_mean_x": [
    0.2924392521381378,
    0.5363976359367371
  ],
  "amp_mean_y": [
    0.5580484867095947,
    0.9756019711494446
  ],
  "symmetry_ratio": [
    0.5240391492843628,
    0.5498119592666626
  ],
  "energy_distribution": [
    0.20218540728092194,
    0.31007519364356995
  ],
  "motion_stability": [
    2.1259713172912598,
    2.6441092491149902
  ],
  "freq_entropy": [
    9.551447868347168,
    9.318244934082031
  ]
}