{
  "dominant_freq": [
    7.007502988898376,
    0.4535714914210294
  ],
  "amp_mean_x": [
    0.707851231098175,
    1.6185004711151123
  ],
  "amp_mean_y": [
    1.1168224811553955,
    4.888534069061279
  ],
  "symmetry_ratio": [
    0.6338081955909729,
    0.33108094334602356
  ],
  "energy_distribution": [
    0.18225529789924622,
    0.22154100239276886
  ],
  "motion_stability": [
    1.831948161125183,
    1.977530837059021
  ],
  "freq_entropy": [
    10.31795597076416,
    10.249492645263672
  ]
}