{
  "dominant_freq": [
    0.12022349570200572,
    0.4007616279069768
  ],
  "amp_mean_x": [
    0.7427841424942017,
    1.866563320159912
  ],
  "amp_mean_y": [
    1.1310821771621704,
    2.2384557723999023
  ],
  "symmetry_ratio": [
    0.6567021608352661,
    0.8338620662689209
  ],
  "energy_distribution": [
    0.22724634408950806,
    0.2327706217765808
  ],
  "motion_stability": [
    3.910083770751953,
    2.3910675048828125
  ],
  "freq_entropy": [
    9.597479820251465,
    9.55215835571289
  ]
}