{
  "dominant_freq": [
    0.5364705882352941,
    0.11294117647058824,
    2.0047058823529413
  ],
  "amp_mean_x": [
    0.062465280294418335,
    0.25538370013237,
    0.10397464781999588
  ],
  "amp_mean_y": [
    0.08456394076347351,
    0.2541793882846832,
    0.17177143692970276
  ],
  "symmetry_ratio": [
    0.7386751174926758,
    1.0047380924224854,
    0.6053081154823303
  ],
  "energy_distribution": [
    0.269336462020874,
    0.3865906894207001,
    0.23630833625793457
  ],
  "motion_stability": [
    1.2413661479949951,
    3.0941781997680664,
    1.7178840637207031
  ],
  "freq_entropy": [
    8.757423400878906,
    8.465921401977539,
    8.909770965576172
  ]
}