{
  "dominant_freq": [
    0.13969081765691935,
    0.43889165228077365
  ],
  "amp_mean_x": [
    0.24899068474769592,
    0.3469696044921875
  ],
  "amp_mean_y": [
    0.5789281725883484,
    0.37261107563972473
  ],
  "symmetry_ratio": [
    0.4300890862941742,
    0.9311843514442444
  ],
  "energy_distribution": [
    0.19215784966945648,
    0.239157572388649
  ],
  "motion_stability": [
    5.784711837768555,
    2.889988899230957
  ],
  "freq_entropy": [
    9.107046127319336,
    8.976229667663574
  ]
}