{
  "dominant_freq": [
    0.1009515789473684,
    0.11357052631578946,
    0.30285473684210523
  ],
  "amp_mean_x": [
    0.25127699971199036,
    0.23364292085170746,
    0.2281951755285263
  ],
  "amp_mean_y": [
    0.19626811146736145,
    0.2934485077857971,
    0.17928554117679596
  ],
  "symmetry_ratio": [
    1.2802741527557373,
    0.7961973547935486,
    1.2728029489517212
  ],
  "energy_distribution": [
    0.26360079646110535,
    0.3476071059703827,
    0.2731189429759979
  ],
  "motion_stability": [
    0.9875249862670898,
    1.0271881818771362,
    1.2527766227722168
  ],
  "freq_entropy": [
    8.824344635009766,
    8.731095314025879,
    8.834354400634766
  ]
}