{
  "dominant_freq": [
    0.4693179161264267,
    0.46441425751770576
  ],
  "amp_mean_x": [
    0.3223411440849304,
    0.16595758497714996
  ],
  "amp_mean_y": [
    0.2319786250591278,
    0.1808653324842453
  ],
  "symmetry_ratio": [
    1.3895294666290283,
    0.9175754189491272
  ],
  "energy_distribution": [
    0.45398059487342834,
    0.24351420998573303
  ],
  "motion_stability": [
    1.5718004703521729,
    2.0017166137695312
  ],
  "freq_entropy": [
    10.020557403564453,
    10.209321975708008
  ]
}