{
  "dominant_freq": [
    0.9905338983050848,
    2.1162884822389665,
    3.924492631578947
  ],
  "amp_mean_x": [
    0.8881867527961731,
    1.4759352207183838,
    0.4994191527366638
  ],
  "amp_mean_y": [
    1.5780843496322632,
    1.8311644792556763,
    0.9309725165367126
  ],
  "symmetry_ratio": [
    0.5628259181976318,
    0.8060091137886047,
    0.5364488959312439
  ],
  "energy_distribution": [
    0.2379433512687683,
    0.3937554657459259,
    0.19043312966823578
  ],
  "motion_stability": [
    2.820796251296997,
    5.608855247497559,
    2.8564341068267822
  ],
  "freq_entropy": [
    9.048348426818848,
    8.774742126464844,
    9.069682121276855
  ]
}