{
  "dominant_freq": [
    1.147422857142857,
    1.5670028571428571
  ],
  "amp_mean_x": [
    0.07348940521478653,
    0.08564668893814087
  ],
  "amp_mean_y": [
    0.06034813076257706,
    0.06622635573148727
  ],
  "symmetry_ratio": [
    1.2177578210830688,
    1.2932417392730713
  ],
  "energy_distribution": [
    0.19782154262065887,
    0.38986238837242126
  ],
  "motion_stability": [
    2.6183221340179443,
    1.8488482236862183
  ],
  "freq_entropy": [
    9.659189224243164,
    8.695549011230469
  ]
}