{
  "dominant_freq": [
    4.790131078224101,
    3.814937829293993,
    3.747827368421052
  ],
  "amp_mean_x": [
    0.25474876165390015,
    0.21957670152187347,
    0.18180255591869354
  ],
  "amp_mean_y": [
    0.3629293739795685,
    0.6203188896179199,
    0.29038673639297485
  ],
  "symmetry_ratio": [
    0.7019237875938416,
    0.3539738953113556,
    0.6260704398155212
  ],
  "energy_distribution": [
    0.24299223721027374,
    0.46983668208122253,
    0.20354464650154114
  ],
  "motion_stability": [
    2.9402310848236084,
    4.927602767944336,
    1.7394578456878662
  ],
  "freq_entropy": [
    9.038972854614258,
    8.562755584716797,
    9.009586334228516
  ]
}