{
  "dominant_freq": [
    0.545,
    0.265,
    0.53
  ],
  "amp_mean_x": [
    0.10560307651758194,
    0.07051090151071548,
    0.09474838525056839
  ],
  "amp_mean_y": [
    0.15271586179733276,
    0.19361776113510132,
    0.2452266663312912
  ],
  "symmetry_ratio": [
    0.6915003657341003,
    0.36417579650878906,
    0.3863706588745117
  ],
  "energy_distribution": [
    0.23494258522987366,
    0.2789285480976105,
    0.2283564805984497
  ],
  "motion_stability": [
    1.5985183715820312,
    1.440481424331665,
    1.8414239883422852
  ],
  "freq_entropy": [
    10.258838653564453,
    10.247060775756836,
    10.422476768493652
  ]
}