{
  "dominant_freq": [
    2.02352392133414,
    4.409131582050154
  ],
  "amp_mean_x": [
    0.9970413446426392,
    0.7034255266189575
  ],
  "amp_mean_y": [
    1.7231974601745605,
    1.3322436809539795
  ],
  "symmetry_ratio": [
    0.5785995721817017,
    0.5280006527900696
  ],
  "energy_distribution": [
    0.20474623143672943,
    0.19082854688167572
  ],
  "motion_stability": [
    2.7705612182617188,
    4.7860918045043945
  ],
  "freq_entropy": [
    9.210558891296387,
    9.37255573272705
  ]
}