{
  "dominant_freq": [
    0.4999251063829786,
    0.4693174468085106
  ],
  "amp_mean_x": [
    0.16669146716594696,
    0.47997328639030457
  ],
  "amp_mean_y": [
    0.17175430059432983,
    0.21935032308101654
  ],
  "symmetry_ratio": [
    0.9705228209495544,
    2.1881585121154785
  ],
  "energy_distribution": [
    0.22024287283420563,
    0.29717206954956055
  ],
  "motion_stability": [
    1.4145829677581787,
    1.0675357580184937
  ],
  "freq_entropy": [
    10.24185562133789,
    9.86137580871582
  ]
}