{
  "dominant_freq": [
    0.7398592715231789
  ],
  "amp_mean_x": [
    1.429040789604187
  ],
  "amp_mean_y": [
    3.3263609409332275
  ],
  "symmetry_ratio": [
    0.42961084842681885
  ],
  "energy_distribution": [
    0.21829883754253387
  ],
  "motion_stability": [
    3.6331021785736084
  ],
  "freq_entropy": [
    10.322698593139648
  ]
}