{
  "dominant_freq": [
    3.692506329113924,
    4.025537486800422,
    6.006645569620253
  ],
  "amp_mean_x": [
    0.6153492331504822,
    0.5536454319953918,
    0.4933016896247864
  ],
  "amp_mean_y": [
    0.2303292602300644,
    0.2477683275938034,
    0.3377968966960907
  ],
  "symmetry_ratio": [
    2.6716067790985107,
    2.2345287799835205,
    1.4603499174118042
  ],
  "energy_distribution": [
    0.21150654554367065,
    0.21625378727912903,
    0.19095267355442047
  ],
  "motion_stability": [
    2.03003191947937,
    3.124631643295288,
    4.709486961364746
  ],
  "freq_entropy": [
    9.008260726928711,
    9.197513580322266,
    9.211138725280762
  ]
}