{
  "dominant_freq": [
    0.4848275862068965,
    0.7243812765957446
  ],
  "amp_mean_x": [
    0.18782418966293335,
    0.06667972356081009
  ],
  "amp_mean_y": [
    0.22408214211463928,
    0.09775637090206146
  ],
  "symmetry_ratio": [
    0.8381934762001038,
    0.6821010708808899
  ],
  "energy_distribution": [
    0.19178169965744019,
    0.22869668900966644
  ],
  "motion_stability": [
    1.8447824716567993,
    1.7484066486358643
  ],
  "freq_entropy": [
    10.286338806152344,
    10.149618148803711
  ]
}