{
  "dominant_freq": [
    0.48808285714285715,
    0.47095714285714285
  ],
  "amp_mean_x": [
    0.40695720911026,
    0.04854092374444008
  ],
  "amp_mean_y": [
    0.5716462135314941,
    0.13556794822216034
  ],
  "symmetry_ratio": [
    0.711903989315033,
    0.35805603861808777
  ],
  "energy_distribution": [
    0.21766430139541626,
    0.5118984580039978
  ],
  "motion_stability": [
    1.558365821838379,
    1.9456517696380615
  ],
  "freq_entropy": [
    9.53201675415039,
    8.471644401550293
  ]
}