{
  "dominant_freq": [
    0.10268094218415418,
    3.1294989473684205,
    0.1009515789473684
  ],
  "amp_mean_x": [
    0.929817259311676,
    0.34044721722602844,
    0.2511983811855316
  ],
  "amp_mean_y": [
    1.0515474081039429,
    0.38424015045166016,
    0.30821236968040466
  ],
  "symmetry_ratio": [
    0.8842371106147766,
    0.8860271573066711,
    0.8150172233581543
  ],
  "energy_distribution": [
    0.4392044246196747,
    0.2159927636384964,
    0.20862694084644318
  ],
  "motion_stability": [
    4.641956329345703,
    2.541311502456665,
    1.6006133556365967
  ],
  "freq_entropy": [
    8.580299377441406,
    9.047801971435547,
    8.989570617675781
  ]
}