{
  "dominant_freq": [
    0.3351117039013004,
    0.12
  ],
  "amp_mean_x": [
    0.09026571363210678,
    0.1277293711900711
  ],
  "amp_mean_y": [
    0.2494315356016159,
    0.33217161893844604
  ],
  "symmetry_ratio": [
    0.3618857264518738,
    0.384528249502182
  ],
  "energy_distribution": [
    0.33957841992378235,
    0.5779790878295898
  ],
  "motion_stability": [
    1.509619951248169,
    1.7652225494384766
  ],
  "freq_entropy": [
    9.995959281921387,
    9.13171100616455
  ]
}