{
  "dominant_freq": [
    1.6513761467889911,
    4.617721518987342
  ],
  "amp_mean_x": [
    0.09080773591995239,
    1.3826302289962769
  ],
  "amp_mean_y": [
    0.11711465567350388,
    1.6997146606445312
  ],
  "symmetry_ratio": [
    0.7753746509552002,
    0.813448429107666
  ],
  "energy_distribution": [
    0.1854129284620285,
    0.13817015290260315
  ],
  "motion_stability": [
    2.0268313884735107,
    5.904001235961914
  ],
  "freq_entropy": [
    9.52442455291748,
    9.19897747039795
  ]
}