{
  "dominant_freq": [
    0.47095714285714285,
    5.189091428571429
  ],
  "amp_mean_x": [
    0.10298900306224823,
    0.13513325154781342
  ],
  "amp_mean_y": [
    0.10732770711183548,
    0.10714773833751678
  ],
  "symmetry_ratio": [
    0.9595751762390137,
    1.2611862421035767
  ],
  "energy_distribution": [
    0.23184464871883392,
    0.20182831585407257
  ],
  "motion_stability": [
    1.6539487838745117,
    1.3218498229980469
  ],
  "freq_entropy": [
    9.526336669921875,
    9.554901123046875
  ]
}