{
  "dominant_freq": [
    0.47951999999999995,
    4.9971031578947365,
    0.1009515789473684
  ],
  "amp_mean_x": [
    0.04980954900383949,
    0.06061811000108719,
    0.08497298508882523
  ],
  "amp_mean_y": [
    0.10787927359342575,
    0.19605208933353424,
    0.08423342555761337
  ],
  "symmetry_ratio": [
    0.4617156386375427,
    0.3091939091682434,
    1.0087798833847046
  ],
  "energy_distribution": [
    0.2523552179336548,
    0.2509867548942566,
    0.2541416585445404
  ],
  "motion_stability": [
    1.3760356903076172,
    0.9178352952003479,
    0.9646325707435608
  ],
  "freq_entropy": [
    8.935203552246094,
    8.892271041870117,
    8.913361549377441
  ]
}