{
  "dominant_freq": [
    0.12791293213828425,
    0.2824935732647815
  ],
  "amp_mean_x": [
    1.1712324619293213,
    1.3681797981262207
  ],
  "amp_mean_y": [
    2.2919838428497314,
    2.724047899246216
  ],
  "symmetry_ratio": [
    0.5110125541687012,
    0.5022597908973694
  ],
  "energy_distribution": [
    0.2753341495990753,
    0.24995720386505127
  ],
  "motion_stability": [
    1.956836462020874,
    1.9392739534378052
  ],
  "freq_entropy": [
    10.238066673278809,
    10.277576446533203
  ]
}