{
  "dominant_freq": [
    0.28,
    0.28,
    2.22,
    3.72
  ],
  "amp_mean_x": [
    0.1508386880159378,
    0.20872338116168976,
    0.12413902580738068,
    0.08915045112371445
  ],
  "amp_mean_y": [
    0.20913639664649963,
    0.12223794311285019,
    0.24642916023731232,
    0.1465921252965927
  ],
  "symmetry_ratio": [
    0.721245527267456,
    1.707517147064209,
    0.5037513375282288,
    0.6081530451774597
  ],
  "energy_distribution": [
    0.25167322158813477,
    0.37636345624923706,
    0.3044005334377289,
    0.2506670355796814
  ],
  "motion_stability": [
    1.9469376802444458,
    0.9548004865646362,
    0.7920626401901245,
    1.0961697101593018
  ],
  "freq_entropy": [
    8.501984596252441,
    8.06832504272461,
    7.830833911895752,
    8.322646141052246
  ]
}