{
  "dominant_freq": [
    0.4547368421052632,
    3.3852631578947374,
    0.11404435058078143
  ],
  "amp_mean_x": [
    0.22114838659763336,
    0.23756855726242065,
    1.1927980184555054
  ],
  "amp_mean_y": [
    0.2100612223148346,
    0.3901485800743103,
    1.5188018083572388
  ],
  "symmetry_ratio": [
    1.0527806282043457,
    0.6089181900024414,
    0.7853546142578125
  ],
  "energy_distribution": [
    0.2878652811050415,
    0.1997509002685547,
    0.37609928846359253
  ],
  "motion_stability": [
    1.0951249599456787,
    4.517756462097168,
    4.530745983123779
  ],
  "freq_entropy": [
    8.84288215637207,
    9.112311363220215,
    8.765825271606445
  ]
}