{
  "dominant_freq": [
    4.587494754511121
  ],
  "amp_mean_x": [
    0.9670005440711975
  ],
  "amp_mean_y": [
    0.9386431574821472
  ],
  "symmetry_ratio": [
    1.030211091041565
  ],
  "energy_distribution": [
    0.21525029838085175
  ],
  "motion_stability": [
    2.688096046447754
  ],
  "freq_entropy": [
    10.336775779724121
  ]
}