{
  "dominant_freq": [
    5.545263157894738,
    2.0968421052631583,
    0.4547368421052632
  ],
  "amp_mean_x": [
    0.09016397595405579,
    0.08761931210756302,
    0.04570471867918968
  ],
  "amp_mean_y": [
    0.1835121214389801,
    0.18303897976875305,
    0.13975375890731812
  ],
  "symmetry_ratio": [
    0.49132436513900757,
    0.47869208455085754,
    0.3270374834537506
  ],
  "energy_distribution": [
    0.19260025024414062,
    0.19853876531124115,
    0.21717259287834167
  ],
  "motion_stability": [
    1.1628005504608154,
    1.1496717929840088,
    1.213297963142395
  ],
  "freq_entropy": [
    8.919668197631836,
    8.938565254211426,
    8.897591590881348
  ]
}