{
  "dominant_freq": [
    3.484978540772532,
    1.178494623655914
  ],
  "amp_mean_x": [
    0.6004116535186768,
    0.9968196749687195
  ],
  "amp_mean_y": [
    1.3248080015182495,
    1.1515432596206665
  ],
  "symmetry_ratio": [
    0.45320653915405273,
    0.8656380772590637
  ],
  "energy_distribution": [
    0.23333914577960968,
    0.43802767992019653
  ],
  "motion_stability": [
    2.3610897064208984,
    3.571877956390381
  ],
  "freq_entropy": [
    9.618061065673828,
    8.518417358398438
  ]
}