{
  "dominant_freq": [
    3.753256089704688,
    3.765931038658312
  ],
  "amp_mean_x": [
    2.175938606262207,
    5.432516574859619
  ],
  "amp_mean_y": [
    4.315122604370117,
    15.18288803100586
  ],
  "symmetry_ratio": [
    0.5042588114738464,
    0.3578052222728729
  ],
  "energy_distribution": [
    0.18340712785720825,
    0.2894324064254761
  ],
  "motion_stability": [
    2.4343132972717285,
    2.1528429985046387
  ],
  "freq_entropy": [
    9.151726722717285,
    8.947035789489746
  ]
}