{
  "dominant_freq": [
    3.323076923076923,
    9.438461538461539,
    0.6,
    0.6
  ],
  "amp_mean_x": [
    0.04574955999851227,
    0.17549240589141846,
    0.23059138655662537,
    0.12192282825708389
  ],
  "amp_mean_y": [
    0.08608967810869217,
    0.22243908047676086,
    0.3923341631889343,
    0.3302210867404938
  ],
  "symmetry_ratio": [
    0.5314174890518188,
    0.7889459133148193,
    0.5877423286437988,
    0.3692157566547394
  ],
  "energy_distribution": [
    0.2112857550382614,
    0.19757451117038727,
    0.2604125738143921,
    0.29734206199645996
  ],
  "motion_stability": [
    1.4168610572814941,
    1.4370744228363037,
    1.585092544555664,
    1.8085105419158936
  ],
  "freq_entropy": [
    8.059279441833496,
    8.016618728637695,
    7.836922645568848,
    7.819053649902344
  ]
}