{
  "dominant_freq": [
    0.11794138670478914,
    1.6774193548387097
  ],
  "amp_mean_x": [
    0.38498613238334656,
    1.162506341934204
  ],
  "amp_mean_y": [
    0.5379626154899597,
    1.2238619327545166
  ],
  "symmetry_ratio": [
    0.7156373262405396,
    0.9498672485351562
  ],
  "energy_distribution": [
    0.2283431440591812,
    0.21870265901088715
  ],
  "motion_stability": [
    2.0901131629943848,
    1.577691674232483
  ],
  "freq_entropy": [
    9.28369140625,
    9.241547584533691
  ]
}