{
  "dominant_freq": [
    2.339797639123103,
    3.550600343053173
  ],
  "amp_mean_x": [
    0.8871673941612244,
    0.8192979693412781
  ],
  "amp_mean_y": [
    1.6868754625320435,
    1.362309455871582
  ],
  "symmetry_ratio": [
    0.525923490524292,
    0.6014037132263184
  ],
  "energy_distribution": [
    0.2762806713581085,
    0.20831137895584106
  ],
  "motion_stability": [
    3.5006721019744873,
    4.210440635681152
  ],
  "freq_entropy": [
    8.981114387512207,
    9.00943374633789
  ]
}