{
  "dominant_freq": [
    0.11131714285714286,
    0.7021542857142857
  ],
  "amp_mean_x": [
    0.20402415096759796,
    0.3266483247280121
  ],
  "amp_mean_y": [
    0.3611782491207123,
    0.5391629338264465
  ],
  "symmetry_ratio": [
    0.5648849606513977,
    0.6058434247970581
  ],
  "energy_distribution": [
    0.26366207003593445,
    0.2499113231897354
  ],
  "motion_stability": [
    1.342834234237671,
    1.272055983543396
  ],
  "freq_entropy": [
    9.515518188476562,
    9.463125228881836
  ]
}