{
  "dominant_freq": [
    0.2907727659574468,
    0.11241943734015344
  ],
  "amp_mean_x": [
    0.136524498462677,
    0.39565128087997437
  ],
  "amp_mean_y": [
    0.2794404625892639,
    1.07197105884552
  ],
  "symmetry_ratio": [
    0.48856380581855774,
    0.36908766627311707
  ],
  "energy_distribution": [
    0.3239934742450714,
    0.5318920612335205
  ],
  "motion_stability": [
    1.4613454341888428,
    2.215581178665161
  ],
  "freq_entropy": [
    9.933342933654785,
    9.434221267700195
  ]
}