{
  "dominant_freq": [
    0.4642161702127659,
    0.4846212765957446,
    0.30174573378839586
  ],
  "amp_mean_x": [
    0.03425854444503784,
    0.04422743618488312,
    0.1670195758342743
  ],
  "amp_mean_y": [
    0.07273305207490921,
    0.10364390164613724,
    0.3326491415500641
  ],
  "symmetry_ratio": [
    0.4710175693035126,
    0.426724910736084,
    0.5020893216133118
  ],
  "energy_distribution": [
    0.18440063297748566,
    0.31747913360595703,
    0.26976117491722107
  ],
  "motion_stability": [
    2.8989031314849854,
    1.3699305057525635,
    5.541149616241455
  ],
  "freq_entropy": [
    10.407651901245117,
    10.12881088256836,
    10.39075756072998
  ]
}