{
  "dominant_freq": [
    0.494505,
    0.27314430379746835,
    0.47951999999999995
  ],
  "amp_mean_x": [
    0.07571320235729218,
    1.2618627548217773,
    0.08855258673429489
  ],
  "amp_mean_y": [
    0.05608727037906647,
    1.3024786710739136,
    0.1209593415260315
  ],
  "symmetry_ratio": [
    1.3499177694320679,
    0.9688164591789246,
    0.7320855259895325
  ],
  "energy_distribution": [
    0.269783079624176,
    0.4326378405094147,
    0.37957391142845154
  ],
  "motion_stability": [
    3.0074877738952637,
    5.223860740661621,
    2.2068135738372803
  ],
  "freq_entropy": [
    8.56651496887207,
    8.49488639831543,
    8.383394241333008
  ]
}