{
  "dominant_freq": [
    1.9234496846437144,
    0.1338944004617869
  ],
  "amp_mean_x": [
    0.39345583319664,
    0.7188546061515808
  ],
  "amp_mean_y": [
    0.5749706029891968,
    0.4068482518196106
  ],
  "symmetry_ratio": [
    0.6843060255050659,
    1.7668863534927368
  ],
  "energy_distribution": [
    0.21035517752170563,
    0.25671014189720154
  ],
  "motion_stability": [
    2.8327534198760986,
    2.135327100753784
  ],
  "freq_entropy": [
    9.489667892456055,
    9.436598777770996
  ]
}