{
  "dominant_freq": [
    0.10137843551797039,
    3.457591578947368,
    2.8296227608008424
  ],
  "amp_mean_x": [
    0.34751319885253906,
    0.6989229321479797,
    0.960588276386261
  ],
  "amp_mean_y": [
    0.6183850169181824,
    0.7235420942306519,
    0.923020601272583
  ],
  "symmetry_ratio": [
    0.561968982219696,
    0.9659740924835205,
    1.0407007932662964
  ],
  "energy_distribution": [
    0.19600333273410797,
    0.19779330492019653,
    0.2144104242324829
  ],
  "motion_stability": [
    3.2134084701538086,
    2.7411422729492188,
    3.0983426570892334
  ],
  "freq_entropy": [
    8.977441787719727,
    9.030820846557617,
    9.02377986907959
  ]
}