{
  "dominant_freq": [
    4.84012947189097,
    2.6202999573924157
  ],
  "amp_mean_x": [
    0.20058110356330872,
    0.21819353103637695
  ],
  "amp_mean_y": [
    0.25819388031959534,
    0.3177284598350525
  ],
  "symmetry_ratio": [
    0.7768623232841492,
    0.6867295503616333
  ],
  "energy_distribution": [
    0.1601572483778,
    0.2157696634531021
  ],
  "motion_stability": [
    2.7787814140319824,
    2.723741292953491
  ],
  "freq_entropy": [
    10.424118041992188,
    10.407390594482422
  ]
}