{
  "dominant_freq": [
    0.7100000000000001
  ],
  "amp_mean_x": [
    0.42629069089889526
  ],
  "amp_mean_y": [
    0.5912172198295593
  ],
  "symmetry_ratio": [
    0.7210390567779541
  ],
  "energy_distribution": [
    0.22343890368938446
  ],
  "motion_stability": [
    1.3999035358428955
  ],
  "freq_entropy": [
    10.327695846557617
  ]
}