{
  "dominant_freq": [
    0.2508361204013378,
    3.088088088088088
  ],
  "amp_mean_x": [
    0.4176149368286133,
    0.3653583526611328
  ],
  "amp_mean_y": [
    1.213268518447876,
    0.850731372833252
  ],
  "symmetry_ratio": [
    0.3442065119743347,
    0.42946383357048035
  ],
  "energy_distribution": [
    0.26208704710006714,
    0.1798609495162964
  ],
  "motion_stability": [
    4.512304306030273,
    1.927978754043579
  ],
  "freq_entropy": [
    10.370248794555664,
    10.338260650634766
  ]
}