{
  "dominant_freq": [
    1.6674562697576394,
    4.744724210526315,
    5.078162276080083
  ],
  "amp_mean_x": [
    0.44847333431243896,
    0.5210477113723755,
    0.25691431760787964
  ],
  "amp_mean_y": [
    0.36262214183807373,
    0.5027701258659363,
    0.6125555038452148
  ],
  "symmetry_ratio": [
    1.2367510795593262,
    1.0363537073135376,
    0.4194139540195465
  ],
  "energy_distribution": [
    0.3510719835758209,
    0.5075059533119202,
    0.36742180585861206
  ],
  "motion_stability": [
    3.232120990753174,
    2.7363147735595703,
    3.5620532035827637
  ],
  "freq_entropy": [
    8.805364608764648,
    8.408285140991211,
    9.209409713745117
  ]
}