{
  "dominant_freq": [
    1.165074168797954,
    0.45288,
    2.87712,
    6.7932,
    3.6341574803149603,
    5.901784615384615
  ],
  "amp_mean_x": [
    5.607326984405518,
    0.18931083381175995,
    0.24956047534942627,
    0.3208479881286621,
    0.2043352723121643,
    0.07449876517057419
  ],
  "amp_mean_y": [
    3.7070534229278564,
    0.08443564176559448,
    0.19293542206287384,
    0.37996765971183777,
    0.36586737632751465,
    0.0762236937880516
  ],
  "symmetry_ratio": [
    1.5126101970672607,
    2.242072582244873,
    1.293492317199707,
    0.8444086909294128,
    0.5584954619407654,
    0.9773702025413513
  ],
  "energy_distribution": [
    0.4145798087120056,
    0.18180283904075623,
    0.19011317193508148,
    0.1977747529745102,
    0.18406833708286285,
    0.06566537171602249
  ],
  "motion_stability": [
    3.939730167388916,
    3.0473580360412598,
    2.5492007732391357,
    2.5266711711883545,
    3.7906556129455566,
    2.670827865600586
  ],
  "freq_entropy": [
    7.55735969543457,
    7.930267810821533,
    7.9015727043151855,
    7.955929756164551,
    7.172837734222412,
    5.414224624633789
  ]
}