{
  "dominant_freq": [
    0.10105795574288723,
    0.1009515789473684,
    0.7949936842105263
  ],
  "amp_mean_x": [
    1.268811821937561,
    0.2143857330083847,
    0.2684774696826935
  ],
  "amp_mean_y": [
    0.6200556755065918,
    0.34983012080192566,
    0.43216827511787415
  ],
  "symmetry_ratio": [
    2.0462868213653564,
    0.6128281354904175,
    0.6212336421012878
  ],
  "energy_distribution": [
    0.2795093357563019,
    0.4829731583595276,
    0.28059279918670654
  ],
  "motion_stability": [
    4.357039451599121,
    1.8350963592529297,
    3.31358003616333
  ],
  "freq_entropy": [
    8.93967342376709,
    8.270105361938477,
    8.999181747436523
  ]
}