{
  "dominant_freq": [
    8.161838161838162,
    1.2687312687312686
  ],
  "amp_mean_x": [
    0.16668657958507538,
    0.34699565172195435
  ],
  "amp_mean_y": [
    0.2918615937232971,
    0.47945916652679443
  ],
  "symmetry_ratio": [
    0.5711151361465454,
    0.7237230539321899
  ],
  "energy_distribution": [
    0.231795072555542,
    0.2416061908006668
  ],
  "motion_stability": [
    1.8914462327957153,
    2.5111351013183594
  ],
  "freq_entropy": [
    9.362907409667969,
    9.420836448669434
  ]
}