{
  "dominant_freq": [
    3.564156499789651,
    1.0877192982456139
  ],
  "amp_mean_x": [
    1.0698972940444946,
    0.40202686190605164
  ],
  "amp_mean_y": [
    1.567831039428711,
    0.1870018094778061
  ],
  "symmetry_ratio": [
    0.6824060082435608,
    2.149855375289917
  ],
  "energy_distribution": [
    0.2285681515932083,
    0.49062031507492065
  ],
  "motion_stability": [
    3.4402408599853516,
    3.506810188293457
  ],
  "freq_entropy": [
    10.376640319824219,
    9.395346641540527
  ]
}