{
  "dominant_freq": [
    0.4438110638297872,
    0.11732936170212764
  ],
  "amp_mean_x": [
    0.1715732216835022,
    0.26634326577186584
  ],
  "amp_mean_y": [
    0.38756123185157776,
    0.29286596179008484
  ],
  "symmetry_ratio": [
    0.4426996409893036,
    0.9094374179840088
  ],
  "energy_distribution": [
    0.27612975239753723,
    0.33233094215393066
  ],
  "motion_stability": [
    2.2987074851989746,
    1.6487300395965576
  ],
  "freq_entropy": [
    10.251327514648438,
    10.084900856018066
  ]
}