{
  "dominant_freq": [
    3.132610508757298,
    0.11504793664026677
  ],
  "amp_mean_x": [
    0.3542472720146179,
    0.587517261505127
  ],
  "amp_mean_y": [
    0.4161582291126251,
    0.56098872423172
  ],
  "symmetry_ratio": [
    0.8512321710586548,
    1.0472888946533203
  ],
  "energy_distribution": [
    0.22591805458068848,
    0.5466315150260925
  ],
  "motion_stability": [
    5.39835262298584,
    2.3208718299865723
  ],
  "freq_entropy": [
    10.387687683105469,
    9.372492790222168
  ]
}