{
  "dominant_freq": [
    0.10721944245889922,
    0.6107142857142858
  ],
  "amp_mean_x": [
    0.18120555579662323,
    0.12885478138923645
  ],
  "amp_mean_y": [
    0.5341684818267822,
    0.34104228019714355
  ],
  "symmetry_ratio": [
    0.3392292261123657,
    0.37782642245292664
  ],
  "energy_distribution": [
    0.30860862135887146,
    0.2775762677192688
  ],
  "motion_stability": [
    1.4570391178131104,
    1.4259145259857178
  ],
  "freq_entropy": [
    9.20339584350586,
    9.082605361938477
  ]
}