{
  "dominant_freq": [
    4.758647092038396,
    4.961453118185782
  ],
  "amp_mean_x": [
    3.2084710597991943,
    1.9988577365875244
  ],
  "amp_mean_y": [
    0.6803100109100342,
    0.8653280138969421
  ],
  "symmetry_ratio": [
    4.716189861297607,
    2.3099422454833984
  ],
  "energy_distribution": [
    0.17852412164211273,
    0.2714347243309021
  ],
  "motion_stability": [
    3.175295829772949,
    2.986485004425049
  ],
  "freq_entropy": [
    9.927913665771484,
    10.199220657348633
  ]
}