{
  "dominant_freq": [
    6.267157351676698,
    1.3354110115236875
  ],
  "amp_mean_x": [
    1.5318316221237183,
    0.44005733728408813
  ],
  "amp_mean_y": [
    1.2698934078216553,
    0.600587785243988
  ],
  "symmetry_ratio": [
    1.2062678337097168,
    0.7327110767364502
  ],
  "energy_distribution": [
    0.14504870772361755,
    0.20184162259101868
  ],
  "motion_stability": [
    7.42519474029541,
    1.8695590496063232
  ],
  "freq_entropy": [
    10.39944839477539,
    10.325478553771973
  ]
}