{
  "dominant_freq": [
    1.9953290008123474
  ],
  "amp_mean_x": [
    0.36002984642982483
  ],
  "amp_mean_y": [
    0.7340407967567444
  ],
  "symmetry_ratio": [
    0.4904766082763672
  ],
  "energy_distribution": [
    0.23010852932929993
  ],
  "motion_stability": [
    7.535931587219238
  ],
  "freq_entropy": [
    10.217555046081543
  ]
}