{
  "dominant_freq": [
    2.5868842105263155,
    0.30285473684210523,
    0.10105795574288723
  ],
  "amp_mean_x": [
    0.14723190665245056,
    0.26630422472953796,
    0.18377038836479187
  ],
  "amp_mean_y": [
    0.11125616729259491,
    0.30203795433044434,
    0.4730110764503479
  ],
  "symmetry_ratio": [
    1.323359489440918,
    0.8816912770271301,
    0.3885118067264557
  ],
  "energy_distribution": [
    0.36695554852485657,
    0.3118992745876312,
    0.2292100489139557
  ],
  "motion_stability": [
    2.614255428314209,
    1.395214557647705,
    1.662623405456543
  ],
  "freq_entropy": [
    8.583892822265625,
    8.708584785461426,
    8.979707717895508
  ]
}