{
  "dominant_freq": [
    2.2943785166240405,
    1.7974318667236222
  ],
  "amp_mean_x": [
    0.6087207198143005,
    0.4052180051803589
  ],
  "amp_mean_y": [
    0.9334624409675598,
    0.9830095171928406
  ],
  "symmetry_ratio": [
    0.6521105766296387,
    0.41222184896469116
  ],
  "energy_distribution": [
    0.2396867722272873,
    0.17690907418727875
  ],
  "motion_stability": [
    2.956049919128418,
    3.301107406616211
  ],
  "freq_entropy": [
    10.182369232177734,
    10.304048538208008
  ]
}