{
  "dominant_freq": [
    0.49482382978723394,
    0.4695172413793103
  ],
  "amp_mean_x": [
    0.13331875205039978,
    0.07748830318450928
  ],
  "amp_mean_y": [
    0.6977023482322693,
    0.3060195744037628
  ],
  "symmetry_ratio": [
    0.19108256697654724,
    0.2532135546207428
  ],
  "energy_distribution": [
    0.2037011682987213,
    0.28814634680747986
  ],
  "motion_stability": [
    1.5614771842956543,
    1.4700143337249756
  ],
  "freq_entropy": [
    10.298271179199219,
    10.035983085632324
  ]
}