{
  "dominant_freq": [
    3.407115789473684,
    0.2860477223427332,
    1.2013291139240507
  ],
  "amp_mean_x": [
    0.09357328712940216,
    0.29660093784332275,
    0.399888813495636
  ],
  "amp_mean_y": [
    0.12115329504013062,
    0.5822687745094299,
    0.5007821321487427
  ],
  "symmetry_ratio": [
    0.7723544836044312,
    0.5093883872032166,
    0.7985284924507141
  ],
  "energy_distribution": [
    0.17798107862472534,
    0.19114376604557037,
    0.29879263043403625
  ],
  "motion_stability": [
    3.9169652462005615,
    6.5361151695251465,
    2.7168092727661133
  ],
  "freq_entropy": [
    9.060192108154297,
    9.088822364807129,
    9.01542854309082
  ]
}