{
  "dominant_freq": [
    4.251889168765743,
    3.2
  ],
  "amp_mean_x": [
    1.0979323387145996,
    0.470638632774353
  ],
  "amp_mean_y": [
    2.2475552558898926,
    0.6422041058540344
  ],
  "symmetry_ratio": [
    0.488500714302063,
    0.7328490018844604
  ],
  "energy_distribution": [
    0.2371087670326233,
    0.23644264042377472
  ],
  "motion_stability": [
    2.913027286529541,
    1.4352904558181763
  ],
  "freq_entropy": [
    9.261425971984863,
    9.32837963104248
  ]
}