{
  "dominant_freq": [
    3.5441432887354334,
    0.21222279792746113
  ],
  "amp_mean_x": [
    1.0748461484909058,
    1.244587779045105
  ],
  "amp_mean_y": [
    2.2294671535491943,
    2.0636146068573
  ],
  "symmetry_ratio": [
    0.4821089804172516,
    0.6031105518341064
  ],
  "energy_distribution": [
    0.2298130840063095,
    0.25155383348464966
  ],
  "motion_stability": [
    2.5997605323791504,
    3.016876220703125
  ],
  "freq_entropy": [
    10.288026809692383,
    10.297250747680664
  ]
}