{
  "dominant_freq": [
    0.6346588235294117,
    1.1168944099378881,
    0.4919835841313269
  ],
  "amp_mean_x": [
    0.8732776641845703,
    1.1438496112823486,
    11.99221134185791
  ],
  "amp_mean_y": [
    0.58343905210495,
    1.0348314046859741,
    9.507246971130371
  ],
  "symmetry_ratio": [
    1.4967761039733887,
    1.1053487062454224,
    1.2613757848739624
  ],
  "energy_distribution": [
    0.358355849981308,
    0.3201966881752014,
    0.27094167470932007
  ],
  "motion_stability": [
    2.4125070571899414,
    4.799736022949219,
    2.494075298309326
  ],
  "freq_entropy": [
    8.714925765991211,
    8.778776168823242,
    8.515154838562012
  ]
}