{
  "dominant_freq": [
    0.15102992125984252,
    4.523938686131387
  ],
  "amp_mean_x": [
    4.074243545532227,
    1.6778227090835571
  ],
  "amp_mean_y": [
    9.620156288146973,
    2.0954246520996094
  ],
  "symmetry_ratio": [
    0.4235111474990845,
    0.8007076978683472
  ],
  "energy_distribution": [
    0.2672154903411865,
    0.20212627947330475
  ],
  "motion_stability": [
    2.039280414581299,
    2.1816458702087402
  ],
  "freq_entropy": [
    9.418859481811523,
    9.52755355834961
  ]
}