{
  "dominant_freq": [
    0.10285714285714286,
    0.5203302127659574
  ],
  "amp_mean_x": [
    0.7543840408325195,
    0.4607672691345215
  ],
  "amp_mean_y": [
    0.5290771126747131,
    0.32782381772994995
  ],
  "symmetry_ratio": [
    1.4258489608764648,
    1.4055331945419312
  ],
  "energy_distribution": [
    0.5094356536865234,
    0.20843003690242767
  ],
  "motion_stability": [
    6.266764163970947,
    1.4746739864349365
  ],
  "freq_entropy": [
    9.720184326171875,
    10.281570434570312
  ]
}