{
  "dominant_freq": [
    2.9316654909071973,
    1.7642321115812887
  ],
  "amp_mean_x": [
    2.5533289909362793,
    1.1113762855529785
  ],
  "amp_mean_y": [
    4.4423089027404785,
    2.4658970832824707
  ],
  "symmetry_ratio": [
    0.574775218963623,
    0.4506985545158386
  ],
  "energy_distribution": [
    0.20368972420692444,
    0.21482449769973755
  ],
  "motion_stability": [
    2.397916793823242,
    2.1972126960754395
  ],
  "freq_entropy": [
    9.157256126403809,
    9.253119468688965
  ]
}