{
  "dominant_freq": [
    6.344046142754145,
    0.2673582733812949
  ],
  "amp_mean_x": [
    2.1277577877044678,
    2.6417808532714844
  ],
  "amp_mean_y": [
    2.3182730674743652,
    1.748526692390442
  ],
  "symmetry_ratio": [
    0.917820155620575,
    1.5108610391616821
  ],
  "energy_distribution": [
    0.18114325404167175,
    0.4235299527645111
  ],
  "motion_stability": [
    2.257784843444824,
    2.2782018184661865
  ],
  "freq_entropy": [
    9.491477966308594,
    9.316483497619629
  ]
}