{
  "dominant_freq": [
    0.5180450395617772,
    4.00786460807601
  ],
  "amp_mean_x": [
    1.5298120975494385,
    1.029521107673645
  ],
  "amp_mean_y": [
    3.4801623821258545,
    1.6265065670013428
  ],
  "symmetry_ratio": [
    0.43958067893981934,
    0.6329646110534668
  ],
  "energy_distribution": [
    0.24600104987621307,
    0.1905486285686493
  ],
  "motion_stability": [
    2.8577966690063477,
    1.960355520248413
  ],
  "freq_entropy": [
    9.80543327331543,
    9.920835494995117
  ]
}