{
  "dominant_freq": [
    0.475,
    0.47,
    0.525,
    0.295,
    0.49
  ],
  "amp_mean_x": [
    0.07532509416341782,
    0.08291254937648773,
    0.1563659906387329,
    0.08089017122983932,
    0.08300174027681351
  ],
  "amp_mean_y": [
    0.11984841525554657,
    0.2103462964296341,
    0.2118729203939438,
    0.15121784806251526,
    0.1472139060497284
  ],
  "symmetry_ratio": [
    0.6285030245780945,
    0.39417165517807007,
    0.7380177974700928,
    0.5349247455596924,
    0.5638172626495361
  ],
  "energy_distribution": [
    0.24111223220825195,
    0.2779926061630249,
    0.28471216559410095,
    0.23933272063732147,
    0.22588470578193665
  ],
  "motion_stability": [
    1.46501886844635,
    1.8563116788864136,
    2.8247785568237305,
    1.615607500076294,
    2.1313862800598145
  ],
  "freq_entropy": [
    10.274208068847656,
    10.209342956542969,
    10.571342468261719,
    10.250933647155762,
    10.327539443969727
  ]
}