{
  "dominant_freq": [
    0.5800000000000001,
    0.5800000000000001,
    0.6
  ],
  "amp_mean_x": [
    0.07338761538267136,
    0.054305240511894226,
    0.10573650896549225
  ],
  "amp_mean_y": [
    0.09221713244915009,
    0.07452986389398575,
    0.061863116919994354
  ],
  "symmetry_ratio": [
    0.795813262462616,
    0.7286373376846313,
    1.7092010974884033
  ],
  "energy_distribution": [
    0.35536307096481323,
    0.6555781960487366,
    0.7226496934890747
  ],
  "motion_stability": [
    2.536078929901123,
    1.6858792304992676,
    1.4494929313659668
  ],
  "freq_entropy": [
    8.40394401550293,
    7.056591033935547,
    6.198742866516113
  ]
}