{
  "dominant_freq": [
    3.2890625,
    3.0310150375939844
  ],
  "amp_mean_x": [
    0.29603031277656555,
    0.908275306224823
  ],
  "amp_mean_y": [
    0.2270963340997696,
    0.867373526096344
  ],
  "symmetry_ratio": [
    1.3035451173782349,
    1.0471558570861816
  ],
  "energy_distribution": [
    0.2019932121038437,
    0.2291272133588791
  ],
  "motion_stability": [
    2.0534422397613525,
    3.5084714889526367
  ],
  "freq_entropy": [
    9.848852157592773,
    9.7214994430542
  ]
}