{
  "dominant_freq": [
    4.343348958733575,
    0.1584729422987588
  ],
  "amp_mean_x": [
    0.4320392906665802,
    0.7084705829620361
  ],
  "amp_mean_y": [
    0.2838435769081116,
    0.6358100771903992
  ],
  "symmetry_ratio": [
    1.5221034288406372,
    1.1142802238464355
  ],
  "energy_distribution": [
    0.19139382243156433,
    0.3944816589355469
  ],
  "motion_stability": [
    2.6473145484924316,
    3.601231575012207
  ],
  "freq_entropy": [
    9.528341293334961,
    9.235353469848633
  ]
}