{
  "dominant_freq": [
    0.16499999999999998,
    3.7980384307445956
  ],
  "amp_mean_x": [
    0.2707347273826599,
    0.2176162302494049
  ],
  "amp_mean_y": [
    0.34701624512672424,
    0.36367419362068176
  ],
  "symmetry_ratio": [
    0.7801788449287415,
    0.5983823537826538
  ],
  "energy_distribution": [
    0.24218377470970154,
    0.19285254180431366
  ],
  "motion_stability": [
    3.220816135406494,
    3.3971476554870605
  ],
  "freq_entropy": [
    10.368684768676758,
    10.373762130737305
  ]
}