{
  "dominant_freq": [
    0.4959722416836444,
    0.7492507492507492
  ],
  "amp_mean_x": [
    0.42863771319389343,
    0.6018451452255249
  ],
  "amp_mean_y": [
    0.9008426666259766,
    1.252976894378662
  ],
  "symmetry_ratio": [
    0.47581860423088074,
    0.4803321957588196
  ],
  "energy_distribution": [
    0.24105720221996307,
    0.29832175374031067
  ],
  "motion_stability": [
    2.845993995666504,
    1.82813560962677
  ],
  "freq_entropy": [
    9.024303436279297,
    8.98878002166748
  ]
}