{
  "dominant_freq": [
    2.8130841121495327,
    0.9138461538461539
  ],
  "amp_mean_x": [
    0.4948134422302246,
    0.6159268617630005
  ],
  "amp_mean_y": [
    1.7434009313583374,
    0.6953766345977783
  ],
  "symmetry_ratio": [
    0.2838208079338074,
    0.8857457041740417
  ],
  "energy_distribution": [
    0.3704528510570526,
    0.34601664543151855
  ],
  "motion_stability": [
    5.185202598571777,
    3.2953124046325684
  ],
  "freq_entropy": [
    9.339997291564941,
    8.980037689208984
  ]
}