{
  "dominant_freq": [
    4.683333333333334,
    0.10862299465240641
  ],
  "amp_mean_x": [
    0.2952137589454651,
    0.33950144052505493
  ],
  "amp_mean_y": [
    0.3498586416244507,
    0.5096386671066284
  ],
  "symmetry_ratio": [
    0.8438087105751038,
    0.666161060333252
  ],
  "energy_distribution": [
    0.27816444635391235,
    0.45336732268333435
  ],
  "motion_stability": [
    2.4622955322265625,
    2.2541487216949463
  ],
  "freq_entropy": [
    9.615853309631348,
    8.962450981140137
  ]
}