{
  "dominant_freq": [
    5.855120732722731,
    0.264638783269962
  ],
  "amp_mean_x": [
    4.620401382446289,
    4.012889385223389
  ],
  "amp_mean_y": [
    10.286590576171875,
    7.065742492675781
  ],
  "symmetry_ratio": [
    0.4491674304008484,
    0.5679360032081604
  ],
  "energy_distribution": [
    0.2423163801431656,
    0.2691970467567444
  ],
  "motion_stability": [
    2.1364805698394775,
    2.2232556343078613
  ],
  "freq_entropy": [
    9.332315444946289,
    9.476863861083984
  ]
}