{
  "dominant_freq": [
    2.885682857142857,
    0.29113714285714287
  ],
  "amp_mean_x": [
    0.23058301210403442,
    0.22198331356048584
  ],
  "amp_mean_y": [
    0.36666861176490784,
    0.14743883907794952
  ],
  "symmetry_ratio": [
    0.6288594007492065,
    1.5055959224700928
  ],
  "energy_distribution": [
    0.1735113561153412,
    0.18504182994365692
  ],
  "motion_stability": [
    2.2124719619750977,
    1.0614358186721802
  ],
  "freq_entropy": [
    9.716764450073242,
    9.564777374267578
  ]
}