{
  "dominant_freq": [
    1.8238885714285713,
    0.12268421052631577
  ],
  "amp_mean_x": [
    0.1849157065153122,
    0.793499231338501
  ],
  "amp_mean_y": [
    0.34254997968673706,
    1.5650359392166138
  ],
  "symmetry_ratio": [
    0.5398210883140564,
    0.5070165991783142
  ],
  "energy_distribution": [
    0.24309970438480377,
    0.7339205145835876
  ],
  "motion_stability": [
    1.573906660079956,
    4.928243160247803
  ],
  "freq_entropy": [
    9.408459663391113,
    7.648959159851074
  ]
}