{
  "dominant_freq": [
    3.195077586206896,
    0.11988
  ],
  "amp_mean_x": [
    0.21585100889205933,
    0.3048384189605713
  ],
  "amp_mean_y": [
    1.0301787853240967,
    0.8059086203575134
  ],
  "symmetry_ratio": [
    0.20952771604061127,
    0.37825432419776917
  ],
  "energy_distribution": [
    0.1593216508626938,
    0.3150688707828522
  ],
  "motion_stability": [
    1.9558427333831787,
    1.4717459678649902
  ],
  "freq_entropy": [
    9.555656433105469,
    9.430459022521973
  ]
}