{
  "dominant_freq": [
    3.9328657314629254,
    2.7777777777777777
  ],
  "amp_mean_x": [
    0.4960632026195526,
    1.4094573259353638
  ],
  "amp_mean_y": [
    0.6495639681816101,
    2.897932767868042
  ],
  "symmetry_ratio": [
    0.76368647813797,
    0.48636648058891296
  ],
  "energy_distribution": [
    0.2738771438598633,
    0.269287109375
  ],
  "motion_stability": [
    1.9983892440795898,
    3.9896812438964844
  ],
  "freq_entropy": [
    8.943584442138672,
    8.817144393920898
  ]
}