{
  "dominant_freq": [
    0.7195357833655707,
    0.9138276553106213,
    0.10933940774487473
  ],
  "amp_mean_x": [
    0.09451693296432495,
    0.11113573610782623,
    0.0669415295124054
  ],
  "amp_mean_y": [
    0.14080142974853516,
    0.16490724682807922,
    0.13067880272865295
  ],
  "symmetry_ratio": [
    0.6712782382965088,
    0.6739287376403809,
    0.5122600197792053
  ],
  "energy_distribution": [
    0.4562709331512451,
    0.4003439247608185,
    0.5431246161460876
  ],
  "motion_stability": [
    1.3472235202789307,
    1.4570226669311523,
    1.4930702447891235
  ],
  "freq_entropy": [
    7.688328742980957,
    7.514068603515625,
    6.972220420837402
  ]
}