{
  "dominant_freq": [
    1.5222872365729507,
    3.282193599388925
  ],
  "amp_mean_x": [
    0.30786240100860596,
    0.12262718379497528
  ],
  "amp_mean_y": [
    0.5849069952964783,
    0.343180775642395
  ],
  "symmetry_ratio": [
    0.5263441801071167,
    0.35732531547546387
  ],
  "energy_distribution": [
    0.2149352878332138,
    0.22262787818908691
  ],
  "motion_stability": [
    2.1637444496154785,
    1.302145004272461
  ],
  "freq_entropy": [
    9.330963134765625,
    9.282167434692383
  ]
}