{
  "dominant_freq": [
    2.589473684210527,
    0.4810126582278481,
    0.46736842105263166
  ],
  "amp_mean_x": [
    0.06937921047210693,
    0.07941468805074692,
    0.06616489589214325
  ],
  "amp_mean_y": [
    0.13929875195026398,
    0.14948630332946777,
    0.1806839257478714
  ],
  "symmetry_ratio": [
    0.49806052446365356,
    0.5312505960464478,
    0.36619138717651367
  ],
  "energy_distribution": [
    0.18072034418582916,
    0.17739957571029663,
    0.23202583193778992
  ],
  "motion_stability": [
    2.624464750289917,
    1.7957574129104614,
    1.34358549118042
  ],
  "freq_entropy": [
    9.093585968017578,
    8.968921661376953,
    8.860820770263672
  ]
}