{
  "dominant_freq": [
    0.3540909090909091,
    4.957650273224044
  ],
  "amp_mean_x": [
    0.33475813269615173,
    1.272825837135315
  ],
  "amp_mean_y": [
    0.5959823727607727,
    1.6672378778457642
  ],
  "symmetry_ratio": [
    0.5616913437843323,
    0.7634338736534119
  ],
  "energy_distribution": [
    0.25496381521224976,
    0.2809911072254181
  ],
  "motion_stability": [
    2.597959518432617,
    2.8192739486694336
  ],
  "freq_entropy": [
    9.447492599487305,
    9.432998657226562
  ]
}