{
  "dominant_freq": [
    0.4885714285714286,
    0.30000000000000004
  ],
  "amp_mean_x": [
    0.07733826339244843,
    0.12509405612945557
  ],
  "amp_mean_y": [
    0.17517133057117462,
    0.16953536868095398
  ],
  "symmetry_ratio": [
    0.4415006935596466,
    0.737864077091217
  ],
  "energy_distribution": [
    0.21424773335456848,
    0.28816765546798706
  ],
  "motion_stability": [
    1.1494709253311157,
    1.2029750347137451
  ],
  "freq_entropy": [
    9.474152565002441,
    9.348283767700195
  ]
}