{
  "dominant_freq": [
    4.913585209003216,
    0.13041733547351525
  ],
  "amp_mean_x": [
    0.9140020608901978,
    1.0914639234542847
  ],
  "amp_mean_y": [
    1.4158782958984375,
    1.5388977527618408
  ],
  "symmetry_ratio": [
    0.6455371379852295,
    0.7092504501342773
  ],
  "energy_distribution": [
    0.18772079050540924,
    0.28902721405029297
  ],
  "motion_stability": [
    2.3084678649902344,
    1.7221245765686035
  ],
  "freq_entropy": [
    10.346370697021484,
    10.182851791381836
  ]
}