{
  "dominant_freq": [
    1.964187692307692,
    6.307532307692306
  ],
  "amp_mean_x": [
    0.15433275699615479,
    0.2250615954399109
  ],
  "amp_mean_y": [
    0.2664511799812317,
    0.44935935735702515
  ],
  "symmetry_ratio": [
    0.5792158842086792,
    0.5008499026298523
  ],
  "energy_distribution": [
    0.3239940106868744,
    0.20376352965831757
  ],
  "motion_stability": [
    1.4896221160888672,
    1.3259704113006592
  ],
  "freq_entropy": [
    9.423749923706055,
    9.455824851989746
  ]
}