{
  "dominant_freq": [
    8.174070247933884,
    0.7545271629778673
  ],
  "amp_mean_x": [
    2.113266706466675,
    1.3143824338912964
  ],
  "amp_mean_y": [
    3.6516880989074707,
    1.8026983737945557
  ],
  "symmetry_ratio": [
    0.5787095427513123,
    0.7291194200515747
  ],
  "energy_distribution": [
    0.16148148477077484,
    0.33489102125167847
  ],
  "motion_stability": [
    2.882850408554077,
    2.6839518547058105
  ],
  "freq_entropy": [
    8.969735145568848,
    8.7716064453125
  ]
}