{
  "dominant_freq": [
    5.495026343519493,
    1.463797894736842,
    3.470210526315789
  ],
  "amp_mean_x": [
    0.5526596307754517,
    0.15894339978694916,
    0.10093165189027786
  ],
  "amp_mean_y": [
    0.7345916032791138,
    0.4027276933193207,
    0.4057452082633972
  ],
  "symmetry_ratio": [
    0.7523359060287476,
    0.3946671783924103,
    0.24875624477863312
  ],
  "energy_distribution": [
    0.19197562336921692,
    0.20821093022823334,
    0.0638527050614357
  ],
  "motion_stability": [
    3.710310935974121,
    1.506898045539856,
    2.109273910522461
  ],
  "freq_entropy": [
    9.343777656555176,
    8.870321273803711,
    8.995904922485352
  ]
}