{
  "dominant_freq": [
    6.588728996755753,
    0.3023292496976708,
    2.1132295343394367
  ],
  "amp_mean_x": [
    1.2001965045928955,
    1.4910813570022583,
    1.3101985454559326
  ],
  "amp_mean_y": [
    2.422738552093506,
    2.5783915519714355,
    2.4305896759033203
  ],
  "symmetry_ratio": [
    0.49538835883140564,
    0.5782990455627441,
    0.5390455722808838
  ],
  "energy_distribution": [
    0.17104284465312958,
    0.44052794575691223,
    0.22688771784305573
  ],
  "motion_stability": [
    2.50894832611084,
    4.060695171356201,
    2.591460704803467
  ],
  "freq_entropy": [
    8.916448593139648,
    8.432130813598633,
    8.777278900146484
  ]
}