{
  "dominant_freq": [
    0.16506602641056423,
    2.4919452275473217
  ],
  "amp_mean_x": [
    0.581057071685791,
    1.267329216003418
  ],
  "amp_mean_y": [
    0.9766059517860413,
    2.2804861068725586
  ],
  "symmetry_ratio": [
    0.5949759483337402,
    0.5557276606559753
  ],
  "energy_distribution": [
    0.22047066688537598,
    0.23374956846237183
  ],
  "motion_stability": [
    3.6616029739379883,
    2.8569962978363037
  ],
  "freq_entropy": [
    10.27557373046875,
    10.334866523742676
  ]
}