{
  "dominant_freq": [
    0.11988,
    0.13864302235929066
  ],
  "amp_mean_x": [
    0.33923643827438354,
    1.727307915687561
  ],
  "amp_mean_y": [
    0.46328112483024597,
    2.9131150245666504
  ],
  "symmetry_ratio": [
    0.7322474718093872,
    0.5929418802261353
  ],
  "energy_distribution": [
    0.2993335425853729,
    0.4056389331817627
  ],
  "motion_stability": [
    1.8177860975265503,
    4.028797626495361
  ],
  "freq_entropy": [
    9.42383861541748,
    9.115589141845703
  ]
}