{
  "dominant_freq": [
    0.48,
    0.46399999999999997,
    4.432
  ],
  "amp_mean_x": [
    0.07875798642635345,
    0.040401119738817215,
    0.038265980780124664
  ],
  "amp_mean_y": [
    0.13670668005943298,
    0.051987797021865845,
    0.06855493038892746
  ],
  "symmetry_ratio": [
    0.5761092901229858,
    0.7771269679069519,
    0.5581798553466797
  ],
  "energy_distribution": [
    0.24204091727733612,
    0.25447383522987366,
    0.242655947804451
  ],
  "motion_stability": [
    1.2595689296722412,
    1.3878576755523682,
    2.4144065380096436
  ],
  "freq_entropy": [
    8.585592269897461,
    8.518304824829102,
    8.649456977844238
  ]
}