{
  "dominant_freq": [
    0.2252252252252252,
    1.8125
  ],
  "amp_mean_x": [
    0.37910914421081543,
    0.453569620847702
  ],
  "amp_mean_y": [
    0.6334967613220215,
    0.3309808075428009
  ],
  "symmetry_ratio": [
    0.5984389781951904,
    1.3703804016113281
  ],
  "energy_distribution": [
    0.2779836356639862,
    0.24381883442401886
  ],
  "motion_stability": [
    3.5537288188934326,
    1.1860458850860596
  ],
  "freq_entropy": [
    9.096437454223633,
    8.909005165100098
  ]
}