{
  "dominant_freq": [
    0.4897230429145323,
    3.14983201759347
  ],
  "amp_mean_x": [
    0.16297760605812073,
    1.4019687175750732
  ],
  "amp_mean_y": [
    0.6158031821250916,
    1.2349153757095337
  ],
  "symmetry_ratio": [
    0.2646586000919342,
    1.13527512550354
  ],
  "energy_distribution": [
    0.19136942923069,
    0.19795702397823334
  ],
  "motion_stability": [
    1.2313312292099,
    4.277509689331055
  ],
  "freq_entropy": [
    10.26913833618164,
    10.311027526855469
  ]
}