{
  "dominant_freq": [
    8.493750000000002,
    3.956656346749227,
    2.815748031496063,
    0.27692307692307694
  ],
  "amp_mean_x": [
    1.8972809314727783,
    2.5436387062072754,
    1.2701177597045898,
    0.1842195987701416
  ],
  "amp_mean_y": [
    4.3249406814575195,
    4.998621463775635,
    4.464780330657959,
    0.5237610936164856
  ],
  "symmetry_ratio": [
    0.4386836886405945,
    0.5088680386543274,
    0.28447484970092773,
    0.3517244756221771
  ],
  "energy_distribution": [
    0.17381367087364197,
    0.20604446530342102,
    0.2901563346385956,
    0.2565839886665344
  ],
  "motion_stability": [
    2.1110944747924805,
    2.1069998741149902,
    3.9703402519226074,
    1.4107813835144043
  ],
  "freq_entropy": [
    8.448424339294434,
    8.444740295410156,
    8.47426700592041,
    8.373494148254395
  ]
}