{
  "dominant_freq": [
    0.461076923076923,
    0.7192799999999999
  ],
  "amp_mean_x": [
    0.26778385043144226,
    0.12604257464408875
  ],
  "amp_mean_y": [
    0.2318027913570404,
    0.20586931705474854
  ],
  "symmetry_ratio": [
    1.155222773551941,
    0.6122455596923828
  ],
  "energy_distribution": [
    0.2764018476009369,
    0.27171197533607483
  ],
  "motion_stability": [
    1.5952579975128174,
    1.4791463613510132
  ],
  "freq_entropy": [
    9.149761199951172,
    9.077170372009277
  ]
}