{
  "dominant_freq": [
    3.55,
    0.365
  ],
  "amp_mean_x": [
    0.17922033369541168,
    0.11767026036977768
  ],
  "amp_mean_y": [
    0.33182162046432495,
    0.15540021657943726
  ],
  "symmetry_ratio": [
    0.5401104688644409,
    0.7572078108787537
  ],
  "energy_distribution": [
    0.5371296405792236,
    0.24282331764698029
  ],
  "motion_stability": [
    2.8878703117370605,
    1.863189935684204
  ],
  "freq_entropy": [
    9.650354385375977,
    10.231528282165527
  ]
}