{
  "dominant_freq": [
    0.447639791902087,
    0.4795204795204795
  ],
  "amp_mean_x": [
    0.3937482535839081,
    0.34674257040023804
  ],
  "amp_mean_y": [
    0.2682334780693054,
    0.21136565506458282
  ],
  "symmetry_ratio": [
    1.4679310321807861,
    1.6404868364334106
  ],
  "energy_distribution": [
    0.27716830372810364,
    0.3659939765930176
  ],
  "motion_stability": [
    2.7270798683166504,
    1.5305428504943848
  ],
  "freq_entropy": [
    9.032215118408203,
    8.872915267944336
  ]
}