{
  "dominant_freq": [
    4.739729020979021,
    0.3070021881838075
  ],
  "amp_mean_x": [
    0.25735485553741455,
    0.23069913685321808
  ],
  "amp_mean_y": [
    0.30071473121643066,
    0.3152889609336853
  ],
  "symmetry_ratio": [
    0.8558105826377869,
    0.731706976890564
  ],
  "energy_distribution": [
    0.2071523368358612,
    0.27898970246315
  ],
  "motion_stability": [
    4.391171932220459,
    2.392106533050537
  ],
  "freq_entropy": [
    10.455301284790039,
    10.447558403015137
  ]
}