{
  "dominant_freq": [
    3.3875,
    3.9875
  ],
  "amp_mean_x": [
    0.16679874062538147,
    0.18791276216506958
  ],
  "amp_mean_y": [
    0.40374699234962463,
    0.6610575914382935
  ],
  "symmetry_ratio": [
    0.4131268858909607,
    0.2842608094215393
  ],
  "energy_distribution": [
    0.23802293837070465,
    0.3042604625225067
  ],
  "motion_stability": [
    2.0985682010650635,
    1.2406277656555176
  ],
  "freq_entropy": [
    9.018379211425781,
    8.828828811645508
  ]
}