{
  "dominant_freq": [
    2.8885061526011078,
    0.2811379840844664
  ],
  "amp_mean_x": [
    0.7348528504371643,
    2.0523440837860107
  ],
  "amp_mean_y": [
    1.1220567226409912,
    4.250308036804199
  ],
  "symmetry_ratio": [
    0.6549159288406372,
    0.4828695058822632
  ],
  "energy_distribution": [
    0.2530619204044342,
    0.22314466536045074
  ],
  "motion_stability": [
    3.1723623275756836,
    2.117518901824951
  ],
  "freq_entropy": [
    9.821910858154297,
    9.791027069091797
  ]
}