{
  "dominant_freq": [
    0.2900325480970642,
    3.92007992007992
  ],
  "amp_mean_x": [
    0.7462658882141113,
    0.2642064094543457
  ],
  "amp_mean_y": [
    0.6596938371658325,
    0.45634329319000244
  ],
  "symmetry_ratio": [
    1.1312305927276611,
    0.5789641737937927
  ],
  "energy_distribution": [
    0.2650637626647949,
    0.20488116145133972
  ],
  "motion_stability": [
    3.524480104446411,
    1.57254958152771
  ],
  "freq_entropy": [
    9.040121078491211,
    9.068531036376953
  ]
}