{
  "dominant_freq": [
    0.13333333333333333,
    4.650373387644264
  ],
  "amp_mean_x": [
    0.18388774991035461,
    1.1349968910217285
  ],
  "amp_mean_y": [
    0.09575226902961731,
    1.0559773445129395
  ],
  "symmetry_ratio": [
    1.9204531908035278,
    1.0748307704925537
  ],
  "energy_distribution": [
    0.619247317314148,
    0.2019716501235962
  ],
  "motion_stability": [
    2.120392084121704,
    1.9615938663482666
  ],
  "freq_entropy": [
    9.007729530334473,
    9.543048858642578
  ]
}