{
  "dominant_freq": [
    3.0373183856502237,
    3.5132617449664427,
    2.0336785714285712,
    5.003919642857142,
    4.54623927765237,
    2.63736
  ],
  "amp_mean_x": [
    0.5946305394172668,
    0.651261568069458,
    0.49776503443717957,
    0.6303224563598633,
    2.7910468578338623,
    0.3441530466079712
  ],
  "amp_mean_y": [
    0.6579586863517761,
    1.1031370162963867,
    1.1618720293045044,
    1.394542932510376,
    4.18366003036499,
    0.487035870552063
  ],
  "symmetry_ratio": [
    0.9037505984306335,
    0.5903723239898682,
    0.4284164011478424,
    0.4519921541213989,
    0.6671304106712341,
    0.7066277265548706
  ],
  "energy_distribution": [
    0.1888350397348404,
    0.28898048400878906,
    0.25805985927581787,
    0.1937721222639084,
    0.2612610161304474,
    0.22022131085395813
  ],
  "motion_stability": [
    1.9212870597839355,
    1.8693329095840454,
    2.511025905609131,
    4.1127214431762695,
    3.1441354751586914,
    2.5676686763763428
  ],
  "freq_entropy": [
    8.014678955078125,
    7.852305889129639,
    7.863797664642334,
    8.145235061645508,
    7.9193315505981445,
    7.954985618591309
  ]
}