{
  "dominant_freq": [
    4.461253032681605,
    4.874152332992705
  ],
  "amp_mean_x": [
    0.5135255455970764,
    1.004228949546814
  ],
  "amp_mean_y": [
    0.5411090850830078,
    1.234844446182251
  ],
  "symmetry_ratio": [
    0.9490240812301636,
    0.8132432699203491
  ],
  "energy_distribution": [
    0.22527800500392914,
    0.20564763247966766
  ],
  "motion_stability": [
    1.4181090593338013,
    4.783542633056641
  ],
  "freq_entropy": [
    9.541719436645508,
    9.527434349060059
  ]
}