{
  "dominant_freq": [
    0.7804953191489361,
    0.11304586369481354,
    0.1122758620689655,
    4.070914358755858
  ],
  "amp_mean_x": [
    0.15420761704444885,
    0.7183540463447571,
    0.5811017751693726,
    1.0345709323883057
  ],
  "amp_mean_y": [
    0.08153783529996872,
    0.8976773619651794,
    1.1787911653518677,
    0.9100750088691711
  ],
  "symmetry_ratio": [
    1.8912400007247925,
    0.8002363443374634,
    0.49296414852142334,
    1.1367974281311035
  ],
  "energy_distribution": [
    0.2704448699951172,
    0.2855388820171356,
    0.36391276121139526,
    0.25813964009284973
  ],
  "motion_stability": [
    1.1474803686141968,
    6.801918983459473,
    1.866072654724121,
    2.720796585083008
  ],
  "freq_entropy": [
    10.000240325927734,
    10.183223724365234,
    10.009668350219727,
    10.238594055175781
  ]
}