{
  "dominant_freq": [
    0.28358709677419347,
    0.19694571428571428
  ],
  "amp_mean_x": [
    0.60313880443573,
    0.5170661211013794
  ],
  "amp_mean_y": [
    0.3374219238758087,
    0.2629929482936859
  ],
  "symmetry_ratio": [
    1.7874914407730103,
    1.9660836458206177
  ],
  "energy_distribution": [
    0.35521841049194336,
    0.470939576625824
  ],
  "motion_stability": [
    3.272707462310791,
    3.1891777515411377
  ],
  "freq_entropy": [
    9.392770767211914,
    9.26173210144043
  ]
}