{
  "dominant_freq": [
    1.7035175879396987,
    4.2406015037593985,
    0.33673469387755106
  ],
  "amp_mean_x": [
    0.5585705041885376,
    0.6433213949203491,
    1.2036080360412598
  ],
  "amp_mean_y": [
    0.6174637079238892,
    0.8287383913993835,
    0.49340206384658813
  ],
  "symmetry_ratio": [
    0.9046207666397095,
    0.7762659788131714,
    2.439406156539917
  ],
  "energy_distribution": [
    0.30031442642211914,
    0.22445468604564667,
    0.260313481092453
  ],
  "motion_stability": [
    3.1192243099212646,
    3.7634425163269043,
    5.2465410232543945
  ],
  "freq_entropy": [
    8.668551445007324,
    8.669485092163086,
    8.77957534790039
  ]
}