{
  "dominant_freq": [
    2.5621351125938285,
    5.1000000000000005
  ],
  "amp_mean_x": [
    0.4191364347934723,
    0.37543946504592896
  ],
  "amp_mean_y": [
    1.0529396533966064,
    0.7452009916305542
  ],
  "symmetry_ratio": [
    0.39806312322616577,
    0.5038096904754639
  ],
  "energy_distribution": [
    0.2030344158411026,
    0.25099900364875793
  ],
  "motion_stability": [
    3.092156410217285,
    1.4121778011322021
  ],
  "freq_entropy": [
    9.381752014160156,
    9.267939567565918
  ]
}