{
  "dominant_freq": [
    1.5016547368421052,
    0.12632244467860904,
    0.11357052631578946
  ],
  "amp_mean_x": [
    0.4348292350769043,
    0.6030448079109192,
    0.1471243053674698
  ],
  "amp_mean_y": [
    0.24334144592285156,
    1.0368313789367676,
    0.3074767291545868
  ],
  "symmetry_ratio": [
    1.7869099378585815,
    0.581622838973999,
    0.4784892499446869
  ],
  "energy_distribution": [
    0.4721759557723999,
    0.3120488226413727,
    0.34959712624549866
  ],
  "motion_stability": [
    2.0731678009033203,
    2.5501067638397217,
    2.727069854736328
  ],
  "freq_entropy": [
    8.432823181152344,
    8.669715881347656,
    8.94798469543457
  ]
}