{
  "dominant_freq": [
    3.5044725884802217,
    1.0565694915254236
  ],
  "amp_mean_x": [
    0.9838809370994568,
    0.16039888560771942
  ],
  "amp_mean_y": [
    1.2546350955963135,
    0.3074840307235718
  ],
  "symmetry_ratio": [
    0.7841969132423401,
    0.5216494798660278
  ],
  "energy_distribution": [
    0.3106656074523926,
    0.278053343296051
  ],
  "motion_stability": [
    6.7141218185424805,
    2.8274192810058594
  ],
  "freq_entropy": [
    9.87823486328125,
    10.01995849609375
  ]
}