{
  "dominant_freq": [
    1.025,
    0.1
  ],
  "amp_mean_x": [
    0.11160571128129959,
    0.12985605001449585
  ],
  "amp_mean_y": [
    0.12948229908943176,
    0.12124265730381012
  ],
  "symmetry_ratio": [
    0.8619379997253418,
    1.071042537689209
  ],
  "energy_distribution": [
    0.20030681788921356,
    0.24898068606853485
  ],
  "motion_stability": [
    1.2703478336334229,
    1.7779595851898193
  ],
  "freq_entropy": [
    9.583137512207031,
    9.610330581665039
  ]
}