{
  "dominant_freq": [
    4.275724275724276,
    0.3063603063603063,
    8.867110543088197
  ],
  "amp_mean_x": [
    0.44841504096984863,
    0.38377583026885986,
    0.524253785610199
  ],
  "amp_mean_y": [
    0.4213893711566925,
    0.4821883738040924,
    0.5925946831703186
  ],
  "symmetry_ratio": [
    1.0641347169876099,
    0.7959043383598328,
    0.884675145149231
  ],
  "energy_distribution": [
    0.22621020674705505,
    0.192185640335083,
    0.19195549190044403
  ],
  "motion_stability": [
    1.3561341762542725,
    1.650545597076416,
    1.815117597579956
  ],
  "freq_entropy": [
    8.852099418640137,
    8.939409255981445,
    8.911104202270508
  ]
}