{
  "dominant_freq": [
    6.28704,
    1.5984,
    7.56576,
    2.31768,
    0.513,
    7.565760000000001
  ],
  "amp_mean_x": [
    0.08037398755550385,
    0.11227534711360931,
    0.07451985031366348,
    0.09231758117675781,
    2.5040693283081055,
    0.07406985759735107
  ],
  "amp_mean_y": [
    0.0967724621295929,
    0.1065923273563385,
    0.11403942853212357,
    0.22158098220825195,
    4.844628810882568,
    0.24953795969486237
  ],
  "symmetry_ratio": [
    0.8305460810661316,
    1.05331552028656,
    0.6534568667411804,
    0.4166313409805298,
    0.5168753862380981,
    0.2968280017375946
  ],
  "energy_distribution": [
    0.1490468680858612,
    0.15638412535190582,
    0.16154798865318298,
    0.23245570063591003,
    0.28707990050315857,
    0.20723070204257965
  ],
  "motion_stability": [
    1.3916847705841064,
    1.3918559551239014,
    1.688586711883545,
    1.982995629310608,
    3.7777938842773438,
    1.3339980840682983
  ],
  "freq_entropy": [
    7.86909294128418,
    7.978006362915039,
    7.903368949890137,
    7.9990339279174805,
    7.940059185028076,
    7.867342948913574
  ]
}