{
  "dominant_freq": [
    1.6800000000000002,
    0.10105263157894738,
    0.1136842105263158
  ],
  "amp_mean_x": [
    0.2879776358604431,
    0.5175302624702454,
    0.4893997013568878
  ],
  "amp_mean_y": [
    0.20419108867645264,
    0.28875404596328735,
    0.325266569852829
  ],
  "symmetry_ratio": [
    1.4103339910507202,
    1.7922874689102173,
    1.5046111345291138
  ],
  "energy_distribution": [
    0.2905060946941376,
    0.4809268116950989,
    0.3855780065059662
  ],
  "motion_stability": [
    3.553617000579834,
    5.067185401916504,
    4.57172966003418
  ],
  "freq_entropy": [
    8.895280838012695,
    8.33702278137207,
    8.493202209472656
  ]
}