{
  "dominant_freq": [
    0.29023578947368417,
    1.0095157894736841,
    6.195903157894736
  ],
  "amp_mean_x": [
    0.09481018036603928,
    0.08102275431156158,
    0.3952287435531616
  ],
  "amp_mean_y": [
    0.09247508645057678,
    0.10443907231092453,
    0.29955458641052246
  ],
  "symmetry_ratio": [
    1.025251030921936,
    0.7757896780967712,
    1.3193880319595337
  ],
  "energy_distribution": [
    0.2715199291706085,
    0.2101425677537918,
    0.18170687556266785
  ],
  "motion_stability": [
    1.4883003234863281,
    1.7941596508026123,
    1.4117727279663086
  ],
  "freq_entropy": [
    8.794483184814453,
    9.0425386428833,
    8.963861465454102
  ]
}