{
  "dominant_freq": [
    1.5953434320781257,
    0.3403376284732217
  ],
  "amp_mean_x": [
    0.5039220452308655,
    0.23392905294895172
  ],
  "amp_mean_y": [
    1.034832239151001,
    0.38372012972831726
  ],
  "symmetry_ratio": [
    0.48696014285087585,
    0.6096345782279968
  ],
  "energy_distribution": [
    0.23473411798477173,
    0.3019215166568756
  ],
  "motion_stability": [
    2.8877978324890137,
    1.0132430791854858
  ],
  "freq_entropy": [
    10.477572441101074,
    10.137853622436523
  ]
}