{
  "dominant_freq": [
    4.339118825100133,
    0.3112382234185734
  ],
  "amp_mean_x": [
    0.27076807618141174,
    0.7982779145240784
  ],
  "amp_mean_y": [
    0.18284361064434052,
    0.6531468033790588
  ],
  "symmetry_ratio": [
    1.4808725118637085,
    1.2222028970718384
  ],
  "energy_distribution": [
    0.16224505007266998,
    0.2047009915113449
  ],
  "motion_stability": [
    3.6003191471099854,
    5.598597526550293
  ],
  "freq_entropy": [
    9.7913179397583,
    9.694787979125977
  ]
}