{
  "dominant_freq": [
    3.3187499999999996,
    4.81875,
    0.35624999999999996
  ],
  "amp_mean_x": [
    0.13305024802684784,
    0.1884613037109375,
    0.09628644585609436
  ],
  "amp_mean_y": [
    0.09926097840070724,
    0.10365989804267883,
    0.08827897161245346
  ],
  "symmetry_ratio": [
    1.340408444404602,
    1.8180733919143677,
    1.090706467628479
  ],
  "energy_distribution": [
    0.22493381798267365,
    0.2897609770298004,
    0.2474393993616104
  ],
  "motion_stability": [
    1.2469972372055054,
    1.3967537879943848,
    1.34529709815979
  ],
  "freq_entropy": [
    8.264199256896973,
    8.091659545898438,
    8.289676666259766
  ]
}