{
  "dominant_freq": [
    6.416112676056338,
    2.162392405063291,
    1.0737407797681768
  ],
  "amp_mean_x": [
    1.46157968044281,
    0.5263873338699341,
    0.32081538438796997
  ],
  "amp_mean_y": [
    2.3831064701080322,
    0.3059234619140625,
    0.3731131851673126
  ],
  "symmetry_ratio": [
    0.6133086085319519,
    1.7206504344940186,
    0.8598339557647705
  ],
  "energy_distribution": [
    0.12736329436302185,
    0.3540704846382141,
    0.34861037135124207
  ],
  "motion_stability": [
    4.740093231201172,
    3.9391098022460938,
    3.170515537261963
  ],
  "freq_entropy": [
    9.061161041259766,
    8.657833099365234,
    8.998968124389648
  ]
}