{
  "dominant_freq": [
    0.29023578947368417,
    3.2741419354838706,
    9.502067368421052
  ],
  "amp_mean_x": [
    0.027685491368174553,
    0.9562550783157349,
    0.16831624507904053
  ],
  "amp_mean_y": [
    0.046285223215818405,
    1.9348088502883911,
    0.13744865357875824
  ],
  "symmetry_ratio": [
    0.5981496572494507,
    0.49423748254776,
    1.224575400352478
  ],
  "energy_distribution": [
    0.28793349862098694,
    0.3374171853065491,
    0.17793071269989014
  ],
  "motion_stability": [
    1.3433687686920166,
    6.409417152404785,
    13.147865295410156
  ],
  "freq_entropy": [
    8.829601287841797,
    8.542608261108398,
    9.444364547729492
  ]
}