{
  "dominant_freq": [
    6.1784307692307685,
    6.565735384615383,
    7.635433846153845,
    2.1393969230769225
  ],
  "amp_mean_x": [
    0.12106094509363174,
    0.19478745758533478,
    0.0937395766377449,
    0.05339644104242325
  ],
  "amp_mean_y": [
    0.241875559091568,
    0.2842501699924469,
    0.14181894063949585,
    0.04167112335562706
  ],
  "symmetry_ratio": [
    0.5005092024803162,
    0.6852676868438721,
    0.6609806418418884,
    1.2813775539398193
  ],
  "energy_distribution": [
    0.21076340973377228,
    0.24298276007175446,
    0.17843353748321533,
    0.21340849995613098
  ],
  "motion_stability": [
    1.478111982345581,
    2.833305835723877,
    2.6675782203674316,
    1.5121490955352783
  ],
  "freq_entropy": [
    8.454933166503906,
    8.451803207397461,
    8.47845458984375,
    8.418400764465332
  ]
}