{
  "dominant_freq": [
    9.325703324808185,
    0.2805702127659574
  ],
  "amp_mean_x": [
    0.5138457417488098,
    0.5354151725769043
  ],
  "amp_mean_y": [
    0.4942384362220764,
    0.4161843955516815
  ],
  "symmetry_ratio": [
    1.039671778678894,
    1.2864854335784912
  ],
  "energy_distribution": [
    0.21199296414852142,
    0.43444234132766724
  ],
  "motion_stability": [
    6.222745418548584,
    2.3238701820373535
  ],
  "freq_entropy": [
    10.276278495788574,
    9.934608459472656
  ]
}