{
  "dominant_freq": [
    3.4037828319882615,
    1.4129341142020497
  ],
  "amp_mean_x": [
    1.3500269651412964,
    1.8801096677780151
  ],
  "amp_mean_y": [
    2.621177911758423,
    3.110720157623291
  ],
  "symmetry_ratio": [
    0.5150458812713623,
    0.6043969392776489
  ],
  "energy_distribution": [
    0.23622018098831177,
    0.16460533440113068
  ],
  "motion_stability": [
    3.1353869438171387,
    2.93451189994812
  ],
  "freq_entropy": [
    9.51442813873291,
    9.567055702209473
  ]
}