{
  "dominant_freq": [
    1.7540336842105262,
    1.9196055143160127,
    2.870008474576271
  ],
  "amp_mean_x": [
    0.27521929144859314,
    0.604732096195221,
    0.5388712882995605
  ],
  "amp_mean_y": [
    0.2848406136035919,
    0.8475914001464844,
    1.5015747547149658
  ],
  "symmetry_ratio": [
    0.9662221074104309,
    0.7134712338447571,
    0.3588707745075226
  ],
  "energy_distribution": [
    0.23245787620544434,
    0.2751852869987488,
    0.20578253269195557
  ],
  "motion_stability": [
    1.4216930866241455,
    4.976898193359375,
    2.079692840576172
  ],
  "freq_entropy": [
    8.995298385620117,
    9.039703369140625,
    8.999892234802246
  ]
}