{
  "dominant_freq": [
    4.01598,
    4.393597709377237
  ],
  "amp_mean_x": [
    0.1689843237400055,
    0.3434543013572693
  ],
  "amp_mean_y": [
    0.28930985927581787,
    0.523301362991333
  ],
  "symmetry_ratio": [
    0.5840945839881897,
    0.656322181224823
  ],
  "energy_distribution": [
    0.30639463663101196,
    0.18442872166633606
  ],
  "motion_stability": [
    2.0862913131713867,
    4.565092086791992
  ],
  "freq_entropy": [
    9.595561981201172,
    9.629010200500488
  ]
}