{
  "dominant_freq": [
    0.3,
    2.429718875502008
  ],
  "amp_mean_x": [
    0.21109309792518616,
    0.31373611092567444
  ],
  "amp_mean_y": [
    0.30431121587753296,
    0.6300929188728333
  ],
  "symmetry_ratio": [
    0.6936750411987305,
    0.4979203939437866
  ],
  "energy_distribution": [
    0.19842658936977386,
    0.2669309973716736
  ],
  "motion_stability": [
    1.5237846374511719,
    3.676283836364746
  ],
  "freq_entropy": [
    9.282022476196289,
    9.369011878967285
  ]
}