{
  "dominant_freq": [
    3.204965517241379,
    2.280270638297872,
    0.4744187234042553
  ],
  "amp_mean_x": [
    0.42278650403022766,
    0.24164944887161255,
    0.5386593341827393
  ],
  "amp_mean_y": [
    0.5835317373275757,
    0.3771809935569763,
    0.6143183708190918
  ],
  "symmetry_ratio": [
    0.7245304584503174,
    0.6406723856925964,
    0.8768406510353088
  ],
  "energy_distribution": [
    0.21705101430416107,
    0.19630517065525055,
    0.19479025900363922
  ],
  "motion_stability": [
    1.4104723930358887,
    1.8495702743530273,
    1.3019814491271973
  ],
  "freq_entropy": [
    10.3057279586792,
    10.331074714660645,
    10.230899810791016
  ]
}