{
  "dominant_freq": [
    2.605714285714286,
    5.854285714285714
  ],
  "amp_mean_x": [
    0.07171760499477386,
    0.12823928892612457
  ],
  "amp_mean_y": [
    0.13879136741161346,
    0.23977945744991302
  ],
  "symmetry_ratio": [
    0.5167295932769775,
    0.5348218083381653
  ],
  "energy_distribution": [
    0.17196759581565857,
    0.22001035511493683
  ],
  "motion_stability": [
    2.1573100090026855,
    2.0999176502227783
  ],
  "freq_entropy": [
    9.56297492980957,
    9.579078674316406
  ]
}