{
  "dominant_freq": [
    1.471986417657046,
    0.11139240506329115
  ],
  "amp_mean_x": [
    1.390440583229065,
    0.6661524176597595
  ],
  "amp_mean_y": [
    2.2637219429016113,
    1.6558516025543213
  ],
  "symmetry_ratio": [
    0.6142276525497437,
    0.40230199694633484
  ],
  "energy_distribution": [
    0.19873841106891632,
    0.46220505237579346
  ],
  "motion_stability": [
    3.9302797317504883,
    3.5706918239593506
  ],
  "freq_entropy": [
    10.29465103149414,
    9.842076301574707
  ]
}