{
  "dominant_freq": [
    3.455885955649419,
    0.29023578947368417,
    0.731898947368421
  ],
  "amp_mean_x": [
    0.9943591356277466,
    0.4158153831958771,
    0.39602795243263245
  ],
  "amp_mean_y": [
    1.4244135618209839,
    0.3999476134777069,
    0.5274467468261719
  ],
  "symmetry_ratio": [
    0.6980831623077393,
    1.0396746397018433,
    0.7508397102355957
  ],
  "energy_distribution": [
    0.1976228803396225,
    0.2187865674495697,
    0.21994876861572266
  ],
  "motion_stability": [
    5.348258018493652,
    1.5900583267211914,
    1.5639724731445312
  ],
  "freq_entropy": [
    9.174027442932129,
    8.991984367370605,
    8.972383499145508
  ]
}