{
  "dominant_freq": [
    0.7083333333333333,
    0.5,
    0.75
  ],
  "amp_mean_x": [
    0.14313575625419617,
    0.1655564308166504,
    0.18511922657489777
  ],
  "amp_mean_y": [
    0.10375141352415085,
    0.1705739051103592,
    0.14285898208618164
  ],
  "symmetry_ratio": [
    1.3796029090881348,
    0.9705847501754761,
    1.2958178520202637
  ],
  "energy_distribution": [
    0.23129692673683167,
    0.28166574239730835,
    0.2824755609035492
  ],
  "motion_stability": [
    1.1530840396881104,
    0.9672825336456299,
    1.2320622205734253
  ],
  "freq_entropy": [
    8.837332725524902,
    8.739206314086914,
    8.833528518676758
  ]
}