{
  "dominant_freq": [
    1.6024827586206896,
    7.0424385665528995,
    0.525431489361702
  ],
  "amp_mean_x": [
    0.1215222179889679,
    0.14428208768367767,
    0.07208535075187683
  ],
  "amp_mean_y": [
    0.2358522117137909,
    0.35811087489128113,
    0.1829453706741333
  ],
  "symmetry_ratio": [
    0.5152472853660583,
    0.40289780497550964,
    0.39402663707733154
  ],
  "energy_distribution": [
    0.18983325362205505,
    0.19374483823776245,
    0.22154204547405243
  ],
  "motion_stability": [
    1.8934606313705444,
    3.3371541500091553,
    1.554443120956421
  ],
  "freq_entropy": [
    10.302911758422852,
    10.396894454956055,
    10.277167320251465
  ]
}