{
  "dominant_freq": [
    0.47000000000000003,
    0.28
  ],
  "amp_mean_x": [
    0.1534288078546524,
    0.14273056387901306
  ],
  "amp_mean_y": [
    0.1760048270225525,
    0.13248442113399506
  ],
  "symmetry_ratio": [
    0.8717306852340698,
    1.077338457107544
  ],
  "energy_distribution": [
    0.33716660737991333,
    0.2836013436317444
  ],
  "motion_stability": [
    1.4939141273498535,
    2.9563419818878174
  ],
  "freq_entropy": [
    9.941675186157227,
    10.31259536743164
  ]
}