{
  "dominant_freq": [
    4.4585157446808505,
    4.611554042553191,
    8.039611914893616
  ],
  "amp_mean_x": [
    0.13115684688091278,
    0.11450125277042389,
    0.12567724287509918
  ],
  "amp_mean_y": [
    0.32237163186073303,
    0.358541339635849,
    0.24315299093723297
  ],
  "symmetry_ratio": [
    0.40684983134269714,
    0.31935301423072815,
    0.5168648958206177
  ],
  "energy_distribution": [
    0.18962644040584564,
    0.16699929535388947,
    0.1794796586036682
  ],
  "motion_stability": [
    2.045685291290283,
    1.820855736732483,
    1.6508961915969849
  ],
  "freq_entropy": [
    10.303086280822754,
    10.29111099243164,
    10.324745178222656
  ]
}