{
  "dominant_freq": [
    0.13052208835341367,
    0.12000000000000001
  ],
  "amp_mean_x": [
    0.5666139125823975,
    0.20626023411750793
  ],
  "amp_mean_y": [
    1.1235878467559814,
    0.5408376455307007
  ],
  "symmetry_ratio": [
    0.5042898058891296,
    0.3813718259334564
  ],
  "energy_distribution": [
    0.24306398630142212,
    0.25543907284736633
  ],
  "motion_stability": [
    5.480803489685059,
    1.7041164636611938
  ],
  "freq_entropy": [
    9.223132133483887,
    9.306565284729004
  ]
}