{
  "dominant_freq": [
    0.6594360086767896,
    3.098756400877835
  ],
  "amp_mean_x": [
    1.1722402572631836,
    2.4864280223846436
  ],
  "amp_mean_y": [
    2.3304572105407715,
    3.4179537296295166
  ],
  "symmetry_ratio": [
    0.5030087232589722,
    0.7274609804153442
  ],
  "energy_distribution": [
    0.28598931431770325,
    0.20805101096630096
  ],
  "motion_stability": [
    2.9940106868743896,
    2.9123177528381348
  ],
  "freq_entropy": [
    9.410259246826172,
    9.37469482421875
  ]
}