{
  "dominant_freq": [
    4.0813715455475945,
    0.3378378378378378
  ],
  "amp_mean_x": [
    0.052458301186561584,
    0.09247004985809326
  ],
  "amp_mean_y": [
    0.10304515063762665,
    0.3482798635959625
  ],
  "symmetry_ratio": [
    0.509080708026886,
    0.26550501585006714
  ],
  "energy_distribution": [
    0.18819190561771393,
    0.2058752179145813
  ],
  "motion_stability": [
    1.7298243045806885,
    2.817255973815918
  ],
  "freq_entropy": [
    9.05052375793457,
    9.145439147949219
  ]
}