{
  "dominant_freq": [
    3.307560137457045,
    1.2378246753246753
  ],
  "amp_mean_x": [
    3.013228416442871,
    1.5002849102020264
  ],
  "amp_mean_y": [
    4.276066780090332,
    3.3399903774261475
  ],
  "symmetry_ratio": [
    0.7046729326248169,
    0.44918838143348694
  ],
  "energy_distribution": [
    0.2267044484615326,
    0.1944073736667633
  ],
  "motion_stability": [
    2.4506397247314453,
    1.9614214897155762
  ],
  "freq_entropy": [
    9.212384223937988,
    9.325662612915039
  ]
}