{
  "dominant_freq": [
    2.81718,
    3.9102489270386265
  ],
  "amp_mean_x": [
    0.0730927363038063,
    0.08165331929922104
  ],
  "amp_mean_y": [
    0.13537059724330902,
    0.14588730037212372
  ],
  "symmetry_ratio": [
    0.5399454236030579,
    0.5597013235092163
  ],
  "energy_distribution": [
    0.15672627091407776,
    0.1637108325958252
  ],
  "motion_stability": [
    4.100032806396484,
    4.003082752227783
  ],
  "freq_entropy": [
    9.6913423538208,
    9.669429779052734
  ]
}