{
  "dominant_freq": [
    4.295699999999999,
    0.17482499999999998
  ],
  "amp_mean_x": [
    0.2164933979511261,
    0.12447303533554077
  ],
  "amp_mean_y": [
    0.1519623100757599,
    0.27606892585754395
  ],
  "symmetry_ratio": [
    1.4246519804000854,
    0.4508766531944275
  ],
  "energy_distribution": [
    0.22531209886074066,
    0.5123527646064758
  ],
  "motion_stability": [
    2.577141284942627,
    3.2355148792266846
  ],
  "freq_entropy": [
    8.676393508911133,
    8.140914916992188
  ]
}