{
  "dominant_freq": [
    2.8621997471554996,
    0.45999999999999996,
    0.8949152542372882,
    0.71,
    4.0954773869346734
  ],
  "amp_mean_x": [
    0.2991164028644562,
    0.09867238253355026,
    0.8768611550331116,
    0.036679547280073166,
    0.4673621952533722
  ],
  "amp_mean_y": [
    1.0363149642944336,
    0.16182003915309906,
    0.573845386505127,
    0.11845812201499939,
    0.765217125415802
  ],
  "symmetry_ratio": [
    0.28863465785980225,
    0.6097661256790161,
    1.5280442237854004,
    0.3096414804458618,
    0.6107576489448547
  ],
  "energy_distribution": [
    0.40850162506103516,
    0.26268473267555237,
    0.24586792290210724,
    0.2367350161075592,
    0.35387122631073
  ],
  "motion_stability": [
    7.78426456451416,
    1.3846197128295898,
    9.339523315429688,
    1.4095759391784668,
    7.212875843048096
  ],
  "freq_entropy": [
    10.279160499572754,
    10.088919639587402,
    10.492565155029297,
    10.125432968139648,
    10.118502616882324
  ]
}