{
  "dominant_freq": [
    2.6781115879828326,
    2.356989247311828
  ],
  "amp_mean_x": [
    0.1166510060429573,
    0.3313785791397095
  ],
  "amp_mean_y": [
    0.2636381685733795,
    0.7248169183731079
  ],
  "symmetry_ratio": [
    0.4424663186073303,
    0.4571893513202667
  ],
  "energy_distribution": [
    0.2162335216999054,
    0.20266206562519073
  ],
  "motion_stability": [
    2.6566476821899414,
    2.9463353157043457
  ],
  "freq_entropy": [
    9.75323486328125,
    9.602338790893555
  ]
}