{
  "dominant_freq": [
    0.3028663298116674,
    0.45556447480785645,
    0.530984667802385
  ],
  "amp_mean_x": [
    0.47762149572372437,
    1.0230538845062256,
    0.21994706988334656
  ],
  "amp_mean_y": [
    1.2333369255065918,
    1.7748616933822632,
    0.3923613727092743
  ],
  "symmetry_ratio": [
    0.3872595429420471,
    0.5764132738113403,
    0.5605726838111877
  ],
  "energy_distribution": [
    0.30241426825523376,
    0.23738187551498413,
    0.27921608090400696
  ],
  "motion_stability": [
    3.4247775077819824,
    1.0623563528060913,
    1.2573304176330566
  ],
  "freq_entropy": [
    10.164993286132812,
    10.282251358032227,
    9.948456764221191
  ]
}