{
  "dominant_freq": [
    4.744187234042553,
    5.024757446808509
  ],
  "amp_mean_x": [
    0.12599487602710724,
    0.1935502141714096
  ],
  "amp_mean_y": [
    0.18760937452316284,
    0.3085688650608063
  ],
  "symmetry_ratio": [
    0.6715809106826782,
    0.6272512674331665
  ],
  "energy_distribution": [
    0.18665513396263123,
    0.18566183745861053
  ],
  "motion_stability": [
    2.8449535369873047,
    2.794217586517334
  ],
  "freq_entropy": [
    10.349756240844727,
    10.306957244873047
  ]
}