{
  "dominant_freq": [
    1.579030558482613,
    2.3092673684210525,
    4.025444210526315
  ],
  "amp_mean_x": [
    0.24604476988315582,
    0.2546446919441223,
    0.09745677560567856
  ],
  "amp_mean_y": [
    0.25075575709342957,
    0.2638206481933594,
    0.15608848631381989
  ],
  "symmetry_ratio": [
    0.981212854385376,
    0.9652189612388611,
    0.6243687868118286
  ],
  "energy_distribution": [
    0.3190963864326477,
    0.2748557925224304,
    0.2640886902809143
  ],
  "motion_stability": [
    3.471890449523926,
    2.605450391769409,
    1.3876765966415405
  ],
  "freq_entropy": [
    9.0589017868042,
    8.843876838684082,
    9.004396438598633
  ]
}