{
  "dominant_freq": [
    9.319051761635494,
    2.520341207349081,
    0.3030303030303031,
    2.3937112488928256
  ],
  "amp_mean_x": [
    0.795017421245575,
    1.621480107307434,
    1.4349250793457031,
    1.696793794631958
  ],
  "amp_mean_y": [
    1.2568856477737427,
    3.1793670654296875,
    1.9935283660888672,
    2.7804338932037354
  ],
  "symmetry_ratio": [
    0.632529616355896,
    0.5100008845329285,
    0.7197916507720947,
    0.6102622151374817
  ],
  "energy_distribution": [
    0.2121586948633194,
    0.2443004995584488,
    0.39792388677597046,
    0.21792928874492645
  ],
  "motion_stability": [
    2.3932266235351562,
    2.0276432037353516,
    3.09568190574646,
    1.6233301162719727
  ],
  "freq_entropy": [
    10.379783630371094,
    10.315995216369629,
    10.233784675598145,
    10.298877716064453
  ]
}