{
  "dominant_freq": [
    2.3600000000000003,
    0.32,
    0.32,
    0.33999999999999997
  ],
  "amp_mean_x": [
    0.11629824340343475,
    0.15448984503746033,
    0.33579638600349426,
    0.2242911010980606
  ],
  "amp_mean_y": [
    0.3894948363304138,
    0.5638143420219421,
    0.38200026750564575,
    0.3593103587627411
  ],
  "symmetry_ratio": [
    0.2985873818397522,
    0.2740083634853363,
    0.8790475130081177,
    0.6242266297340393
  ],
  "energy_distribution": [
    0.24858400225639343,
    0.24306970834732056,
    0.3446880578994751,
    0.24380691349506378
  ],
  "motion_stability": [
    1.2581372261047363,
    1.0963654518127441,
    0.9039689302444458,
    1.2222179174423218
  ],
  "freq_entropy": [
    8.271059036254883,
    8.276283264160156,
    8.07275104522705,
    8.248544692993164
  ]
}