{
  "dominant_freq": [
    0.4744191978234531,
    0.30097562012455625
  ],
  "amp_mean_x": [
    0.14544035494327545,
    0.3956447243690491
  ],
  "amp_mean_y": [
    0.2601190209388733,
    0.4988064169883728
  ],
  "symmetry_ratio": [
    0.5591300129890442,
    0.793182909488678
  ],
  "energy_distribution": [
    0.2783609926700592,
    0.4705151915550232
  ],
  "motion_stability": [
    1.3184199333190918,
    2.986600875854492
  ],
  "freq_entropy": [
    10.138238906860352,
    9.523218154907227
  ]
}