{
  "dominant_freq": [
    6.861315586088449,
    5.7737689243027885
  ],
  "amp_mean_x": [
    1.620388150215149,
    2.6710212230682373
  ],
  "amp_mean_y": [
    2.502556085586548,
    7.134349346160889
  ],
  "symmetry_ratio": [
    0.6474932432174683,
    0.3743889033794403
  ],
  "energy_distribution": [
    0.15517199039459229,
    0.17026272416114807
  ],
  "motion_stability": [
    2.817293643951416,
    1.9999712705612183
  ],
  "freq_entropy": [
    10.317548751831055,
    10.236181259155273
  ]
}