{
  "dominant_freq": [
    1.3013793103448275,
    0.27676442924326633
  ],
  "amp_mean_x": [
    0.2605145275592804,
    0.8617182374000549
  ],
  "amp_mean_y": [
    0.6071761846542358,
    1.3926247358322144
  ],
  "symmetry_ratio": [
    0.4290592074394226,
    0.6187727451324463
  ],
  "energy_distribution": [
    0.24247799813747406,
    0.2914853096008301
  ],
  "motion_stability": [
    2.0771141052246094,
    2.3094894886016846
  ],
  "freq_entropy": [
    10.399881362915039,
    9.766119003295898
  ]
}