{
  "dominant_freq": [
    8.355891063829786,
    0.7090774468085106
  ],
  "amp_mean_x": [
    0.5068212747573853,
    0.35136905312538147
  ],
  "amp_mean_y": [
    0.5835368633270264,
    0.4497168958187103
  ],
  "symmetry_ratio": [
    0.8685334324836731,
    0.7813116312026978
  ],
  "energy_distribution": [
    0.21161487698554993,
    0.19141435623168945
  ],
  "motion_stability": [
    1.912196397781372,
    3.1121788024902344
  ],
  "freq_entropy": [
    10.324993133544922,
    10.379150390625
  ]
}