{
  "dominant_freq": [
    0.1000416840350146
  ],
  "amp_mean_x": [
    0.34254568815231323
  ],
  "amp_mean_y": [
    0.6646422743797302
  ],
  "symmetry_ratio": [
    0.5153835415840149
  ],
  "energy_distribution": [
    0.3654192388057709
  ],
  "motion_stability": [
    2.325845241546631
  ],
  "freq_entropy": [
    9.978157043457031
  ]
}