{
  "dominant_freq": [
    5.194799999999999,
    2.9410559999999997,
    0.47951999999999995
  ],
  "amp_mean_x": [
    0.2197536677122116,
    0.14841312170028687,
    0.28906819224357605
  ],
  "amp_mean_y": [
    0.20430420339107513,
    0.29664814472198486,
    0.42193683981895447
  ],
  "symmetry_ratio": [
    1.0756199359893799,
    0.5003001689910889,
    0.6850982308387756
  ],
  "energy_distribution": [
    0.2081473022699356,
    0.2361111044883728,
    0.26353830099105835
  ],
  "motion_stability": [
    1.2239556312561035,
    1.3935229778289795,
    1.1347568035125732
  ],
  "freq_entropy": [
    8.668310165405273,
    8.624421119689941,
    8.523681640625
  ]
}