{
  "dominant_freq": [
    0.12618947368421052,
    0.10116455696202531,
    2.687835789473684
  ],
  "amp_mean_x": [
    0.0892655998468399,
    0.4717845022678375,
    0.31456565856933594
  ],
  "amp_mean_y": [
    0.09628415107727051,
    0.545893669128418,
    0.3563430905342102
  ],
  "symmetry_ratio": [
    0.9271058440208435,
    0.8642424941062927,
    0.8827606439590454
  ],
  "energy_distribution": [
    0.48273274302482605,
    0.5658881664276123,
    0.19331112504005432
  ],
  "motion_stability": [
    1.8528867959976196,
    4.746516704559326,
    1.9772498607635498
  ],
  "freq_entropy": [
    8.015105247497559,
    8.106109619140625,
    8.967604637145996
  ]
}