{
  "dominant_freq": [
    0.3096903096903097,
    2.4775224775224776
  ],
  "amp_mean_x": [
    0.07939083129167557,
    0.0800451785326004
  ],
  "amp_mean_y": [
    0.2248009443283081,
    0.2869657278060913
  ],
  "symmetry_ratio": [
    0.3531605899333954,
    0.27893635630607605
  ],
  "energy_distribution": [
    0.369484543800354,
    0.3852052688598633
  ],
  "motion_stability": [
    1.899454116821289,
    2.251372814178467
  ],
  "freq_entropy": [
    9.069901466369629,
    9.352655410766602
  ]
}