{
  "dominant_freq": [
    1.67832,
    0.10656,
    3.03696,
    0.10656,
    4.939376391982182,
    1.43856
  ],
  "amp_mean_x": [
    0.03324751928448677,
    0.14688937366008759,
    0.22842872142791748,
    0.3133884072303772,
    2.887237548828125,
    0.04682115465402603
  ],
  "amp_mean_y": [
    0.04422500729560852,
    0.07931969314813614,
    0.07663609832525253,
    0.1227191835641861,
    0.9075630903244019,
    0.1119798794388771
  ],
  "symmetry_ratio": [
    0.7517809867858887,
    1.8518651723861694,
    2.9806935787200928,
    2.553703546524048,
    3.181307792663574,
    0.4181211292743683
  ],
  "energy_distribution": [
    0.19750773906707764,
    0.3584999144077301,
    0.3011835813522339,
    0.36930081248283386,
    0.5389540791511536,
    0.28093037009239197
  ],
  "motion_stability": [
    1.3153254985809326,
    0.865559995174408,
    0.7709854245185852,
    0.6366674900054932,
    2.6498045921325684,
    1.0971564054489136
  ],
  "freq_entropy": [
    7.826686859130859,
    7.4118194580078125,
    7.623099327087402,
    7.484413146972656,
    7.23168420791626,
    7.6738128662109375
  ]
}