{
  "dominant_freq": [
    4.236619354838709,
    0.30914613180515754
  ],
  "amp_mean_x": [
    0.30809977650642395,
    0.585597813129425
  ],
  "amp_mean_y": [
    0.619009792804718,
    0.9829679727554321
  ],
  "symmetry_ratio": [
    0.4977300465106964,
    0.5957445502281189
  ],
  "energy_distribution": [
    0.21545596420764923,
    0.21686336398124695
  ],
  "motion_stability": [
    2.1168453693389893,
    2.0312085151672363
  ],
  "freq_entropy": [
    9.611410140991211,
    9.547869682312012
  ]
}