{
  "dominant_freq": [
    2.112068965517241,
    1.606772633033863
  ],
  "amp_mean_x": [
    0.37673237919807434,
    0.7231784462928772
  ],
  "amp_mean_y": [
    0.3717469871044159,
    0.5844685435295105
  ],
  "symmetry_ratio": [
    1.0134106874465942,
    1.2373265027999878
  ],
  "energy_distribution": [
    0.18671873211860657,
    0.2108698934316635
  ],
  "motion_stability": [
    2.841353416442871,
    1.9507287740707397
  ],
  "freq_entropy": [
    9.632643699645996,
    9.54074478149414
  ]
}