{
  "dominant_freq": [
    0.1009515789473684,
    0.4669010526315789,
    0.47951999999999995
  ],
  "amp_mean_x": [
    0.13931217789649963,
    0.21727940440177917,
    0.13844256103038788
  ],
  "amp_mean_y": [
    0.3001405596733093,
    0.30590713024139404,
    0.3454136550426483
  ],
  "symmetry_ratio": [
    0.46415644884109497,
    0.7102789878845215,
    0.40080222487449646
  ],
  "energy_distribution": [
    0.1877036690711975,
    0.2593781352043152,
    0.30095162987709045
  ],
  "motion_stability": [
    1.1209805011749268,
    0.9444452524185181,
    1.1488981246948242
  ],
  "freq_entropy": [
    8.931007385253906,
    8.905688285827637,
    8.725170135498047
  ]
}