{
  "dominant_freq": [
    1.145,
    0.735
  ],
  "amp_mean_x": [
    0.13502506911754608,
    0.12087205052375793
  ],
  "amp_mean_y": [
    0.1802854984998703,
    0.16802358627319336
  ],
  "symmetry_ratio": [
    0.7489513754844666,
    0.719375491142273
  ],
  "energy_distribution": [
    0.19744232296943665,
    0.23041701316833496
  ],
  "motion_stability": [
    1.796046495437622,
    1.5671501159667969
  ],
  "freq_entropy": [
    10.457386016845703,
    10.189281463623047
  ]
}