{
  "dominant_freq": [
    0.4595404595404595,
    1.0158191976373794
  ],
  "amp_mean_x": [
    0.013203137554228306,
    0.2512264549732208
  ],
  "amp_mean_y": [
    0.03004019893705845,
    0.145120307803154
  ],
  "symmetry_ratio": [
    0.4395156502723694,
    1.7311599254608154
  ],
  "energy_distribution": [
    0.30154934525489807,
    0.30963340401649475
  ],
  "motion_stability": [
    1.883258581161499,
    7.694072246551514
  ],
  "freq_entropy": [
    9.484886169433594,
    10.223824501037598
  ]
}