{
  "dominant_freq": [
    0.744517894736842,
    0.47951999999999995,
    1.1861810526315788
  ],
  "amp_mean_x": [
    0.07174753397703171,
    0.12485671788454056,
    0.04697926715016365
  ],
  "amp_mean_y": [
    0.09731986373662949,
    0.22525687515735626,
    0.178066223859787
  ],
  "symmetry_ratio": [
    0.7372342348098755,
    0.5542859435081482,
    0.263830304145813
  ],
  "energy_distribution": [
    0.23435676097869873,
    0.22453980147838593,
    0.31220346689224243
  ],
  "motion_stability": [
    1.3150861263275146,
    1.0484693050384521,
    1.283121109008789
  ],
  "freq_entropy": [
    8.895187377929688,
    8.671035766601562,
    8.856039047241211
  ]
}