{
  "dominant_freq": [
    3.852193995381062,
    4.675445391169636
  ],
  "amp_mean_x": [
    0.19354970753192902,
    1.1125524044036865
  ],
  "amp_mean_y": [
    0.302144318819046,
    1.2658679485321045
  ],
  "symmetry_ratio": [
    0.6405869722366333,
    0.87888503074646
  ],
  "energy_distribution": [
    0.15649725496768951,
    0.175310879945755
  ],
  "motion_stability": [
    2.653212070465088,
    3.937079429626465
  ],
  "freq_entropy": [
    9.553332328796387,
    9.376752853393555
  ]
}