{
  "dominant_freq": [
    4.934742857142857,
    0.10224307036247333,
    8.198326659641726
  ],
  "amp_mean_x": [
    0.5340636968612671,
    1.3211147785186768,
    0.24475239217281342
  ],
  "amp_mean_y": [
    0.7655327320098877,
    1.0465211868286133,
    0.38338279724121094
  ],
  "symmetry_ratio": [
    0.6976366639137268,
    1.2623870372772217,
    0.6384021043777466
  ],
  "energy_distribution": [
    0.1601821333169937,
    0.37150460481643677,
    0.25398778915405273
  ],
  "motion_stability": [
    3.808379888534546,
    4.199612140655518,
    5.628217697143555
  ],
  "freq_entropy": [
    8.867012023925781,
    8.635601043701172,
    9.124767303466797
  ]
}