{
  "dominant_freq": [
    0.3285356695869837,
    2.586206896551724,
    1.15625
  ],
  "amp_mean_x": [
    0.38481688499450684,
    0.4942125380039215,
    0.3209474980831146
  ],
  "amp_mean_y": [
    1.1921972036361694,
    1.7724167108535767,
    1.0424623489379883
  ],
  "symmetry_ratio": [
    0.3227795660495758,
    0.2788354158401489,
    0.3078744411468506
  ],
  "energy_distribution": [
    0.2967870533466339,
    0.3761402368545532,
    0.29073697328567505
  ],
  "motion_stability": [
    1.9505078792572021,
    2.207944393157959,
    2.623488426208496
  ],
  "freq_entropy": [
    8.779065132141113,
    8.589614868164062,
    8.821280479431152
  ]
}