{
  "dominant_freq": [
    7.874193396226414,
    0.2961741176470588,
    3.0322588235294115
  ],
  "amp_mean_x": [
    0.23867399990558624,
    0.239839106798172,
    0.25825828313827515
  ],
  "amp_mean_y": [
    0.465838760137558,
    0.4265495836734772,
    0.35750889778137207
  ],
  "symmetry_ratio": [
    0.512353241443634,
    0.5622771978378296,
    0.7223827838897705
  ],
  "energy_distribution": [
    0.1901552677154541,
    0.3293263614177704,
    0.2724335491657257
  ],
  "motion_stability": [
    3.6663460731506348,
    1.0780271291732788,
    0.777222752571106
  ],
  "freq_entropy": [
    9.26759147644043,
    8.550878524780273,
    8.756241798400879
  ]
}