{
  "dominant_freq": [
    0.77922,
    1.3101171428571428
  ],
  "amp_mean_x": [
    0.22484222054481506,
    0.3767673969268799
  ],
  "amp_mean_y": [
    0.3112371563911438,
    0.509477972984314
  ],
  "symmetry_ratio": [
    0.7224144339561462,
    0.73951655626297
  ],
  "energy_distribution": [
    0.2933436334133148,
    0.2456231415271759
  ],
  "motion_stability": [
    1.118396282196045,
    1.3607401847839355
  ],
  "freq_entropy": [
    9.43384075164795,
    9.48422622680664
  ]
}