{
  "dominant_freq": [
    4.283203870076019,
    0.28304999999999997
  ],
  "amp_mean_x": [
    0.28453952074050903,
    0.4059719145298004
  ],
  "amp_mean_y": [
    0.6125829219818115,
    0.8758227825164795
  ],
  "symmetry_ratio": [
    0.46449142694473267,
    0.463532030582428
  ],
  "energy_distribution": [
    0.19305625557899475,
    0.2591021656990051
  ],
  "motion_stability": [
    2.174237012863159,
    2.1852173805236816
  ],
  "freq_entropy": [
    9.625616073608398,
    9.569829940795898
  ]
}