{
  "dominant_freq": [
    0.47952,
    0.48808285714285715
  ],
  "amp_mean_x": [
    0.064901202917099,
    0.057328540831804276
  ],
  "amp_mean_y": [
    0.2685220241546631,
    0.24995437264442444
  ],
  "symmetry_ratio": [
    0.24169787764549255,
    0.22935602068901062
  ],
  "energy_distribution": [
    0.3202483355998993,
    0.24689343571662903
  ],
  "motion_stability": [
    1.3477306365966797,
    1.6234142780303955
  ],
  "freq_entropy": [
    9.395801544189453,
    9.490893363952637
  ]
}