{
  "dominant_freq": [
    0.46239428571428576,
    0.7278428571428571
  ],
  "amp_mean_x": [
    0.30139774084091187,
    0.3845336139202118
  ],
  "amp_mean_y": [
    0.12202330678701401,
    0.1267857402563095
  ],
  "symmetry_ratio": [
    2.470001459121704,
    3.032940626144409
  ],
  "energy_distribution": [
    0.2031337320804596,
    0.2607817053794861
  ],
  "motion_stability": [
    1.456956148147583,
    1.526628017425537
  ],
  "freq_entropy": [
    9.489709854125977,
    9.301115036010742
  ]
}