{
  "dominant_freq": [
    3.0033094736842103,
    0.11357052631578946,
    0.8202315789473683
  ],
  "amp_mean_x": [
    0.3201833963394165,
    0.31431087851524353,
    0.2253899723291397
  ],
  "amp_mean_y": [
    0.384596586227417,
    0.34314560890197754,
    0.45049163699150085
  ],
  "symmetry_ratio": [
    0.8325175046920776,
    0.9159694314002991,
    0.5003200173377991
  ],
  "energy_distribution": [
    0.21304312348365784,
    0.4631845951080322,
    0.39428824186325073
  ],
  "motion_stability": [
    2.822272777557373,
    3.8679652214050293,
    2.722595691680908
  ],
  "freq_entropy": [
    8.81883430480957,
    8.603368759155273,
    8.51434326171875
  ]
}