{
  "dominant_freq": [
    1.0856966560509553,
    0.10961960497439649
  ],
  "amp_mean_x": [
    2.3666903972625732,
    1.1264280080795288
  ],
  "amp_mean_y": [
    3.304292917251587,
    1.5852961540222168
  ],
  "symmetry_ratio": [
    0.7162471413612366,
    0.7105473875999451
  ],
  "energy_distribution": [
    0.3137667775154114,
    0.33552879095077515
  ],
  "motion_stability": [
    3.2167186737060547,
    3.994126796722412
  ],
  "freq_entropy": [
    9.056711196899414,
    9.214835166931152
  ]
}