{
  "dominant_freq": [
    2.3780403606698153,
    3.900573134328358
  ],
  "amp_mean_x": [
    0.6150398850440979,
    0.23204681277275085
  ],
  "amp_mean_y": [
    0.5766329765319824,
    0.28028926253318787
  ],
  "symmetry_ratio": [
    1.0666054487228394,
    0.8278833627700806
  ],
  "energy_distribution": [
    0.3261471688747406,
    0.2095371037721634
  ],
  "motion_stability": [
    6.1252970695495605,
    2.880323886871338
  ],
  "freq_entropy": [
    9.92170524597168,
    10.374896049499512
  ]
}