{
  "dominant_freq": [
    0.4878457669740151,
    0.475
  ],
  "amp_mean_x": [
    0.11794005334377289,
    0.16897061467170715
  ],
  "amp_mean_y": [
    0.4106615483760834,
    0.41787195205688477
  ],
  "symmetry_ratio": [
    0.28719526529312134,
    0.4043597877025604
  ],
  "energy_distribution": [
    0.24563248455524445,
    0.1975366771221161
  ],
  "motion_stability": [
    1.8987443447113037,
    1.0732605457305908
  ],
  "freq_entropy": [
    10.380561828613281,
    10.101455688476562
  ]
}