{
  "dominant_freq": [
    1.3794035146348314,
    0.7333842627960275
  ],
  "amp_mean_x": [
    0.4116177260875702,
    0.11039263755083084
  ],
  "amp_mean_y": [
    0.7421944737434387,
    0.2270697057247162
  ],
  "symmetry_ratio": [
    0.5545955300331116,
    0.48616188764572144
  ],
  "energy_distribution": [
    0.38940563797950745,
    0.17370270192623138
  ],
  "motion_stability": [
    6.42869758605957,
    1.2866899967193604
  ],
  "freq_entropy": [
    9.692524909973145,
    9.835643768310547
  ]
}