{
  "dominant_freq": [
    1.5515323907639378,
    4.084625052366987
  ],
  "amp_mean_x": [
    1.1323336362838745,
    0.5370364189147949
  ],
  "amp_mean_y": [
    2.507094144821167,
    1.4564552307128906
  ],
  "symmetry_ratio": [
    0.45165181159973145,
    0.3687283992767334
  ],
  "energy_distribution": [
    0.3299565315246582,
    0.22730249166488647
  ],
  "motion_stability": [
    3.236563205718994,
    1.4858373403549194
  ],
  "freq_entropy": [
    9.045406341552734,
    9.071056365966797
  ]
}