{
  "dominant_freq": [
    0.28716461203770854,
    0.45714285714285713
  ],
  "amp_mean_x": [
    1.3560779094696045,
    0.6408555507659912
  ],
  "amp_mean_y": [
    2.782907485961914,
    2.031193971633911
  ],
  "symmetry_ratio": [
    0.4872881770133972,
    0.31550681591033936
  ],
  "energy_distribution": [
    0.20400260388851166,
    0.2157253921031952
  ],
  "motion_stability": [
    2.1522464752197266,
    1.6545445919036865
  ],
  "freq_entropy": [
    9.459915161132812,
    9.477438926696777
  ]
}