{
  "dominant_freq": [
    1.7918905263157892,
    0.4421285563751316,
    5.381336143308745
  ],
  "amp_mean_x": [
    0.12304604798555374,
    0.13380680978298187,
    0.21146604418754578
  ],
  "amp_mean_y": [
    0.09874744713306427,
    0.24688997864723206,
    0.2115389108657837
  ],
  "symmetry_ratio": [
    1.2460681200027466,
    0.541969358921051,
    0.999655544757843
  ],
  "energy_distribution": [
    0.21298924088478088,
    0.28775280714035034,
    0.24003620445728302
  ],
  "motion_stability": [
    1.25689697265625,
    1.973264217376709,
    1.9988982677459717
  ],
  "freq_entropy": [
    8.999322891235352,
    9.038674354553223,
    8.996840476989746
  ]
}