{
  "dominant_freq": [
    0.3876970212765957,
    5.085972765957446,
    5.50151724137931
  ],
  "amp_mean_x": [
    0.10051775723695755,
    0.08619488775730133,
    0.06488488614559174
  ],
  "amp_mean_y": [
    0.10250595957040787,
    0.1279394030570984,
    0.1459459811449051
  ],
  "symmetry_ratio": [
    0.9806040525436401,
    0.6737164855003357,
    0.4445815086364746
  ],
  "energy_distribution": [
    0.24340999126434326,
    0.18355782330036163,
    0.20729228854179382
  ],
  "motion_stability": [
    2.4928455352783203,
    2.087110996246338,
    1.8248553276062012
  ],
  "freq_entropy": [
    10.31652545928955,
    10.325803756713867,
    10.319637298583984
  ]
}