{
  "dominant_freq": [
    4.250213009292351,
    0.14021052631578945
  ],
  "amp_mean_x": [
    0.6090927124023438,
    1.1501061916351318
  ],
  "amp_mean_y": [
    0.06490263342857361,
    0.9061545133590698
  ],
  "symmetry_ratio": [
    9.38471508026123,
    1.2692164182662964
  ],
  "energy_distribution": [
    0.24672040343284607,
    0.3724828362464905
  ],
  "motion_stability": [
    2.490368604660034,
    6.123108863830566
  ],
  "freq_entropy": [
    9.729827880859375,
    9.376277923583984
  ]
}