{
  "dominant_freq": [
    7.11,
    0.8
  ],
  "amp_mean_x": [
    0.16702663898468018,
    0.3407036364078522
  ],
  "amp_mean_y": [
    0.37168043851852417,
    0.9390549659729004
  ],
  "symmetry_ratio": [
    0.44938236474990845,
    0.3628154397010803
  ],
  "energy_distribution": [
    0.18364137411117554,
    0.21633310616016388
  ],
  "motion_stability": [
    2.0943074226379395,
    2.238083600997925
  ],
  "freq_entropy": [
    9.41214656829834,
    9.539725303649902
  ]
}