{
  "dominant_freq": [
    1.878121878121878,
    7.365967365967366,
    7.152847152847153
  ],
  "amp_mean_x": [
    0.14677612483501434,
    0.1332501620054245,
    0.12892234325408936
  ],
  "amp_mean_y": [
    0.19480472803115845,
    0.19161835312843323,
    0.1707461029291153
  ],
  "symmetry_ratio": [
    0.7534525990486145,
    0.6953935027122498,
    0.755052924156189
  ],
  "energy_distribution": [
    0.19442050158977509,
    0.18696045875549316,
    0.1879522204399109
  ],
  "motion_stability": [
    1.6727240085601807,
    1.3944315910339355,
    1.5562504529953003
  ],
  "freq_entropy": [
    8.964142799377441,
    8.916680335998535,
    8.965510368347168
  ]
}