{
  "dominant_freq": [
    1.492846775865644,
    1.312008816699248
  ],
  "amp_mean_x": [
    0.8553115725517273,
    0.8431220054626465
  ],
  "amp_mean_y": [
    1.4078150987625122,
    1.642537236213684
  ],
  "symmetry_ratio": [
    0.6075453758239746,
    0.5133046507835388
  ],
  "energy_distribution": [
    0.12825223803520203,
    0.17231625318527222
  ],
  "motion_stability": [
    4.161220550537109,
    1.765364170074463
  ],
  "freq_entropy": [
    9.762003898620605,
    9.796274185180664
  ]
}