{
  "dominant_freq": [
    0.12632244467860904,
    0.12632244467860904,
    4.126395789473683
  ],
  "amp_mean_x": [
    0.5476095080375671,
    0.46673497557640076,
    0.3009023666381836
  ],
  "amp_mean_y": [
    1.1696792840957642,
    0.8420965075492859,
    0.8928084969520569
  ],
  "symmetry_ratio": [
    0.4681706428527832,
    0.5542535185813904,
    0.33702901005744934
  ],
  "energy_distribution": [
    0.29867443442344666,
    0.2673369348049164,
    0.22111733257770538
  ],
  "motion_stability": [
    3.204707145690918,
    1.8370959758758545,
    2.093716859817505
  ],
  "freq_entropy": [
    8.99029541015625,
    9.000992774963379,
    9.049454689025879
  ]
}