{
  "dominant_freq": [
    4.2799710638297865,
    1.4538638297872337
  ],
  "amp_mean_x": [
    0.14371420443058014,
    0.06208179146051407
  ],
  "amp_mean_y": [
    0.22236743569374084,
    0.14919351041316986
  ],
  "symmetry_ratio": [
    0.6462916135787964,
    0.4161159098148346
  ],
  "energy_distribution": [
    0.19128960371017456,
    0.21112851798534393
  ],
  "motion_stability": [
    1.9065988063812256,
    1.188406229019165
  ],
  "freq_entropy": [
    10.260787963867188,
    10.284093856811523
  ]
}