{
  "dominant_freq": [
    0.2905263157894737,
    0.10105263157894738,
    1.1873684210526316
  ],
  "amp_mean_x": [
    0.08618063479661942,
    0.16203925013542175,
    0.1264510303735733
  ],
  "amp_mean_y": [
    0.2721746861934662,
    0.7107568979263306,
    0.4161013960838318
  ],
  "symmetry_ratio": [
    0.31663721799850464,
    0.22798125445842743,
    0.3038947582244873
  ],
  "energy_distribution": [
    0.22870205342769623,
    0.44872772693634033,
    0.2410919964313507
  ],
  "motion_stability": [
    1.950549840927124,
    3.2678730487823486,
    2.6884400844573975
  ],
  "freq_entropy": [
    9.052579879760742,
    8.80718994140625,
    8.980891227722168
  ]
}