{
  "dominant_freq": [
    4.94314196441856,
    0.11237165050543832,
    0.1377932412415171
  ],
  "amp_mean_x": [
    0.17112663388252258,
    0.38919416069984436,
    0.30502113699913025
  ],
  "amp_mean_y": [
    0.19511404633522034,
    0.28796306252479553,
    0.27228647470474243
  ],
  "symmetry_ratio": [
    0.8770595192909241,
    1.3515419960021973,
    1.1202213764190674
  ],
  "energy_distribution": [
    0.272430419921875,
    0.4268916845321655,
    0.22732456028461456
  ],
  "motion_stability": [
    2.698563575744629,
    4.377823829650879,
    5.041269779205322
  ],
  "freq_entropy": [
    10.285929679870605,
    9.519964218139648,
    10.358774185180664
  ]
}