{
  "dominant_freq": [
    0.7114285714285715,
    0.274481772694782
  ],
  "amp_mean_x": [
    0.2592383027076721,
    0.6412627100944519
  ],
  "amp_mean_y": [
    0.7364890575408936,
    1.2696583271026611
  ],
  "symmetry_ratio": [
    0.35199207067489624,
    0.5050671696662903
  ],
  "energy_distribution": [
    0.190679669380188,
    0.23780354857444763
  ],
  "motion_stability": [
    1.94966459274292,
    2.052381992340088
  ],
  "freq_entropy": [
    9.66717529296875,
    9.571382522583008
  ]
}