{
  "dominant_freq": [
    2.8294736842105266,
    0.9347368421052633,
    4.673684210526316
  ],
  "amp_mean_x": [
    0.29190337657928467,
    0.17880654335021973,
    0.10930531471967697
  ],
  "amp_mean_y": [
    0.25171467661857605,
    0.21896809339523315,
    0.1766400784254074
  ],
  "symmetry_ratio": [
    1.159659743309021,
    0.8165872097015381,
    0.6188024878501892
  ],
  "energy_distribution": [
    0.18232876062393188,
    0.1924038827419281,
    0.1974223256111145
  ],
  "motion_stability": [
    1.75286865234375,
    1.9402048587799072,
    1.6233959197998047
  ],
  "freq_entropy": [
    9.056190490722656,
    9.040694236755371,
    8.994327545166016
  ]
}