{
  "dominant_freq": [
    5.2020966702470455,
    5.2033021276595735,
    3.8063164556962024
  ],
  "amp_mean_x": [
    0.8814265727996826,
    0.5775707960128784,
    0.3728500008583069
  ],
  "amp_mean_y": [
    1.143178939819336,
    0.845166027545929,
    0.5612632632255554
  ],
  "symmetry_ratio": [
    0.7710311412811279,
    0.6833814382553101,
    0.6643050312995911
  ],
  "energy_distribution": [
    0.2715568542480469,
    0.20697365701198578,
    0.17781557142734528
  ],
  "motion_stability": [
    4.710400581359863,
    4.953997611999512,
    3.615307331085205
  ],
  "freq_entropy": [
    9.098308563232422,
    9.097062110900879,
    9.044760704040527
  ]
}