{
  "dominant_freq": [
    0.10191710945802336,
    3.611606765327695,
    0.744517894736842
  ],
  "amp_mean_x": [
    0.852995753288269,
    0.3257574737071991,
    0.28403156995773315
  ],
  "amp_mean_y": [
    1.1491663455963135,
    0.4578247666358948,
    0.45828408002853394
  ],
  "symmetry_ratio": [
    0.7422735095024109,
    0.7115330696105957,
    0.6197718381881714
  ],
  "energy_distribution": [
    0.3730885684490204,
    0.22803199291229248,
    0.2625328004360199
  ],
  "motion_stability": [
    3.8276655673980713,
    2.513029098510742,
    2.099907159805298
  ],
  "freq_entropy": [
    8.626039505004883,
    9.053108215332031,
    8.921623229980469
  ]
}