{
  "dominant_freq": [
    0.1009515789473684,
    0.2776168421052631,
    0.31547368421052624
  ],
  "amp_mean_x": [
    0.15394972264766693,
    0.18083788454532623,
    0.20262214541435242
  ],
  "amp_mean_y": [
    0.28438809514045715,
    0.6009927988052368,
    0.3130331337451935
  ],
  "symmetry_ratio": [
    0.541336715221405,
    0.30089858174324036,
    0.647286593914032
  ],
  "energy_distribution": [
    0.4537917673587799,
    0.373735636472702,
    0.2997977137565613
  ],
  "motion_stability": [
    1.5320922136306763,
    1.2796471118927002,
    1.2940013408660889
  ],
  "freq_entropy": [
    8.600231170654297,
    8.644325256347656,
    8.933109283447266
  ]
}