{
  "dominant_freq": [
    0.29113714285714287,
    3.964535433070866
  ],
  "amp_mean_x": [
    0.20433473587036133,
    1.1260439157485962
  ],
  "amp_mean_y": [
    0.14681613445281982,
    0.694154679775238
  ],
  "symmetry_ratio": [
    1.391772985458374,
    1.6221801042556763
  ],
  "energy_distribution": [
    0.28397852182388306,
    0.4138588607311249
  ],
  "motion_stability": [
    1.7932593822479248,
    4.846744537353516
  ],
  "freq_entropy": [
    9.453119277954102,
    9.343427658081055
  ]
}