{
  "dominant_freq": [
    3.0749999999999997,
    4.609218436873747
  ],
  "amp_mean_x": [
    0.29659074544906616,
    0.35970598459243774
  ],
  "amp_mean_y": [
    0.4666247069835663,
    1.0413737297058105
  ],
  "symmetry_ratio": [
    0.6356087327003479,
    0.3454148769378662
  ],
  "energy_distribution": [
    0.23587389290332794,
    0.22560398280620575
  ],
  "motion_stability": [
    1.6243793964385986,
    1.481233835220337
  ],
  "freq_entropy": [
    9.588991165161133,
    9.54980182647705
  ]
}