{
  "dominant_freq": [
    0.46862228680410495,
    3.5743540099784052
  ],
  "amp_mean_x": [
    0.48417502641677856,
    2.6106173992156982
  ],
  "amp_mean_y": [
    0.4269247353076935,
    5.339852333068848
  ],
  "symmetry_ratio": [
    1.1340992450714111,
    0.48889318108558655
  ],
  "energy_distribution": [
    0.2795335054397583,
    0.21048399806022644
  ],
  "motion_stability": [
    1.5477674007415771,
    2.9504947662353516
  ],
  "freq_entropy": [
    9.06491470336914,
    9.124414443969727
  ]
}