{
  "dominant_freq": [
    0.5287020671636057,
    4.52853759466986
  ],
  "amp_mean_x": [
    0.6975935697555542,
    0.39919596910476685
  ],
  "amp_mean_y": [
    2.895920991897583,
    1.2084465026855469
  ],
  "symmetry_ratio": [
    0.2408883273601532,
    0.33033815026283264
  ],
  "energy_distribution": [
    0.2830944061279297,
    0.2282370924949646
  ],
  "motion_stability": [
    2.4114432334899902,
    2.7153961658477783
  ],
  "freq_entropy": [
    8.965579986572266,
    9.076884269714355
  ]
}