{
  "dominant_freq": [
    4.845675789473684,
    0.10246153846153847,
    0.31547368421052624
  ],
  "amp_mean_x": [
    0.14803120493888855,
    0.8215223550796509,
    0.1389155387878418
  ],
  "amp_mean_y": [
    0.17390036582946777,
    1.121293306350708,
    0.24174483120441437
  ],
  "symmetry_ratio": [
    0.8512414693832397,
    0.7326560616493225,
    0.5746370553970337
  ],
  "energy_distribution": [
    0.20056958496570587,
    0.3198196291923523,
    0.17783452570438385
  ],
  "motion_stability": [
    1.3517675399780273,
    7.037810325622559,
    1.8845800161361694
  ],
  "freq_entropy": [
    8.990442276000977,
    8.748069763183594,
    9.00944709777832
  ]
}