{
  "dominant_freq": [
    0.47951999999999995,
    0.13019548872180448
  ],
  "amp_mean_x": [
    0.08653625100851059,
    1.521401286125183
  ],
  "amp_mean_y": [
    0.2719365358352661,
    0.7145678400993347
  ],
  "symmetry_ratio": [
    0.3182222247123718,
    2.1291208267211914
  ],
  "energy_distribution": [
    0.2957717776298523,
    0.6144083142280579
  ],
  "motion_stability": [
    1.205294132232666,
    2.5577807426452637
  ],
  "freq_entropy": [
    9.140724182128906,
    8.295551300048828
  ]
}