{
  "dominant_freq": [
    0.15142751984857247,
    0.13249907986750092
  ],
  "amp_mean_x": [
    0.10987325757741928,
    0.15383021533489227
  ],
  "amp_mean_y": [
    0.3684976100921631,
    0.34210771322250366
  ],
  "symmetry_ratio": [
    0.2981654405593872,
    0.44965434074401855
  ],
  "energy_distribution": [
    0.2640555202960968,
    0.24975749850273132
  ],
  "motion_stability": [
    2.59702730178833,
    1.4546763896942139
  ],
  "freq_entropy": [
    9.959083557128906,
    9.933226585388184
  ]
}