{
  "dominant_freq": [
    5.816336549565879,
    4.278074866310161
  ],
  "amp_mean_x": [
    0.9848635792732239,
    1.0533262491226196
  ],
  "amp_mean_y": [
    2.055664300918579,
    2.065490484237671
  ],
  "symmetry_ratio": [
    0.47909748554229736,
    0.5099642276763916
  ],
  "energy_distribution": [
    0.21104662120342255,
    0.31823328137397766
  ],
  "motion_stability": [
    2.9509387016296387,
    3.11301326751709
  ],
  "freq_entropy": [
    9.566434860229492,
    9.085617065429688
  ]
}