{
  "dominant_freq": [
    3.3475447839831394,
    1.451178947368421,
    5.236863157894736
  ],
  "amp_mean_x": [
    0.21015934646129608,
    0.2340962439775467,
    0.07122723758220673
  ],
  "amp_mean_y": [
    0.6219005584716797,
    0.34660375118255615,
    0.21540449559688568
  ],
  "symmetry_ratio": [
    0.3379307985305786,
    0.6754001975059509,
    0.3306673765182495
  ],
  "energy_distribution": [
    0.2496643215417862,
    0.21207094192504883,
    0.3018946945667267
  ],
  "motion_stability": [
    1.7614772319793701,
    1.3098735809326172,
    1.6797022819519043
  ],
  "freq_entropy": [
    8.984719276428223,
    8.904669761657715,
    9.029550552368164
  ]
}