{
  "dominant_freq": [
    0.49684590860786393,
    3.3944968421052626,
    4.620506863780359
  ],
  "amp_mean_x": [
    0.17060458660125732,
    0.39188021421432495,
    0.2530190050601959
  ],
  "amp_mean_y": [
    0.3674432635307312,
    0.5743545889854431,
    0.8452430963516235
  ],
  "symmetry_ratio": [
    0.46430185437202454,
    0.682296633720398,
    0.29934465885162354
  ],
  "energy_distribution": [
    0.23633915185928345,
    0.2499472051858902,
    0.12315161526203156
  ],
  "motion_stability": [
    1.8175833225250244,
    1.637138843536377,
    8.805652618408203
  ],
  "freq_entropy": [
    8.907977104187012,
    8.935750961303711,
    9.211240768432617
  ]
}