{
  "dominant_freq": [
    4.3913936842105254,
    0.13880842105263158,
    0.13880842105263158
  ],
  "amp_mean_x": [
    0.15827427804470062,
    0.17629748582839966,
    0.20417101681232452
  ],
  "amp_mean_y": [
    0.2129058986902237,
    0.2057795226573944,
    0.17124691605567932
  ],
  "symmetry_ratio": [
    0.7434001564979553,
    0.8567299842834473,
    1.192260980606079
  ],
  "energy_distribution": [
    0.19388268887996674,
    0.3018949031829834,
    0.20514260232448578
  ],
  "motion_stability": [
    3.3471391201019287,
    1.5379796028137207,
    1.6028798818588257
  ],
  "freq_entropy": [
    9.275501251220703,
    8.850570678710938,
    9.009452819824219
  ]
}