{
  "dominant_freq": [
    0.10298969072164947,
    2.531310344827586
  ],
  "amp_mean_x": [
    0.40646398067474365,
    0.2729314863681793
  ],
  "amp_mean_y": [
    0.47737154364585876,
    0.32592424750328064
  ],
  "symmetry_ratio": [
    0.8514625430107117,
    0.8374077081680298
  ],
  "energy_distribution": [
    0.4060533344745636,
    0.1830192357301712
  ],
  "motion_stability": [
    9.028715133666992,
    2.596682548522949
  ],
  "freq_entropy": [
    9.827861785888672,
    10.366147994995117
  ]
}