{
  "dominant_freq": [
    0.765191489361702,
    0.4540136170212765
  ],
  "amp_mean_x": [
    0.2090679556131363,
    0.2674153447151184
  ],
  "amp_mean_y": [
    0.3286917209625244,
    0.517763614654541
  ],
  "symmetry_ratio": [
    0.636060893535614,
    0.5164815187454224
  ],
  "energy_distribution": [
    0.22917167842388153,
    0.20897385478019714
  ],
  "motion_stability": [
    1.294776439666748,
    1.3497273921966553
  ],
  "freq_entropy": [
    10.304550170898438,
    10.300249099731445
  ]
}