{
  "dominant_freq": [
    2.7403414195867026,
    5.632716049382716
  ],
  "amp_mean_x": [
    3.0723674297332764,
    1.2142902612686157
  ],
  "amp_mean_y": [
    8.140970230102539,
    4.508889675140381
  ],
  "symmetry_ratio": [
    0.37739571928977966,
    0.26931026577949524
  ],
  "energy_distribution": [
    0.23456086218357086,
    0.189939484000206
  ],
  "motion_stability": [
    2.1818490028381348,
    2.09014892578125
  ],
  "freq_entropy": [
    9.024056434631348,
    9.229643821716309
  ]
}