{
  "dominant_freq": [
    2.613512379353756,
    1.151439299123905
  ],
  "amp_mean_x": [
    0.5091456770896912,
    0.3049860894680023
  ],
  "amp_mean_y": [
    0.9891650080680847,
    0.8059742450714111
  ],
  "symmetry_ratio": [
    0.5147227048873901,
    0.37840673327445984
  ],
  "energy_distribution": [
    0.20349173247814178,
    0.20278197526931763
  ],
  "motion_stability": [
    2.501842498779297,
    1.5451014041900635
  ],
  "freq_entropy": [
    10.289400100708008,
    10.368010520935059
  ]
}