{
  "dominant_freq": [
    8.631359999999999,
    3.5837810526315783,
    6.195903157894736
  ],
  "amp_mean_x": [
    0.07597248256206512,
    0.08622704446315765,
    0.08084283024072647
  ],
  "amp_mean_y": [
    0.11060992628335953,
    0.13128745555877686,
    0.1018744558095932
  ],
  "symmetry_ratio": [
    0.6868504881858826,
    0.6567805409431458,
    0.7935534715652466
  ],
  "energy_distribution": [
    0.18598273396492004,
    0.1701543629169464,
    0.2004215568304062
  ],
  "motion_stability": [
    1.436448097229004,
    1.4762849807739258,
    1.3062576055526733
  ],
  "freq_entropy": [
    9.044841766357422,
    8.960465431213379,
    8.954702377319336
  ]
}