{
  "dominant_freq": [
    0.30000000000000004,
    5.031428571428572
  ],
  "amp_mean_x": [
    0.050701916217803955,
    0.14428380131721497
  ],
  "amp_mean_y": [
    0.09124522656202316,
    0.20880569517612457
  ],
  "symmetry_ratio": [
    0.5556665062904358,
    0.6909955143928528
  ],
  "energy_distribution": [
    0.2564842402935028,
    0.18306852877140045
  ],
  "motion_stability": [
    1.631883144378662,
    2.272385597229004
  ],
  "freq_entropy": [
    9.304594993591309,
    9.498573303222656
  ]
}