{
  "dominant_freq": [
    5.374619999999999,
    0.11987999999999999
  ],
  "amp_mean_x": [
    0.030333716422319412,
    0.11964207887649536
  ],
  "amp_mean_y": [
    0.10539380460977554,
    0.16051962971687317
  ],
  "symmetry_ratio": [
    0.28781309723854065,
    0.7453423738479614
  ],
  "energy_distribution": [
    0.18579548597335815,
    0.31945449113845825
  ],
  "motion_stability": [
    1.4099140167236328,
    1.9951715469360352
  ],
  "freq_entropy": [
    9.266624450683594,
    9.217412948608398
  ]
}