{
  "dominant_freq": [
    2.799745222929936,
    3.8229947201689543,
    7.061424657534245
  ],
  "amp_mean_x": [
    0.6978625655174255,
    0.6473759412765503,
    0.47381657361984253
  ],
  "amp_mean_y": [
    0.759860098361969,
    1.4280403852462769,
    0.8078808188438416
  ],
  "symmetry_ratio": [
    0.9184092879295349,
    0.45333167910575867,
    0.5864931344985962
  ],
  "energy_distribution": [
    0.23728495836257935,
    0.23682698607444763,
    0.17934231460094452
  ],
  "motion_stability": [
    2.6753921508789062,
    1.8404855728149414,
    2.0337231159210205
  ],
  "freq_entropy": [
    9.039579391479492,
    9.028000831604004,
    9.079639434814453
  ]
}