{
  "dominant_freq": [
    0.29023578947368417,
    0.10105795574288723,
    4.038063157894736
  ],
  "amp_mean_x": [
    0.197708860039711,
    0.6428577899932861,
    0.15253308415412903
  ],
  "amp_mean_y": [
    0.37218955159187317,
    0.6119557023048401,
    0.42814287543296814
  ],
  "symmetry_ratio": [
    0.5312047600746155,
    1.05049729347229,
    0.3562667667865753
  ],
  "energy_distribution": [
    0.2882448434829712,
    0.4790059030056,
    0.20475861430168152
  ],
  "motion_stability": [
    2.627530097961426,
    2.986541748046875,
    2.636610984802246
  ],
  "freq_entropy": [
    9.04287052154541,
    8.544955253601074,
    9.130546569824219
  ]
}