{
  "dominant_freq": [
    6.615606615606616,
    2.216362872100577
  ],
  "amp_mean_x": [
    1.1780774593353271,
    0.8319556713104248
  ],
  "amp_mean_y": [
    2.4025862216949463,
    0.9223783016204834
  ],
  "symmetry_ratio": [
    0.49033722281455994,
    0.9019679427146912
  ],
  "energy_distribution": [
    0.18410110473632812,
    0.23824959993362427
  ],
  "motion_stability": [
    2.7888436317443848,
    1.4722001552581787
  ],
  "freq_entropy": [
    9.143667221069336,
    9.212217330932617
  ]
}