{
  "dominant_freq": [
    4.397612437813443,
    0.8631368631368631
  ],
  "amp_mean_x": [
    0.549848198890686,
    0.47533008456230164
  ],
  "amp_mean_y": [
    0.6655567288398743,
    0.6289616227149963
  ],
  "symmetry_ratio": [
    0.826147735118866,
    0.755737841129303
  ],
  "energy_distribution": [
    0.18863900005817413,
    0.24716097116470337
  ],
  "motion_stability": [
    3.0392141342163086,
    3.0415124893188477
  ],
  "freq_entropy": [
    9.112337112426758,
    9.03268814086914
  ]
}