{
  "dominant_freq": [
    0.2805704933364508,
    0.47462116427633666
  ],
  "amp_mean_x": [
    0.3464147746562958,
    0.258828729391098
  ],
  "amp_mean_y": [
    0.47072121500968933,
    0.4512133300304413
  ],
  "symmetry_ratio": [
    0.7359234094619751,
    0.573628306388855
  ],
  "energy_distribution": [
    0.34664803743362427,
    0.24370665848255157
  ],
  "motion_stability": [
    1.6949610710144043,
    1.146644115447998
  ],
  "freq_entropy": [
    10.167617797851562,
    10.186384201049805
  ]
}