{
  "dominant_freq": [
    3.248285456874414,
    0.11691158231185367
  ],
  "amp_mean_x": [
    0.7044920921325684,
    0.5521571040153503
  ],
  "amp_mean_y": [
    1.1158108711242676,
    0.927492082118988
  ],
  "symmetry_ratio": [
    0.631372332572937,
    0.5953227281570435
  ],
  "energy_distribution": [
    0.20865802466869354,
    0.3324698507785797
  ],
  "motion_stability": [
    2.338999032974243,
    2.4732627868652344
  ],
  "freq_entropy": [
    10.348478317260742,
    10.095044136047363
  ]
}