{
  "dominant_freq": [
    1.7657357232180073
  ],
  "amp_mean_x": [
    0.6368588209152222
  ],
  "amp_mean_y": [
    0.6936576962471008
  ],
  "symmetry_ratio": [
    0.9181168675422668
  ],
  "energy_distribution": [
    0.2710075378417969
  ],
  "motion_stability": [
    2.5255064964294434
  ],
  "freq_entropy": [
    10.084502220153809
  ]
}