{
  "dominant_freq": [
    0.14214046822742474,
    0.1503006012024048
  ],
  "amp_mean_x": [
    0.7053096890449524,
    0.9279176592826843
  ],
  "amp_mean_y": [
    1.2385281324386597,
    1.3364732265472412
  ],
  "symmetry_ratio": [
    0.5694741010665894,
    0.6943032145500183
  ],
  "energy_distribution": [
    0.3021049201488495,
    0.2677633464336395
  ],
  "motion_stability": [
    1.8891143798828125,
    1.586817741394043
  ],
  "freq_entropy": [
    9.446191787719727,
    9.553398132324219
  ]
}