{
  "dominant_freq": [
    3.9409776247848534,
    2.7097928663515254
  ],
  "amp_mean_x": [
    0.9859108328819275,
    1.1411347389221191
  ],
  "amp_mean_y": [
    2.269813299179077,
    1.4463211297988892
  ],
  "symmetry_ratio": [
    0.4343576729297638,
    0.7889912724494934
  ],
  "energy_distribution": [
    0.18726950883865356,
    0.2101089358329773
  ],
  "motion_stability": [
    2.426943063735962,
    1.7524828910827637
  ],
  "freq_entropy": [
    10.295114517211914,
    10.319087028503418
  ]
}