{
  "dominant_freq": [
    1.9282905149256422,
    0.16257327578082292
  ],
  "amp_mean_x": [
    0.9522371292114258,
    0.9698469042778015
  ],
  "amp_mean_y": [
    0.6575203537940979,
    0.7514864206314087
  ],
  "symmetry_ratio": [
    1.4482245445251465,
    1.2905714511871338
  ],
  "energy_distribution": [
    0.2485196590423584,
    0.30701830983161926
  ],
  "motion_stability": [
    2.55545973777771,
    2.196819543838501
  ],
  "freq_entropy": [
    9.857427597045898,
    9.690145492553711
  ]
}