{
  "dominant_freq": [
    4.608501118568233,
    0.13452914798206278
  ],
  "amp_mean_x": [
    3.5317466259002686,
    4.621319770812988
  ],
  "amp_mean_y": [
    4.197229385375977,
    5.676637649536133
  ],
  "symmetry_ratio": [
    0.841447114944458,
    0.8140945434570312
  ],
  "energy_distribution": [
    0.19293084740638733,
    0.2641090452671051
  ],
  "motion_stability": [
    2.408428907394409,
    2.0800607204437256
  ],
  "freq_entropy": [
    9.50638484954834,
    9.492574691772461
  ]
}