{
  "dominant_freq": [
    0.3001287553648069,
    5.194799999999999
  ],
  "amp_mean_x": [
    1.028747797012329,
    2.7051148414611816
  ],
  "amp_mean_y": [
    0.5853567719459534,
    1.4066212177276611
  ],
  "symmetry_ratio": [
    1.7574714422225952,
    1.9231295585632324
  ],
  "energy_distribution": [
    0.20454245805740356,
    0.23935244977474213
  ],
  "motion_stability": [
    1.715464472770691,
    1.6650042533874512
  ],
  "freq_entropy": [
    9.563470840454102,
    9.474672317504883
  ]
}