{
  "dominant_freq": [
    6.74613790149893,
    0.12321713062098502
  ],
  "amp_mean_x": [
    0.2807177007198334,
    0.36273738741874695
  ],
  "amp_mean_y": [
    0.08156336843967438,
    0.6166201233863831
  ],
  "symmetry_ratio": [
    3.4417128562927246,
    0.5882672071456909
  ],
  "energy_distribution": [
    0.1351952701807022,
    0.3656803369522095
  ],
  "motion_stability": [
    7.614569664001465,
    8.086081504821777
  ],
  "freq_entropy": [
    10.562117576599121,
    10.260954856872559
  ]
}