{
  "dominant_freq": [
    0.11357052631578946,
    0.12780383795309166,
    0.7823747368421051
  ],
  "amp_mean_x": [
    0.2304062843322754,
    0.48813626170158386,
    0.15636005997657776
  ],
  "amp_mean_y": [
    0.3887746334075928,
    1.3302206993103027,
    0.5467629432678223
  ],
  "symmetry_ratio": [
    0.5926474332809448,
    0.3669588565826416,
    0.2859741449356079
  ],
  "energy_distribution": [
    0.28708866238594055,
    0.3572332262992859,
    0.2618306875228882
  ],
  "motion_stability": [
    1.7560330629348755,
    3.3248157501220703,
    5.3722686767578125
  ],
  "freq_entropy": [
    8.841014862060547,
    8.810184478759766,
    9.292182922363281
  ]
}