{
  "dominant_freq": [
    1.9673401534526853,
    0.5125267208208636
  ],
  "amp_mean_x": [
    0.044124118983745575,
    0.20864172279834747
  ],
  "amp_mean_y": [
    0.09238238632678986,
    0.13769611716270447
  ],
  "symmetry_ratio": [
    0.4776248037815094,
    1.5152331590652466
  ],
  "energy_distribution": [
    0.20856359601020813,
    0.30377745628356934
  ],
  "motion_stability": [
    11.533683776855469,
    8.25989055633545
  ],
  "freq_entropy": [
    10.421911239624023,
    10.42219352722168
  ]
}