{
  "dominant_freq": [
    2.6597170418006426,
    5.670349892008638,
    0.1144135737009544
  ],
  "amp_mean_x": [
    1.0425337553024292,
    0.9806522727012634,
    0.653938889503479
  ],
  "amp_mean_y": [
    1.763787031173706,
    1.7293113470077515,
    0.7898334860801697
  ],
  "symmetry_ratio": [
    0.5910769104957581,
    0.5670767426490784,
    0.8279452323913574
  ],
  "energy_distribution": [
    0.1316710263490677,
    0.23365622758865356,
    0.24139471352100372
  ],
  "motion_stability": [
    4.048553466796875,
    4.749006748199463,
    3.2546520233154297
  ],
  "freq_entropy": [
    8.979028701782227,
    9.068096160888672,
    8.711414337158203
  ]
}