{
  "dominant_freq": [
    0.14793716921376493,
    0.13274629969689594,
    2.479571710340941,
    4.452543605303553
  ],
  "amp_mean_x": [
    0.3220812678337097,
    0.3582589626312256,
    1.0010079145431519,
    0.6369602084159851
  ],
  "amp_mean_y": [
    0.6666843295097351,
    0.3969608247280121,
    0.908208966255188,
    0.6502158641815186
  ],
  "symmetry_ratio": [
    0.48310911655426025,
    0.902504563331604,
    1.1021779775619507,
    0.9796134829521179
  ],
  "energy_distribution": [
    0.29354608058929443,
    0.30808666348457336,
    0.32000547647476196,
    0.34452661871910095
  ],
  "motion_stability": [
    5.791749954223633,
    2.6854376792907715,
    3.480492115020752,
    3.0419044494628906
  ],
  "freq_entropy": [
    10.288581848144531,
    10.173017501831055,
    9.914881706237793,
    9.961036682128906
  ]
}