{
  "dominant_freq": [
    2.63736,
    0.29113714285714287,
    4.5040628571428565,
    0.35964
  ],
  "amp_mean_x": [
    0.4424923360347748,
    0.32756704092025757,
    0.534155547618866,
    0.44989481568336487
  ],
  "amp_mean_y": [
    0.38214394450187683,
    0.21432748436927795,
    0.264952689409256,
    0.2771608531475067
  ],
  "symmetry_ratio": [
    1.1579205989837646,
    1.5283483266830444,
    2.0160412788391113,
    1.6232264041900635
  ],
  "energy_distribution": [
    0.1517462283372879,
    0.30867186188697815,
    0.2187676727771759,
    0.23958641290664673
  ],
  "motion_stability": [
    1.751957893371582,
    1.179017186164856,
    1.0034549236297607,
    1.1724679470062256
  ],
  "freq_entropy": [
    8.530258178710938,
    8.357667922973633,
    8.507881164550781,
    8.453125
  ]
}