{
  "dominant_freq": [
    1.2593467138921686,
    3.7234538808515723
  ],
  "amp_mean_x": [
    0.8612360954284668,
    1.4089624881744385
  ],
  "amp_mean_y": [
    4.628435134887695,
    3.469648599624634
  ],
  "symmetry_ratio": [
    0.18607500195503235,
    0.4060821831226349
  ],
  "energy_distribution": [
    0.3081877827644348,
    0.20144647359848022
  ],
  "motion_stability": [
    2.781914710998535,
    2.236182928085327
  ],
  "freq_entropy": [
    8.953798294067383,
    9.090286254882812
  ]
}