{
  "dominant_freq": [
    0.18474657534246575,
    0.1225871325095867,
    0.12248275862068965
  ],
  "amp_mean_x": [
    0.7197443246841431,
    0.24794180691242218,
    0.1178911030292511
  ],
  "amp_mean_y": [
    0.8264119029045105,
    0.162101611495018,
    0.11139123886823654
  ],
  "symmetry_ratio": [
    0.8709268569946289,
    1.529545545578003,
    1.0583516359329224
  ],
  "energy_distribution": [
    0.2533648908138275,
    0.3364645540714264,
    0.3679766356945038
  ],
  "motion_stability": [
    6.199604034423828,
    2.770380973815918,
    2.102217197418213
  ],
  "freq_entropy": [
    10.324764251708984,
    10.125272750854492,
    10.003097534179688
  ]
}