{
  "dominant_freq": [
    1.0,
    0.765,
    0.495,
    4.125
  ],
  "amp_mean_x": [
    0.08726347982883453,
    0.100108303129673,
    0.06174061447381973,
    0.04846281185746193
  ],
  "amp_mean_y": [
    0.11744372546672821,
    0.27685439586639404,
    0.1370576024055481,
    0.17432554066181183
  ],
  "symmetry_ratio": [
    0.7430237531661987,
    0.3615918755531311,
    0.45047202706336975,
    0.2780017852783203
  ],
  "energy_distribution": [
    0.25161513686180115,
    0.1813245415687561,
    0.19598205387592316,
    0.19105976819992065
  ],
  "motion_stability": [
    1.135448694229126,
    1.11585533618927,
    1.3500604629516602,
    1.1776447296142578
  ],
  "freq_entropy": [
    10.191003799438477,
    10.224494934082031,
    10.231161117553711,
    10.254899978637695
  ]
}