{
  "dominant_freq": [
    1.1937852942037042,
    0.20527417787691762
  ],
  "amp_mean_x": [
    0.9921730160713196,
    1.5794719457626343
  ],
  "amp_mean_y": [
    1.6592731475830078,
    2.4230716228485107
  ],
  "symmetry_ratio": [
    0.5979564189910889,
    0.6518470048904419
  ],
  "energy_distribution": [
    0.2461749166250229,
    0.2649281919002533
  ],
  "motion_stability": [
    3.2158384323120117,
    3.6777052879333496
  ],
  "freq_entropy": [
    9.363533020019531,
    9.093013763427734
  ]
}