{
  "dominant_freq": [
    4.626623376623377,
    4.553817847286109
  ],
  "amp_mean_x": [
    2.408116102218628,
    2.1836190223693848
  ],
  "amp_mean_y": [
    4.191183567047119,
    2.184168577194214
  ],
  "symmetry_ratio": [
    0.5745670795440674,
    0.9997484087944031
  ],
  "energy_distribution": [
    0.35668161511421204,
    0.1938377469778061
  ],
  "motion_stability": [
    3.235351800918579,
    1.7298414707183838
  ],
  "freq_entropy": [
    8.999765396118164,
    9.105223655700684
  ]
}