{
  "dominant_freq": [
    0.10224317260564596,
    0.11453514638228013,
    0.3682757920046056
  ],
  "amp_mean_x": [
    0.6492099761962891,
    0.7968845963478088,
    0.976648211479187
  ],
  "amp_mean_y": [
    1.235813021659851,
    1.3283720016479492,
    1.5759236812591553
  ],
  "symmetry_ratio": [
    0.5253302454948425,
    0.5998956561088562,
    0.6197306513786316
  ],
  "energy_distribution": [
    0.26761338114738464,
    0.22293052077293396,
    0.23816357553005219
  ],
  "motion_stability": [
    1.695465087890625,
    2.002134323120117,
    2.3693840503692627
  ],
  "freq_entropy": [
    8.986976623535156,
    8.967939376831055,
    8.994392395019531
  ]
}