{
  "dominant_freq": [
    0.49223609923011113,
    0.10259306803594352,
    0.16324085106382977,
    0.3080428265524625,
    0.7313498293515357
  ],
  "amp_mean_x": [
    0.24262017011642456,
    0.7251551747322083,
    0.5684592127799988,
    0.504584014415741,
    1.582184076309204
  ],
  "amp_mean_y": [
    0.5534412860870361,
    1.8793514966964722,
    0.7835752367973328,
    1.075979232788086,
    2.032282829284668
  ],
  "symmetry_ratio": [
    0.43838465213775635,
    0.38585394620895386,
    0.7254685759544373,
    0.46895331144332886,
    0.7785255312919617
  ],
  "energy_distribution": [
    0.26245251297950745,
    0.5247356295585632,
    0.39711642265319824,
    0.35142627358436584,
    0.21624746918678284
  ],
  "motion_stability": [
    2.188016414642334,
    5.739526748657227,
    2.2303171157836914,
    2.0262062549591064,
    1.4173314571380615
  ],
  "freq_entropy": [
    10.242351531982422,
    9.849137306213379,
    9.802812576293945,
    9.890508651733398,
    10.223762512207031
  ]
}