{
  "dominant_freq": [
    0.15174683544303796,
    3.495448421052631,
    0.2779093782929399
  ],
  "amp_mean_x": [
    0.6760939955711365,
    0.4388543367385864,
    0.1806262582540512
  ],
  "amp_mean_y": [
    0.8530645370483398,
    0.4130243957042694,
    0.14673376083374023
  ],
  "symmetry_ratio": [
    0.7925472855567932,
    1.062538504600525,
    1.230979561805725
  ],
  "energy_distribution": [
    0.505796492099762,
    0.529666543006897,
    0.1846664696931839
  ],
  "motion_stability": [
    3.5499167442321777,
    2.1633169651031494,
    1.7927197217941284
  ],
  "freq_entropy": [
    8.551875114440918,
    8.481632232666016,
    9.209027290344238
  ]
}