{
  "dominant_freq": [
    4.338269807280514,
    0.5058227848101265,
    0.3161392405063291
  ],
  "amp_mean_x": [
    2.8796298503875732,
    0.924312174320221,
    0.5782093405723572
  ],
  "amp_mean_y": [
    2.1817846298217773,
    0.9230653643608093,
    0.6282094717025757
  ],
  "symmetry_ratio": [
    1.3198506832122803,
    1.0013507604599,
    0.9204084873199463
  ],
  "energy_distribution": [
    0.24110861122608185,
    0.25709784030914307,
    0.2963395118713379
  ],
  "motion_stability": [
    3.055769443511963,
    1.964186429977417,
    3.380977153778076
  ],
  "freq_entropy": [
    8.96017074584961,
    8.959277153015137,
    9.18657112121582
  ]
}