{
  "dominant_freq": [
    0.12560679611650488,
    0.4727777777777778,
    0.46
  ],
  "amp_mean_x": [
    1.6556501388549805,
    0.06209709122776985,
    0.10855107009410858
  ],
  "amp_mean_y": [
    2.3361434936523438,
    0.09236714988946915,
    0.13810491561889648
  ],
  "symmetry_ratio": [
    0.708710789680481,
    0.6722854375839233,
    0.786004364490509
  ],
  "energy_distribution": [
    0.39726021885871887,
    0.30826935172080994,
    0.2706589996814728
  ],
  "motion_stability": [
    5.246823310852051,
    1.262535572052002,
    1.303328514099121
  ],
  "freq_entropy": [
    8.574026107788086,
    8.576810836791992,
    8.878807067871094
  ]
}