{
  "dominant_freq": [
    1.0622278481012657,
    3.8818285714285707,
    4.2438802139037435
  ],
  "amp_mean_x": [
    0.49540022015571594,
    1.5131232738494873,
    1.1215497255325317
  ],
  "amp_mean_y": [
    0.5416547060012817,
    1.8404089212417603,
    2.2741990089416504
  ],
  "symmetry_ratio": [
    0.9146052002906799,
    0.8221668601036072,
    0.49316251277923584
  ],
  "energy_distribution": [
    0.29980185627937317,
    0.12832286953926086,
    0.14490050077438354
  ],
  "motion_stability": [
    4.515405654907227,
    2.5635788440704346,
    2.270158529281616
  ],
  "freq_entropy": [
    8.98358154296875,
    9.091445922851562,
    9.035659790039062
  ]
}