{
  "dominant_freq": [
    4.425806751388147,
    0.9362066504923647
  ],
  "amp_mean_x": [
    1.4840130805969238,
    0.5819056630134583
  ],
  "amp_mean_y": [
    2.596386432647705,
    0.8706049919128418
  ],
  "symmetry_ratio": [
    0.5715686678886414,
    0.6683923006057739
  ],
  "energy_distribution": [
    0.23835539817810059,
    0.22128519415855408
  ],
  "motion_stability": [
    3.7287473678588867,
    1.4648656845092773
  ],
  "freq_entropy": [
    9.123868942260742,
    9.142803192138672
  ]
}