{
  "dominant_freq": [
    0.6005178418971523,
    0.3644624785878294
  ],
  "amp_mean_x": [
    0.48577556014060974,
    0.7034465670585632
  ],
  "amp_mean_y": [
    1.5913944244384766,
    2.1457347869873047
  ],
  "symmetry_ratio": [
    0.30525150895118713,
    0.327834814786911
  ],
  "energy_distribution": [
    0.3051220178604126,
    0.3193712830543518
  ],
  "motion_stability": [
    1.443749189376831,
    1.7627073526382446
  ],
  "freq_entropy": [
    9.491477966308594,
    9.407731056213379
  ]
}