{
  "dominant_freq": [
    0.11381012658227847,
    3.470210526315789,
    3.031738672286617
  ],
  "amp_mean_x": [
    0.34317681193351746,
    0.46784481406211853,
    0.5578295588493347
  ],
  "amp_mean_y": [
    0.28303778171539307,
    0.40461355447769165,
    0.4564732611179352
  ],
  "symmetry_ratio": [
    1.2124770879745483,
    1.1562756299972534,
    1.2220420837402344
  ],
  "energy_distribution": [
    0.2718958854675293,
    0.2570011615753174,
    0.22224479913711548
  ],
  "motion_stability": [
    1.9414483308792114,
    1.7611595392227173,
    2.276533365249634
  ],
  "freq_entropy": [
    8.95159912109375,
    9.005452156066895,
    8.996925354003906
  ]
}