{
  "dominant_freq": [
    0.1,
    1.4028056112224445
  ],
  "amp_mean_x": [
    0.12955419719219208,
    0.13510483503341675
  ],
  "amp_mean_y": [
    0.34434986114501953,
    0.5959954261779785
  ],
  "symmetry_ratio": [
    0.376228392124176,
    0.2266876995563507
  ],
  "energy_distribution": [
    0.3791802227497101,
    0.4592282474040985
  ],
  "motion_stability": [
    1.3604308366775513,
    2.1933305263519287
  ],
  "freq_entropy": [
    8.738158226013184,
    8.865812301635742
  ]
}