{
  "dominant_freq": [
    5.04503573970456,
    7.676956993127548
  ],
  "amp_mean_x": [
    0.2875765562057495,
    0.5544697642326355
  ],
  "amp_mean_y": [
    1.0713510513305664,
    1.19060218334198
  ],
  "symmetry_ratio": [
    0.26842421293258667,
    0.4657053053379059
  ],
  "energy_distribution": [
    0.1856410950422287,
    0.194101482629776
  ],
  "motion_stability": [
    3.9224867820739746,
    4.8964338302612305
  ],
  "freq_entropy": [
    9.545674324035645,
    9.446492195129395
  ]
}