{
  "dominant_freq": [
    4.976842105263158,
    1.279831045406547,
    4.253490870032223
  ],
  "amp_mean_x": [
    0.16828031837940216,
    0.667060911655426,
    1.399872064590454
  ],
  "amp_mean_y": [
    0.3850555717945099,
    0.7307490110397339,
    2.8491322994232178
  ],
  "symmetry_ratio": [
    0.4370286464691162,
    0.9128454327583313,
    0.4913327693939209
  ],
  "energy_distribution": [
    0.19199411571025848,
    0.30826863646507263,
    0.17621548473834991
  ],
  "motion_stability": [
    1.4954643249511719,
    2.632091522216797,
    2.8946635723114014
  ],
  "freq_entropy": [
    9.004837989807129,
    8.641923904418945,
    8.924574851989746
  ]
}