{
  "dominant_freq": [
    0.773677189862161,
    1.6877354541649225,
    0.10504376823676531
  ],
  "amp_mean_x": [
    5.108121871948242,
    0.8362947702407837,
    0.5661270618438721
  ],
  "amp_mean_y": [
    5.477512359619141,
    1.357623815536499,
    0.537903904914856
  ],
  "symmetry_ratio": [
    0.9325623512268066,
    0.6159989237785339,
    1.0524687767028809
  ],
  "energy_distribution": [
    0.23635774850845337,
    0.21122437715530396,
    0.25595974922180176
  ],
  "motion_stability": [
    2.459303379058838,
    1.671594500541687,
    1.1655504703521729
  ],
  "freq_entropy": [
    10.262406349182129,
    10.39875602722168,
    10.219050407409668
  ]
}