{
  "dominant_freq": [
    4.012825263157894,
    2.788787368421052,
    0.6962407602956705
  ],
  "amp_mean_x": [
    0.29244983196258545,
    0.24953831732273102,
    0.3167749047279358
  ],
  "amp_mean_y": [
    0.29529330134391785,
    0.317501425743103,
    0.332515150308609
  ],
  "symmetry_ratio": [
    0.9903706908226013,
    0.7859439253807068,
    0.9526630640029907
  ],
  "energy_distribution": [
    0.3591940701007843,
    0.21834689378738403,
    0.1818518489599228
  ],
  "motion_stability": [
    2.9387130737304688,
    2.171617269515991,
    1.2148346900939941
  ],
  "freq_entropy": [
    9.05263614654541,
    9.179957389831543,
    9.034074783325195
  ]
}