{
  "dominant_freq": [
    2.922413793103449,
    0.1001669449081803
  ],
  "amp_mean_x": [
    1.7339942455291748,
    0.09856688976287842
  ],
  "amp_mean_y": [
    2.0292227268218994,
    0.2773589789867401
  ],
  "symmetry_ratio": [
    0.854511559009552,
    0.35537660121917725
  ],
  "energy_distribution": [
    0.17692744731903076,
    0.5101087689399719
  ],
  "motion_stability": [
    5.847316265106201,
    1.5276036262512207
  ],
  "freq_entropy": [
    9.035676956176758,
    8.344968795776367
  ]
}