{
  "dominant_freq": [
    0.4542821052631578,
    0.9367602956705385,
    3.974968421052631
  ],
  "amp_mean_x": [
    0.16944125294685364,
    0.3760853707790375,
    0.3021225035190582
  ],
  "amp_mean_y": [
    0.17912885546684265,
    1.4223963022232056,
    0.2524404525756836
  ],
  "symmetry_ratio": [
    0.9459182620048523,
    0.2644026577472687,
    1.1968070268630981
  ],
  "energy_distribution": [
    0.2330983430147171,
    0.4813396632671356,
    0.14043305814266205
  ],
  "motion_stability": [
    1.5064256191253662,
    5.395103931427002,
    1.9707648754119873
  ],
  "freq_entropy": [
    8.908616065979004,
    8.924009323120117,
    9.042974472045898
  ]
}