{
  "dominant_freq": [
    1.4169197707736387,
    0.7364057142857143
  ],
  "amp_mean_x": [
    0.05433623492717743,
    0.03331167250871658
  ],
  "amp_mean_y": [
    0.1179245114326477,
    0.08556440472602844
  ],
  "symmetry_ratio": [
    0.4607713520526886,
    0.38931694626808167
  ],
  "energy_distribution": [
    0.13418172299861908,
    0.25100648403167725
  ],
  "motion_stability": [
    2.872792959213257,
    1.7176343202590942
  ],
  "freq_entropy": [
    9.660027503967285,
    9.407352447509766
  ]
}