{
  "dominant_freq": [
    2.055814468085106,
    3.9024765957446803
  ],
  "amp_mean_x": [
    0.09616459161043167,
    0.17419731616973877
  ],
  "amp_mean_y": [
    0.19234980642795563,
    0.4637995660305023
  ],
  "symmetry_ratio": [
    0.49994638562202454,
    0.37558749318122864
  ],
  "energy_distribution": [
    0.21393030881881714,
    0.18851299583911896
  ],
  "motion_stability": [
    1.5820797681808472,
    1.510882019996643
  ],
  "freq_entropy": [
    10.315286636352539,
    10.312620162963867
  ]
}