{
  "dominant_freq": [
    2.814025263157894,
    3.3818778947368417,
    4.971865263157895
  ],
  "amp_mean_x": [
    0.2510402798652649,
    0.2854059934616089,
    0.4489171802997589
  ],
  "amp_mean_y": [
    0.17447973787784576,
    0.2525964379310608,
    0.29556331038475037
  ],
  "symmetry_ratio": [
    1.4387933015823364,
    1.1298892498016357,
    1.5188528299331665
  ],
  "energy_distribution": [
    0.2936195731163025,
    0.36697641015052795,
    0.20451679825782776
  ],
  "motion_stability": [
    1.9343005418777466,
    2.3612523078918457,
    1.630690336227417
  ],
  "freq_entropy": [
    9.012299537658691,
    8.828543663024902,
    8.960844039916992
  ]
}