{
  "dominant_freq": [
    0.51,
    1.7416107382550339
  ],
  "amp_mean_x": [
    0.3993113040924072,
    0.6994044184684753
  ],
  "amp_mean_y": [
    0.19219253957271576,
    1.0663049221038818
  ],
  "symmetry_ratio": [
    2.077662944793701,
    0.6559140682220459
  ],
  "energy_distribution": [
    0.2242477536201477,
    0.27181607484817505
  ],
  "motion_stability": [
    1.418117642402649,
    4.181819915771484
  ],
  "freq_entropy": [
    9.313704490661621,
    9.223389625549316
  ]
}