{
  "dominant_freq": [
    2.3485263157894734,
    0.4324675324675324
  ],
  "amp_mean_x": [
    0.6021768450737,
    1.9900352954864502
  ],
  "amp_mean_y": [
    0.9247280359268188,
    2.2618467807769775
  ],
  "symmetry_ratio": [
    0.6511934399604797,
    0.879827618598938
  ],
  "energy_distribution": [
    0.2216053307056427,
    0.30395177006721497
  ],
  "motion_stability": [
    2.6199123859405518,
    2.6571831703186035
  ],
  "freq_entropy": [
    9.52125358581543,
    9.474260330200195
  ]
}