{
  "dominant_freq": [
    0.2776168421052631,
    0.4542821052631578,
    0.47951999999999995
  ],
  "amp_mean_x": [
    0.3461258113384247,
    0.16110162436962128,
    0.18346194922924042
  ],
  "amp_mean_y": [
    0.18033085763454437,
    0.31280794739723206,
    0.13419438898563385
  ],
  "symmetry_ratio": [
    1.9193931818008423,
    0.5150176882743835,
    1.367135763168335
  ],
  "energy_distribution": [
    0.25152578949928284,
    0.3343687057495117,
    0.2244982123374939
  ],
  "motion_stability": [
    1.0743200778961182,
    1.097926139831543,
    1.1078641414642334
  ],
  "freq_entropy": [
    9.000629425048828,
    8.732528686523438,
    8.930780410766602
  ]
}