{
  "dominant_freq": [
    4.50814332247557,
    0.5305263157894737,
    0.8210526315789474
  ],
  "amp_mean_x": [
    0.8890174031257629,
    0.2888775169849396,
    0.263833224773407
  ],
  "amp_mean_y": [
    0.49902793765068054,
    0.1734815090894699,
    0.1597023755311966
  ],
  "symmetry_ratio": [
    1.7814983129501343,
    1.665177583694458,
    1.6520307064056396
  ],
  "energy_distribution": [
    0.3471323847770691,
    0.3665856122970581,
    0.33818569779396057
  ],
  "motion_stability": [
    5.003580093383789,
    1.5646576881408691,
    1.706929326057434
  ],
  "freq_entropy": [
    8.728007316589355,
    8.644883155822754,
    8.804483413696289
  ]
}