{
  "dominant_freq": [
    0.14946345657781598,
    0.12796754910333047
  ],
  "amp_mean_x": [
    1.446058988571167,
    0.9828059077262878
  ],
  "amp_mean_y": [
    2.012556314468384,
    1.2921189069747925
  ],
  "symmetry_ratio": [
    0.7185184955596924,
    0.7606157064437866
  ],
  "energy_distribution": [
    0.30633798241615295,
    0.5237862467765808
  ],
  "motion_stability": [
    2.76737642288208,
    2.872502326965332
  ],
  "freq_entropy": [
    9.949331283569336,
    9.163434982299805
  ]
}