{
  "dominant_freq": [
    4.918872758326217
  ],
  "amp_mean_x": [
    1.8727308511734009
  ],
  "amp_mean_y": [
    2.431694507598877
  ],
  "symmetry_ratio": [
    0.7701340913772583
  ],
  "energy_distribution": [
    0.20367646217346191
  ],
  "motion_stability": [
    2.3584604263305664
  ],
  "freq_entropy": [
    10.288330078125
  ]
}