{
  "dominant_freq": [
    0.5552220888355341,
    4.254778365189101
  ],
  "amp_mean_x": [
    0.12201650440692902,
    0.26035502552986145
  ],
  "amp_mean_y": [
    0.33964067697525024,
    1.6102163791656494
  ],
  "symmetry_ratio": [
    0.3592517375946045,
    0.16168946027755737
  ],
  "energy_distribution": [
    0.17781071364879608,
    0.1911410391330719
  ],
  "motion_stability": [
    1.5546634197235107,
    2.6900391578674316
  ],
  "freq_entropy": [
    10.324929237365723,
    10.345571517944336
  ]
}