{
  "dominant_freq": [
    0.5050263829787234,
    1.6834212765957446,
    3.4535642553191486
  ],
  "amp_mean_x": [
    0.06100933998823166,
    0.09373115748167038,
    0.2594588100910187
  ],
  "amp_mean_y": [
    0.07310328632593155,
    0.20097021758556366,
    0.2673506438732147
  ],
  "symmetry_ratio": [
    0.8345635533332825,
    0.46639326214790344,
    0.9704813361167908
  ],
  "energy_distribution": [
    0.2879023253917694,
    0.17112646996974945,
    0.2750520408153534
  ],
  "motion_stability": [
    1.8643051385879517,
    5.29188871383667,
    4.368144989013672
  ],
  "freq_entropy": [
    10.206705093383789,
    10.43984317779541,
    10.018240928649902
  ]
}