{
  "dominant_freq": [
    4.1878079999999995,
    1.9820159999999998,
    0.44755199999999995
  ],
  "amp_mean_x": [
    0.3128631114959717,
    0.6410471796989441,
    0.6577250361442566
  ],
  "amp_mean_y": [
    0.3466895818710327,
    0.7258620858192444,
    0.7761017084121704
  ],
  "symmetry_ratio": [
    0.9024301171302795,
    0.8831528425216675,
    0.8474727272987366
  ],
  "energy_distribution": [
    0.22094127535820007,
    0.19241845607757568,
    0.2665443420410156
  ],
  "motion_stability": [
    1.4466099739074707,
    1.5708787441253662,
    1.205967664718628
  ],
  "freq_entropy": [
    8.675552368164062,
    8.63103199005127,
    8.589057922363281
  ]
}