{
  "dominant_freq": [
    0.10712680851063829,
    0.1122758620689655,
    0.10215594375798892
  ],
  "amp_mean_x": [
    0.2543879449367523,
    0.2670173645019531,
    0.28948861360549927
  ],
  "amp_mean_y": [
    0.32793015241622925,
    0.429951012134552,
    0.47421857714653015
  ],
  "symmetry_ratio": [
    0.7757381796836853,
    0.6210413575172424,
    0.6104539632797241
  ],
  "energy_distribution": [
    0.3639930784702301,
    0.37806662917137146,
    0.33171385526657104
  ],
  "motion_stability": [
    2.847562313079834,
    4.473734378814697,
    3.131655216217041
  ],
  "freq_entropy": [
    10.219236373901367,
    9.99975872039795,
    9.81886100769043
  ]
}