{
  "dominant_freq": [
    5.848497335701597,
    6.7842537313432825
  ],
  "amp_mean_x": [
    2.113527297973633,
    3.0811243057250977
  ],
  "amp_mean_y": [
    2.7474594116210938,
    3.777106285095215
  ],
  "symmetry_ratio": [
    0.7692660689353943,
    0.815736711025238
  ],
  "energy_distribution": [
    0.18056166172027588,
    0.18917042016983032
  ],
  "motion_stability": [
    2.237004041671753,
    2.1170151233673096
  ],
  "freq_entropy": [
    9.833547592163086,
    9.74826431274414
  ]
}