{
  "dominant_freq": [
    7.857379957356075,
    0.12284884713919725
  ],
  "amp_mean_x": [
    0.1622372567653656,
    0.3493773937225342
  ],
  "amp_mean_y": [
    0.42122235894203186,
    0.7264082431793213
  ],
  "symmetry_ratio": [
    0.3851582407951355,
    0.48096561431884766
  ],
  "energy_distribution": [
    0.186242014169693,
    0.5372541546821594
  ],
  "motion_stability": [
    2.0632622241973877,
    3.3044273853302
  ],
  "freq_entropy": [
    10.363990783691406,
    9.514589309692383
  ]
}