{
  "dominant_freq": [
    5.740880503144654,
    0.11538461538461539,
    3.5190615835777126,
    0.15538847117794485,
    0.17654476670870112
  ],
  "amp_mean_x": [
    0.916975200176239,
    0.7563866972923279,
    0.7515539526939392,
    0.873400866985321,
    0.9142022728919983
  ],
  "amp_mean_y": [
    2.105137586593628,
    1.9983391761779785,
    1.9954445362091064,
    1.3683723211288452,
    0.9811495542526245
  ],
  "symmetry_ratio": [
    0.4355891942977905,
    0.37850767374038696,
    0.3766348361968994,
    0.6382772326469421,
    0.9317665100097656
  ],
  "energy_distribution": [
    0.20969648659229279,
    0.7353973388671875,
    0.4033094048500061,
    0.5422914028167725,
    0.3368515372276306
  ],
  "motion_stability": [
    2.8864355087280273,
    1.9065632820129395,
    2.4713103771209717,
    2.544919490814209,
    2.6694605350494385
  ],
  "freq_entropy": [
    10.344999313354492,
    8.482325553894043,
    10.064992904663086,
    9.252286911010742,
    10.093708992004395
  ]
}