{
  "dominant_freq": [
    1.0567210567210568,
    4.164724164724165
  ],
  "amp_mean_x": [
    0.2322988361120224,
    0.2885018289089203
  ],
  "amp_mean_y": [
    0.13684037327766418,
    0.20388151705265045
  ],
  "symmetry_ratio": [
    1.6975898742675781,
    1.4150464534759521
  ],
  "energy_distribution": [
    0.22779949009418488,
    0.35177385807037354
  ],
  "motion_stability": [
    1.5619794130325317,
    2.0078563690185547
  ],
  "freq_entropy": [
    9.499540328979492,
    9.396404266357422
  ]
}