{
  "dominant_freq": [
    0.13015184381778744,
    0.49714285714285716
  ],
  "amp_mean_x": [
    0.5808060169219971,
    0.24069854617118835
  ],
  "amp_mean_y": [
    1.188507080078125,
    0.551231324672699
  ],
  "symmetry_ratio": [
    0.48868536949157715,
    0.4366561472415924
  ],
  "energy_distribution": [
    0.4694965183734894,
    0.24512669444084167
  ],
  "motion_stability": [
    4.46653938293457,
    1.6254842281341553
  ],
  "freq_entropy": [
    9.11386489868164,
    9.413169860839844
  ]
}