{
  "dominant_freq": [
    0.10180275715800637,
    0.48000000000000004,
    0.29052631578947374
  ],
  "amp_mean_x": [
    1.3753803968429565,
    0.2810095250606537,
    0.2926376163959503
  ],
  "amp_mean_y": [
    2.0089991092681885,
    0.22544145584106445,
    0.3509988486766815
  ],
  "symmetry_ratio": [
    0.6846097707748413,
    1.2464855909347534,
    0.8337281346321106
  ],
  "energy_distribution": [
    0.2905195355415344,
    0.2810148000717163,
    0.20125485956668854
  ],
  "motion_stability": [
    4.011134147644043,
    1.5199350118637085,
    1.3638198375701904
  ],
  "freq_entropy": [
    8.868099212646484,
    8.9231595993042,
    8.979121208190918
  ]
}