{
  "dominant_freq": [
    1.090909090909091,
    0.455261274158912
  ],
  "amp_mean_x": [
    0.18549604713916779,
    0.16909317672252655
  ],
  "amp_mean_y": [
    0.6376342177391052,
    0.3099463880062103
  ],
  "symmetry_ratio": [
    0.2909129559993744,
    0.5455561876296997
  ],
  "energy_distribution": [
    0.3201509416103363,
    0.3849174380302429
  ],
  "motion_stability": [
    2.3980119228363037,
    1.3737447261810303
  ],
  "freq_entropy": [
    9.631290435791016,
    9.218033790588379
  ]
}