{
  "dominant_freq": [
    6.0,
    0.49714285714285716
  ],
  "amp_mean_x": [
    0.21567218005657196,
    0.08450543880462646
  ],
  "amp_mean_y": [
    0.3756447732448578,
    0.14869506657123566
  ],
  "symmetry_ratio": [
    0.5741386413574219,
    0.5683136582374573
  ],
  "energy_distribution": [
    0.11249259114265442,
    0.20665936172008514
  ],
  "motion_stability": [
    10.836013793945312,
    1.4726872444152832
  ],
  "freq_entropy": [
    9.588294982910156,
    9.560911178588867
  ]
}