{
  "dominant_freq": [
    4.36723602484472,
    4.806286549707602
  ],
  "amp_mean_x": [
    2.6327064037323,
    3.9521658420562744
  ],
  "amp_mean_y": [
    4.683004856109619,
    6.668107032775879
  ],
  "symmetry_ratio": [
    0.562183141708374,
    0.5926968455314636
  ],
  "energy_distribution": [
    0.27275270223617554,
    0.19888393580913544
  ],
  "motion_stability": [
    2.020216464996338,
    2.0380170345306396
  ],
  "freq_entropy": [
    9.395727157592773,
    9.451303482055664
  ]
}