{
  "dominant_freq": [
    0.3280926315789473,
    4.908770526315789,
    5.671877766069546
  ],
  "amp_mean_x": [
    0.44275808334350586,
    0.7437369227409363,
    1.2198011875152588
  ],
  "amp_mean_y": [
    0.6393561363220215,
    0.8022045493125916,
    1.2685670852661133
  ],
  "symmetry_ratio": [
    0.6925061941146851,
    0.927116334438324,
    0.9615582823753357
  ],
  "energy_distribution": [
    0.22335049510002136,
    0.24670082330703735,
    0.18090654909610748
  ],
  "motion_stability": [
    2.0946335792541504,
    2.158721446990967,
    2.479423999786377
  ],
  "freq_entropy": [
    9.070752143859863,
    9.127805709838867,
    9.028755187988281
  ]
}