{
  "dominant_freq": [
    5.041625041625041,
    0.48618048618048615
  ],
  "amp_mean_x": [
    0.09071332216262817,
    0.07125787436962128
  ],
  "amp_mean_y": [
    0.14986038208007812,
    0.09265301376581192
  ],
  "symmetry_ratio": [
    0.6053189039230347,
    0.7690832018852234
  ],
  "energy_distribution": [
    0.18305334448814392,
    0.23614734411239624
  ],
  "motion_stability": [
    1.3156826496124268,
    1.2704579830169678
  ],
  "freq_entropy": [
    9.892709732055664,
    9.813016891479492
  ]
}