{
  "dominant_freq": [
    3.949730526315789,
    0.4669010526315789,
    0.7192799999999999
  ],
  "amp_mean_x": [
    0.055424634367227554,
    0.058893389999866486,
    0.06587667763233185
  ],
  "amp_mean_y": [
    0.14509786665439606,
    0.10757943242788315,
    0.0740954726934433
  ],
  "symmetry_ratio": [
    0.3819810450077057,
    0.5474410057067871,
    0.8890783190727234
  ],
  "energy_distribution": [
    0.23580144345760345,
    0.29090943932533264,
    0.30509153008461
  ],
  "motion_stability": [
    2.1138672828674316,
    2.8247733116149902,
    2.6425845623016357
  ],
  "freq_entropy": [
    8.927871704101562,
    8.935721397399902,
    8.920378684997559
  ]
}