{
  "dominant_freq": [
    0.22303278117231606,
    6.561744266662299
  ],
  "amp_mean_x": [
    3.789368152618408,
    1.5058119297027588
  ],
  "amp_mean_y": [
    2.038186550140381,
    0.8352355360984802
  ],
  "symmetry_ratio": [
    1.8591861724853516,
    1.8028590679168701
  ],
  "energy_distribution": [
    0.40774717926979065,
    0.2173982709646225
  ],
  "motion_stability": [
    2.275352716445923,
    1.2872889041900635
  ],
  "freq_entropy": [
    8.808615684509277,
    9.251104354858398
  ]
}