{
  "dominant_freq": [
    0.10105263157894738,
    0.10105263157894738,
    0.1136842105263158
  ],
  "amp_mean_x": [
    0.15004242956638336,
    0.23575922846794128,
    0.05843375623226166
  ],
  "amp_mean_y": [
    0.1870230734348297,
    0.23664136230945587,
    0.3012685179710388
  ],
  "symmetry_ratio": [
    0.8022669553756714,
    0.9962722659111023,
    0.1939590573310852
  ],
  "energy_distribution": [
    0.39241480827331543,
    0.4919362962245941,
    0.382739782333374
  ],
  "motion_stability": [
    1.247426986694336,
    0.9656010270118713,
    1.0633357763290405
  ],
  "freq_entropy": [
    8.481704711914062,
    8.376328468322754,
    8.785741806030273
  ]
}