{
  "dominant_freq": [
    0.16810533900805594,
    4.444641520359537
  ],
  "amp_mean_x": [
    1.3569382429122925,
    0.14884403347969055
  ],
  "amp_mean_y": [
    0.9316195249557495,
    0.1326846182346344
  ],
  "symmetry_ratio": [
    1.456536889076233,
    1.1217881441116333
  ],
  "energy_distribution": [
    0.28383755683898926,
    0.16305691003799438
  ],
  "motion_stability": [
    4.663759231567383,
    3.2357945442199707
  ],
  "freq_entropy": [
    9.274425506591797,
    9.405586242675781
  ]
}