{
  "dominant_freq": [
    0.11359877580613367,
    2.3842452811812143
  ],
  "amp_mean_x": [
    0.26263871788978577,
    0.30682864785194397
  ],
  "amp_mean_y": [
    0.703615665435791,
    0.8101849555969238
  ],
  "symmetry_ratio": [
    0.3732701539993286,
    0.37871432304382324
  ],
  "energy_distribution": [
    0.3885030150413513,
    0.17795313894748688
  ],
  "motion_stability": [
    2.451651096343994,
    1.523484468460083
  ],
  "freq_entropy": [
    9.607526779174805,
    9.96153450012207
  ]
}