{
  "dominant_freq": [
    0.121875,
    3.096286972938955
  ],
  "amp_mean_x": [
    0.15362879633903503,
    1.28440260887146
  ],
  "amp_mean_y": [
    0.1190824881196022,
    0.5464028716087341
  ],
  "symmetry_ratio": [
    1.2901040315628052,
    2.350651264190674
  ],
  "energy_distribution": [
    0.3255637586116791,
    0.4660015106201172
  ],
  "motion_stability": [
    2.1203439235687256,
    3.176193952560425
  ],
  "freq_entropy": [
    9.292740821838379,
    9.033428192138672
  ]
}