{
  "dominant_freq": [
    0.9761235955056179,
    4.336734693877551
  ],
  "amp_mean_x": [
    1.2474193572998047,
    0.771633505821228
  ],
  "amp_mean_y": [
    1.8509502410888672,
    0.9281293749809265
  ],
  "symmetry_ratio": [
    0.6739345788955688,
    0.8313857316970825
  ],
  "energy_distribution": [
    0.26206961274147034,
    0.18174125254154205
  ],
  "motion_stability": [
    3.0585086345672607,
    5.079193115234375
  ],
  "freq_entropy": [
    9.77543830871582,
    9.786991119384766
  ]
}