{
  "dominant_freq": [
    3.95604,
    0.10275428571428571
  ],
  "amp_mean_x": [
    0.10387936979532242,
    0.08213137835264206
  ],
  "amp_mean_y": [
    0.26268935203552246,
    0.15154950320720673
  ],
  "symmetry_ratio": [
    0.39544567465782166,
    0.5419442057609558
  ],
  "energy_distribution": [
    0.1896141618490219,
    0.22719866037368774
  ],
  "motion_stability": [
    1.5037918090820312,
    1.0169655084609985
  ],
  "freq_entropy": [
    9.57825756072998,
    9.441558837890625
  ]
}