{
  "dominant_freq": [
    0.17344357769889684,
    0.10712691563755393
  ],
  "amp_mean_x": [
    0.11665140092372894,
    0.14068979024887085
  ],
  "amp_mean_y": [
    0.1883072406053543,
    0.37420180439949036
  ],
  "symmetry_ratio": [
    0.6194738149642944,
    0.37597304582595825
  ],
  "energy_distribution": [
    0.4536129832267761,
    0.3484026789665222
  ],
  "motion_stability": [
    1.2586416006088257,
    0.7874758839607239
  ],
  "freq_entropy": [
    9.809150695800781,
    10.022331237792969
  ]
}