{
  "dominant_freq": [
    0.9030969030969032,
    0.43272235785604773
  ],
  "amp_mean_x": [
    0.2860783040523529,
    0.6325764656066895
  ],
  "amp_mean_y": [
    0.380360871553421,
    0.6888857483863831
  ],
  "symmetry_ratio": [
    0.7521233558654785,
    0.9182603359222412
  ],
  "energy_distribution": [
    0.289765864610672,
    0.25174233317375183
  ],
  "motion_stability": [
    2.1878674030303955,
    1.813375473022461
  ],
  "freq_entropy": [
    9.666977882385254,
    9.625333786010742
  ]
}