{
  "dominant_freq": [
    3.128871128871129,
    0.2735853358259997
  ],
  "amp_mean_x": [
    0.37060511112213135,
    0.9673857092857361
  ],
  "amp_mean_y": [
    0.6138116717338562,
    2.267500877380371
  ],
  "symmetry_ratio": [
    0.6037765741348267,
    0.42663079500198364
  ],
  "energy_distribution": [
    0.1894734650850296,
    0.5839505195617676
  ],
  "motion_stability": [
    1.9286448955535889,
    3.910639762878418
  ],
  "freq_entropy": [
    9.037932395935059,
    8.605528831481934
  ]
}