{
  "dominant_freq": [
    0.951501154734411,
    0.28637413394919164
  ],
  "amp_mean_x": [
    0.3124486804008484,
    0.5874093770980835
  ],
  "amp_mean_y": [
    0.1439165323972702,
    0.21285651624202728
  ],
  "symmetry_ratio": [
    2.1710410118103027,
    2.7596495151519775
  ],
  "energy_distribution": [
    0.238018199801445,
    0.23592258989810944
  ],
  "motion_stability": [
    1.525383710861206,
    1.409515380859375
  ],
  "freq_entropy": [
    9.453020095825195,
    9.375701904296875
  ]
}