{
  "dominant_freq": [
    0.505
  ],
  "amp_mean_x": [
    0.03427731245756149
  ],
  "amp_mean_y": [
    0.1920011192560196
  ],
  "symmetry_ratio": [
    0.1785266250371933
  ],
  "energy_distribution": [
    0.1753501445055008
  ],
  "motion_stability": [
    1.607147455215454
  ],
  "freq_entropy": [
    10.294023513793945
  ]
}