{
  "dominant_freq": [
    7.6069309090909085,
    8.15184,
    0.1307781818181818,
    4.520065573770491,
    0.1307781818181818
  ],
  "amp_mean_x": [
    0.24747508764266968,
    0.38696354627609253,
    0.9166683554649353,
    0.8265766501426697,
    0.28491538763046265
  ],
  "amp_mean_y": [
    0.5763476490974426,
    0.8073148131370544,
    1.1395764350891113,
    0.751515805721283,
    0.8257801532745361
  ],
  "symmetry_ratio": [
    0.42938509583473206,
    0.47932174801826477,
    0.8043939471244812,
    1.099879264831543,
    0.3450257182121277
  ],
  "energy_distribution": [
    0.1821921318769455,
    0.17613019049167633,
    0.3699575662612915,
    0.18875297904014587,
    0.2915140390396118
  ],
  "motion_stability": [
    1.8681657314300537,
    1.6101725101470947,
    2.0150136947631836,
    1.5435636043548584,
    1.5255749225616455
  ],
  "freq_entropy": [
    8.258251190185547,
    8.195220947265625,
    7.942863464355469,
    8.182409286499023,
    8.217632293701172
  ]
}