{
  "dominant_freq": [
    2.9395862068965513,
    0.20624516129032255,
    9.58488827586207,
    7.853676923076922,
    0.15369230769230766,
    2.428207659574468,
    0.25006896551724134,
    0.11757953091684434
  ],
  "amp_mean_x": [
    0.26058733463287354,
    0.6572769284248352,
    2.38810658454895,
    0.7604372501373291,
    0.7770438194274902,
    0.28189176321029663,
    0.2593255639076233,
    0.4281476140022278
  ],
  "amp_mean_y": [
    0.2326776087284088,
    1.3878809213638306,
    8.064082145690918,
    1.0282032489776611,
    1.0391337871551514,
    0.1687549203634262,
    0.24176542460918427,
    0.4629794955253601
  ],
  "symmetry_ratio": [
    1.1199501752853394,
    0.47358307242393494,
    0.2961411476135254,
    0.7395787239074707,
    0.7477803230285645,
    1.6704210042953491,
    1.072632908821106,
    0.9247658252716064
  ],
  "energy_distribution": [
    0.26755133271217346,
    0.18647241592407227,
    0.2560734748840332,
    0.20641367137432098,
    0.31222373247146606,
    0.3307277262210846,
    0.2512682378292084,
    0.3034481406211853
  ],
  "motion_stability": [
    2.0716376304626465,
    4.539044380187988,
    2.0288658142089844,
    2.7622995376586914,
    3.345594882965088,
    1.7108001708984375,
    3.0912399291992188,
    2.070610523223877
  ],
  "freq_entropy": [
    10.235763549804688,
    10.369766235351562,
    10.151273727416992,
    10.256141662597656,
    10.198417663574219,
    10.090205192565918,
    10.140668869018555,
    10.061702728271484
  ]
}