{
  "dominant_freq": [
    0.2958743384275299,
    0.30097562012455625
  ],
  "amp_mean_x": [
    0.1798737496137619,
    0.1790735125541687
  ],
  "amp_mean_y": [
    0.2676398754119873,
    0.3337615728378296
  ],
  "symmetry_ratio": [
    0.6720737814903259,
    0.5365312695503235
  ],
  "energy_distribution": [
    0.2096269428730011,
    0.2616841197013855
  ],
  "motion_stability": [
    1.363802194595337,
    1.1569793224334717
  ],
  "freq_entropy": [
    10.300509452819824,
    10.005173683166504
  ]
}