{
  "dominant_freq": [
    0.10656,
    0.10656,
    0.10656,
    2.37096,
    2.47752,
    0.15984
  ],
  "amp_mean_x": [
    0.06000341475009918,
    0.038951799273490906,
    0.05780106410384178,
    0.08445993810892105,
    0.29976406693458557,
    0.1422567069530487
  ],
  "amp_mean_y": [
    0.19009968638420105,
    0.15223315358161926,
    0.12292300164699554,
    0.12962594628334045,
    0.32286444306373596,
    0.181428462266922
  ],
  "symmetry_ratio": [
    0.315641850233078,
    0.2558693587779999,
    0.47022169828414917,
    0.6515666246414185,
    0.9284517765045166,
    0.7840925455093384
  ],
  "energy_distribution": [
    0.4210304915904999,
    0.35981300473213196,
    0.38274386525154114,
    0.26791220903396606,
    0.39981117844581604,
    0.3875977098941803
  ],
  "motion_stability": [
    1.1170622110366821,
    1.0020755529403687,
    1.2300697565078735,
    0.6964989304542542,
    1.2782204151153564,
    0.613097071647644
  ],
  "freq_entropy": [
    7.587178707122803,
    7.598535537719727,
    7.638637065887451,
    7.891031265258789,
    7.21560001373291,
    7.3372344970703125
  ]
}