{
  "dominant_freq": [
    0.9819957446808509,
    6.2842357894736836,
    0.1009515789473684
  ],
  "amp_mean_x": [
    1.4165616035461426,
    0.1939777433872223,
    0.046253468841314316
  ],
  "amp_mean_y": [
    1.3597385883331299,
    0.35968393087387085,
    0.06860996782779694
  ],
  "symmetry_ratio": [
    1.0417896509170532,
    0.5393005609512329,
    0.6741508841514587
  ],
  "energy_distribution": [
    0.3547385036945343,
    0.16459797322750092,
    0.5203995108604431
  ],
  "motion_stability": [
    4.655289649963379,
    5.989574432373047,
    1.5638325214385986
  ],
  "freq_entropy": [
    9.009478569030762,
    9.123902320861816,
    8.2108154296875
  ]
}