{
  "dominant_freq": [
    0.1035680345572354,
    0.11131714285714286
  ],
  "amp_mean_x": [
    0.8309791088104248,
    0.17864330112934113
  ],
  "amp_mean_y": [
    1.9499638080596924,
    0.2137763351202011
  ],
  "symmetry_ratio": [
    0.4261510372161865,
    0.835655152797699
  ],
  "energy_distribution": [
    0.42206957936286926,
    0.5023788809776306
  ],
  "motion_stability": [
    4.444705963134766,
    2.129060745239258
  ],
  "freq_entropy": [
    9.119426727294922,
    9.068855285644531
  ]
}