{
  "dominant_freq": [
    0.11988,
    1.4310192994996425
  ],
  "amp_mean_x": [
    0.20924226939678192,
    0.22099970281124115
  ],
  "amp_mean_y": [
    0.33230695128440857,
    0.4706977605819702
  ],
  "symmetry_ratio": [
    0.6296656131744385,
    0.4695150852203369
  ],
  "energy_distribution": [
    0.5602819323539734,
    0.7603686451911926
  ],
  "motion_stability": [
    2.2485625743865967,
    2.6012747287750244
  ],
  "freq_entropy": [
    8.67027759552002,
    8.499897003173828
  ]
}