{
  "dominant_freq": [
    0.36250000000000004,
    0.35000000000000003
  ],
  "amp_mean_x": [
    0.17914670705795288,
    0.10109838843345642
  ],
  "amp_mean_y": [
    0.19842089712619781,
    0.13749560713768005
  ],
  "symmetry_ratio": [
    0.9028620719909668,
    0.7352845072746277
  ],
  "energy_distribution": [
    0.2387722134590149,
    0.20167145133018494
  ],
  "motion_stability": [
    2.100938320159912,
    1.4082999229431152
  ],
  "freq_entropy": [
    8.978514671325684,
    8.678836822509766
  ]
}