{
  "dominant_freq": [
    0.29304,
    0.29304,
    0.29304,
    3.03696,
    0.47952,
    0.45899999999999996
  ],
  "amp_mean_x": [
    0.03521747142076492,
    0.04217205569148064,
    0.03849968686699867,
    0.19004857540130615,
    0.03288063779473305,
    0.018843693658709526
  ],
  "amp_mean_y": [
    0.08745238929986954,
    0.10892340540885925,
    0.14590956270694733,
    0.33550289273262024,
    0.06322034448385239,
    0.04354584217071533
  ],
  "symmetry_ratio": [
    0.40270450711250305,
    0.3871716558933258,
    0.26385992765426636,
    0.5664588212966919,
    0.5200958251953125,
    0.43273231387138367
  ],
  "energy_distribution": [
    0.3945188820362091,
    0.35027027130126953,
    0.46253225207328796,
    0.1683923751115799,
    0.40104496479034424,
    0.3817068040370941
  ],
  "motion_stability": [
    1.2397739887237549,
    1.0732409954071045,
    0.9332338571548462,
    4.8055338859558105,
    1.3054039478302002,
    1.410522222518921
  ],
  "freq_entropy": [
    7.3933820724487305,
    7.509929180145264,
    7.255860805511475,
    8.027772903442383,
    7.449426651000977,
    7.595575332641602
  ]
}