{
  "dominant_freq": [
    4.558483544474204,
    0.11988011988011987
  ],
  "amp_mean_x": [
    0.2617088854312897,
    0.22742204368114471
  ],
  "amp_mean_y": [
    0.528805673122406,
    0.7346684336662292
  ],
  "symmetry_ratio": [
    0.49490559101104736,
    0.30955737829208374
  ],
  "energy_distribution": [
    0.1884785294532776,
    0.5012218952178955
  ],
  "motion_stability": [
    3.277487277984619,
    3.6574044227600098
  ],
  "freq_entropy": [
    9.702171325683594,
    8.964855194091797
  ]
}