{
  "dominant_freq": [
    3.841648068669528,
    4.169362255965292
  ],
  "amp_mean_x": [
    0.7324053049087524,
    1.7085802555084229
  ],
  "amp_mean_y": [
    1.1219372749328613,
    2.7219090461730957
  ],
  "symmetry_ratio": [
    0.6528041362762451,
    0.6277139186859131
  ],
  "energy_distribution": [
    0.21152614057064056,
    0.28786495327949524
  ],
  "motion_stability": [
    1.217987298965454,
    2.4891743659973145
  ],
  "freq_entropy": [
    9.548551559448242,
    9.463356018066406
  ]
}