{
  "dominant_freq": [
    0.3164141095175578,
    0.3285235963622727,
    2.977762977762978,
    0.1303044781305651
  ],
  "amp_mean_x": [
    0.1740439534187317,
    0.19710125029087067,
    0.2954670488834381,
    0.23365989327430725
  ],
  "amp_mean_y": [
    0.163178488612175,
    0.22793222963809967,
    0.3589504361152649,
    0.36430442333221436
  ],
  "symmetry_ratio": [
    1.0665863752365112,
    0.8647361993789673,
    0.8231416344642639,
    0.6413863897323608
  ],
  "energy_distribution": [
    0.2396187037229538,
    0.29122689366340637,
    0.15658336877822876,
    0.415791779756546
  ],
  "motion_stability": [
    1.7680509090423584,
    1.640622854232788,
    1.9825503826141357,
    1.573325276374817
  ],
  "freq_entropy": [
    10.048248291015625,
    9.767305374145508,
    10.016998291015625,
    9.376968383789062
  ]
}