{
  "dominant_freq": [
    0.47,
    0.48
  ],
  "amp_mean_x": [
    0.05687533691525459,
    0.07378458976745605
  ],
  "amp_mean_y": [
    0.08140476047992706,
    0.149502232670784
  ],
  "symmetry_ratio": [
    0.6986733675003052,
    0.49353504180908203
  ],
  "energy_distribution": [
    0.4064071476459503,
    0.38152173161506653
  ],
  "motion_stability": [
    1.8724708557128906,
    1.6404359340667725
  ],
  "freq_entropy": [
    8.917764663696289,
    8.808111190795898
  ]
}