{
  "dominant_freq": [
    0.2551724137931034,
    0.9853850085178875
  ],
  "amp_mean_x": [
    0.1299634724855423,
    0.1657560169696808
  ],
  "amp_mean_y": [
    0.18336236476898193,
    0.27326932549476624
  ],
  "symmetry_ratio": [
    0.7087794542312622,
    0.6065664887428284
  ],
  "energy_distribution": [
    0.25768715143203735,
    0.3834956884384155
  ],
  "motion_stability": [
    3.4235763549804688,
    4.400583267211914
  ],
  "freq_entropy": [
    10.33098030090332,
    10.16832447052002
  ]
}