{
  "dominant_freq": [
    0.25316455696202533,
    3.435789473684211,
    0.6947368421052632
  ],
  "amp_mean_x": [
    0.4136013686656952,
    0.5462578535079956,
    0.20556271076202393
  ],
  "amp_mean_y": [
    0.20759062469005585,
    0.2814055383205414,
    0.1663648635149002
  ],
  "symmetry_ratio": [
    1.992389440536499,
    1.9411766529083252,
    1.2356137037277222
  ],
  "energy_distribution": [
    0.22283145785331726,
    0.22744512557983398,
    0.34219953417778015
  ],
  "motion_stability": [
    2.504425048828125,
    1.890066146850586,
    1.28416109085083
  ],
  "freq_entropy": [
    9.059529304504395,
    8.879654884338379,
    8.666180610656738
  ]
}