{
  "dominant_freq": [
    5.096153974895397,
    0.4799199332777314
  ],
  "amp_mean_x": [
    0.8898909687995911,
    0.3335167467594147
  ],
  "amp_mean_y": [
    0.9579508304595947,
    0.3277148902416229
  ],
  "symmetry_ratio": [
    0.9289526343345642,
    1.0177040100097656
  ],
  "energy_distribution": [
    0.3457399904727936,
    0.2768790125846863
  ],
  "motion_stability": [
    3.597836971282959,
    1.1819672584533691
  ],
  "freq_entropy": [
    9.318537712097168,
    9.080860137939453
  ]
}