{
  "dominant_freq": [
    1.918081918081918,
    2.5924075924075924,
    3.026973026973027
  ],
  "amp_mean_x": [
    0.07388687878847122,
    0.27520084381103516,
    0.5001697540283203
  ],
  "amp_mean_y": [
    0.2587431073188782,
    0.29754677414894104,
    0.4233531057834625
  ],
  "symmetry_ratio": [
    0.2855607569217682,
    0.9248994588851929,
    1.181448221206665
  ],
  "energy_distribution": [
    0.23593859374523163,
    0.2432735115289688,
    0.22451281547546387
  ],
  "motion_stability": [
    1.137694001197815,
    2.505028247833252,
    2.134122848510742
  ],
  "freq_entropy": [
    8.715343475341797,
    8.78819465637207,
    8.697770118713379
  ]
}