{
  "dominant_freq": [
    0.10171636363636362,
    0.1307781818181818
  ],
  "amp_mean_x": [
    0.16436345875263214,
    0.2958933413028717
  ],
  "amp_mean_y": [
    0.38020503520965576,
    0.740624725818634
  ],
  "symmetry_ratio": [
    0.43230217695236206,
    0.39951857924461365
  ],
  "energy_distribution": [
    0.1754692643880844,
    0.3333134353160858
  ],
  "motion_stability": [
    1.816091775894165,
    2.192214250564575
  ],
  "freq_entropy": [
    9.858331680297852,
    9.587015151977539
  ]
}