{
  "dominant_freq": [
    1.1609431578947367,
    0.11369020021074813,
    0.5299957894736842
  ],
  "amp_mean_x": [
    0.39585793018341064,
    0.6108437180519104,
    0.35259243845939636
  ],
  "amp_mean_y": [
    0.3880773186683655,
    0.5635594129562378,
    0.5064430236816406
  ],
  "symmetry_ratio": [
    1.0200490951538086,
    1.0839029550552368,
    0.69621342420578
  ],
  "energy_distribution": [
    0.24837078154087067,
    0.2828841209411621,
    0.28270334005355835
  ],
  "motion_stability": [
    1.6022950410842896,
    1.2887825965881348,
    1.5067791938781738
  ],
  "freq_entropy": [
    9.014893531799316,
    8.839221954345703,
    8.946817398071289
  ]
}