{
  "dominant_freq": [
    8.069175965665236,
    2.653297297297297
  ],
  "amp_mean_x": [
    2.7827308177948,
    3.2162718772888184
  ],
  "amp_mean_y": [
    1.6342689990997314,
    2.0975685119628906
  ],
  "symmetry_ratio": [
    1.7027373313903809,
    1.533333420753479
  ],
  "energy_distribution": [
    0.20541460812091827,
    0.22786849737167358
  ],
  "motion_stability": [
    2.2709927558898926,
    2.2056236267089844
  ],
  "freq_entropy": [
    9.590431213378906,
    9.527578353881836
  ]
}