{
  "dominant_freq": [
    2.5613127753303964,
    1.5333488372093023,
    0.1140507399577167
  ],
  "amp_mean_x": [
    1.2260833978652954,
    1.0085291862487793,
    1.5956870317459106
  ],
  "amp_mean_y": [
    2.0375304222106934,
    1.671336054801941,
    1.5054973363876343
  ],
  "symmetry_ratio": [
    0.6017497181892395,
    0.6034269332885742,
    1.0599069595336914
  ],
  "energy_distribution": [
    0.22475402057170868,
    0.23018595576286316,
    0.25105974078178406
  ],
  "motion_stability": [
    3.6119842529296875,
    4.592644691467285,
    2.772411823272705
  ],
  "freq_entropy": [
    9.070011138916016,
    8.890434265136719,
    8.931611061096191
  ]
}