{
  "dominant_freq": [
    0.44652936021034173,
    0.31735952177625953
  ],
  "amp_mean_x": [
    0.7516285181045532,
    0.7196347713470459
  ],
  "amp_mean_y": [
    1.1697347164154053,
    0.5610586404800415
  ],
  "symmetry_ratio": [
    0.6425632238388062,
    1.282637357711792
  ],
  "energy_distribution": [
    0.22356748580932617,
    0.32981008291244507
  ],
  "motion_stability": [
    4.343117713928223,
    3.5116844177246094
  ],
  "freq_entropy": [
    10.243026733398438,
    10.269539833068848
  ]
}