{
  "dominant_freq": [
    4.071873417721519,
    5.184683544303797,
    2.0568884210526313
  ],
  "amp_mean_x": [
    0.30080243945121765,
    0.4148843586444855,
    0.1976761668920517
  ],
  "amp_mean_y": [
    0.5877414345741272,
    0.7009406089782715,
    0.500111997127533
  ],
  "symmetry_ratio": [
    0.511793851852417,
    0.5918965935707092,
    0.39526379108428955
  ],
  "energy_distribution": [
    0.25241518020629883,
    0.18538202345371246,
    0.4025225043296814
  ],
  "motion_stability": [
    1.784865140914917,
    3.2921361923217773,
    1.400242805480957
  ],
  "freq_entropy": [
    9.015068054199219,
    9.120317459106445,
    8.881383895874023
  ]
}