{
  "dominant_freq": [
    3.7574365932574882,
    3.2564450474898234
  ],
  "amp_mean_x": [
    0.6896417737007141,
    0.6861531138420105
  ],
  "amp_mean_y": [
    1.3238188028335571,
    0.8322083353996277
  ],
  "symmetry_ratio": [
    0.5209487676620483,
    0.8244968056678772
  ],
  "energy_distribution": [
    0.2819558084011078,
    0.266084760427475
  ],
  "motion_stability": [
    2.6224608421325684,
    4.478509426116943
  ],
  "freq_entropy": [
    10.293176651000977,
    10.284322738647461
  ]
}