{
  "dominant_freq": [
    0.14500000000000002,
    0.135,
    0.115,
    0.125
  ],
  "amp_mean_x": [
    0.17245373129844666,
    0.1689688265323639,
    0.15822087228298187,
    0.2122754454612732
  ],
  "amp_mean_y": [
    0.17835508286952972,
    0.43374311923980713,
    0.21422940492630005,
    0.40130266547203064
  ],
  "symmetry_ratio": [
    0.9669123291969299,
    0.38955965638160706,
    0.7385581731796265,
    0.528965950012207
  ],
  "energy_distribution": [
    0.3996158242225647,
    0.3548046350479126,
    0.40273699164390564,
    0.29901036620140076
  ],
  "motion_stability": [
    1.3489277362823486,
    1.3188395500183105,
    1.2611453533172607,
    1.4548006057739258
  ],
  "freq_entropy": [
    9.893928527832031,
    10.057068824768066,
    9.568056106567383,
    9.782642364501953
  ]
}