{
  "dominant_freq": [
    8.089670563230605,
    4.7763636363636355,
    2.1207272727272724
  ],
  "amp_mean_x": [
    0.7856422662734985,
    1.598443865776062,
    1.3628064393997192
  ],
  "amp_mean_y": [
    1.3138792514801025,
    2.78827166557312,
    4.238555431365967
  ],
  "symmetry_ratio": [
    0.5979562401771545,
    0.5732740759849548,
    0.3215261697769165
  ],
  "energy_distribution": [
    0.20153403282165527,
    0.2063291221857071,
    0.24121250212192535
  ],
  "motion_stability": [
    3.916785717010498,
    2.501865863800049,
    4.018902778625488
  ],
  "freq_entropy": [
    9.00333023071289,
    8.947895050048828,
    8.868285179138184
  ]
}