{
  "dominant_freq": [
    6.113879999999999,
    1.2587399999999997
  ],
  "amp_mean_x": [
    0.13742996752262115,
    0.14971323311328888
  ],
  "amp_mean_y": [
    0.1621667444705963,
    0.24484436213970184
  ],
  "symmetry_ratio": [
    0.8474608659744263,
    0.6114628314971924
  ],
  "energy_distribution": [
    0.17830859124660492,
    0.17421039938926697
  ],
  "motion_stability": [
    1.2854052782058716,
    1.1689693927764893
  ],
  "freq_entropy": [
    9.332398414611816,
    9.256818771362305
  ]
}