{
  "dominant_freq": [
    3.847228592702904,
    3.88207894736842
  ],
  "amp_mean_x": [
    1.9575406312942505,
    1.6512609720230103
  ],
  "amp_mean_y": [
    4.267736434936523,
    4.068499565124512
  ],
  "symmetry_ratio": [
    0.458683580160141,
    0.4058648645877838
  ],
  "energy_distribution": [
    0.23324184119701385,
    0.18081173300743103
  ],
  "motion_stability": [
    3.0187480449676514,
    2.4564359188079834
  ],
  "freq_entropy": [
    9.534347534179688,
    9.606100082397461
  ]
}