{
  "dominant_freq": [
    0.11363636363636365,
    3.8578680203045685
  ],
  "amp_mean_x": [
    0.2400972992181778,
    2.655855894088745
  ],
  "amp_mean_y": [
    0.506415069103241,
    2.517425298690796
  ],
  "symmetry_ratio": [
    0.4741116762161255,
    1.054988980293274
  ],
  "energy_distribution": [
    0.30551227927207947,
    0.08151077479124069
  ],
  "motion_stability": [
    3.992640972137451,
    4.966248035430908
  ],
  "freq_entropy": [
    9.156305313110352,
    8.875685691833496
  ]
}