{
  "dominant_freq": [
    4.372881355932203,
    4.705632306057386,
    4.050632911392405
  ],
  "amp_mean_x": [
    1.301853895187378,
    1.5975205898284912,
    0.3740939795970917
  ],
  "amp_mean_y": [
    1.0784246921539307,
    2.993082046508789,
    0.6177288293838501
  ],
  "symmetry_ratio": [
    1.2071810960769653,
    0.5337376594543457,
    0.6055957674980164
  ],
  "energy_distribution": [
    0.18237732350826263,
    0.2928142547607422,
    0.17132170498371124
  ],
  "motion_stability": [
    2.401963710784912,
    3.6024539470672607,
    2.0573697090148926
  ],
  "freq_entropy": [
    9.055377960205078,
    8.965240478515625,
    9.009154319763184
  ]
}