{
  "dominant_freq": [
    1.4007031578947367,
    0.4669010526315789,
    0.5299957894736842
  ],
  "amp_mean_x": [
    0.22870095074176788,
    0.1460898369550705,
    0.2713850438594818
  ],
  "amp_mean_y": [
    0.22279153764247894,
    0.2894335985183716,
    0.15521879494190216
  ],
  "symmetry_ratio": [
    1.0265244245529175,
    0.5047438740730286,
    1.7484031915664673
  ],
  "energy_distribution": [
    0.22878627479076385,
    0.4068548083305359,
    0.390694797039032
  ],
  "motion_stability": [
    1.9921448230743408,
    1.660536766052246,
    3.27717924118042
  ],
  "freq_entropy": [
    9.14826488494873,
    8.36402416229248,
    8.724459648132324
  ]
}