{
  "dominant_freq": [
    3.0821052631578953,
    0.48000000000000004,
    0.48000000000000004
  ],
  "amp_mean_x": [
    0.09373729676008224,
    0.03341374173760414,
    0.028440415859222412
  ],
  "amp_mean_y": [
    0.36210963129997253,
    0.10590431839227676,
    0.043874308466911316
  ],
  "symmetry_ratio": [
    0.2588644027709961,
    0.31550878286361694,
    0.6482248306274414
  ],
  "energy_distribution": [
    0.24652467668056488,
    0.4972737431526184,
    0.31678226590156555
  ],
  "motion_stability": [
    3.514033794403076,
    1.8902021646499634,
    1.7166588306427002
  ],
  "freq_entropy": [
    8.958833694458008,
    8.29675579071045,
    8.659567832946777
  ]
}