{
  "dominant_freq": [
    0.4795204795204795,
    0.1642193423015341
  ],
  "amp_mean_x": [
    0.06919126212596893,
    0.358234703540802
  ],
  "amp_mean_y": [
    0.058032963424921036,
    0.608061671257019
  ],
  "symmetry_ratio": [
    1.1922751665115356,
    0.5891420841217041
  ],
  "energy_distribution": [
    0.4126964211463928,
    0.4177231192588806
  ],
  "motion_stability": [
    1.798264503479004,
    5.438307762145996
  ],
  "freq_entropy": [
    8.216021537780762,
    9.000062942504883
  ]
}