{
  "dominant_freq": [
    1.3377612456747405,
    0.4474285714285714
  ],
  "amp_mean_x": [
    1.163319706916809,
    0.816747784614563
  ],
  "amp_mean_y": [
    1.2108038663864136,
    1.8746227025985718
  ],
  "symmetry_ratio": [
    0.9607829451560974,
    0.43568649888038635
  ],
  "energy_distribution": [
    0.3723483979701996,
    0.2152889519929886
  ],
  "motion_stability": [
    6.950746536254883,
    3.125242233276367
  ],
  "freq_entropy": [
    10.339723587036133,
    10.312819480895996
  ]
}