{
  "dominant_freq": [
    0.45499999999999996,
    0.30000000000000004
  ],
  "amp_mean_x": [
    0.25746920704841614,
    0.25461268424987793
  ],
  "amp_mean_y": [
    0.34740543365478516,
    0.3404558300971985
  ],
  "symmetry_ratio": [
    0.7411202788352966,
    0.7478582262992859
  ],
  "energy_distribution": [
    0.2318703830242157,
    0.2818206548690796
  ],
  "motion_stability": [
    1.7923228740692139,
    2.133697271347046
  ],
  "freq_entropy": [
    10.26902961730957,
    10.361186981201172
  ]
}