{
  "dominant_freq": [
    2.370010063737001,
    0.11070110701107014
  ],
  "amp_mean_x": [
    0.9953107833862305,
    0.6509541869163513
  ],
  "amp_mean_y": [
    1.9044121503829956,
    1.7115432024002075
  ],
  "symmetry_ratio": [
    0.5226341485977173,
    0.38033172488212585
  ],
  "energy_distribution": [
    0.3240080177783966,
    0.36141616106033325
  ],
  "motion_stability": [
    3.0452184677124023,
    2.4928879737854004
  ],
  "freq_entropy": [
    9.601303100585938,
    9.30533504486084
  ]
}