{
  "dominant_freq": [
    0.29023578947368417,
    0.12618947368421052,
    0.31547368421052624
  ],
  "amp_mean_x": [
    0.1686696857213974,
    0.2759804427623749,
    0.07798384875059128
  ],
  "amp_mean_y": [
    0.1690884828567505,
    0.36441004276275635,
    0.1499910056591034
  ],
  "symmetry_ratio": [
    0.9975231885910034,
    0.7573348879814148,
    0.5199235081672668
  ],
  "energy_distribution": [
    0.3589916229248047,
    0.3503146469593048,
    0.21383479237556458
  ],
  "motion_stability": [
    1.7153310775756836,
    1.5566418170928955,
    1.8651942014694214
  ],
  "freq_entropy": [
    8.61051082611084,
    8.851810455322266,
    9.024507522583008
  ]
}