{
  "dominant_freq": [
    4.995,
    0.5
  ],
  "amp_mean_x": [
    0.0575573593378067,
    0.17764434218406677
  ],
  "amp_mean_y": [
    0.11402160674333572,
    0.16294734179973602
  ],
  "symmetry_ratio": [
    0.5047934651374817,
    1.090194821357727
  ],
  "energy_distribution": [
    0.17763058841228485,
    0.24717260897159576
  ],
  "motion_stability": [
    1.3122602701187134,
    1.838498830795288
  ],
  "freq_entropy": [
    10.295411109924316,
    10.279359817504883
  ]
}