{
  "dominant_freq": [
    0.11222808510638296,
    0.1123236797274276
  ],
  "amp_mean_x": [
    0.20079305768013,
    0.2773737907409668
  ],
  "amp_mean_y": [
    0.3770091235637665,
    0.26959294080734253
  ],
  "symmetry_ratio": [
    0.5325946807861328,
    1.0288615226745605
  ],
  "energy_distribution": [
    0.33384233713150024,
    0.37496456503868103
  ],
  "motion_stability": [
    2.829759120941162,
    2.687699317932129
  ],
  "freq_entropy": [
    10.247390747070312,
    10.076531410217285
  ]
}