{
  "dominant_freq": [
    1.815122431033466,
    4.563503723167589
  ],
  "amp_mean_x": [
    0.669314444065094,
    0.8779171705245972
  ],
  "amp_mean_y": [
    1.8001052141189575,
    2.029629945755005
  ],
  "symmetry_ratio": [
    0.3718196153640747,
    0.4325503706932068
  ],
  "energy_distribution": [
    0.26038920879364014,
    0.16689690947532654
  ],
  "motion_stability": [
    4.095807075500488,
    2.3378543853759766
  ],
  "freq_entropy": [
    9.329670906066895,
    9.362560272216797
  ]
}