{
  "dominant_freq": [
    2.1835285714285715,
    0.44526857142857146
  ],
  "amp_mean_x": [
    0.19264419376850128,
    0.2738639712333679
  ],
  "amp_mean_y": [
    0.2881586253643036,
    0.3426513969898224
  ],
  "symmetry_ratio": [
    0.6685352325439453,
    0.799249529838562
  ],
  "energy_distribution": [
    0.17649447917938232,
    0.2159714549779892
  ],
  "motion_stability": [
    1.5472662448883057,
    1.6388530731201172
  ],
  "freq_entropy": [
    9.540714263916016,
    9.497942924499512
  ]
}