{
  "dominant_freq": [
    0.2778947368421053,
    2.1875658587987354,
    1.7684210526315791
  ],
  "amp_mean_x": [
    0.8434874415397644,
    0.8270524740219116,
    0.5255071520805359
  ],
  "amp_mean_y": [
    0.6783685088157654,
    1.238071084022522,
    0.7725526690483093
  ],
  "symmetry_ratio": [
    1.2434059381484985,
    0.6680169701576233,
    0.6802217960357666
  ],
  "energy_distribution": [
    0.31516721844673157,
    0.22098995745182037,
    0.2957245409488678
  ],
  "motion_stability": [
    2.9476566314697266,
    2.2808685302734375,
    3.361733913421631
  ],
  "freq_entropy": [
    8.973939895629883,
    8.969451904296875,
    8.962273597717285
  ]
}