{
  "dominant_freq": [
    8.206627132458333,
    4.878901430625569
  ],
  "amp_mean_x": [
    0.724315881729126,
    0.14711646735668182
  ],
  "amp_mean_y": [
    0.8725784420967102,
    0.4231905937194824
  ],
  "symmetry_ratio": [
    0.8300868272781372,
    0.3476364314556122
  ],
  "energy_distribution": [
    0.23227860033512115,
    0.21530215442180634
  ],
  "motion_stability": [
    3.4048643112182617,
    2.1417293548583984
  ],
  "freq_entropy": [
    10.276935577392578,
    10.330805778503418
  ]
}