{
  "dominant_freq": [
    2.325346784363178,
    0.6961602671118531,
    0.10561609388097234,
    4.15886287625418
  ],
  "amp_mean_x": [
    0.37155190110206604,
    0.5028393864631653,
    1.2387746572494507,
    0.7246978282928467
  ],
  "amp_mean_y": [
    0.508499026298523,
    1.0848476886749268,
    1.7203470468521118,
    0.8713010549545288
  ],
  "symmetry_ratio": [
    0.7306836247444153,
    0.46351149678230286,
    0.7200725078582764,
    0.8317421674728394
  ],
  "energy_distribution": [
    0.16742928326129913,
    0.20163562893867493,
    0.32122740149497986,
    0.30010002851486206
  ],
  "motion_stability": [
    7.107306480407715,
    1.227144718170166,
    2.1583375930786133,
    2.5702686309814453
  ],
  "freq_entropy": [
    10.456418991088867,
    10.28129768371582,
    10.241496086120605,
    10.25468635559082
  ]
}