{
  "dominant_freq": [
    0.8202315789473683,
    3.798303157894736,
    3.5459242105263153
  ],
  "amp_mean_x": [
    0.264644056558609,
    0.1427842676639557,
    0.20789563655853271
  ],
  "amp_mean_y": [
    0.6330803036689758,
    0.3138163685798645,
    0.47890505194664
  ],
  "symmetry_ratio": [
    0.41802605986595154,
    0.45499303936958313,
    0.43410617113113403
  ],
  "energy_distribution": [
    0.24621862173080444,
    0.24732880294322968,
    0.22794125974178314
  ],
  "motion_stability": [
    2.391378402709961,
    1.4766790866851807,
    1.4050757884979248
  ],
  "freq_entropy": [
    8.999448776245117,
    8.943479537963867,
    8.904388427734375
  ]
}