{
  "dominant_freq": [
    4.464922832269771,
    4.315684315684315,
    3.114833884064653,
    0.4595404595404595
  ],
  "amp_mean_x": [
    0.7610910534858704,
    0.11497591435909271,
    2.558703899383545,
    0.5074946880340576
  ],
  "amp_mean_y": [
    2.313849449157715,
    0.37237608432769775,
    4.203408241271973,
    0.9132964015007019
  ],
  "symmetry_ratio": [
    0.32892850041389465,
    0.30876287817955017,
    0.6087212562561035,
    0.5556735992431641
  ],
  "energy_distribution": [
    0.22729943692684174,
    0.1885814666748047,
    0.29717445373535156,
    0.1657719612121582
  ],
  "motion_stability": [
    2.802424430847168,
    3.474246025085449,
    4.003849983215332,
    2.454136848449707
  ],
  "freq_entropy": [
    8.329513549804688,
    8.451635360717773,
    8.334074020385742,
    8.341474533081055
  ]
}