{
  "dominant_freq": [
    0.7502543234994914,
    3.35
  ],
  "amp_mean_x": [
    0.11838672310113907,
    0.15963627398014069
  ],
  "amp_mean_y": [
    0.2837194502353668,
    0.2575330138206482
  ],
  "symmetry_ratio": [
    0.417266845703125,
    0.619867205619812
  ],
  "energy_distribution": [
    0.23071640729904175,
    0.15794026851654053
  ],
  "motion_stability": [
    1.5355637073516846,
    1.6142255067825317
  ],
  "freq_entropy": [
    8.902946472167969,
    8.95648193359375
  ]
}