{
  "dominant_freq": [
    0.5370346820809248,
    5.9405351833498505
  ],
  "amp_mean_x": [
    0.49293333292007446,
    4.441511631011963
  ],
  "amp_mean_y": [
    1.644906997680664,
    13.800783157348633
  ],
  "symmetry_ratio": [
    0.2996724545955658,
    0.3218303918838501
  ],
  "energy_distribution": [
    0.3226245045661926,
    0.20070062577724457
  ],
  "motion_stability": [
    1.8739242553710938,
    1.664229393005371
  ],
  "freq_entropy": [
    9.442377090454102,
    9.109271049499512
  ]
}