{
  "dominant_freq": [
    6.271616842105263,
    2.046423603793466,
    1.6312784810126582
  ],
  "amp_mean_x": [
    0.3394184410572052,
    0.5699360370635986,
    0.5150848627090454
  ],
  "amp_mean_y": [
    0.6459203958511353,
    1.111121416091919,
    0.5776675939559937
  ],
  "symmetry_ratio": [
    0.5254802703857422,
    0.5129376649856567,
    0.8916630744934082
  ],
  "energy_distribution": [
    0.14757199585437775,
    0.24427641928195953,
    0.1297774761915207
  ],
  "motion_stability": [
    1.964634895324707,
    3.2891409397125244,
    2.992306709289551
  ],
  "freq_entropy": [
    9.077106475830078,
    8.566191673278809,
    9.059127807617188
  ]
}