{
  "dominant_freq": [
    6.392857142857142,
    0.31542898341744774
  ],
  "amp_mean_x": [
    0.29583054780960083,
    1.3567750453948975
  ],
  "amp_mean_y": [
    0.25840693712234497,
    1.5875552892684937
  ],
  "symmetry_ratio": [
    1.1448243856430054,
    0.8546316623687744
  ],
  "energy_distribution": [
    0.17824900150299072,
    0.31636062264442444
  ],
  "motion_stability": [
    5.621751308441162,
    4.2437849044799805
  ],
  "freq_entropy": [
    9.697596549987793,
    9.249168395996094
  ]
}