{
  "dominant_freq": [
    0.4644137931034482,
    1.2192051063829785
  ],
  "amp_mean_x": [
    0.5073122382164001,
    0.5369404554367065
  ],
  "amp_mean_y": [
    0.22418953478336334,
    0.19114769995212555
  ],
  "symmetry_ratio": [
    2.2628719806671143,
    2.8090343475341797
  ],
  "energy_distribution": [
    0.20694997906684875,
    0.22612404823303223
  ],
  "motion_stability": [
    1.6942682266235352,
    1.6731520891189575
  ],
  "freq_entropy": [
    10.24732494354248,
    10.276830673217773
  ]
}