{
  "dominant_freq": [
    5.0556749358426,
    2.718927835051546
  ],
  "amp_mean_x": [
    0.8107340335845947,
    0.91986483335495
  ],
  "amp_mean_y": [
    0.8875434994697571,
    1.341042399406433
  ],
  "symmetry_ratio": [
    0.9134583473205566,
    0.6859326958656311
  ],
  "energy_distribution": [
    0.29304027557373047,
    0.19598981738090515
  ],
  "motion_stability": [
    2.9031245708465576,
    4.732685089111328
  ],
  "freq_entropy": [
    10.26310920715332,
    10.191471099853516
  ]
}