{
  "dominant_freq": [
    3.721998296422487,
    0.30136003408606726
  ],
  "amp_mean_x": [
    0.3344047963619232,
    0.5673325657844543
  ],
  "amp_mean_y": [
    0.6841102838516235,
    1.0498156547546387
  ],
  "symmetry_ratio": [
    0.48881709575653076,
    0.5404115915298462
  ],
  "energy_distribution": [
    0.24688512086868286,
    0.26971790194511414
  ],
  "motion_stability": [
    1.8976497650146484,
    2.1905198097229004
  ],
  "freq_entropy": [
    10.322958946228027,
    10.261816024780273
  ]
}