{
  "dominant_freq": [
    4.324242857142857,
    4.251307968413495
  ],
  "amp_mean_x": [
    0.4241710901260376,
    1.0793098211288452
  ],
  "amp_mean_y": [
    1.0078147649765015,
    1.8811464309692383
  ],
  "symmetry_ratio": [
    0.420881986618042,
    0.5737510919570923
  ],
  "energy_distribution": [
    0.2724410593509674,
    0.20813274383544922
  ],
  "motion_stability": [
    2.0034120082855225,
    3.715097665786743
  ],
  "freq_entropy": [
    9.561759948730469,
    9.629632949829102
  ]
}