{
  "dominant_freq": [
    0.1125,
    0.48750000000000004
  ],
  "amp_mean_x": [
    0.1458434760570526,
    0.10092955082654953
  ],
  "amp_mean_y": [
    0.29059743881225586,
    0.18261224031448364
  ],
  "symmetry_ratio": [
    0.5018746256828308,
    0.5526987314224243
  ],
  "energy_distribution": [
    0.27515941858291626,
    0.2705157995223999
  ],
  "motion_stability": [
    1.9612327814102173,
    1.432465672492981
  ],
  "freq_entropy": [
    8.990447998046875,
    8.881917953491211
  ]
}