{
  "dominant_freq": [
    0.10904790782292297,
    0.10171636363636362
  ],
  "amp_mean_x": [
    0.14630889892578125,
    0.10376010090112686
  ],
  "amp_mean_y": [
    0.31508857011795044,
    0.1963593065738678
  ],
  "symmetry_ratio": [
    0.4643421471118927,
    0.528419554233551
  ],
  "energy_distribution": [
    0.3125855028629303,
    0.35480353236198425
  ],
  "motion_stability": [
    3.95399808883667,
    3.518002510070801
  ],
  "freq_entropy": [
    9.48093032836914,
    8.968825340270996
  ]
}