{
  "dominant_freq": [
    2.4615359999999997,
    4.555439999999999,
    6.585407999999999
  ],
  "amp_mean_x": [
    0.3112045228481293,
    0.18974271416664124,
    0.182698592543602
  ],
  "amp_mean_y": [
    0.48766764998435974,
    0.2533113658428192,
    0.2281981259584427
  ],
  "symmetry_ratio": [
    0.6381487846374512,
    0.7490493655204773,
    0.8006138801574707
  ],
  "energy_distribution": [
    0.31705671548843384,
    0.2258526235818863,
    0.18449430167675018
  ],
  "motion_stability": [
    5.171987056732178,
    1.6571416854858398,
    1.6224725246429443
  ],
  "freq_entropy": [
    8.735247611999512,
    8.650715827941895,
    8.66343879699707
  ]
}