{
  "dominant_freq": [
    6.597849416755038,
    4.107237687366167,
    4.836140875133404
  ],
  "amp_mean_x": [
    0.9387086033821106,
    0.6548423767089844,
    0.41832518577575684
  ],
  "amp_mean_y": [
    0.9675917029380798,
    2.000175714492798,
    0.7173327803611755
  ],
  "symmetry_ratio": [
    0.9701495170593262,
    0.32739242911338806,
    0.583167552947998
  ],
  "energy_distribution": [
    0.15395541489124298,
    0.34301766753196716,
    0.2040250152349472
  ],
  "motion_stability": [
    4.86684513092041,
    5.846851825714111,
    3.4937996864318848
  ],
  "freq_entropy": [
    9.144630432128906,
    9.060999870300293,
    9.034847259521484
  ]
}