{
  "dominant_freq": [
    2.58408,
    1.8648,
    0.10656,
    0.29304,
    0.29304,
    7.03296
  ],
  "amp_mean_x": [
    0.026473328471183777,
    0.030207917094230652,
    0.08611149340867996,
    0.054494161158800125,
    0.04399231821298599,
    0.032890092581510544
  ],
  "amp_mean_y": [
    0.05399465933442116,
    0.08317916840314865,
    0.1936432272195816,
    0.23914943635463715,
    0.2641853094100952,
    0.09443625807762146
  ],
  "symmetry_ratio": [
    0.49029532074928284,
    0.363166868686676,
    0.4446914792060852,
    0.22786656022071838,
    0.16652068495750427,
    0.3482782244682312
  ],
  "energy_distribution": [
    0.21881988644599915,
    0.29066136479377747,
    0.2856922149658203,
    0.33719974756240845,
    0.41357800364494324,
    0.2395249605178833
  ],
  "motion_stability": [
    1.2663445472717285,
    1.2268223762512207,
    0.9658374786376953,
    0.898568868637085,
    0.8395321369171143,
    1.3448476791381836
  ],
  "freq_entropy": [
    7.960612773895264,
    7.791773796081543,
    7.810093402862549,
    7.745572566986084,
    7.630503177642822,
    7.953697204589844
  ]
}