{
  "dominant_freq": [
    1.6783199999999998,
    4.756735828877005,
    4.177444561774022
  ],
  "amp_mean_x": [
    0.10790588706731796,
    0.6874656677246094,
    0.8748040199279785
  ],
  "amp_mean_y": [
    0.17466041445732117,
    1.3732168674468994,
    1.224902629852295
  ],
  "symmetry_ratio": [
    0.6178039312362671,
    0.5006242394447327,
    0.7141824960708618
  ],
  "energy_distribution": [
    0.21555641293525696,
    0.2326796054840088,
    0.10633260011672974
  ],
  "motion_stability": [
    1.7249913215637207,
    5.039238929748535,
    2.593681812286377
  ],
  "freq_entropy": [
    9.11834716796875,
    9.025802612304688,
    9.113626480102539
  ]
}