{
  "dominant_freq": [
    3.803469258014712,
    6.811370447734084
  ],
  "amp_mean_x": [
    0.11856220662593842,
    0.11046773940324783
  ],
  "amp_mean_y": [
    0.10811027884483337,
    0.1068580374121666
  ],
  "symmetry_ratio": [
    1.096678376197815,
    1.0337803363800049
  ],
  "energy_distribution": [
    0.1798190027475357,
    0.19762299954891205
  ],
  "motion_stability": [
    1.252706527709961,
    1.963355541229248
  ],
  "freq_entropy": [
    9.17435073852539,
    9.257577896118164
  ]
}