{
  "dominant_freq": [
    0.7678571428571428,
    3.008928571428571
  ],
  "amp_mean_x": [
    0.0758420005440712,
    0.1005435585975647
  ],
  "amp_mean_y": [
    0.0740164965391159,
    0.09700297564268112
  ],
  "symmetry_ratio": [
    1.0246634483337402,
    1.0364997386932373
  ],
  "energy_distribution": [
    0.194151371717453,
    0.20167607069015503
  ],
  "motion_stability": [
    1.2937264442443848,
    1.1585407257080078
  ],
  "freq_entropy": [
    9.45067024230957,
    9.434541702270508
  ]
}