{
  "dominant_freq": [
    1.0484210526315791,
    0.2905263157894737,
    1.225263157894737
  ],
  "amp_mean_x": [
    0.2821153402328491,
    0.31422317028045654,
    0.31595590710639954
  ],
  "amp_mean_y": [
    0.2701890468597412,
    0.41926559805870056,
    0.3037835955619812
  ],
  "symmetry_ratio": [
    1.0441405773162842,
    0.7494608759880066,
    1.0400689840316772
  ],
  "energy_distribution": [
    0.2856210172176361,
    0.26601505279541016,
    0.40688928961753845
  ],
  "motion_stability": [
    3.373121738433838,
    2.075857639312744,
    3.5859007835388184
  ],
  "freq_entropy": [
    9.040885925292969,
    8.932320594787598,
    9.004698753356934
  ]
}