{
  "dominant_freq": [
    6.722481876332623,
    2.0167206132879043
  ],
  "amp_mean_x": [
    0.2536561191082001,
    0.510962188243866
  ],
  "amp_mean_y": [
    0.5057085156440735,
    0.7811293601989746
  ],
  "symmetry_ratio": [
    0.5015856027603149,
    0.654132604598999
  ],
  "energy_distribution": [
    0.20135070383548737,
    0.1639944314956665
  ],
  "motion_stability": [
    1.9578760862350464,
    1.6975109577178955
  ],
  "freq_entropy": [
    10.437820434570312,
    10.307870864868164
  ]
}