{
  "dominant_freq": [
    2.2125000000000004,
    4.432500000000001
  ],
  "amp_mean_x": [
    0.058498844504356384,
    0.11160308867692947
  ],
  "amp_mean_y": [
    0.10699018836021423,
    0.1619737595319748
  ],
  "symmetry_ratio": [
    0.546768307685852,
    0.6890195608139038
  ],
  "energy_distribution": [
    0.22972597181797028,
    0.21384914219379425
  ],
  "motion_stability": [
    1.9884564876556396,
    1.9315040111541748
  ],
  "freq_entropy": [
    9.738737106323242,
    9.709733009338379
  ]
}