{
  "dominant_freq": [
    4.786275911365261,
    0.7200000000000001
  ],
  "amp_mean_x": [
    0.10076664388179779,
    0.20744293928146362
  ],
  "amp_mean_y": [
    0.2948668301105499,
    0.34309279918670654
  ],
  "symmetry_ratio": [
    0.3417361080646515,
    0.6046263575553894
  ],
  "energy_distribution": [
    0.1978892982006073,
    0.28401777148246765
  ],
  "motion_stability": [
    5.811906337738037,
    1.423025369644165
  ],
  "freq_entropy": [
    9.649145126342773,
    9.344602584838867
  ]
}