{
  "dominant_freq": [
    1.3786200000000002,
    1.4899371428571428
  ],
  "amp_mean_x": [
    0.04166979715228081,
    0.0431998074054718
  ],
  "amp_mean_y": [
    0.09023303538560867,
    0.1823468804359436
  ],
  "symmetry_ratio": [
    0.46180200576782227,
    0.23691004514694214
  ],
  "energy_distribution": [
    0.2703799605369568,
    0.32292643189430237
  ],
  "motion_stability": [
    1.401109218597412,
    1.1403335332870483
  ],
  "freq_entropy": [
    9.451047897338867,
    9.419261932373047
  ]
}