{
  "dominant_freq": [
    0.2536323779847096,
    2.0534287377087908
  ],
  "amp_mean_x": [
    0.8662576675415039,
    1.5270613431930542
  ],
  "amp_mean_y": [
    2.200793743133545,
    4.863720417022705
  ],
  "symmetry_ratio": [
    0.39361146092414856,
    0.31396979093551636
  ],
  "energy_distribution": [
    0.39326316118240356,
    0.22531266510486603
  ],
  "motion_stability": [
    4.60873556137085,
    3.137645721435547
  ],
  "freq_entropy": [
    10.106106758117676,
    10.303521156311035
  ]
}