{
  "dominant_freq": [
    0.16455696202531644,
    0.10105263157894738,
    5.987368421052633
  ],
  "amp_mean_x": [
    0.34856557846069336,
    0.6638282537460327,
    0.23146812617778778
  ],
  "amp_mean_y": [
    0.5754160284996033,
    0.46609169244766235,
    0.2922755777835846
  ],
  "symmetry_ratio": [
    0.6057627201080322,
    1.4242439270019531,
    0.7919516563415527
  ],
  "energy_distribution": [
    0.2304234504699707,
    0.39524582028388977,
    0.16874949634075165
  ],
  "motion_stability": [
    2.6389760971069336,
    0.6924961805343628,
    1.8616514205932617
  ],
  "freq_entropy": [
    9.047651290893555,
    8.503524780273438,
    9.058478355407715
  ]
}