{
  "dominant_freq": [
    0.7571368421052631,
    0.9474183350895677,
    4.744724210526315
  ],
  "amp_mean_x": [
    0.059907879680395126,
    0.16301485896110535,
    0.06545145809650421
  ],
  "amp_mean_y": [
    0.07535864412784576,
    0.1566605269908905,
    0.08433952182531357
  ],
  "symmetry_ratio": [
    0.7949702143669128,
    1.0405611991882324,
    0.7760472893714905
  ],
  "energy_distribution": [
    0.20283713936805725,
    0.228486567735672,
    0.201775461435318
  ],
  "motion_stability": [
    3.319655418395996,
    2.520350456237793,
    2.2668967247009277
  ],
  "freq_entropy": [
    9.197113990783691,
    9.132543563842773,
    9.151062965393066
  ]
}