{
  "dominant_freq": [
    3.6848262032085555,
    0.48333333333333334
  ],
  "amp_mean_x": [
    0.09068381786346436,
    0.1685129851102829
  ],
  "amp_mean_y": [
    0.18588200211524963,
    0.26398929953575134
  ],
  "symmetry_ratio": [
    0.4878568947315216,
    0.6383326053619385
  ],
  "energy_distribution": [
    0.2564537227153778,
    0.3900403082370758
  ],
  "motion_stability": [
    2.207568883895874,
    1.7108099460601807
  ],
  "freq_entropy": [
    9.628039360046387,
    8.710945129394531
  ]
}