{
  "dominant_freq": [
    1.6619608865710558,
    0.3231681643132221
  ],
  "amp_mean_x": [
    2.5807619094848633,
    0.38520753383636475
  ],
  "amp_mean_y": [
    2.981353521347046,
    0.9375746846199036
  ],
  "symmetry_ratio": [
    0.8656343221664429,
    0.4108552932739258
  ],
  "energy_distribution": [
    0.2102547287940979,
    0.2006121724843979
  ],
  "motion_stability": [
    2.3881170749664307,
    2.4887850284576416
  ],
  "freq_entropy": [
    10.29615306854248,
    10.246209144592285
  ]
}