{
  "dominant_freq": [
    2.7027517936608842,
    3.600794809586019
  ],
  "amp_mean_x": [
    0.2610200047492981,
    1.5948739051818848
  ],
  "amp_mean_y": [
    0.08779288828372955,
    0.8375372290611267
  ],
  "symmetry_ratio": [
    2.9731338024139404,
    1.9042423963546753
  ],
  "energy_distribution": [
    0.2114049196243286,
    0.2773130238056183
  ],
  "motion_stability": [
    0.8909002542495728,
    5.283596038818359
  ],
  "freq_entropy": [
    9.231361389160156,
    9.250190734863281
  ]
}