{
  "dominant_freq": [
    0.10666666666666667,
    0.10666666666666667,
    0.29333333333333333,
    0.10666666666666667,
    0.10690423162583519,
    1.6533333333333333
  ],
  "amp_mean_x": [
    0.10575441271066666,
    0.1060020700097084,
    0.18167388439178467,
    0.1682150959968567,
    0.8987693786621094,
    0.20569276809692383
  ],
  "amp_mean_y": [
    0.234322652220726,
    0.12991352379322052,
    0.1372380554676056,
    0.17672675848007202,
    0.2915952503681183,
    0.05003878101706505
  ],
  "symmetry_ratio": [
    0.4513196349143982,
    0.8159433007240295,
    1.3237864971160889,
    0.9518371820449829,
    3.082249641418457,
    4.1106672286987305
  ],
  "energy_distribution": [
    0.340274840593338,
    0.5239700078964233,
    0.38241392374038696,
    0.34485292434692383,
    0.23180048167705536,
    0.296148419380188
  ],
  "motion_stability": [
    0.8261120319366455,
    0.7765571475028992,
    0.6677470207214355,
    0.7979151010513306,
    3.1149308681488037,
    0.9694870710372925
  ],
  "freq_entropy": [
    7.583465099334717,
    7.090521812438965,
    7.285766124725342,
    7.762467384338379,
    7.931488037109375,
    7.788167953491211
  ]
}