{
  "dominant_freq": [
    0.1764705882352941,
    0.37333333333333335,
    3.44,
    2.9333333333333336,
    3.92,
    4.800000000000001
  ],
  "amp_mean_x": [
    7.146474838256836,
    0.27713513374328613,
    0.952898383140564,
    0.44682320952415466,
    0.3853550851345062,
    0.37265536189079285
  ],
  "amp_mean_y": [
    5.912981033325195,
    0.5662948489189148,
    1.3056336641311646,
    0.5590959787368774,
    0.6548383235931396,
    0.4122127890586853
  ],
  "symmetry_ratio": [
    1.208607792854309,
    0.48938310146331787,
    0.7298359274864197,
    0.7991887331008911,
    0.5884736180305481,
    0.9040364027023315
  ],
  "energy_distribution": [
    0.4511110782623291,
    0.2368147224187851,
    0.18450869619846344,
    0.24775640666484833,
    0.24203211069107056,
    0.19109539687633514
  ],
  "motion_stability": [
    3.2707905769348145,
    2.173856019973755,
    2.915069103240967,
    1.609579086303711,
    1.9011337757110596,
    2.586533546447754
  ],
  "freq_entropy": [
    7.673917770385742,
    7.940678596496582,
    8.025157928466797,
    7.770149230957031,
    7.911537170410156,
    7.964651107788086
  ]
}