{
  "dominant_freq": [
    0.9347826086956521,
    3.0052264808362366
  ],
  "amp_mean_x": [
    0.17189444601535797,
    0.22669647634029388
  ],
  "amp_mean_y": [
    0.3148060441017151,
    0.39743682742118835
  ],
  "symmetry_ratio": [
    0.5460328459739685,
    0.5703962445259094
  ],
  "energy_distribution": [
    0.25082382559776306,
    0.3468315303325653
  ],
  "motion_stability": [
    1.3069465160369873,
    2.1082804203033447
  ],
  "freq_entropy": [
    9.141727447509766,
    8.91355037689209
  ]
}