{
  "dominant_freq": [
    0.12636899747262006
  ],
  "amp_mean_x": [
    0.9514076113700867
  ],
  "amp_mean_y": [
    2.0924947261810303
  ],
  "symmetry_ratio": [
    0.45467624068260193
  ],
  "energy_distribution": [
    0.24315693974494934
  ],
  "motion_stability": [
    2.953624963760376
  ],
  "freq_entropy": [
    10.328470230102539
  ]
}