{
  "dominant_freq": [
    1.5654917647058821,
    0.3102776470588235,
    3.3989505882352935
  ],
  "amp_mean_x": [
    0.27392616868019104,
    0.23169630765914917,
    0.1191374808549881
  ],
  "amp_mean_y": [
    0.3066648244857788,
    0.3321112096309662,
    0.40274256467819214
  ],
  "symmetry_ratio": [
    0.8932428956031799,
    0.6976467370986938,
    0.29581546783447266
  ],
  "energy_distribution": [
    0.24812684953212738,
    0.25333043932914734,
    0.27169695496559143
  ],
  "motion_stability": [
    0.8430209755897522,
    0.8435808420181274,
    1.0582207441329956
  ],
  "freq_entropy": [
    8.801909446716309,
    8.75902271270752,
    8.78022575378418
  ]
}