{
  "dominant_freq": [
    0.11370262390670555,
    0.2742857142857143
  ],
  "amp_mean_x": [
    1.5257720947265625,
    0.20726776123046875
  ],
  "amp_mean_y": [
    2.889514684677124,
    0.4418352544307709
  ],
  "symmetry_ratio": [
    0.5280374884605408,
    0.46910643577575684
  ],
  "energy_distribution": [
    0.2726731598377228,
    0.31187841296195984
  ],
  "motion_stability": [
    3.953941583633423,
    1.2722368240356445
  ],
  "freq_entropy": [
    9.290855407714844,
    9.389187812805176
  ]
}