{
  "dominant_freq": [
    0.9968968421052631,
    0.29023578947368417,
    0.29023578947368417
  ],
  "amp_mean_x": [
    0.11381180584430695,
    0.11545215547084808,
    0.05276666581630707
  ],
  "amp_mean_y": [
    0.10243970155715942,
    0.09402348101139069,
    0.07413414865732193
  ],
  "symmetry_ratio": [
    1.1110126972198486,
    1.227907657623291,
    0.7117727398872375
  ],
  "energy_distribution": [
    0.19297072291374207,
    0.18325720727443695,
    0.2952934503555298
  ],
  "motion_stability": [
    1.2855463027954102,
    0.8977024555206299,
    1.2760357856750488
  ],
  "freq_entropy": [
    8.9657564163208,
    8.777557373046875,
    8.761317253112793
  ]
}