{
  "dominant_freq": [
    5.435960569550931,
    7.979151125401929,
    0.469095652173913
  ],
  "amp_mean_x": [
    1.3135113716125488,
    1.149953007698059,
    0.47418999671936035
  ],
  "amp_mean_y": [
    2.6395323276519775,
    2.28448224067688,
    1.1921405792236328
  ],
  "symmetry_ratio": [
    0.4976303279399872,
    0.503375768661499,
    0.3977634906768799
  ],
  "energy_distribution": [
    0.18239198625087738,
    0.09590758383274078,
    0.2816915214061737
  ],
  "motion_stability": [
    4.961091995239258,
    6.19318962097168,
    3.6660735607147217
  ],
  "freq_entropy": [
    9.081521987915039,
    8.830655097961426,
    9.038544654846191
  ]
}