{
  "dominant_freq": [
    0.29023578947368417,
    0.1009515789473684,
    0.29023578947368417
  ],
  "amp_mean_x": [
    0.07343774288892746,
    0.12293993681669235,
    0.042268916964530945
  ],
  "amp_mean_y": [
    0.14855022728443146,
    0.16828198730945587,
    0.0921148806810379
  ],
  "symmetry_ratio": [
    0.49436303973197937,
    0.7305591106414795,
    0.4588717520236969
  ],
  "energy_distribution": [
    0.4005275070667267,
    0.4921337366104126,
    0.3319122791290283
  ],
  "motion_stability": [
    1.382897138595581,
    1.4915728569030762,
    1.5733494758605957
  ],
  "freq_entropy": [
    8.621170997619629,
    8.356061935424805,
    8.64786434173584
  ]
}