{
  "dominant_freq": [
    0.13592428513894483,
    0.33468559837728196
  ],
  "amp_mean_x": [
    0.8452079892158508,
    0.7063525319099426
  ],
  "amp_mean_y": [
    2.183011770248413,
    1.4832439422607422
  ],
  "symmetry_ratio": [
    0.38717517256736755,
    0.4762214124202728
  ],
  "energy_distribution": [
    0.2888854146003723,
    0.2254001498222351
  ],
  "motion_stability": [
    2.9753260612487793,
    3.6371800899505615
  ],
  "freq_entropy": [
    10.291436195373535,
    10.396503448486328
  ]
}