{
  "dominant_freq": [
    2.1359693094629155,
    0.12780383795309166
  ],
  "amp_mean_x": [
    0.8376437425613403,
    0.9371829628944397
  ],
  "amp_mean_y": [
    1.4848136901855469,
    1.9706518650054932
  ],
  "symmetry_ratio": [
    0.5641406178474426,
    0.47557002305984497
  ],
  "energy_distribution": [
    0.23942948877811432,
    0.3120248019695282
  ],
  "motion_stability": [
    1.9106942415237427,
    2.070552349090576
  ],
  "freq_entropy": [
    10.303657531738281,
    10.118765830993652
  ]
}