{
  "dominant_freq": [
    0.9590400000000001,
    0.29304,
    0.47952,
    2.42424,
    0.10656,
    0.34632
  ],
  "amp_mean_x": [
    0.14506754279136658,
    0.32739028334617615,
    0.5259133577346802,
    0.5349361300468445,
    0.7183196544647217,
    0.19848188757896423
  ],
  "amp_mean_y": [
    0.18337343633174896,
    0.3456309139728546,
    0.35265785455703735,
    0.2599734365940094,
    0.9416413307189941,
    0.10761170089244843
  ],
  "symmetry_ratio": [
    0.7911044359207153,
    0.9472250938415527,
    1.491284966468811,
    2.057656764984131,
    0.762837827205658,
    1.8444266319274902
  ],
  "energy_distribution": [
    0.21768097579479218,
    0.2869862914085388,
    0.3177003562450409,
    0.3123621940612793,
    0.3567838966846466,
    0.2588350772857666
  ],
  "motion_stability": [
    1.4567209482192993,
    1.677978515625,
    1.1574894189834595,
    0.9801362752914429,
    3.4432005882263184,
    0.9423159956932068
  ],
  "freq_entropy": [
    7.901012897491455,
    7.820013999938965,
    7.710422039031982,
    7.7161545753479,
    7.8733415603637695,
    7.861557960510254
  ]
}