{
  "dominant_freq": [
    1.8694500701043777,
    2.353514522254382
  ],
  "amp_mean_x": [
    0.664548933506012,
    1.1610689163208008
  ],
  "amp_mean_y": [
    1.1690579652786255,
    0.963158130645752
  ],
  "symmetry_ratio": [
    0.5684482455253601,
    1.2054810523986816
  ],
  "energy_distribution": [
    0.19935984909534454,
    0.15225426852703094
  ],
  "motion_stability": [
    3.8943657875061035,
    4.309090614318848
  ],
  "freq_entropy": [
    9.886320114135742,
    9.924385070800781
  ]
}