{
  "dominant_freq": [
    4.052281690140845,
    3.141295270558159,
    2.7252413793103445,
    0.2508163962425277
  ],
  "amp_mean_x": [
    0.821307361125946,
    0.6984623670578003,
    0.7024160623550415,
    0.48580288887023926
  ],
  "amp_mean_y": [
    0.38208872079849243,
    0.7594184875488281,
    0.35181501507759094,
    0.4302593767642975
  ],
  "symmetry_ratio": [
    2.149519920349121,
    0.9197331666946411,
    1.996549367904663,
    1.129093050956726
  ],
  "energy_distribution": [
    0.4684157967567444,
    0.32853206992149353,
    0.5011187791824341,
    0.3408438265323639
  ],
  "motion_stability": [
    4.240096092224121,
    6.305575370788574,
    4.505035400390625,
    5.8422160148620605
  ],
  "freq_entropy": [
    9.392465591430664,
    10.364155769348145,
    9.597492218017578,
    10.385116577148438
  ]
}