{
  "dominant_freq": [
    0.31578947368421056,
    3.9410526315789483,
    5.623003194888179
  ],
  "amp_mean_x": [
    0.08817937225103378,
    0.22678174078464508,
    0.10671061277389526
  ],
  "amp_mean_y": [
    0.12102335691452026,
    0.28647497296333313,
    0.2759367525577545
  ],
  "symmetry_ratio": [
    0.7286145091056824,
    0.7916284799575806,
    0.38672128319740295
  ],
  "energy_distribution": [
    0.2901234030723572,
    0.18564379215240479,
    0.16722790896892548
  ],
  "motion_stability": [
    1.5865163803100586,
    3.340611457824707,
    4.840643405914307
  ],
  "freq_entropy": [
    9.002586364746094,
    9.237652778625488,
    9.225873947143555
  ]
}