{
  "dominant_freq": [
    3.365202857142857,
    0.12844285714285714
  ],
  "amp_mean_x": [
    0.20627816021442413,
    0.16215825080871582
  ],
  "amp_mean_y": [
    0.26830458641052246,
    0.7123585939407349
  ],
  "symmetry_ratio": [
    0.7688208222389221,
    0.2276357114315033
  ],
  "energy_distribution": [
    0.18542976677417755,
    0.8269049525260925
  ],
  "motion_stability": [
    1.2734283208847046,
    1.7835702896118164
  ],
  "freq_entropy": [
    9.54500675201416,
    8.06564998626709
  ]
}