{
  "dominant_freq": [
    6.816034285714286,
    2.866136005726557
  ],
  "amp_mean_x": [
    0.12152881920337677,
    0.2895560562610626
  ],
  "amp_mean_y": [
    0.3443516194820404,
    0.47445356845855713
  ],
  "symmetry_ratio": [
    0.3529207110404968,
    0.6102937459945679
  ],
  "energy_distribution": [
    0.18804800510406494,
    0.26444482803344727
  ],
  "motion_stability": [
    7.769490718841553,
    4.945328712463379
  ],
  "freq_entropy": [
    9.659310340881348,
    9.576131820678711
  ]
}