{
  "dominant_freq": [
    4.8500000000000005,
    0.1
  ],
  "amp_mean_x": [
    0.464934378862381,
    1.1159472465515137
  ],
  "amp_mean_y": [
    0.3848239779472351,
    1.078919768333435
  ],
  "symmetry_ratio": [
    1.2081741094589233,
    1.0343190431594849
  ],
  "energy_distribution": [
    0.2621762752532959,
    0.5497627854347229
  ],
  "motion_stability": [
    1.3253451585769653,
    2.9775054454803467
  ],
  "freq_entropy": [
    8.906730651855469,
    8.077245712280273
  ]
}