{
  "dominant_freq": [
    0.14133776191654007,
    1.042995672426392,
    4.209237933891082
  ],
  "amp_mean_x": [
    1.3795920610427856,
    1.024495005607605,
    1.2882286310195923
  ],
  "amp_mean_y": [
    2.1840715408325195,
    1.8624097108840942,
    2.7344679832458496
  ],
  "symmetry_ratio": [
    0.6316606402397156,
    0.5500910878181458,
    0.4711076021194458
  ],
  "energy_distribution": [
    0.5546777844429016,
    0.3399004638195038,
    0.23145931959152222
  ],
  "motion_stability": [
    2.8975400924682617,
    2.819973945617676,
    2.973226547241211
  ],
  "freq_entropy": [
    7.852658748626709,
    8.772916793823242,
    9.026108741760254
  ]
}