{
  "dominant_freq": [
    4.630837867247007,
    0.7044230769230769,
    1.8171284210526313
  ],
  "amp_mean_x": [
    1.5491005182266235,
    1.1475380659103394,
    0.6147556900978088
  ],
  "amp_mean_y": [
    1.273760437965393,
    1.4195376634597778,
    0.7559136748313904
  ],
  "symmetry_ratio": [
    1.216163158416748,
    0.8083885908126831,
    0.8132617473602295
  ],
  "energy_distribution": [
    0.38936367630958557,
    0.2665919363498688,
    0.25363633036613464
  ],
  "motion_stability": [
    4.758902072906494,
    2.278350830078125,
    2.7482783794403076
  ],
  "freq_entropy": [
    8.714130401611328,
    9.012565612792969,
    8.913484573364258
  ]
}