{
  "dominant_freq": [
    0.4725000000000001,
    0.7204502814258912
  ],
  "amp_mean_x": [
    0.28398123383522034,
    0.6644691228866577
  ],
  "amp_mean_y": [
    0.410288542509079,
    0.5979027152061462
  ],
  "symmetry_ratio": [
    0.6921500563621521,
    1.1113331317901611
  ],
  "energy_distribution": [
    0.20015764236450195,
    0.1786799281835556
  ],
  "motion_stability": [
    1.2939589023590088,
    1.4847304821014404
  ],
  "freq_entropy": [
    9.707818031311035,
    9.82938289642334
  ]
}