{
  "dominant_freq": [
    2.4175824175824174,
    3.908915895504329
  ],
  "amp_mean_x": [
    0.32073307037353516,
    0.9215116500854492
  ],
  "amp_mean_y": [
    0.8280468583106995,
    0.9695116877555847
  ],
  "symmetry_ratio": [
    0.3873368501663208,
    0.9504904747009277
  ],
  "energy_distribution": [
    0.19304659962654114,
    0.3672032952308655
  ],
  "motion_stability": [
    2.0897583961486816,
    3.849371910095215
  ],
  "freq_entropy": [
    9.348956108093262,
    8.759546279907227
  ]
}