{
  "dominant_freq": [
    2.4475499999999997,
    0.46952999999999995
  ],
  "amp_mean_x": [
    0.21350738406181335,
    0.45908859372138977
  ],
  "amp_mean_y": [
    0.1514376848936081,
    0.34596461057662964
  ],
  "symmetry_ratio": [
    1.4098695516586304,
    1.3269814252853394
  ],
  "energy_distribution": [
    0.18934546411037445,
    0.196861132979393
  ],
  "motion_stability": [
    1.5311495065689087,
    1.3810267448425293
  ],
  "freq_entropy": [
    9.276790618896484,
    9.286005973815918
  ]
}