{
  "dominant_freq": [
    3.5759984696154907,
    3.537361995606107
  ],
  "amp_mean_x": [
    0.5112091898918152,
    2.545917272567749
  ],
  "amp_mean_y": [
    0.6899124979972839,
    2.2626473903656006
  ],
  "symmetry_ratio": [
    0.740976870059967,
    1.1251939535140991
  ],
  "energy_distribution": [
    0.18219642341136932,
    0.16788524389266968
  ],
  "motion_stability": [
    1.8045713901519775,
    2.7155604362487793
  ],
  "freq_entropy": [
    10.331650733947754,
    10.16668701171875
  ]
}