{
  "dominant_freq": [
    0.46421663442940037,
    0.4897230429145323,
    0.45911535273237397,
    0.4744191978234531
  ],
  "amp_mean_x": [
    0.14225086569786072,
    0.4832410514354706,
    0.5381589531898499,
    0.46144717931747437
  ],
  "amp_mean_y": [
    0.20448440313339233,
    0.571805477142334,
    0.5148442983627319,
    0.4317227005958557
  ],
  "symmetry_ratio": [
    0.6956562995910645,
    0.8451144099235535,
    1.0452848672866821,
    1.0688508749008179
  ],
  "energy_distribution": [
    0.42179688811302185,
    0.23214025795459747,
    0.3717387318611145,
    0.2620871365070343
  ],
  "motion_stability": [
    1.6486396789550781,
    1.876213788986206,
    1.3982222080230713,
    2.185153007507324
  ],
  "freq_entropy": [
    9.498233795166016,
    10.284854888916016,
    9.674517631530762,
    10.058259963989258
  ]
}