{
  "dominant_freq": [
    4.822896900695762,
    0.484375
  ],
  "amp_mean_x": [
    0.17814095318317413,
    0.04876955971121788
  ],
  "amp_mean_y": [
    0.225028857588768,
    0.0680062547326088
  ],
  "symmetry_ratio": [
    0.791636049747467,
    0.7171334624290466
  ],
  "energy_distribution": [
    0.23861558735370636,
    0.30286601185798645
  ],
  "motion_stability": [
    12.06523323059082,
    2.391941547393799
  ],
  "freq_entropy": [
    9.799348831176758,
    9.334945678710938
  ]
}