{
  "dominant_freq": [
    6.852088421052631,
    0.984277894736842,
    3.8528345626975753
  ],
  "amp_mean_x": [
    0.06059195101261139,
    0.03330808877944946,
    0.1786772906780243
  ],
  "amp_mean_y": [
    0.08645486831665039,
    0.06773259490728378,
    0.28084805607795715
  ],
  "symmetry_ratio": [
    0.7008506655693054,
    0.49175864458084106,
    0.6362062692642212
  ],
  "energy_distribution": [
    0.1654706746339798,
    0.2408977448940277,
    0.21028871834278107
  ],
  "motion_stability": [
    4.719069957733154,
    1.339307427406311,
    2.0848464965820312
  ],
  "freq_entropy": [
    9.400903701782227,
    8.832298278808594,
    9.042388916015625
  ]
}