{
  "dominant_freq": [
    1.314317673378076,
    7.703703703703702
  ],
  "amp_mean_x": [
    0.12231691181659698,
    0.10444363951683044
  ],
  "amp_mean_y": [
    0.13751699030399323,
    0.10193371027708054
  ],
  "symmetry_ratio": [
    0.8894676566123962,
    1.024623155593872
  ],
  "energy_distribution": [
    0.25681304931640625,
    0.1851671040058136
  ],
  "motion_stability": [
    7.1959967613220215,
    3.551715612411499
  ],
  "freq_entropy": [
    9.533323287963867,
    9.630784034729004
  ]
}