{
  "dominant_freq": [
    0.5916666666666667,
    4.6000000000000005
  ],
  "amp_mean_x": [
    0.06101737916469574,
    0.38107407093048096
  ],
  "amp_mean_y": [
    0.20692028105258942,
    0.37808212637901306
  ],
  "symmetry_ratio": [
    0.29488351941108704,
    1.0079134702682495
  ],
  "energy_distribution": [
    0.47510772943496704,
    0.1732054352760315
  ],
  "motion_stability": [
    1.5396894216537476,
    2.1344351768493652
  ],
  "freq_entropy": [
    9.11861515045166,
    9.591691970825195
  ]
}