{
  "dominant_freq": [
    0.10503501167055684,
    3.7311935807422265
  ],
  "amp_mean_x": [
    0.18928980827331543,
    0.2904379367828369
  ],
  "amp_mean_y": [
    0.2707616686820984,
    0.4549542963504791
  ],
  "symmetry_ratio": [
    0.6991012096405029,
    0.6383892893791199
  ],
  "energy_distribution": [
    0.2575594186782837,
    0.1754099279642105
  ],
  "motion_stability": [
    2.1705355644226074,
    3.1218996047973633
  ],
  "freq_entropy": [
    10.248287200927734,
    10.302377700805664
  ]
}