{
  "dominant_freq": [
    1.7211360068502928,
    4.923647780790638
  ],
  "amp_mean_x": [
    0.08510933816432953,
    0.2712988555431366
  ],
  "amp_mean_y": [
    0.08491715788841248,
    0.23310159146785736
  ],
  "symmetry_ratio": [
    1.0022631883621216,
    1.163865327835083
  ],
  "energy_distribution": [
    0.20365208387374878,
    0.19353224337100983
  ],
  "motion_stability": [
    1.2165848016738892,
    1.2958528995513916
  ],
  "freq_entropy": [
    9.544742584228516,
    9.505807876586914
  ]
}