{
  "dominant_freq": [
    0.3055555555555556,
    3.0125
  ],
  "amp_mean_x": [
    1.1748439073562622,
    0.016308177262544632
  ],
  "amp_mean_y": [
    1.307458519935608,
    0.030887527391314507
  ],
  "symmetry_ratio": [
    0.898570716381073,
    0.5279858708381653
  ],
  "energy_distribution": [
    0.6969257593154907,
    0.20392824709415436
  ],
  "motion_stability": [
    7.664037227630615,
    2.225409507751465
  ],
  "freq_entropy": [
    8.36042594909668,
    9.11698055267334
  ]
}