{
  "dominant_freq": [
    0.4662004662004662,
    0.293040293040293,
    0.25308025308025306
  ],
  "amp_mean_x": [
    0.09942677617073059,
    0.31118956208229065,
    0.30568820238113403
  ],
  "amp_mean_y": [
    0.23818399012088776,
    0.32706892490386963,
    0.2786893844604492
  ],
  "symmetry_ratio": [
    0.4174368679523468,
    0.9514495134353638,
    1.0968778133392334
  ],
  "energy_distribution": [
    0.27658626437187195,
    0.2640354335308075,
    0.3188011944293976
  ],
  "motion_stability": [
    1.4422023296356201,
    2.1784934997558594,
    3.40267276763916
  ],
  "freq_entropy": [
    8.618465423583984,
    8.820144653320312,
    8.963298797607422
  ]
}