{
  "dominant_freq": [
    8.506222861250897,
    3.8223888070692187
  ],
  "amp_mean_x": [
    0.6839229464530945,
    2.5180253982543945
  ],
  "amp_mean_y": [
    1.6234976053237915,
    3.6819534301757812
  ],
  "symmetry_ratio": [
    0.4212651550769806,
    0.683883011341095
  ],
  "energy_distribution": [
    0.19360266625881195,
    0.23830156028270721
  ],
  "motion_stability": [
    1.825289249420166,
    2.113576889038086
  ],
  "freq_entropy": [
    9.59202766418457,
    9.377779006958008
  ]
}