{
  "dominant_freq": [
    0.4542821052631578,
    0.2908481012658228,
    0.9590399999999999
  ],
  "amp_mean_x": [
    0.4896307587623596,
    0.4026344120502472,
    0.21162870526313782
  ],
  "amp_mean_y": [
    0.5464796423912048,
    0.2633841931819916,
    0.1791502684354782
  ],
  "symmetry_ratio": [
    0.8959725499153137,
    1.5286961793899536,
    1.1812915802001953
  ],
  "energy_distribution": [
    0.2632003724575043,
    0.2576877176761627,
    0.2485504299402237
  ],
  "motion_stability": [
    2.8735389709472656,
    2.4213008880615234,
    1.4531681537628174
  ],
  "freq_entropy": [
    9.03294563293457,
    8.98927116394043,
    8.950923919677734
  ]
}