{
  "dominant_freq": [
    0.47095714285714285,
    0.48808285714285715
  ],
  "amp_mean_x": [
    0.07746805250644684,
    0.08236042410135269
  ],
  "amp_mean_y": [
    0.07236295193433762,
    0.042400747537612915
  ],
  "symmetry_ratio": [
    1.0705485343933105,
    1.9424285888671875
  ],
  "energy_distribution": [
    0.22421881556510925,
    0.5073622465133667
  ],
  "motion_stability": [
    1.6489760875701904,
    1.4769810438156128
  ],
  "freq_entropy": [
    9.441351890563965,
    7.927851676940918
  ]
}