{
  "dominant_freq": [
    0.10521920668058457
  ],
  "amp_mean_x": [
    0.21791355311870575
  ],
  "amp_mean_y": [
    0.9078332781791687
  ],
  "symmetry_ratio": [
    0.2400369793176651
  ],
  "energy_distribution": [
    0.32887381315231323
  ],
  "motion_stability": [
    1.338991403579712
  ],
  "freq_entropy": [
    10.163640975952148
  ]
}