{
  "dominant_freq": [
    0.2825742857142857,
    0.4966457142857143
  ],
  "amp_mean_x": [
    0.10889709740877151,
    0.13388194143772125
  ],
  "amp_mean_y": [
    0.33054766058921814,
    0.25908827781677246
  ],
  "symmetry_ratio": [
    0.3294444680213928,
    0.5167425870895386
  ],
  "energy_distribution": [
    0.2508102059364319,
    0.3060031235218048
  ],
  "motion_stability": [
    1.202578067779541,
    1.3616862297058105
  ],
  "freq_entropy": [
    9.318857192993164,
    9.49135684967041
  ]
}