{
  "dominant_freq": [
    0.996896842105263,
    0.46788607594936704,
    3.8487789473684204
  ],
  "amp_mean_x": [
    0.2528294026851654,
    0.22358064353466034,
    0.24749203026294708
  ],
  "amp_mean_y": [
    0.3946247100830078,
    0.6079345941543579,
    0.3754618465900421
  ],
  "symmetry_ratio": [
    0.6406831741333008,
    0.36777088046073914,
    0.6591669321060181
  ],
  "energy_distribution": [
    0.21066901087760925,
    0.28514501452445984,
    0.2429170459508896
  ],
  "motion_stability": [
    1.830538272857666,
    1.642934799194336,
    1.9502002000808716
  ],
  "freq_entropy": [
    9.011419296264648,
    9.007472038269043,
    8.979454040527344
  ]
}