{
  "dominant_freq": [
    1.156879929886065,
    2.122151321786691
  ],
  "amp_mean_x": [
    1.2551182508468628,
    1.704803466796875
  ],
  "amp_mean_y": [
    1.5816749334335327,
    2.7257919311523438
  ],
  "symmetry_ratio": [
    0.793537437915802,
    0.625434160232544
  ],
  "energy_distribution": [
    0.3033994734287262,
    0.30054590106010437
  ],
  "motion_stability": [
    4.068263530731201,
    4.002058506011963
  ],
  "freq_entropy": [
    8.865022659301758,
    9.239250183105469
  ]
}