{
  "dominant_freq": [
    0.77256,
    0.37296,
    0.13394413407821226
  ],
  "amp_mean_x": [
    0.31859642267227173,
    0.885580837726593,
    1.0701299905776978
  ],
  "amp_mean_y": [
    0.28415217995643616,
    0.7127885222434998,
    1.2159792184829712
  ],
  "symmetry_ratio": [
    1.1212176084518433,
    1.242417335510254,
    0.8800561428070068
  ],
  "energy_distribution": [
    0.21189385652542114,
    0.42146268486976624,
    0.31199026107788086
  ],
  "motion_stability": [
    1.2565762996673584,
    2.119760036468506,
    3.9365339279174805
  ],
  "freq_entropy": [
    8.91142749786377,
    8.508644104003906,
    8.803581237792969
  ]
}