{
  "dominant_freq": [
    2.953491033304867,
    4.319168164313222
  ],
  "amp_mean_x": [
    0.7834684252738953,
    1.3882873058319092
  ],
  "amp_mean_y": [
    0.8318617343902588,
    1.5300569534301758
  ],
  "symmetry_ratio": [
    0.941825270652771,
    0.9073435664176941
  ],
  "energy_distribution": [
    0.21390476822853088,
    0.18188075721263885
  ],
  "motion_stability": [
    3.3224198818206787,
    2.3196909427642822
  ],
  "freq_entropy": [
    10.34969711303711,
    10.357399940490723
  ]
}