{
  "dominant_freq": [
    0.12243063829787232,
    0.11476762402088772
  ],
  "amp_mean_x": [
    0.2698644697666168,
    1.94939386844635
  ],
  "amp_mean_y": [
    0.3108336925506592,
    2.777967691421509
  ],
  "symmetry_ratio": [
    0.868195652961731,
    0.7017338275909424
  ],
  "energy_distribution": [
    0.5579871535301208,
    0.21164213120937347
  ],
  "motion_stability": [
    2.464571237564087,
    1.836534857749939
  ],
  "freq_entropy": [
    9.158246040344238,
    10.233439445495605
  ]
}