{
  "dominant_freq": [
    3.446641386782232,
    1.3016528925619832
  ],
  "amp_mean_x": [
    0.4489288628101349,
    0.7148728966712952
  ],
  "amp_mean_y": [
    0.7616445422172546,
    1.2794429063796997
  ],
  "symmetry_ratio": [
    0.5894204378128052,
    0.5587376356124878
  ],
  "energy_distribution": [
    0.24950070679187775,
    0.21729455888271332
  ],
  "motion_stability": [
    2.0209033489227295,
    3.0115303993225098
  ],
  "freq_entropy": [
    9.86606216430664,
    9.264869689941406
  ]
}