{
  "dominant_freq": [
    4.938996138996139,
    1.8275058275058276
  ],
  "amp_mean_x": [
    0.39085933566093445,
    0.5999590158462524
  ],
  "amp_mean_y": [
    0.9143479466438293,
    2.1406447887420654
  ],
  "symmetry_ratio": [
    0.4274733066558838,
    0.2802702486515045
  ],
  "energy_distribution": [
    0.25979799032211304,
    0.25501346588134766
  ],
  "motion_stability": [
    1.6972572803497314,
    2.026277780532837
  ],
  "freq_entropy": [
    9.446247100830078,
    9.425233840942383
  ]
}