{
  "dominant_freq": [
    8.429465271570534,
    0.4542825595457174,
    3.1799779168200217
  ],
  "amp_mean_x": [
    0.10915056616067886,
    0.06404190510511398,
    0.06783170253038406
  ],
  "amp_mean_y": [
    0.10346338152885437,
    0.11462752521038055,
    0.07805422693490982
  ],
  "symmetry_ratio": [
    1.0549681186676025,
    0.5586956739425659,
    0.8690330386161804
  ],
  "energy_distribution": [
    0.2005358785390854,
    0.24244078993797302,
    0.16393212974071503
  ],
  "motion_stability": [
    4.174293518066406,
    1.6522983312606812,
    1.4231772422790527
  ],
  "freq_entropy": [
    9.193485260009766,
    8.892675399780273,
    8.954221725463867
  ]
}