{
  "dominant_freq": [
    3.998936076414401,
    0.11988
  ],
  "amp_mean_x": [
    1.6830719709396362,
    0.1895805150270462
  ],
  "amp_mean_y": [
    1.8512099981307983,
    0.16250582039356232
  ],
  "symmetry_ratio": [
    0.9091739654541016,
    1.1666074991226196
  ],
  "energy_distribution": [
    0.3645440638065338,
    0.5057774782180786
  ],
  "motion_stability": [
    4.771447658538818,
    1.7410887479782104
  ],
  "freq_entropy": [
    8.658540725708008,
    8.957590103149414
  ]
}