{
  "dominant_freq": [
    0.48950999999999995,
    2.4958294314381266
  ],
  "amp_mean_x": [
    0.3632909059524536,
    0.890321671962738
  ],
  "amp_mean_y": [
    0.22499938309192657,
    0.3351823687553406
  ],
  "symmetry_ratio": [
    1.6146306991577148,
    2.6562306880950928
  ],
  "energy_distribution": [
    0.4558665156364441,
    0.3217847943305969
  ],
  "motion_stability": [
    1.9578896760940552,
    3.797417163848877
  ],
  "freq_entropy": [
    8.783966064453125,
    9.262345314025879
  ]
}