{
  "dominant_freq": [
    0.10285714285714287,
    2.1
  ],
  "amp_mean_x": [
    0.04977540299296379,
    0.09799867868423462
  ],
  "amp_mean_y": [
    0.08898737281560898,
    0.09109964966773987
  ],
  "symmetry_ratio": [
    0.5593535304069519,
    1.075730562210083
  ],
  "energy_distribution": [
    0.2699013352394104,
    0.27973508834838867
  ],
  "motion_stability": [
    1.5591965913772583,
    1.489267349243164
  ],
  "freq_entropy": [
    9.428937911987305,
    9.390645980834961
  ]
}