{
  "dominant_freq": [
    0.7192807192807192,
    0.11227597434493986,
    0.2859151070394682
  ],
  "amp_mean_x": [
    0.1252790242433548,
    0.2385406643152237,
    0.2148624211549759
  ],
  "amp_mean_y": [
    0.34494614601135254,
    0.8018218278884888,
    0.46766331791877747
  ],
  "symmetry_ratio": [
    0.3631843030452728,
    0.29749834537506104,
    0.4594382643699646
  ],
  "energy_distribution": [
    0.3403964638710022,
    0.5876184105873108,
    0.4242495000362396
  ],
  "motion_stability": [
    1.8752622604370117,
    2.6944580078125,
    2.6315841674804688
  ],
  "freq_entropy": [
    10.14128303527832,
    9.62840461730957,
    10.173293113708496
  ]
}