{
  "dominant_freq": [
    0.16499999999999998,
    3.705
  ],
  "amp_mean_x": [
    0.13534466922283173,
    0.29202544689178467
  ],
  "amp_mean_y": [
    0.17180275917053223,
    0.32804790139198303
  ],
  "symmetry_ratio": [
    0.7877910137176514,
    0.8901914954185486
  ],
  "energy_distribution": [
    0.2137850672006607,
    0.25131312012672424
  ],
  "motion_stability": [
    1.3489975929260254,
    2.23199200630188
  ],
  "freq_entropy": [
    8.706107139587402,
    8.70555305480957
  ]
}