{
  "dominant_freq": [
    2.8289142857142857,
    2.017398058252427,
    0.7207974683544303
  ],
  "amp_mean_x": [
    1.0512076616287231,
    1.0007598400115967,
    0.2871910035610199
  ],
  "amp_mean_y": [
    1.2923630475997925,
    1.5420458316802979,
    0.39425528049468994
  ],
  "symmetry_ratio": [
    0.8133996725082397,
    0.6489819288253784,
    0.728439211845398
  ],
  "energy_distribution": [
    0.2003944367170334,
    0.20974306762218475,
    0.3178025782108307
  ],
  "motion_stability": [
    3.131559133529663,
    4.944648265838623,
    3.304594039916992
  ],
  "freq_entropy": [
    8.939790725708008,
    9.110416412353516,
    9.055459022521973
  ]
}