{
  "dominant_freq": [
    0.5662417021276596,
    0.11757953091684434
  ],
  "amp_mean_x": [
    0.16946597397327423,
    0.368430495262146
  ],
  "amp_mean_y": [
    0.10934049636125565,
    0.7104429602622986
  ],
  "symmetry_ratio": [
    1.5498920679092407,
    0.5185926556587219
  ],
  "energy_distribution": [
    0.23116113245487213,
    0.3885388970375061
  ],
  "motion_stability": [
    3.375622272491455,
    5.798879623413086
  ],
  "freq_entropy": [
    10.3204345703125,
    10.20130729675293
  ]
}