{
  "dominant_freq": [
    4.043750367279779,
    0.2632317362418003
  ],
  "amp_mean_x": [
    0.7723501920700073,
    0.3798789978027344
  ],
  "amp_mean_y": [
    3.4090518951416016,
    2.379286766052246
  ],
  "symmetry_ratio": [
    0.226558655500412,
    0.15966087579727173
  ],
  "energy_distribution": [
    0.2188708484172821,
    0.2791081666946411
  ],
  "motion_stability": [
    1.7752785682678223,
    1.3033509254455566
  ],
  "freq_entropy": [
    9.157100677490234,
    9.048786163330078
  ]
}