{
  "dominant_freq": [
    6.151013855174102,
    4.509336817029125
  ],
  "amp_mean_x": [
    0.6162756681442261,
    0.5225452780723572
  ],
  "amp_mean_y": [
    0.5568347573280334,
    0.4255206286907196
  ],
  "symmetry_ratio": [
    1.1067478656768799,
    1.2280139923095703
  ],
  "energy_distribution": [
    0.17655973136425018,
    0.3052910268306732
  ],
  "motion_stability": [
    2.014655113220215,
    1.6249396800994873
  ],
  "freq_entropy": [
    9.48575496673584,
    9.239631652832031
  ]
}