{
  "dominant_freq": [
    3.7411764705882358,
    0.12705882352941178,
    0.31058823529411766
  ],
  "amp_mean_x": [
    0.1238074079155922,
    0.1321152150630951,
    0.1045343205332756
  ],
  "amp_mean_y": [
    0.19148588180541992,
    0.32509496808052063,
    0.24307279288768768
  ],
  "symmetry_ratio": [
    0.6465615630149841,
    0.40638959407806396,
    0.43005356192588806
  ],
  "energy_distribution": [
    0.24489620327949524,
    0.20587533712387085,
    0.2719689607620239
  ],
  "motion_stability": [
    0.9827321767807007,
    1.8161839246749878,
    1.7477178573608398
  ],
  "freq_entropy": [
    8.71711540222168,
    8.745681762695312,
    8.72630500793457
  ]
}