{
  "dominant_freq": [
    0.11280410607356714,
    0.6793370259906263
  ],
  "amp_mean_x": [
    0.9087533354759216,
    0.7348869442939758
  ],
  "amp_mean_y": [
    0.9777308106422424,
    1.0541555881500244
  ],
  "symmetry_ratio": [
    0.9294514656066895,
    0.6971333026885986
  ],
  "energy_distribution": [
    0.2663157880306244,
    0.30076709389686584
  ],
  "motion_stability": [
    3.1945648193359375,
    2.667125701904297
  ],
  "freq_entropy": [
    10.226446151733398,
    9.73521614074707
  ]
}