{
  "dominant_freq": [
    2.8986486486486487,
    0.11492698756084369
  ],
  "amp_mean_x": [
    0.350860059261322,
    0.3806214928627014
  ],
  "amp_mean_y": [
    0.34113168716430664,
    0.7062931656837463
  ],
  "symmetry_ratio": [
    1.0285179615020752,
    0.5389001369476318
  ],
  "energy_distribution": [
    0.16733591258525848,
    0.41679802536964417
  ],
  "motion_stability": [
    1.542851448059082,
    1.7790852785110474
  ],
  "freq_entropy": [
    9.757024765014648,
    9.515804290771484
  ]
}