{
  "dominant_freq": [
    0.45,
    0.889261744966443,
    5.266666666666667
  ],
  "amp_mean_x": [
    0.43718960881233215,
    0.8249035477638245,
    0.3499317169189453
  ],
  "amp_mean_y": [
    0.42518350481987,
    1.4897501468658447,
    0.6541520357131958
  ],
  "symmetry_ratio": [
    1.0282374620437622,
    0.5537194013595581,
    0.5349394083023071
  ],
  "energy_distribution": [
    0.2091226428747177,
    0.22118432819843292,
    0.21093280613422394
  ],
  "motion_stability": [
    1.1271579265594482,
    2.918659210205078,
    1.8770220279693604
  ],
  "freq_entropy": [
    8.586654663085938,
    8.66405200958252,
    8.718610763549805
  ]
}