{
  "dominant_freq": [
    5.198001998001998,
    8.367341160863429
  ],
  "amp_mean_x": [
    0.1653265357017517,
    0.9019748568534851
  ],
  "amp_mean_y": [
    0.2975553274154663,
    1.9149492979049683
  ],
  "symmetry_ratio": [
    0.5556161403656006,
    0.47101762890815735
  ],
  "energy_distribution": [
    0.21517986059188843,
    0.19229725003242493
  ],
  "motion_stability": [
    2.3260035514831543,
    2.008002281188965
  ],
  "freq_entropy": [
    9.326991081237793,
    9.400531768798828
  ]
}