{
  "dominant_freq": [
    6.740088607594936,
    6.334495176848875,
    7.223375132837406
  ],
  "amp_mean_x": [
    1.1830463409423828,
    1.3509334325790405,
    1.1145750284194946
  ],
  "amp_mean_y": [
    1.7025874853134155,
    2.4684505462646484,
    1.8744224309921265
  ],
  "symmetry_ratio": [
    0.6948519945144653,
    0.547279953956604,
    0.5946232080459595
  ],
  "energy_distribution": [
    0.16557623445987701,
    0.15490005910396576,
    0.1853567361831665
  ],
  "motion_stability": [
    3.5050034523010254,
    2.720412254333496,
    3.3599233627319336
  ],
  "freq_entropy": [
    9.096870422363281,
    9.048835754394531,
    9.065831184387207
  ]
}