{
  "dominant_freq": [
    1.4625420875420874,
    0.3333333333333333
  ],
  "amp_mean_x": [
    0.6089235544204712,
    0.1283658891916275
  ],
  "amp_mean_y": [
    1.3972431421279907,
    0.45907944440841675
  ],
  "symmetry_ratio": [
    0.4358035624027252,
    0.2796158492565155
  ],
  "energy_distribution": [
    0.2407451719045639,
    0.23406271636486053
  ],
  "motion_stability": [
    1.8966987133026123,
    1.7228301763534546
  ],
  "freq_entropy": [
    9.276300430297852,
    9.222698211669922
  ]
}