{
  "dominant_freq": [
    4.647262978723404,
    0.45440034071550256
  ],
  "amp_mean_x": [
    0.24212238192558289,
    0.0693170428276062
  ],
  "amp_mean_y": [
    0.2802084684371948,
    0.1405436396598816
  ],
  "symmetry_ratio": [
    0.864079475402832,
    0.49320653080940247
  ],
  "energy_distribution": [
    0.15826113522052765,
    0.20883557200431824
  ],
  "motion_stability": [
    6.597454071044922,
    4.217038631439209
  ],
  "freq_entropy": [
    10.299224853515625,
    10.742546081542969
  ]
}