{
  "dominant_freq": [
    0.7192799999999999,
    0.5552336842105263,
    0.29023578947368417
  ],
  "amp_mean_x": [
    0.06942691653966904,
    0.11702721565961838,
    0.07701180875301361
  ],
  "amp_mean_y": [
    0.12024606764316559,
    0.0893859714269638,
    0.09476906061172485
  ],
  "symmetry_ratio": [
    0.5773736834526062,
    1.3092347383499146,
    0.8126260638237
  ],
  "energy_distribution": [
    0.2352062612771988,
    0.18780305981636047,
    0.2540340721607208
  ],
  "motion_stability": [
    1.2169420719146729,
    1.0378365516662598,
    1.2313542366027832
  ],
  "freq_entropy": [
    8.873659133911133,
    8.883613586425781,
    8.830315589904785
  ]
}