{
  "dominant_freq": [
    2.1484570475396163,
    7.139583333333334
  ],
  "amp_mean_x": [
    0.29926905035972595,
    0.34028318524360657
  ],
  "amp_mean_y": [
    0.24742940068244934,
    0.36763790249824524
  ],
  "symmetry_ratio": [
    1.2095129489898682,
    0.9255933165550232
  ],
  "energy_distribution": [
    0.20002470910549164,
    0.19505439698696136
  ],
  "motion_stability": [
    1.4530552625656128,
    1.1551380157470703
  ],
  "freq_entropy": [
    9.347640037536621,
    9.37470531463623
  ]
}