{
  "dominant_freq": [
    7.412307692307693,
    2.2372881355932206
  ],
  "amp_mean_x": [
    0.3116624057292938,
    0.18360023200511932
  ],
  "amp_mean_y": [
    0.9616906642913818,
    0.36068519949913025
  ],
  "symmetry_ratio": [
    0.3240776062011719,
    0.5090317726135254
  ],
  "energy_distribution": [
    0.1373981237411499,
    0.17742852866649628
  ],
  "motion_stability": [
    3.4011659622192383,
    3.4604921340942383
  ],
  "freq_entropy": [
    9.484004020690918,
    9.508344650268555
  ]
}