{
  "dominant_freq": [
    4.4364129298406345,
    4.296004296004296
  ],
  "amp_mean_x": [
    0.6719793081283569,
    0.3826969265937805
  ],
  "amp_mean_y": [
    0.8349424004554749,
    0.6079004406929016
  ],
  "symmetry_ratio": [
    0.8048211336135864,
    0.6295388340950012
  ],
  "energy_distribution": [
    0.21486441791057587,
    0.1924278885126114
  ],
  "motion_stability": [
    2.166675090789795,
    2.0769848823547363
  ],
  "freq_entropy": [
    9.074851989746094,
    9.076028823852539
  ]
}