{
  "dominant_freq": [
    6.474802139037433,
    3.652514042553191
  ],
  "amp_mean_x": [
    2.8771519660949707,
    0.8679620027542114
  ],
  "amp_mean_y": [
    4.620817184448242,
    0.7091323137283325
  ],
  "symmetry_ratio": [
    0.6226500272750854,
    1.2239775657653809
  ],
  "energy_distribution": [
    0.21649983525276184,
    0.2828606963157654
  ],
  "motion_stability": [
    2.8712668418884277,
    2.2363967895507812
  ],
  "freq_entropy": [
    10.237066268920898,
    9.748342514038086
  ]
}