{
  "dominant_freq": [
    0.10667288135593217,
    0.11683220338983048
  ],
  "amp_mean_x": [
    0.07942400127649307,
    0.06706821173429489
  ],
  "amp_mean_y": [
    0.11795476078987122,
    0.12102566659450531
  ],
  "symmetry_ratio": [
    0.6733428835868835,
    0.5541651844978333
  ],
  "energy_distribution": [
    0.35578614473342896,
    0.3321165442466736
  ],
  "motion_stability": [
    1.4708828926086426,
    1.8249716758728027
  ],
  "freq_entropy": [
    9.727325439453125,
    9.919102668762207
  ]
}