{
  "dominant_freq": [
    1.4271442842871411,
    0.46810332524618237
  ],
  "amp_mean_x": [
    0.17177966237068176,
    0.27115127444267273
  ],
  "amp_mean_y": [
    0.20874769985675812,
    0.2398080825805664
  ],
  "symmetry_ratio": [
    0.8229056596755981,
    1.1307011842727661
  ],
  "energy_distribution": [
    0.21748438477516174,
    0.21875813603401184
  ],
  "motion_stability": [
    1.4690378904342651,
    1.414243459701538
  ],
  "freq_entropy": [
    9.1589937210083,
    9.092090606689453
  ]
}