{
  "dominant_freq": [
    0.4438110638297872,
    4.846212765957446
  ],
  "amp_mean_x": [
    0.13131797313690186,
    0.3005032241344452
  ],
  "amp_mean_y": [
    0.15506593883037567,
    0.27207401394844055
  ],
  "symmetry_ratio": [
    0.8468524813652039,
    1.1044907569885254
  ],
  "energy_distribution": [
    0.2730727195739746,
    0.1531209796667099
  ],
  "motion_stability": [
    2.0074069499969482,
    2.7732272148132324
  ],
  "freq_entropy": [
    10.144144058227539,
    10.291297912597656
  ]
}