{
  "dominant_freq": [
    2.1164819008484774,
    7.424211177562384,
    5.023089360438758
  ],
  "amp_mean_x": [
    0.7242767810821533,
    0.6635116338729858,
    0.7443420886993408
  ],
  "amp_mean_y": [
    0.8944022059440613,
    0.7638540267944336,
    0.9227234721183777
  ],
  "symmetry_ratio": [
    0.809788703918457,
    0.8686366677284241,
    0.8066794872283936
  ],
  "energy_distribution": [
    0.18168574571609497,
    0.2085980325937271,
    0.17970684170722961
  ],
  "motion_stability": [
    5.444927215576172,
    2.6614787578582764,
    1.9539375305175781
  ],
  "freq_entropy": [
    8.6478271484375,
    8.758512496948242,
    8.660905838012695
  ]
}