{
  "dominant_freq": [
    0.5299957894736842,
    4.4544884210526305,
    0.41686406743940985
  ],
  "amp_mean_x": [
    0.11425472795963287,
    0.35422375798225403,
    0.08965454995632172
  ],
  "amp_mean_y": [
    0.2136840522289276,
    0.40177735686302185,
    0.25639498233795166
  ],
  "symmetry_ratio": [
    0.5346900224685669,
    0.8816419243812561,
    0.3496735692024231
  ],
  "energy_distribution": [
    0.19686220586299896,
    0.5928661227226257,
    0.1959422379732132
  ],
  "motion_stability": [
    1.9151934385299683,
    2.4856362342834473,
    1.6154918670654297
  ],
  "freq_entropy": [
    8.844910621643066,
    8.067119598388672,
    9.014750480651855
  ]
}