{
  "dominant_freq": [
    3.265,
    0.265,
    0.475,
    0.485
  ],
  "amp_mean_x": [
    0.06415372341871262,
    0.04741756618022919,
    0.0609186626970768,
    0.04727897793054581
  ],
  "amp_mean_y": [
    0.09189581871032715,
    0.10258415341377258,
    0.08540711551904678,
    0.10189182311296463
  ],
  "symmetry_ratio": [
    0.6981136202812195,
    0.462230920791626,
    0.7132738828659058,
    0.4640114903450012
  ],
  "energy_distribution": [
    0.19617336988449097,
    0.24119290709495544,
    0.21448858082294464,
    0.2574029862880707
  ],
  "motion_stability": [
    1.2700787782669067,
    1.4554424285888672,
    1.5377899408340454,
    1.4635330438613892
  ],
  "freq_entropy": [
    10.232767105102539,
    10.169902801513672,
    10.13647174835205,
    10.197053909301758
  ]
}