{
  "dominant_freq": [
    0.7192799999999999,
    0.29023578947368417,
    0.3280926315789473
  ],
  "amp_mean_x": [
    0.20786745846271515,
    0.31201720237731934,
    0.1780364066362381
  ],
  "amp_mean_y": [
    0.26192548871040344,
    0.20793791115283966,
    0.13068675994873047
  ],
  "symmetry_ratio": [
    0.7936129570007324,
    1.5005306005477905,
    1.362313985824585
  ],
  "energy_distribution": [
    0.2565061151981354,
    0.20676520466804504,
    0.22377504408359528
  ],
  "motion_stability": [
    2.1033525466918945,
    1.7761720418930054,
    1.4698548316955566
  ],
  "freq_entropy": [
    9.050800323486328,
    8.97930908203125,
    8.968185424804688
  ]
}