{
  "dominant_freq": [
    3.7175974710221285,
    0.10105263157894738,
    3.372631578947369
  ],
  "amp_mean_x": [
    0.7037042379379272,
    0.34586960077285767,
    0.3429417014122009
  ],
  "amp_mean_y": [
    1.7844167947769165,
    0.731282114982605,
    0.43950724601745605
  ],
  "symmetry_ratio": [
    0.39436089992523193,
    0.4729633033275604,
    0.7802867889404297
  ],
  "energy_distribution": [
    0.34454530477523804,
    0.31760865449905396,
    0.21771453320980072
  ],
  "motion_stability": [
    3.969308853149414,
    1.3816559314727783,
    2.9570412635803223
  ],
  "freq_entropy": [
    8.963306427001953,
    8.841361999511719,
    9.001996994018555
  ]
}