{
  "dominant_freq": [
    0.322061191626409
  ],
  "amp_mean_x": [
    0.9704762697219849
  ],
  "amp_mean_y": [
    1.4032337665557861
  ],
  "symmetry_ratio": [
    0.6915998458862305
  ],
  "energy_distribution": [
    0.22862769663333893
  ],
  "motion_stability": [
    3.532438278198242
  ],
  "freq_entropy": [
    10.339377403259277
  ]
}