{
  "dominant_freq": [
    2.750930526315789,
    0.1009515789473684,
    2.485932631578947
  ],
  "amp_mean_x": [
    0.17522740364074707,
    0.1252732127904892,
    0.0476202517747879
  ],
  "amp_mean_y": [
    0.151445671916008,
    0.12718135118484497,
    0.13479360938072205
  ],
  "symmetry_ratio": [
    1.1570314168930054,
    0.9849967360496521,
    0.35328271985054016
  ],
  "energy_distribution": [
    0.6172268390655518,
    0.42036208510398865,
    0.24039088189601898
  ],
  "motion_stability": [
    2.3533935546875,
    1.2516298294067383,
    1.4530588388442993
  ],
  "freq_entropy": [
    8.027017593383789,
    8.365739822387695,
    8.564201354980469
  ]
}