{
  "dominant_freq": [
    1.26919674239177,
    0.1129974293059126,
    0.7600902127659573
  ],
  "amp_mean_x": [
    0.47364383935928345,
    0.4860346019268036,
    0.3758716881275177
  ],
  "amp_mean_y": [
    1.017399549484253,
    1.4472883939743042,
    0.757707953453064
  ],
  "symmetry_ratio": [
    0.46554359793663025,
    0.33582428097724915,
    0.49606406688690186
  ],
  "energy_distribution": [
    0.22291778028011322,
    0.30398350954055786,
    0.24940064549446106
  ],
  "motion_stability": [
    2.4693286418914795,
    2.274461269378662,
    1.8237897157669067
  ],
  "freq_entropy": [
    10.269140243530273,
    10.175994873046875,
    10.310523986816406
  ]
}