{
  "dominant_freq": [
    4.575483870967743,
    0.13161290322580646
  ],
  "amp_mean_x": [
    0.10640981048345566,
    0.3083517551422119
  ],
  "amp_mean_y": [
    0.1266968697309494,
    0.20275793969631195
  ],
  "symmetry_ratio": [
    0.839877188205719,
    1.5207875967025757
  ],
  "energy_distribution": [
    0.170369490981102,
    0.297924280166626
  ],
  "motion_stability": [
    1.0807886123657227,
    1.9416555166244507
  ],
  "freq_entropy": [
    9.666028022766113,
    9.516112327575684
  ]
}