{
  "dominant_freq": [
    0.12229299363057325,
    0.135678391959799
  ],
  "amp_mean_x": [
    1.3687487840652466,
    0.9063400626182556
  ],
  "amp_mean_y": [
    2.474768877029419,
    1.3997291326522827
  ],
  "symmetry_ratio": [
    0.5530814528465271,
    0.6475110650062561
  ],
  "energy_distribution": [
    0.2842595875263214,
    0.326436311006546
  ],
  "motion_stability": [
    3.170736074447632,
    1.4144845008850098
  ],
  "freq_entropy": [
    9.820016860961914,
    10.030059814453125
  ]
}