{
  "dominant_freq": [
    0.493946370176586,
    0.31485226526592247
  ],
  "amp_mean_x": [
    0.6350760459899902,
    1.5262681245803833
  ],
  "amp_mean_y": [
    0.9306899309158325,
    2.472724437713623
  ],
  "symmetry_ratio": [
    0.6823712587356567,
    0.6172415018081665
  ],
  "energy_distribution": [
    0.18945695459842682,
    0.26510369777679443
  ],
  "motion_stability": [
    2.7925760746002197,
    2.6429591178894043
  ],
  "freq_entropy": [
    9.736940383911133,
    9.707587242126465
  ]
}