{
  "dominant_freq": [
    0.5052631578947369,
    1.465263157894737,
    6.138947368421054
  ],
  "amp_mean_x": [
    0.08354173600673676,
    0.08447855710983276,
    0.1057683676481247
  ],
  "amp_mean_y": [
    0.09808922559022903,
    0.11341869086027145,
    0.17459960281848907
  ],
  "symmetry_ratio": [
    0.8516912460327148,
    0.7448380589485168,
    0.6057766675949097
  ],
  "energy_distribution": [
    0.2570020854473114,
    0.21169725060462952,
    0.1663023829460144
  ],
  "motion_stability": [
    1.2225477695465088,
    3.404646873474121,
    3.4590718746185303
  ],
  "freq_entropy": [
    8.845329284667969,
    9.20732307434082,
    9.106778144836426
  ]
}