{
  "dominant_freq": [
    3.966524762908324,
    0.5047578947368421,
    5.322367864693446
  ],
  "amp_mean_x": [
    0.32585254311561584,
    0.34236809611320496,
    0.582315981388092
  ],
  "amp_mean_y": [
    0.6533399224281311,
    0.6742730140686035,
    0.9847743511199951
  ],
  "symmetry_ratio": [
    0.49874886870384216,
    0.5077588558197021,
    0.59131920337677
  ],
  "energy_distribution": [
    0.3016447424888611,
    0.2413538247346878,
    0.27374476194381714
  ],
  "motion_stability": [
    1.7088804244995117,
    1.9144654273986816,
    2.432194709777832
  ],
  "freq_entropy": [
    8.934577941894531,
    8.996574401855469,
    9.01266860961914
  ]
}