{
  "dominant_freq": [
    7.023527924130663,
    0.7192799999999999,
    0.4164252631578947
  ],
  "amp_mean_x": [
    0.14839258790016174,
    0.0699591338634491,
    0.10004040598869324
  ],
  "amp_mean_y": [
    0.2214522510766983,
    0.1319219172000885,
    0.10467258095741272
  ],
  "symmetry_ratio": [
    0.6700884103775024,
    0.5303071141242981,
    0.955746054649353
  ],
  "energy_distribution": [
    0.20570051670074463,
    0.23855875432491302,
    0.3138399124145508
  ],
  "motion_stability": [
    6.34892463684082,
    1.981621265411377,
    1.442429780960083
  ],
  "freq_entropy": [
    9.213212966918945,
    9.016061782836914,
    8.776952743530273
  ]
}