{
  "dominant_freq": [
    5.0036919602136996,
    0.2817026315720833
  ],
  "amp_mean_x": [
    0.2997603714466095,
    0.3255805969238281
  ],
  "amp_mean_y": [
    0.667181134223938,
    0.4441000819206238
  ],
  "symmetry_ratio": [
    0.4492938220500946,
    0.7331243753433228
  ],
  "energy_distribution": [
    0.16022241115570068,
    0.1995394080877304
  ],
  "motion_stability": [
    2.3361353874206543,
    2.0348453521728516
  ],
  "freq_entropy": [
    9.28683090209961,
    9.328740119934082
  ]
}