{
  "dominant_freq": [
    0.1009515789473684,
    0.11357052631578946,
    0.12618947368421052
  ],
  "amp_mean_x": [
    0.08656290918588638,
    0.4023379385471344,
    0.1491416096687317
  ],
  "amp_mean_y": [
    0.24882879853248596,
    0.4532712996006012,
    0.302394300699234
  ],
  "symmetry_ratio": [
    0.34788140654563904,
    0.8876315951347351,
    0.49320244789123535
  ],
  "energy_distribution": [
    0.2853403389453888,
    0.6446389555931091,
    0.3171966075897217
  ],
  "motion_stability": [
    1.6341840028762817,
    2.8922922611236572,
    3.955423593521118
  ],
  "freq_entropy": [
    8.888978958129883,
    7.6299967765808105,
    9.072785377502441
  ]
}