{
  "dominant_freq": [
    0.11654999999999999,
    0.13319999999999999
  ],
  "amp_mean_x": [
    0.11355717480182648,
    0.1759137362241745
  ],
  "amp_mean_y": [
    0.22128619253635406,
    0.5110994577407837
  ],
  "symmetry_ratio": [
    0.5131688117980957,
    0.3441869020462036
  ],
  "energy_distribution": [
    0.20765618979930878,
    0.2543684244155884
  ],
  "motion_stability": [
    3.0573203563690186,
    1.6680350303649902
  ],
  "freq_entropy": [
    9.766231536865234,
    9.544631958007812
  ]
}