{
  "dominant_freq": [
    0.4334130776056241,
    1.7182499454160105
  ],
  "amp_mean_x": [
    0.6203449964523315,
    3.1606597900390625
  ],
  "amp_mean_y": [
    0.5573059320449829,
    4.6696295738220215
  ],
  "symmetry_ratio": [
    1.1131138801574707,
    0.6768544912338257
  ],
  "energy_distribution": [
    0.25278541445732117,
    0.19132480025291443
  ],
  "motion_stability": [
    1.8572405576705933,
    2.8792314529418945
  ],
  "freq_entropy": [
    9.482714653015137,
    9.26535415649414
  ]
}