{
  "dominant_freq": [
    0.10275428571428571,
    1.3041700288184437
  ],
  "amp_mean_x": [
    0.24990703165531158,
    1.0568755865097046
  ],
  "amp_mean_y": [
    0.19022652506828308,
    0.8489779829978943
  ],
  "symmetry_ratio": [
    1.3137339353561401,
    1.2448798418045044
  ],
  "energy_distribution": [
    0.25597530603408813,
    0.2345554530620575
  ],
  "motion_stability": [
    1.1746189594268799,
    2.7240567207336426
  ],
  "freq_entropy": [
    9.492698669433594,
    9.624916076660156
  ]
}