{
  "dominant_freq": [
    0.5328,
    0.29304,
    0.58608,
    0.29304,
    4.388464285714285,
    3.80952
  ],
  "amp_mean_x": [
    0.0568949356675148,
    0.11951227486133575,
    0.18920853734016418,
    0.17188559472560883,
    0.9763584733009338,
    0.12352756410837173
  ],
  "amp_mean_y": [
    0.11046383529901505,
    0.1305941790342331,
    0.08528441190719604,
    0.2057722955942154,
    0.8945508003234863,
    0.13913527131080627
  ],
  "symmetry_ratio": [
    0.5150548815727234,
    0.9151424169540405,
    2.218559503555298,
    0.8353193998336792,
    1.0914511680603027,
    0.8878235220909119
  ],
  "energy_distribution": [
    0.31383225321769714,
    0.34522944688796997,
    0.28595247864723206,
    0.3089575469493866,
    0.30326250195503235,
    0.20777103304862976
  ],
  "motion_stability": [
    1.2461345195770264,
    0.9894461631774902,
    0.9069290161132812,
    1.0668816566467285,
    4.217708587646484,
    1.1420414447784424
  ],
  "freq_entropy": [
    7.739250183105469,
    7.523952007293701,
    7.822612762451172,
    7.746630668640137,
    7.967798233032227,
    7.811701774597168
  ]
}