{
  "dominant_freq": [
    4.833056842105262,
    0.31547368421052624,
    2.246172631578947
  ],
  "amp_mean_x": [
    0.13709531724452972,
    0.2898549735546112,
    0.14300058782100677
  ],
  "amp_mean_y": [
    0.3329658508300781,
    0.328262597322464,
    0.24971261620521545
  ],
  "symmetry_ratio": [
    0.41173988580703735,
    0.8829972743988037,
    0.5726606249809265
  ],
  "energy_distribution": [
    0.19602526724338531,
    0.23317381739616394,
    0.22626318037509918
  ],
  "motion_stability": [
    3.7590243816375732,
    1.2348936796188354,
    1.373849630355835
  ],
  "freq_entropy": [
    9.139646530151367,
    8.952159881591797,
    8.951885223388672
  ]
}