{
  "dominant_freq": [
    0.1461951219512195,
    0.7814527220630372
  ],
  "amp_mean_x": [
    0.46456658840179443,
    0.6719027161598206
  ],
  "amp_mean_y": [
    0.8505211472511292,
    0.949661910533905
  ],
  "symmetry_ratio": [
    0.5462140440940857,
    0.7075178027153015
  ],
  "energy_distribution": [
    0.21699607372283936,
    0.4146578311920166
  ],
  "motion_stability": [
    1.6261883974075317,
    3.07193922996521
  ],
  "freq_entropy": [
    9.575752258300781,
    9.471248626708984
  ]
}