{
  "dominant_freq": [
    2.035,
    0.485
  ],
  "amp_mean_x": [
    0.12761646509170532,
    0.11752590537071228
  ],
  "amp_mean_y": [
    0.17399655282497406,
    0.17989060282707214
  ],
  "symmetry_ratio": [
    0.733442485332489,
    0.6533187627792358
  ],
  "energy_distribution": [
    0.1905667632818222,
    0.26585060358047485
  ],
  "motion_stability": [
    2.0767269134521484,
    1.7614405155181885
  ],
  "freq_entropy": [
    10.391321182250977,
    10.282602310180664
  ]
}