{
  "dominant_freq": [
    0.43670571428571425,
    0.10275428571428571
  ],
  "amp_mean_x": [
    0.2739203870296478,
    0.6692308783531189
  ],
  "amp_mean_y": [
    0.7285639643669128,
    0.6539545655250549
  ],
  "symmetry_ratio": [
    0.37597301602363586,
    1.0233598947525024
  ],
  "energy_distribution": [
    0.28762850165367126,
    0.328125
  ],
  "motion_stability": [
    1.7024521827697754,
    2.455071449279785
  ],
  "freq_entropy": [
    9.439659118652344,
    9.29622745513916
  ]
}