{
  "dominant_freq": [
    0.14194722474977253,
    0.13090909090909092
  ],
  "amp_mean_x": [
    0.22766059637069702,
    0.7027333378791809
  ],
  "amp_mean_y": [
    0.4771405756473541,
    0.3940415680408478
  ],
  "symmetry_ratio": [
    0.4771352708339691,
    1.783398985862732
  ],
  "energy_distribution": [
    0.25012126564979553,
    0.36449119448661804
  ],
  "motion_stability": [
    4.261425971984863,
    3.430086612701416
  ],
  "freq_entropy": [
    9.26247787475586,
    8.949009895324707
  ]
}