{
  "dominant_freq": [
    4.357022288056771,
    4.788577006959868
  ],
  "amp_mean_x": [
    0.20856735110282898,
    0.33616146445274353
  ],
  "amp_mean_y": [
    0.1915910392999649,
    0.4121399521827698
  ],
  "symmetry_ratio": [
    1.0886070728302002,
    0.8156487941741943
  ],
  "energy_distribution": [
    0.15953576564788818,
    0.3093869388103485
  ],
  "motion_stability": [
    2.2416281700134277,
    2.3734142780303955
  ],
  "freq_entropy": [
    9.690303802490234,
    9.550697326660156
  ]
}