{
  "dominant_freq": [
    0.5431578947368422,
    3.5368421052631587,
    0.101159114857745
  ],
  "amp_mean_x": [
    0.2732395827770233,
    0.3606868088245392,
    0.09751446545124054
  ],
  "amp_mean_y": [
    0.3308414816856384,
    0.46719709038734436,
    0.21425198018550873
  ],
  "symmetry_ratio": [
    0.8258927464485168,
    0.7720227837562561,
    0.45513916015625
  ],
  "energy_distribution": [
    0.3862900733947754,
    0.3354175090789795,
    0.20557522773742676
  ],
  "motion_stability": [
    1.7956011295318604,
    2.7591519355773926,
    2.372218132019043
  ],
  "freq_entropy": [
    8.669443130493164,
    8.065333366394043,
    8.944396018981934
  ]
}