{
  "dominant_freq": [
    4.465909090909091,
    0.796903460837887
  ],
  "amp_mean_x": [
    0.45794424414634705,
    0.3374662399291992
  ],
  "amp_mean_y": [
    0.9420789480209351,
    0.7033252120018005
  ],
  "symmetry_ratio": [
    0.4860996603965759,
    0.47981536388397217
  ],
  "energy_distribution": [
    0.21592208743095398,
    0.2266586422920227
  ],
  "motion_stability": [
    2.161848545074463,
    1.7034789323806763
  ],
  "freq_entropy": [
    9.164410591125488,
    9.193534851074219
  ]
}