{
  "dominant_freq": [
    3.923787056317177,
    3.020979020979021,
    0.935064935064935,
    0.21884808903064482,
    0.5994005994005993
  ],
  "amp_mean_x": [
    0.11655190587043762,
    0.13747885823249817,
    0.09204947203397751,
    0.5707886815071106,
    0.435921847820282
  ],
  "amp_mean_y": [
    0.3032032549381256,
    0.2913619875907898,
    0.34707096219062805,
    2.7384114265441895,
    0.507914125919342
  ],
  "symmetry_ratio": [
    0.3844018876552582,
    0.4718489944934845,
    0.26521801948547363,
    0.20843788981437683,
    0.8582589626312256
  ],
  "energy_distribution": [
    0.1742762327194214,
    0.18441759049892426,
    0.21150822937488556,
    0.2993919551372528,
    0.2102900594472885
  ],
  "motion_stability": [
    1.781067967414856,
    1.4616656303405762,
    1.1598639488220215,
    1.782868504524231,
    1.151944637298584
  ],
  "freq_entropy": [
    8.16812515258789,
    8.098058700561523,
    8.034748077392578,
    8.03895092010498,
    7.887204170227051
  ]
}