{
  "dominant_freq": [
    4.237955592794302
  ],
  "amp_mean_x": [
    0.6893703937530518
  ],
  "amp_mean_y": [
    1.653643250465393
  ],
  "symmetry_ratio": [
    0.4168797433376312
  ],
  "energy_distribution": [
    0.1758212000131607
  ],
  "motion_stability": [
    2.80729341506958
  ],
  "freq_entropy": [
    10.360250473022461
  ]
}