{
  "dominant_freq": [
    1.6026063157894734,
    0.47951999999999995,
    0.4669010526315789
  ],
  "amp_mean_x": [
    0.34880566596984863,
    0.13656188547611237,
    0.12757205963134766
  ],
  "amp_mean_y": [
    0.23840287327766418,
    0.1319791078567505,
    0.10903419554233551
  ],
  "symmetry_ratio": [
    1.4630934000015259,
    1.0347235202789307,
    1.1700187921524048
  ],
  "energy_distribution": [
    0.2580368220806122,
    0.25255274772644043,
    0.19534240663051605
  ],
  "motion_stability": [
    5.7167558670043945,
    1.8155298233032227,
    2.1795520782470703
  ],
  "freq_entropy": [
    9.221421241760254,
    8.622307777404785,
    8.965288162231445
  ]
}