{
  "dominant_freq": [
    2.1407142857142856,
    0.5276103896103895
  ],
  "amp_mean_x": [
    0.22701865434646606,
    0.9419131278991699
  ],
  "amp_mean_y": [
    0.19158366322517395,
    1.0709617137908936
  ],
  "symmetry_ratio": [
    1.1849583387374878,
    0.8795021772384644
  ],
  "energy_distribution": [
    0.18849875032901764,
    0.41443341970443726
  ],
  "motion_stability": [
    1.786971092224121,
    6.056139945983887
  ],
  "freq_entropy": [
    9.625551223754883,
    9.273187637329102
  ]
}