{
  "dominant_freq": [
    3.886289334741288,
    0.20492307692307693,
    4.845675789473683
  ],
  "amp_mean_x": [
    0.43390393257141113,
    0.8046584129333496,
    0.1611028015613556
  ],
  "amp_mean_y": [
    0.3724452257156372,
    1.9893393516540527,
    0.14097847044467926
  ],
  "symmetry_ratio": [
    1.1650140285491943,
    0.4044852554798126,
    1.1427475214004517
  ],
  "energy_distribution": [
    0.16150982677936554,
    0.28182902932167053,
    0.1959424614906311
  ],
  "motion_stability": [
    2.8158726692199707,
    6.499959468841553,
    4.493742942810059
  ],
  "freq_entropy": [
    9.054327964782715,
    9.015623092651367,
    9.169581413269043
  ]
}