{
  "dominant_freq": [
    2.473313684210526,
    0.9464210526315788,
    2.511170526315789
  ],
  "amp_mean_x": [
    0.0967518538236618,
    0.10328730195760727,
    0.11960719525814056
  ],
  "amp_mean_y": [
    0.13844655454158783,
    0.14280366897583008,
    0.21696501970291138
  ],
  "symmetry_ratio": [
    0.698839008808136,
    0.7232818603515625,
    0.5512741208076477
  ],
  "energy_distribution": [
    0.19273258745670319,
    0.2205023467540741,
    0.21611247956752777
  ],
  "motion_stability": [
    1.2718427181243896,
    1.2724586725234985,
    1.394230842590332
  ],
  "freq_entropy": [
    8.921076774597168,
    8.928503036499023,
    8.995866775512695
  ]
}