{
  "dominant_freq": [
    0.47952047952047955,
    4.346692568401576
  ],
  "amp_mean_x": [
    0.14607182145118713,
    0.1398812234401703
  ],
  "amp_mean_y": [
    0.20515616238117218,
    0.15995590388774872
  ],
  "symmetry_ratio": [
    0.7120031118392944,
    0.8744986653327942
  ],
  "energy_distribution": [
    0.265134334564209,
    0.3988935947418213
  ],
  "motion_stability": [
    1.294274091720581,
    1.6620872020721436
  ],
  "freq_entropy": [
    9.38321304321289,
    8.958579063415527
  ]
}