{
  "dominant_freq": [
    6.571465272591485,
    0.13125547445255473
  ],
  "amp_mean_x": [
    2.3180267810821533,
    1.7728245258331299
  ],
  "amp_mean_y": [
    2.6141841411590576,
    3.098334789276123
  ],
  "symmetry_ratio": [
    0.8867113590240479,
    0.5721862316131592
  ],
  "energy_distribution": [
    0.1861836314201355,
    0.5816894769668579
  ],
  "motion_stability": [
    3.828320264816284,
    3.7914295196533203
  ],
  "freq_entropy": [
    9.51272201538086,
    8.918848037719727
  ]
}