{
  "dominant_freq": [
    4.7548433318946906,
    0.4897225531914893,
    4.605270868824531
  ],
  "amp_mean_x": [
    0.8185207843780518,
    0.5649154186248779,
    0.3926130533218384
  ],
  "amp_mean_y": [
    1.6686396598815918,
    0.7784985899925232,
    0.5677955150604248
  ],
  "symmetry_ratio": [
    0.4905317723751068,
    0.7256473302841187,
    0.6914690732955933
  ],
  "energy_distribution": [
    0.3353603184223175,
    0.24379177391529083,
    0.16376659274101257
  ],
  "motion_stability": [
    4.262009143829346,
    1.7544753551483154,
    2.061583995819092
  ],
  "freq_entropy": [
    10.346136093139648,
    10.31130599975586,
    10.3073148727417
  ]
}