{
  "dominant_freq": [
    3.5498948275862063,
    0.5356340425531914
  ],
  "amp_mean_x": [
    0.16387198865413666,
    0.20498807728290558
  ],
  "amp_mean_y": [
    0.4344427287578583,
    0.29602929949760437
  ],
  "symmetry_ratio": [
    0.3772004544734955,
    0.6924587488174438
  ],
  "energy_distribution": [
    0.42423877120018005,
    0.20451082289218903
  ],
  "motion_stability": [
    8.504840850830078,
    1.8875598907470703
  ],
  "freq_entropy": [
    10.229232788085938,
    10.290054321289062
  ]
}