{
  "dominant_freq": [
    3.922413793103448,
    4.98567335243553
  ],
  "amp_mean_x": [
    0.8227125406265259,
    1.1700953245162964
  ],
  "amp_mean_y": [
    1.2338804006576538,
    1.316419005393982
  ],
  "symmetry_ratio": [
    0.666768491268158,
    0.8888471722602844
  ],
  "energy_distribution": [
    0.3028329908847809,
    0.22412635385990143
  ],
  "motion_stability": [
    4.545104026794434,
    3.358759880065918
  ],
  "freq_entropy": [
    9.532302856445312,
    9.62170124053955
  ]
}