{
  "dominant_freq": [
    3.463203463203463,
    0.1332001332001332
  ],
  "amp_mean_x": [
    0.19938409328460693,
    0.32607510685920715
  ],
  "amp_mean_y": [
    0.2019929438829422,
    0.2105570286512375
  ],
  "symmetry_ratio": [
    0.9870844483375549,
    1.5486308336257935
  ],
  "energy_distribution": [
    0.18178677558898926,
    0.4631396234035492
  ],
  "motion_stability": [
    2.52972149848938,
    2.523623466491699
  ],
  "freq_entropy": [
    10.128095626831055,
    9.417974472045898
  ]
}