{
  "dominant_freq": [
    0.7576423576423577,
    0.5850149850149851
  ],
  "amp_mean_x": [
    0.25246748328208923,
    0.39471665024757385
  ],
  "amp_mean_y": [
    0.34489691257476807,
    0.320252925157547
  ],
  "symmetry_ratio": [
    0.7320085167884827,
    1.2325153350830078
  ],
  "energy_distribution": [
    0.28010112047195435,
    0.2481711208820343
  ],
  "motion_stability": [
    2.552356481552124,
    1.0581896305084229
  ],
  "freq_entropy": [
    9.325492858886719,
    9.354984283447266
  ]
}