{
  "dominant_freq": [
    0.1,
    0.11
  ],
  "amp_mean_x": [
    0.15497314929962158,
    0.24221546947956085
  ],
  "amp_mean_y": [
    0.35924819111824036,
    0.32141876220703125
  ],
  "symmetry_ratio": [
    0.43138185143470764,
    0.753582239151001
  ],
  "energy_distribution": [
    0.199148029088974,
    0.4010322093963623
  ],
  "motion_stability": [
    2.049732208251953,
    1.826040267944336
  ],
  "freq_entropy": [
    10.384288787841797,
    9.802289962768555
  ]
}