{
  "dominant_freq": [
    8.265027322404372,
    8.447176684881601,
    5.068181818181818,
    0.38636363636363635,
    2.7272727272727275
  ],
  "amp_mean_x": [
    0.7244502305984497,
    0.18680927157402039,
    0.3461376428604126,
    0.17805412411689758,
    0.16784687340259552
  ],
  "amp_mean_y": [
    1.8603094816207886,
    0.3974829912185669,
    0.430652379989624,
    0.12796112895011902,
    0.13548748195171356
  ],
  "symmetry_ratio": [
    0.38942456245422363,
    0.46998053789138794,
    0.8037518262863159,
    1.3914704322814941,
    1.2388367652893066
  ],
  "energy_distribution": [
    0.2138364017009735,
    0.17118749022483826,
    0.36875417828559875,
    0.3050498366355896,
    0.21391570568084717
  ],
  "motion_stability": [
    3.1497912406921387,
    1.3477002382278442,
    1.7838521003723145,
    0.928207278251648,
    0.8270263671875
  ],
  "freq_entropy": [
    8.290207862854004,
    8.244595527648926,
    7.813835144042969,
    8.006175994873047,
    7.901558876037598
  ]
}