{
  "dominant_freq": [
    4.1249032258064515,
    7.849126256983239,
    3.2375401301518436
  ],
  "amp_mean_x": [
    0.7939667701721191,
    1.157235860824585,
    1.1328275203704834
  ],
  "amp_mean_y": [
    4.166751384735107,
    4.912204265594482,
    4.121097087860107
  ],
  "symmetry_ratio": [
    0.1905481517314911,
    0.2355838268995285,
    0.2748849391937256
  ],
  "energy_distribution": [
    0.21528814733028412,
    0.19717314839363098,
    0.19584152102470398
  ],
  "motion_stability": [
    2.0825071334838867,
    2.0948150157928467,
    2.1616902351379395
  ],
  "freq_entropy": [
    8.981285095214844,
    8.970457077026367,
    9.00353717803955
  ]
}