{
  "dominant_freq": [
    0.11065857219703373,
    0.29508952585875664
  ],
  "amp_mean_x": [
    0.1569027304649353,
    0.11440546065568924
  ],
  "amp_mean_y": [
    0.1432729810476303,
    0.26195162534713745
  ],
  "symmetry_ratio": [
    1.095131278038025,
    0.4367426931858063
  ],
  "energy_distribution": [
    0.44451457262039185,
    0.25718528032302856
  ],
  "motion_stability": [
    1.376425862312317,
    0.9660228490829468
  ],
  "freq_entropy": [
    9.002819061279297,
    9.192989349365234
  ]
}