{
  "dominant_freq": [
    6.943135972461272,
    4.738966311300639
  ],
  "amp_mean_x": [
    0.5361291170120239,
    0.460212379693985
  ],
  "amp_mean_y": [
    0.9518374800682068,
    0.7808544635772705
  ],
  "symmetry_ratio": [
    0.5632569789886475,
    0.5893702507019043
  ],
  "energy_distribution": [
    0.22478418052196503,
    0.19574037194252014
  ],
  "motion_stability": [
    3.823638677597046,
    1.7595824003219604
  ],
  "freq_entropy": [
    10.35389518737793,
    10.27994155883789
  ]
}