{
  "dominant_freq": [
    2.588242034656232,
    0.4209269662921348
  ],
  "amp_mean_x": [
    0.8260589241981506,
    1.9454200267791748
  ],
  "amp_mean_y": [
    0.8743200898170471,
    2.2466084957122803
  ],
  "symmetry_ratio": [
    0.9448015093803406,
    0.8659363985061646
  ],
  "energy_distribution": [
    0.19797110557556152,
    0.26848140358924866
  ],
  "motion_stability": [
    2.9299235343933105,
    2.1436643600463867
  ],
  "freq_entropy": [
    9.656255722045898,
    9.574858665466309
  ]
}