{
  "dominant_freq": [
    0.9726828240252896,
    0.1009515789473684,
    1.6657010526315787
  ],
  "amp_mean_x": [
    0.19797086715698242,
    0.22317668795585632,
    0.1846117526292801
  ],
  "amp_mean_y": [
    0.1436401605606079,
    0.266445517539978,
    0.12401420623064041
  ],
  "symmetry_ratio": [
    1.378241777420044,
    0.837607204914093,
    1.4886338710784912
  ],
  "energy_distribution": [
    0.22865717113018036,
    0.28068608045578003,
    0.1968357414007187
  ],
  "motion_stability": [
    2.220492362976074,
    3.487025499343872,
    3.1192054748535156
  ],
  "freq_entropy": [
    8.939046859741211,
    8.81583309173584,
    9.170431137084961
  ]
}