{
  "dominant_freq": [
    0.71928,
    0.46239428571428576,
    2.072211428571429,
    4.264302857142857
  ],
  "amp_mean_x": [
    0.04871086776256561,
    0.07264894992113113,
    0.06120184808969498,
    0.030219100415706635
  ],
  "amp_mean_y": [
    0.08600477129220963,
    0.16011373698711395,
    0.09212840348482132,
    0.05377718061208725
  ],
  "symmetry_ratio": [
    0.5663740038871765,
    0.4537333846092224,
    0.6643103361129761,
    0.5619316697120667
  ],
  "energy_distribution": [
    0.2244565784931183,
    0.23590587079524994,
    0.1780862659215927,
    0.2351040095090866
  ],
  "motion_stability": [
    1.7334338426589966,
    1.100690245628357,
    1.450082778930664,
    1.466912865638733
  ],
  "freq_entropy": [
    8.448902130126953,
    8.403254508972168,
    8.541936874389648,
    8.563240051269531
  ]
}