{
  "dominant_freq": [
    0.10430839002267574,
    2.8846584546472567,
    4.612777777777778
  ],
  "amp_mean_x": [
    1.1895259618759155,
    0.5756515860557556,
    0.23125456273555756
  ],
  "amp_mean_y": [
    2.2873988151550293,
    0.7236506342887878,
    0.49824726581573486
  ],
  "symmetry_ratio": [
    0.5200343728065491,
    0.7954827547073364,
    0.46413615345954895
  ],
  "energy_distribution": [
    0.2738678455352783,
    0.21261028945446014,
    0.33979859948158264
  ],
  "motion_stability": [
    3.958043098449707,
    4.584162712097168,
    1.8176074028015137
  ],
  "freq_entropy": [
    8.827322006225586,
    9.085176467895508,
    8.525324821472168
  ]
}