{
  "dominant_freq": [
    2.545454545454546,
    1.9772727272727275,
    5.457089552238806,
    3.5485347985347984,
    9.082568807339449
  ],
  "amp_mean_x": [
    0.45328184962272644,
    0.7764148712158203,
    2.065979242324829,
    1.455593466758728,
    0.6596758365631104
  ],
  "amp_mean_y": [
    0.5363079309463501,
    1.0467729568481445,
    3.2081589698791504,
    2.6487715244293213,
    1.1867624521255493
  ],
  "symmetry_ratio": [
    0.8451895117759705,
    0.7417223453521729,
    0.6439765691757202,
    0.54953533411026,
    0.5558617115020752
  ],
  "energy_distribution": [
    0.19988961517810822,
    0.22122618556022644,
    0.14454379677772522,
    0.1806633174419403,
    0.20870424807071686
  ],
  "motion_stability": [
    1.8045543432235718,
    2.0414628982543945,
    1.943528175354004,
    2.3746836185455322,
    1.8397613763809204
  ],
  "freq_entropy": [
    8.118309020996094,
    8.177839279174805,
    8.136409759521484,
    8.261900901794434,
    8.15231704711914
  ]
}