{
  "dominant_freq": [
    5.979579986800203,
    0.507727566551096
  ],
  "amp_mean_x": [
    0.3937368094921112,
    0.10432381182909012
  ],
  "amp_mean_y": [
    0.5480269193649292,
    0.12493449449539185
  ],
  "symmetry_ratio": [
    0.7184625267982483,
    0.8350281119346619
  ],
  "energy_distribution": [
    0.26186370849609375,
    0.21333500742912292
  ],
  "motion_stability": [
    8.253398895263672,
    1.7834923267364502
  ],
  "freq_entropy": [
    9.946699142456055,
    9.724385261535645
  ]
}