{
  "dominant_freq": [
    6.14985014985015,
    1.8998053100360022
  ],
  "amp_mean_x": [
    0.32442706823349,
    0.5548226833343506
  ],
  "amp_mean_y": [
    0.5640455484390259,
    1.244634985923767
  ],
  "symmetry_ratio": [
    0.575178861618042,
    0.44577139616012573
  ],
  "energy_distribution": [
    0.18348722159862518,
    0.23168551921844482
  ],
  "motion_stability": [
    1.8361034393310547,
    2.7109737396240234
  ],
  "freq_entropy": [
    9.085148811340332,
    8.941490173339844
  ]
}