{
  "dominant_freq": [
    1.4133221052631577,
    0.11357052631578946,
    0.731898947368421
  ],
  "amp_mean_x": [
    0.13881634175777435,
    0.19391489028930664,
    0.22443947196006775
  ],
  "amp_mean_y": [
    0.45680078864097595,
    0.7516117095947266,
    0.3134489059448242
  ],
  "symmetry_ratio": [
    0.30388814210891724,
    0.2579987645149231,
    0.716032087802887
  ],
  "energy_distribution": [
    0.3212811350822449,
    0.46384677290916443,
    0.1939133107662201
  ],
  "motion_stability": [
    1.9658403396606445,
    2.301874876022339,
    2.08510422706604
  ],
  "freq_entropy": [
    8.907337188720703,
    8.459146499633789,
    9.151905059814453
  ]
}