{
  "dominant_freq": [
    1.6611942857142856,
    0.71928
  ],
  "amp_mean_x": [
    0.08472224324941635,
    0.07607769966125488
  ],
  "amp_mean_y": [
    0.2731715738773346,
    0.12280696630477905
  ],
  "symmetry_ratio": [
    0.31014296412467957,
    0.6194900870323181
  ],
  "energy_distribution": [
    0.20535814762115479,
    0.1917799711227417
  ],
  "motion_stability": [
    2.844393730163574,
    2.0493240356445312
  ],
  "freq_entropy": [
    9.52269172668457,
    9.447874069213867
  ]
}