{
  "dominant_freq": [
    0.10712680851063829,
    4.898818998716303
  ],
  "amp_mean_x": [
    0.17308001220226288,
    0.8966162204742432
  ],
  "amp_mean_y": [
    0.2005034238100052,
    1.5181944370269775
  ],
  "symmetry_ratio": [
    0.8632271885871887,
    0.5905806422233582
  ],
  "energy_distribution": [
    0.4002028703689575,
    0.09767284244298935
  ],
  "motion_stability": [
    2.1698427200317383,
    5.5821332931518555
  ],
  "freq_entropy": [
    10.040933609008789,
    10.319180488586426
  ]
}