{
  "dominant_freq": [
    0.3060765957446808,
    0.3111778723404255
  ],
  "amp_mean_x": [
    0.17233705520629883,
    0.2944051921367645
  ],
  "amp_mean_y": [
    0.23037981986999512,
    0.33950772881507874
  ],
  "symmetry_ratio": [
    0.7480562329292297,
    0.8671531081199646
  ],
  "energy_distribution": [
    0.31592243909835815,
    0.29527679085731506
  ],
  "motion_stability": [
    1.3868833780288696,
    1.4922518730163574
  ],
  "freq_entropy": [
    10.008870124816895,
    10.014532089233398
  ]
}