{
  "dominant_freq": [
    0.2778947368421053,
    0.12631578947368421,
    0.4421052631578948
  ],
  "amp_mean_x": [
    0.13365881145000458,
    0.2060387283563614,
    0.12138287723064423
  ],
  "amp_mean_y": [
    0.16040870547294617,
    0.17223317921161652,
    0.12285163253545761
  ],
  "symmetry_ratio": [
    0.8332391381263733,
    1.1962778568267822,
    0.9880445003509521
  ],
  "energy_distribution": [
    0.2905997037887573,
    0.3237033784389496,
    0.21118712425231934
  ],
  "motion_stability": [
    1.2090840339660645,
    2.149397373199463,
    1.5224682092666626
  ],
  "freq_entropy": [
    8.821346282958984,
    8.940376281738281,
    8.981964111328125
  ]
}