{
  "dominant_freq": [
    0.4,
    1.175,
    3.3000000000000003,
    0.4,
    0.25,
    0.275,
    0.4
  ],
  "amp_mean_x": [
    0.05522213131189346,
    0.09193376451730728,
    0.08843177556991577,
    0.08942243456840515,
    0.02730461210012436,
    0.039078425616025925,
    0.06509668380022049
  ],
  "amp_mean_y": [
    0.1521366834640503,
    0.12885363399982452,
    0.07559119910001755,
    0.12291290611028671,
    0.06297694146633148,
    0.09785590320825577,
    0.11790765821933746
  ],
  "symmetry_ratio": [
    0.3629770874977112,
    0.7134743928909302,
    1.1698687076568604,
    0.7275267839431763,
    0.433565229177475,
    0.39934661984443665,
    0.5520988702774048
  ],
  "energy_distribution": [
    0.3696356415748596,
    0.23635171353816986,
    0.19777469336986542,
    0.2651206851005554,
    0.313726544380188,
    0.3225533068180084,
    0.2515149712562561
  ],
  "motion_stability": [
    1.2183102369308472,
    1.0789515972137451,
    1.3474059104919434,
    1.5390536785125732,
    1.3394407033920288,
    1.2302005290985107,
    1.6741080284118652
  ],
  "freq_entropy": [
    7.549542427062988,
    7.875351905822754,
    7.976680755615234,
    7.856686592102051,
    7.7049407958984375,
    7.725107669830322,
    8.09312915802002
  ]
}