{
  "dominant_freq": [
    3.581832737669764,
    3.7861381294964027
  ],
  "amp_mean_x": [
    0.1204880028963089,
    0.22605648636817932
  ],
  "amp_mean_y": [
    0.19369840621948242,
    0.4505733847618103
  ],
  "symmetry_ratio": [
    0.6220391988754272,
    0.501708447933197
  ],
  "energy_distribution": [
    0.1819383203983307,
    0.189838245511055
  ],
  "motion_stability": [
    1.6892938613891602,
    3.6909592151641846
  ],
  "freq_entropy": [
    9.545110702514648,
    9.63218879699707
  ]
}