{
  "dominant_freq": [
    3.3510759493670887,
    0.8472531645569619,
    6.70772181243414
  ],
  "amp_mean_x": [
    0.485868901014328,
    0.5842524766921997,
    0.5134106278419495
  ],
  "amp_mean_y": [
    0.4435945749282837,
    0.7226511240005493,
    0.5137579441070557
  ],
  "symmetry_ratio": [
    1.095299482345581,
    0.8084848523139954,
    0.9993239641189575
  ],
  "energy_distribution": [
    0.21430280804634094,
    0.212477445602417,
    0.19366684556007385
  ],
  "motion_stability": [
    2.917652130126953,
    2.7101693153381348,
    2.7467308044433594
  ],
  "freq_entropy": [
    8.98339557647705,
    9.000031471252441,
    9.056217193603516
  ]
}