{
  "dominant_freq": [
    0.7639726578206676,
    8.100000000000001
  ],
  "amp_mean_x": [
    0.09240275621414185,
    0.1348419189453125
  ],
  "amp_mean_y": [
    0.284869909286499,
    0.39570891857147217
  ],
  "symmetry_ratio": [
    0.32436826825141907,
    0.34076038002967834
  ],
  "energy_distribution": [
    0.24961942434310913,
    0.184438094496727
  ],
  "motion_stability": [
    1.794105052947998,
    2.588475227355957
  ],
  "freq_entropy": [
    10.272966384887695,
    10.423246383666992
  ]
}