{
  "dominant_freq": [
    0.3259577039274924,
    0.9796645161290323
  ],
  "amp_mean_x": [
    0.9578554630279541,
    0.9621992707252502
  ],
  "amp_mean_y": [
    3.1639273166656494,
    2.081686496734619
  ],
  "symmetry_ratio": [
    0.3027425706386566,
    0.46222102642059326
  ],
  "energy_distribution": [
    0.23830822110176086,
    0.2403251826763153
  ],
  "motion_stability": [
    3.0869555473327637,
    2.3937740325927734
  ],
  "freq_entropy": [
    10.274575233459473,
    10.377124786376953
  ]
}