{
  "dominant_freq": [
    2.6647206005004165,
    4.6173254835996635
  ],
  "amp_mean_x": [
    0.11008846014738083,
    0.6176412105560303
  ],
  "amp_mean_y": [
    0.48738664388656616,
    0.9348782300949097
  ],
  "symmetry_ratio": [
    0.22587500512599945,
    0.6606648564338684
  ],
  "energy_distribution": [
    0.21193350851535797,
    0.2828291058540344
  ],
  "motion_stability": [
    1.5459413528442383,
    4.396213531494141
  ],
  "freq_entropy": [
    8.960739135742188,
    8.960906028747559
  ]
}