{
  "dominant_freq": [
    0.77256,
    4.662,
    0.37296,
    1.70496,
    0.77256,
    1.22544
  ],
  "amp_mean_x": [
    0.0774654969573021,
    0.11581885814666748,
    0.09940170496702194,
    0.10943435877561569,
    0.05046509578824043,
    0.02879810705780983
  ],
  "amp_mean_y": [
    0.09634020179510117,
    0.1080385372042656,
    0.052727628499269485,
    0.1267486959695816,
    0.03968927636742592,
    0.11378439515829086
  ],
  "symmetry_ratio": [
    0.8040827512741089,
    1.072014331817627,
    1.8851920366287231,
    0.8633963465690613,
    1.271504521369934,
    0.2530936300754547
  ],
  "energy_distribution": [
    0.2731783092021942,
    0.2503054141998291,
    0.272469699382782,
    0.2766503691673279,
    0.23841165006160736,
    0.27468743920326233
  ],
  "motion_stability": [
    1.4034993648529053,
    0.8940958380699158,
    0.933266818523407,
    0.7838454246520996,
    1.2163784503936768,
    1.203360676765442
  ],
  "freq_entropy": [
    7.835433006286621,
    7.971271991729736,
    7.76993465423584,
    7.595854759216309,
    7.780067443847656,
    7.798351764678955
  ]
}