{
  "dominant_freq": [
    7.731428571428571,
    0.14040561622464898
  ],
  "amp_mean_x": [
    0.2046862095594406,
    2.59596586227417
  ],
  "amp_mean_y": [
    0.3282238245010376,
    3.100116491317749
  ],
  "symmetry_ratio": [
    0.6236177682876587,
    0.8373768925666809
  ],
  "energy_distribution": [
    0.14915777742862701,
    0.28904545307159424
  ],
  "motion_stability": [
    3.166593313217163,
    3.5207204818725586
  ],
  "freq_entropy": [
    9.716781616210938,
    9.29980754852295
  ]
}