{
  "dominant_freq": [
    1.4589651063829785,
    0.4693174468085106
  ],
  "amp_mean_x": [
    0.07493386417627335,
    0.10124047100543976
  ],
  "amp_mean_y": [
    0.12680362164974213,
    0.17175811529159546
  ],
  "symmetry_ratio": [
    0.5909441709518433,
    0.5894362926483154
  ],
  "energy_distribution": [
    0.22546467185020447,
    0.24253839254379272
  ],
  "motion_stability": [
    1.3372559547424316,
    1.5599857568740845
  ],
  "freq_entropy": [
    10.212591171264648,
    10.180902481079102
  ]
}