{
  "dominant_freq": [
    1.240715732613099,
    0.3085390260173449
  ],
  "amp_mean_x": [
    1.3052608966827393,
    0.37352922558784485
  ],
  "amp_mean_y": [
    2.253849744796753,
    0.6201843023300171
  ],
  "symmetry_ratio": [
    0.5791250467300415,
    0.6022874712944031
  ],
  "energy_distribution": [
    0.12493720650672913,
    0.2666143774986267
  ],
  "motion_stability": [
    3.84271502494812,
    1.694820523262024
  ],
  "freq_entropy": [
    9.612668991088867,
    9.589167594909668
  ]
}