{
  "dominant_freq": [
    0.7285714285714286,
    3.3709792709077915
  ],
  "amp_mean_x": [
    0.13503548502922058,
    0.10875879228115082
  ],
  "amp_mean_y": [
    0.31845372915267944,
    0.48562145233154297
  ],
  "symmetry_ratio": [
    0.42403486371040344,
    0.22395797073841095
  ],
  "energy_distribution": [
    0.27750450372695923,
    0.23873594403266907
  ],
  "motion_stability": [
    1.2700682878494263,
    1.3382112979888916
  ],
  "freq_entropy": [
    9.430830001831055,
    9.397932052612305
  ]
}