{
  "dominant_freq": [
    4.880828571428571,
    1.3186799999999999,
    0.9419142857142857,
    5.985424892703862
  ],
  "amp_mean_x": [
    0.07987527549266815,
    0.24421606957912445,
    0.12003326416015625,
    0.1067403256893158
  ],
  "amp_mean_y": [
    0.23175014555454254,
    0.5148321390151978,
    0.2641496956348419,
    0.19349421560764313
  ],
  "symmetry_ratio": [
    0.3446611762046814,
    0.4743605852127075,
    0.4544138014316559,
    0.5516460537910461
  ],
  "energy_distribution": [
    0.1826050579547882,
    0.22606387734413147,
    0.21256333589553833,
    0.19056794047355652
  ],
  "motion_stability": [
    1.9911493062973022,
    3.6082229614257812,
    1.3082401752471924,
    1.4835543632507324
  ],
  "freq_entropy": [
    8.516186714172363,
    8.249837875366211,
    8.492500305175781,
    8.519632339477539
  ]
}