{
  "dominant_freq": [
    0.9661016949152542,
    1.2000000000000002,
    3.221052631578948
  ],
  "amp_mean_x": [
    0.47148898243904114,
    0.2962871491909027,
    0.13228929042816162
  ],
  "amp_mean_y": [
    2.52415132522583,
    2.0500478744506836,
    0.7893139719963074
  ],
  "symmetry_ratio": [
    0.1867910921573639,
    0.14452694356441498,
    0.1676003336906433
  ],
  "energy_distribution": [
    0.22646836936473846,
    0.23322297632694244,
    0.3387269079685211
  ],
  "motion_stability": [
    2.2993626594543457,
    2.334275245666504,
    1.4532605409622192
  ],
  "freq_entropy": [
    8.97967529296875,
    9.0776948928833,
    8.804750442504883
  ]
}