{
  "dominant_freq": [
    3.6820285714285714,
    8.292128755364807
  ],
  "amp_mean_x": [
    0.48071712255477905,
    1.1555813550949097
  ],
  "amp_mean_y": [
    0.2049330621957779,
    1.164297342300415
  ],
  "symmetry_ratio": [
    2.3457274436950684,
    0.9925139546394348
  ],
  "energy_distribution": [
    0.21953679621219635,
    0.19862781465053558
  ],
  "motion_stability": [
    6.135063171386719,
    5.2639875411987305
  ],
  "freq_entropy": [
    9.55889892578125,
    9.625469207763672
  ]
}