{
  "dominant_freq": [
    0.5173768421052631,
    0.1009515789473684,
    0.11357052631578946
  ],
  "amp_mean_x": [
    0.11241687834262848,
    0.05947583541274071,
    0.2463427037000656
  ],
  "amp_mean_y": [
    0.36458620429039,
    0.1625014841556549,
    0.4508359432220459
  ],
  "symmetry_ratio": [
    0.30834099650382996,
    0.36600178480148315,
    0.5464131832122803
  ],
  "energy_distribution": [
    0.3536472022533417,
    0.2450731247663498,
    0.2449144870042801
  ],
  "motion_stability": [
    1.8932230472564697,
    2.2529406547546387,
    2.5371570587158203
  ],
  "freq_entropy": [
    8.911187171936035,
    9.066574096679688,
    8.972259521484375
  ]
}