{
  "dominant_freq": [
    0.459115352732374,
    0.5467854004859167
  ],
  "amp_mean_x": [
    0.1282162219285965,
    0.811201274394989
  ],
  "amp_mean_y": [
    0.2510041296482086,
    1.2443790435791016
  ],
  "symmetry_ratio": [
    0.5108131766319275,
    0.6518924236297607
  ],
  "energy_distribution": [
    0.2462792843580246,
    0.20800331234931946
  ],
  "motion_stability": [
    2.630768299102783,
    2.329556465148926
  ],
  "freq_entropy": [
    10.090023040771484,
    10.295087814331055
  ]
}