{
  "dominant_freq": [
    3.4762643923240937,
    0.30285473684210523,
    0.29023578947368417
  ],
  "amp_mean_x": [
    1.148892879486084,
    0.1997138410806656,
    0.16446951031684875
  ],
  "amp_mean_y": [
    1.3227273225784302,
    0.3660144805908203,
    0.2136233001947403
  ],
  "symmetry_ratio": [
    0.8685787916183472,
    0.5456446409225464,
    0.769904375076294
  ],
  "energy_distribution": [
    0.15998589992523193,
    0.20770619809627533,
    0.28965476155281067
  ],
  "motion_stability": [
    5.840747833251953,
    1.1688493490219116,
    1.6144171953201294
  ],
  "freq_entropy": [
    9.134520530700684,
    9.052423477172852,
    8.950088500976562
  ]
}