{
  "dominant_freq": [
    0.5092592592592593,
    0.3440366972477064
  ],
  "amp_mean_x": [
    0.20880253612995148,
    1.7817891836166382
  ],
  "amp_mean_y": [
    0.16134606301784515,
    2.6564626693725586
  ],
  "symmetry_ratio": [
    1.2941285371780396,
    0.6707375049591064
  ],
  "energy_distribution": [
    0.2838575541973114,
    0.2549479305744171
  ],
  "motion_stability": [
    1.3048962354660034,
    4.504164695739746
  ],
  "freq_entropy": [
    9.29330825805664,
    9.361276626586914
  ]
}