{
  "dominant_freq": [
    1.3880842105263156,
    0.1009515789473684,
    0.11357052631578946
  ],
  "amp_mean_x": [
    0.0338323600590229,
    0.10349681973457336,
    0.1357884705066681
  ],
  "amp_mean_y": [
    0.08435916155576706,
    0.09926310181617737,
    0.13431915640830994
  ],
  "symmetry_ratio": [
    0.40105140209198,
    1.0426515340805054,
    1.0109390020370483
  ],
  "energy_distribution": [
    0.30328303575515747,
    0.4612385630607605,
    0.25289472937583923
  ],
  "motion_stability": [
    1.7328524589538574,
    1.4685099124908447,
    1.6957616806030273
  ],
  "freq_entropy": [
    8.873839378356934,
    8.357105255126953,
    8.967874526977539
  ]
}