{
  "dominant_freq": [
    2.6147368421052635,
    2.4126315789473685,
    8.197894736842105
  ],
  "amp_mean_x": [
    0.046164222061634064,
    0.03428950533270836,
    0.05079507827758789
  ],
  "amp_mean_y": [
    0.06329187750816345,
    0.060822997242212296,
    0.06394197791814804
  ],
  "symmetry_ratio": [
    0.7293862104415894,
    0.563758909702301,
    0.7943933010101318
  ],
  "energy_distribution": [
    0.1874839812517166,
    0.191128671169281,
    0.1854141652584076
  ],
  "motion_stability": [
    1.2617063522338867,
    1.6574091911315918,
    1.3638592958450317
  ],
  "freq_entropy": [
    9.020576477050781,
    9.01783561706543,
    9.031658172607422
  ]
}