{
  "dominant_freq": [
    0.27233776253750536,
    0.1445677179962894
  ],
  "amp_mean_x": [
    0.9341069459915161,
    3.1677300930023193
  ],
  "amp_mean_y": [
    3.4593505859375,
    5.413654804229736
  ],
  "symmetry_ratio": [
    0.27002379298210144,
    0.5851370692253113
  ],
  "energy_distribution": [
    0.4967612326145172,
    0.2648734450340271
  ],
  "motion_stability": [
    4.2034406661987305,
    2.500885486602783
  ],
  "freq_entropy": [
    9.968449592590332,
    10.066186904907227
  ]
}