{
  "dominant_freq": [
    0.7721942977824708,
    0.16456599788806758,
    2.547133192389006
  ],
  "amp_mean_x": [
    0.5621913075447083,
    0.8318045735359192,
    0.6311460733413696
  ],
  "amp_mean_y": [
    1.0655804872512817,
    1.4616541862487793,
    2.2306811809539795
  ],
  "symmetry_ratio": [
    0.5275915861129761,
    0.5690844058990479,
    0.28293871879577637
  ],
  "energy_distribution": [
    0.41033896803855896,
    0.18601013720035553,
    0.27177876234054565
  ],
  "motion_stability": [
    2.4861559867858887,
    2.2878565788269043,
    2.902703285217285
  ],
  "freq_entropy": [
    8.71912956237793,
    8.980805397033691,
    9.013883590698242
  ]
}