{
  "dominant_freq": [
    1.3390179135932558,
    3.611769230769231,
    3.617068965517241
  ],
  "amp_mean_x": [
    1.277571201324463,
    1.9890694618225098,
    1.5245046615600586
  ],
  "amp_mean_y": [
    1.4508981704711914,
    3.786280393600464,
    3.341745138168335
  ],
  "symmetry_ratio": [
    0.8805381655693054,
    0.5253360271453857,
    0.45620015263557434
  ],
  "energy_distribution": [
    0.31516575813293457,
    0.1771247237920761,
    0.17879074811935425
  ],
  "motion_stability": [
    3.8231968879699707,
    4.597372055053711,
    2.323781967163086
  ],
  "freq_entropy": [
    8.202856063842773,
    8.991070747375488,
    8.986675262451172
  ]
}