{
  "dominant_freq": [
    0.7625,
    0.325
  ],
  "amp_mean_x": [
    0.06380151957273483,
    0.1238713189959526
  ],
  "amp_mean_y": [
    0.13494259119033813,
    0.15889424085617065
  ],
  "symmetry_ratio": [
    0.4728049039840698,
    0.7795834541320801
  ],
  "energy_distribution": [
    0.23263821005821228,
    0.2954215109348297
  ],
  "motion_stability": [
    1.411576509475708,
    2.0041847229003906
  ],
  "freq_entropy": [
    8.936609268188477,
    8.706560134887695
  ]
}