{
  "dominant_freq": [
    3.5551805157593117,
    4.781390928725702
  ],
  "amp_mean_x": [
    1.600946068763733,
    1.9680298566818237
  ],
  "amp_mean_y": [
    3.172133207321167,
    2.560173273086548
  ],
  "symmetry_ratio": [
    0.5046907067298889,
    0.768709659576416
  ],
  "energy_distribution": [
    0.21000057458877563,
    0.18097953498363495
  ],
  "motion_stability": [
    2.3812408447265625,
    2.1603426933288574
  ],
  "freq_entropy": [
    9.576427459716797,
    9.633766174316406
  ]
}