{
  "dominant_freq": [
    1.9323785652549696,
    0.10813917525773195,
    0.1225871325095867
  ],
  "amp_mean_x": [
    1.2752405405044556,
    1.5463296175003052,
    0.7403575778007507
  ],
  "amp_mean_y": [
    1.4226560592651367,
    0.9718461036682129,
    0.5412772297859192
  ],
  "symmetry_ratio": [
    0.8963800668716431,
    1.5911259651184082,
    1.3677973747253418
  ],
  "energy_distribution": [
    0.2080000787973404,
    0.2555267810821533,
    0.23834818601608276
  ],
  "motion_stability": [
    2.9324235916137695,
    2.286393165588379,
    3.618104934692383
  ],
  "freq_entropy": [
    10.28724479675293,
    10.25912094116211,
    10.39934253692627
  ]
}