{
  "dominant_freq": [
    2.293905308322084,
    8.683124417844834,
    3.746253746253746
  ],
  "amp_mean_x": [
    1.4831010103225708,
    1.4867078065872192,
    1.6113872528076172
  ],
  "amp_mean_y": [
    3.164414405822754,
    3.093798875808716,
    4.397815227508545
  ],
  "symmetry_ratio": [
    0.4686810374259949,
    0.48054441809654236,
    0.36640632152557373
  ],
  "energy_distribution": [
    0.16979385912418365,
    0.1373888999223709,
    0.20365625619888306
  ],
  "motion_stability": [
    2.1647896766662598,
    3.414003849029541,
    2.1183090209960938
  ],
  "freq_entropy": [
    8.755857467651367,
    8.772757530212402,
    8.764434814453125
  ]
}