{
  "dominant_freq": [
    7.514626218851572,
    3.6882546652030737,
    2.1238938053097347
  ],
  "amp_mean_x": [
    2.1621196269989014,
    2.4569835662841797,
    1.0124030113220215
  ],
  "amp_mean_y": [
    2.803248167037964,
    3.0903079509735107,
    1.4245688915252686
  ],
  "symmetry_ratio": [
    0.7712908387184143,
    0.7950610518455505,
    0.7106732726097107
  ],
  "energy_distribution": [
    0.16722142696380615,
    0.14914570748806,
    0.1538921296596527
  ],
  "motion_stability": [
    2.4963021278381348,
    4.668737411499023,
    6.384383201599121
  ],
  "freq_entropy": [
    8.974908828735352,
    8.95126724243164,
    9.097541809082031
  ]
}