{
  "dominant_freq": [
    1.4936415006947659,
    0.4642161702127659
  ],
  "amp_mean_x": [
    1.9276756048202515,
    0.22891689836978912
  ],
  "amp_mean_y": [
    3.8456461429595947,
    0.32250842452049255
  ],
  "symmetry_ratio": [
    0.501261830329895,
    0.7098013162612915
  ],
  "energy_distribution": [
    0.2741066813468933,
    0.2223498374223709
  ],
  "motion_stability": [
    3.344287395477295,
    1.300419569015503
  ],
  "freq_entropy": [
    9.905075073242188,
    10.289694786071777
  ]
}