{
  "dominant_freq": [
    0.47951999999999995,
    0.29969999999999997,
    0.47951999999999995
  ],
  "amp_mean_x": [
    0.25347447395324707,
    0.09923814982175827,
    0.096641406416893
  ],
  "amp_mean_y": [
    0.3385069966316223,
    0.22821278870105743,
    0.10839418321847916
  ],
  "symmetry_ratio": [
    0.7488012909889221,
    0.43484920263290405,
    0.8915737271308899
  ],
  "energy_distribution": [
    0.2625748813152313,
    0.22532720863819122,
    0.21336647868156433
  ],
  "motion_stability": [
    1.348846435546875,
    1.5142204761505127,
    1.031938076019287
  ],
  "freq_entropy": [
    8.651283264160156,
    8.693915367126465,
    8.602056503295898
  ]
}