{
  "dominant_freq": [
    4.689271551724137,
    2.819156043956044,
    4.165441696113073
  ],
  "amp_mean_x": [
    2.1231329441070557,
    4.234787464141846,
    4.205965042114258
  ],
  "amp_mean_y": [
    4.863876819610596,
    10.996673583984375,
    12.235118865966797
  ],
  "symmetry_ratio": [
    0.4365104138851166,
    0.3850971460342407,
    0.343761682510376
  ],
  "energy_distribution": [
    0.1709595024585724,
    0.25073450803756714,
    0.18851202726364136
  ],
  "motion_stability": [
    2.1104445457458496,
    1.914539098739624,
    1.965632677078247
  ],
  "freq_entropy": [
    8.99118709564209,
    8.908745765686035,
    8.861125946044922
  ]
}