{
  "dominant_freq": [
    0.7243820009777456,
    0.3226162986948976
  ],
  "amp_mean_x": [
    0.3823031783103943,
    0.8467706441879272
  ],
  "amp_mean_y": [
    0.23291847109794617,
    0.7750308513641357
  ],
  "symmetry_ratio": [
    1.6413605213165283,
    1.0925637483596802
  ],
  "energy_distribution": [
    0.1923065036535263,
    0.3026077449321747
  ],
  "motion_stability": [
    1.2551612854003906,
    4.321527481079102
  ],
  "freq_entropy": [
    10.308223724365234,
    10.35351848602295
  ]
}