{
  "dominant_freq": [
    0.47095714285714285,
    2.106462857142857
  ],
  "amp_mean_x": [
    0.06954847276210785,
    0.12399065494537354
  ],
  "amp_mean_y": [
    0.0965367779135704,
    0.14126168191432953
  ],
  "symmetry_ratio": [
    0.7204349637031555,
    0.8777373433113098
  ],
  "energy_distribution": [
    0.21991713345050812,
    0.1730385571718216
  ],
  "motion_stability": [
    2.156818389892578,
    2.2509379386901855
  ],
  "freq_entropy": [
    9.544780731201172,
    9.534929275512695
  ]
}