{
  "dominant_freq": [
    0.2740114285714286,
    6.987291428571428
  ],
  "amp_mean_x": [
    0.12584932148456573,
    0.11462533473968506
  ],
  "amp_mean_y": [
    0.252029687166214,
    0.2889062464237213
  ],
  "symmetry_ratio": [
    0.49934324622154236,
    0.3967561721801758
  ],
  "energy_distribution": [
    0.28284451365470886,
    0.18375477194786072
  ],
  "motion_stability": [
    1.8054172992706299,
    1.5561120510101318
  ],
  "freq_entropy": [
    9.611669540405273,
    9.540098190307617
  ]
}