{
  "dominant_freq": [
    2.6558057327288096,
    2.035002035002035,
    0.14891940357778866,
    5.8649043264427885
  ],
  "amp_mean_x": [
    0.24489356577396393,
    0.33369722962379456,
    0.845806896686554,
    0.23509690165519714
  ],
  "amp_mean_y": [
    0.24870385229587555,
    0.2762885093688965,
    0.7753096222877502,
    0.5270723104476929
  ],
  "symmetry_ratio": [
    0.9846794009208679,
    1.2077853679656982,
    1.0909278392791748,
    0.4460429847240448
  ],
  "energy_distribution": [
    0.23894460499286652,
    0.26641908288002014,
    0.42806509137153625,
    0.20547783374786377
  ],
  "motion_stability": [
    1.7812871932983398,
    1.7584469318389893,
    2.51521635055542,
    1.9967031478881836
  ],
  "freq_entropy": [
    8.479480743408203,
    8.423460006713867,
    8.004281997680664,
    8.644081115722656
  ]
}