{
  "dominant_freq": [
    2.1749657142857144,
    4.966457142857143
  ],
  "amp_mean_x": [
    0.15726184844970703,
    0.11898840963840485
  ],
  "amp_mean_y": [
    0.16649292409420013,
    0.16270817816257477
  ],
  "symmetry_ratio": [
    0.9445557594299316,
    0.7312995195388794
  ],
  "energy_distribution": [
    0.1980249434709549,
    0.18878763914108276
  ],
  "motion_stability": [
    2.297377586364746,
    2.745812177658081
  ],
  "freq_entropy": [
    9.55426025390625,
    9.552675247192383
  ]
}