{
  "dominant_freq": [
    0.46285714285714286,
    5.220000000000001
  ],
  "amp_mean_x": [
    0.10038100928068161,
    0.18891803920269012
  ],
  "amp_mean_y": [
    0.10465344786643982,
    0.1706940084695816
  ],
  "symmetry_ratio": [
    0.9591753482818604,
    1.106764316558838
  ],
  "energy_distribution": [
    0.17756758630275726,
    0.18936201930046082
  ],
  "motion_stability": [
    1.3699893951416016,
    2.646998882293701
  ],
  "freq_entropy": [
    9.55776309967041,
    9.610980033874512
  ]
}