{
  "dominant_freq": [
    2.2862828571428575,
    0.47095714285714285
  ],
  "amp_mean_x": [
    0.26954346895217896,
    0.20372100174427032
  ],
  "amp_mean_y": [
    0.26731815934181213,
    0.20640847086906433
  ],
  "symmetry_ratio": [
    1.0083246231079102,
    0.9869798421859741
  ],
  "energy_distribution": [
    0.2171868532896042,
    0.2935812175273895
  ],
  "motion_stability": [
    4.578888893127441,
    1.9944446086883545
  ],
  "freq_entropy": [
    9.500852584838867,
    9.25725269317627
  ]
}