{
  "dominant_freq": [
    1.9700000000000002,
    0.46577629382303837
  ],
  "amp_mean_x": [
    0.281709223985672,
    0.29851433634757996
  ],
  "amp_mean_y": [
    0.6706894040107727,
    0.9176380038261414
  ],
  "symmetry_ratio": [
    0.42002934217453003,
    0.32530727982521057
  ],
  "energy_distribution": [
    0.21984896063804626,
    0.2137308269739151
  ],
  "motion_stability": [
    1.8646907806396484,
    1.4659254550933838
  ],
  "freq_entropy": [
    10.31080436706543,
    10.28498649597168
  ]
}