{
  "dominant_freq": [
    0.4541631623212784,
    0.46
  ],
  "amp_mean_x": [
    0.27019673585891724,
    0.2802168130874634
  ],
  "amp_mean_y": [
    0.9002355933189392,
    0.42760735750198364
  ],
  "symmetry_ratio": [
    0.30014002323150635,
    0.6553133726119995
  ],
  "energy_distribution": [
    0.28518518805503845,
    0.3113344609737396
  ],
  "motion_stability": [
    4.609605312347412,
    1.4560818672180176
  ],
  "freq_entropy": [
    9.437151908874512,
    9.12089729309082
  ]
}