{
  "dominant_freq": [
    0.3337357490057446,
    4.701508474576271
  ],
  "amp_mean_x": [
    1.644124984741211,
    2.43684720993042
  ],
  "amp_mean_y": [
    2.3002703189849854,
    4.074963092803955
  ],
  "symmetry_ratio": [
    0.7147529721260071,
    0.5980047583580017
  ],
  "energy_distribution": [
    0.37726691365242004,
    0.286624550819397
  ],
  "motion_stability": [
    4.602415084838867,
    3.9687247276306152
  ],
  "freq_entropy": [
    9.659624099731445,
    9.963824272155762
  ]
}