{
  "dominant_freq": [
    0.12020033388981635,
    0.11503834611537178
  ],
  "amp_mean_x": [
    0.6378566026687622,
    0.44963517785072327
  ],
  "amp_mean_y": [
    0.711840808391571,
    0.35667943954467773
  ],
  "symmetry_ratio": [
    0.8960663676261902,
    1.260614275932312
  ],
  "energy_distribution": [
    0.5447743535041809,
    0.3134654760360718
  ],
  "motion_stability": [
    5.643428802490234,
    1.8221875429153442
  ],
  "freq_entropy": [
    9.420415878295898,
    10.233417510986328
  ]
}