{
  "dominant_freq": [
    1.0542857142857143,
    0.7285714285714286
  ],
  "amp_mean_x": [
    0.15841475129127502,
    0.12282518297433853
  ],
  "amp_mean_y": [
    0.1850031316280365,
    0.13827647268772125
  ],
  "symmetry_ratio": [
    0.8562814593315125,
    0.8882579803466797
  ],
  "energy_distribution": [
    0.21797002851963043,
    0.2570527493953705
  ],
  "motion_stability": [
    2.5730416774749756,
    1.4457066059112549
  ],
  "freq_entropy": [
    9.722487449645996,
    9.462503433227539
  ]
}