{
  "dominant_freq": [
    0.12594458438287154,
    0.29166666666666663
  ],
  "amp_mean_x": [
    0.3778417408466339,
    0.16669563949108124
  ],
  "amp_mean_y": [
    1.2554636001586914,
    0.3075566589832306
  ],
  "symmetry_ratio": [
    0.30095794796943665,
    0.5419997572898865
  ],
  "energy_distribution": [
    0.26306435465812683,
    0.398673415184021
  ],
  "motion_stability": [
    3.2755446434020996,
    1.7933785915374756
  ],
  "freq_entropy": [
    9.269259452819824,
    8.684490203857422
  ]
}