{
  "dominant_freq": [
    5.096831543112535,
    5.1217439277140775
  ],
  "amp_mean_x": [
    2.928032398223877,
    1.2341041564941406
  ],
  "amp_mean_y": [
    2.1310040950775146,
    1.2114335298538208
  ],
  "symmetry_ratio": [
    1.3740153312683105,
    1.0187138319015503
  ],
  "energy_distribution": [
    0.1926814466714859,
    0.19695165753364563
  ],
  "motion_stability": [
    1.98330819606781,
    1.690150260925293
  ],
  "freq_entropy": [
    9.217155456542969,
    9.224617958068848
  ]
}