{
  "dominant_freq": [
    0.2842142659771839,
    0.29636618017334954
  ],
  "amp_mean_x": [
    0.2595730721950531,
    0.7424736022949219
  ],
  "amp_mean_y": [
    0.532453715801239,
    2.0613913536071777
  ],
  "symmetry_ratio": [
    0.4875035285949707,
    0.3601807951927185
  ],
  "energy_distribution": [
    0.2180902063846588,
    0.23195822536945343
  ],
  "motion_stability": [
    1.5381579399108887,
    2.4694502353668213
  ],
  "freq_entropy": [
    9.689291000366211,
    9.579649925231934
  ]
}