{
  "dominant_freq": [
    0.14671163575042162,
    0.13144590495449948
  ],
  "amp_mean_x": [
    0.9882074594497681,
    1.1284712553024292
  ],
  "amp_mean_y": [
    0.9414031505584717,
    0.8441881537437439
  ],
  "symmetry_ratio": [
    1.0497175455093384,
    1.336753249168396
  ],
  "energy_distribution": [
    0.3504553735256195,
    0.2992519736289978
  ],
  "motion_stability": [
    3.2487998008728027,
    2.4152841567993164
  ],
  "freq_entropy": [
    10.010299682617188,
    10.199112892150879
  ]
}