{
  "dominant_freq": [
    4.086348434174521,
    0.2918820310124658
  ],
  "amp_mean_x": [
    0.36081817746162415,
    0.5036181211471558
  ],
  "amp_mean_y": [
    0.4041747450828552,
    0.5374177694320679
  ],
  "symmetry_ratio": [
    0.8927281498908997,
    0.9371073246002197
  ],
  "energy_distribution": [
    0.20197990536689758,
    0.26016560196876526
  ],
  "motion_stability": [
    1.2564160823822021,
    2.4199132919311523
  ],
  "freq_entropy": [
    9.313322067260742,
    9.1079683303833
  ]
}