{
  "dominant_freq": [
    0.10105263157894738,
    0.13894736842105265,
    0.2778947368421053
  ],
  "amp_mean_x": [
    0.09566503763198853,
    0.20418336987495422,
    0.18179930746555328
  ],
  "amp_mean_y": [
    0.24543185532093048,
    0.2459021955728531,
    0.1395038664340973
  ],
  "symmetry_ratio": [
    0.38978248834609985,
    0.8303438425064087,
    1.3031847476959229
  ],
  "energy_distribution": [
    0.4235745966434479,
    0.5476275682449341,
    0.29775378108024597
  ],
  "motion_stability": [
    1.6673446893692017,
    1.8861886262893677,
    1.429763913154602
  ],
  "freq_entropy": [
    8.595375061035156,
    8.014479637145996,
    8.869251251220703
  ]
}