{
  "dominant_freq": [
    3.8442531645569615,
    2.711873150105708,
    0.46788607594936704
  ],
  "amp_mean_x": [
    0.8044442534446716,
    1.4252009391784668,
    0.8516016006469727
  ],
  "amp_mean_y": [
    2.224483013153076,
    2.18739914894104,
    2.0607521533966064
  ],
  "symmetry_ratio": [
    0.36163201928138733,
    0.6515504717826843,
    0.4132479429244995
  ],
  "energy_distribution": [
    0.2154269516468048,
    0.24801155924797058,
    0.24782581627368927
  ],
  "motion_stability": [
    1.851729154586792,
    1.8038365840911865,
    2.1108102798461914
  ],
  "freq_entropy": [
    9.023750305175781,
    9.08015251159668,
    9.014153480529785
  ]
}