{
  "dominant_freq": [
    2.3200000000000003,
    4.506666666666667,
    7.306666666666667,
    3.0933333333333337,
    0.13636363636363635,
    0.6666666666666667
  ],
  "amp_mean_x": [
    0.04691223055124283,
    0.09313306212425232,
    1.490484595298767,
    0.026607941836118698,
    0.8590067028999329,
    0.015714390203356743
  ],
  "amp_mean_y": [
    0.047198209911584854,
    0.10866539925336838,
    1.7769609689712524,
    0.0683913379907608,
    1.2793352603912354,
    0.038625698536634445
  ],
  "symmetry_ratio": [
    0.9939408898353577,
    0.8570626974105835,
    0.8387829661369324,
    0.3890542685985565,
    0.6714476943016052,
    0.40683770179748535
  ],
  "energy_distribution": [
    0.15668338537216187,
    0.18635369837284088,
    0.20093129575252533,
    0.23509572446346283,
    0.3032645583152771,
    0.3905911147594452
  ],
  "motion_stability": [
    1.2948410511016846,
    4.079082489013672,
    3.6435494422912598,
    1.3112993240356445,
    3.770700216293335,
    1.225630283355713
  ],
  "freq_entropy": [
    7.902971267700195,
    8.108488082885742,
    7.911810874938965,
    7.781839370727539,
    7.89029598236084,
    7.608429908752441
  ]
}