{
  "dominant_freq": [
    3.0049919999999997,
    0.12787199999999999,
    0.9590399999999999
  ],
  "amp_mean_x": [
    0.07209184020757675,
    0.12539058923721313,
    0.2977861762046814
  ],
  "amp_mean_y": [
    0.23508337140083313,
    0.29815930128097534,
    0.4912043511867523
  ],
  "symmetry_ratio": [
    0.30666500329971313,
    0.4205489754676819,
    0.6062368154525757
  ],
  "energy_distribution": [
    0.2852574288845062,
    0.42502278089523315,
    0.2357071340084076
  ],
  "motion_stability": [
    1.2333930730819702,
    1.4173930883407593,
    0.7107641696929932
  ],
  "freq_entropy": [
    8.610551834106445,
    8.27264404296875,
    8.563501358032227
  ]
}