{
  "dominant_freq": [
    0.47951999999999995,
    0.47951999999999995,
    3.3149603749467405
  ],
  "amp_mean_x": [
    0.06855502724647522,
    0.08333630859851837,
    0.18819460272789001
  ],
  "amp_mean_y": [
    0.11537077277898788,
    0.22533831000328064,
    0.28600502014160156
  ],
  "symmetry_ratio": [
    0.5942148566246033,
    0.3698275089263916,
    0.6580115556716919
  ],
  "energy_distribution": [
    0.2122768610715866,
    0.20665016770362854,
    0.19361406564712524
  ],
  "motion_stability": [
    1.6452844142913818,
    1.1173732280731201,
    1.3916497230529785
  ],
  "freq_entropy": [
    10.178396224975586,
    10.166125297546387,
    10.303165435791016
  ]
}