{
  "dominant_freq": [
    0.14436416184971096,
    0.35678571428571426
  ],
  "amp_mean_x": [
    1.5055114030838013,
    0.06293559074401855
  ],
  "amp_mean_y": [
    0.8750467896461487,
    0.11580009013414383
  ],
  "symmetry_ratio": [
    1.7204924821853638,
    0.5434848070144653
  ],
  "energy_distribution": [
    0.5496793389320374,
    0.32024040818214417
  ],
  "motion_stability": [
    5.818005561828613,
    1.3105533123016357
  ],
  "freq_entropy": [
    7.895180702209473,
    8.58914566040039
  ]
}