{
  "dominant_freq": [
    5.110678794889321,
    0.46690151953309844,
    2.561648877438351
  ],
  "amp_mean_x": [
    0.10711365193128586,
    0.17659372091293335,
    0.08339647203683853
  ],
  "amp_mean_y": [
    0.16535843908786774,
    0.4350269138813019,
    0.20621508359909058
  ],
  "symmetry_ratio": [
    0.6477664709091187,
    0.40593746304512024,
    0.40441498160362244
  ],
  "energy_distribution": [
    0.22255511581897736,
    0.2425185889005661,
    0.19652323424816132
  ],
  "motion_stability": [
    2.8626105785369873,
    3.100064277648926,
    2.1732254028320312
  ],
  "freq_entropy": [
    9.039928436279297,
    8.985681533813477,
    8.893281936645508
  ]
}