{
  "dominant_freq": [
    2.818455319148936,
    0.47951999999999995,
    0.2776168421052631
  ],
  "amp_mean_x": [
    0.11736780405044556,
    0.04958039149641991,
    0.05194014683365822
  ],
  "amp_mean_y": [
    0.24263276159763336,
    0.05930286645889282,
    0.06356393545866013
  ],
  "symmetry_ratio": [
    0.4837261140346527,
    0.8360539078712463,
    0.8171323537826538
  ],
  "energy_distribution": [
    0.21846237778663635,
    0.24924463033676147,
    0.29343321919441223
  ],
  "motion_stability": [
    5.718814373016357,
    1.632737636566162,
    1.6918492317199707
  ],
  "freq_entropy": [
    9.160605430603027,
    8.972132682800293,
    8.84622573852539
  ]
}