{
  "dominant_freq": [
    0.5223342857142858,
    0.13799136690647482
  ],
  "amp_mean_x": [
    0.2844489812850952,
    1.4573272466659546
  ],
  "amp_mean_y": [
    0.14683568477630615,
    1.5850270986557007
  ],
  "symmetry_ratio": [
    1.937192440032959,
    0.9194336533546448
  ],
  "energy_distribution": [
    0.24856922030448914,
    0.2399023026227951
  ],
  "motion_stability": [
    1.4028031826019287,
    2.5126562118530273
  ],
  "freq_entropy": [
    9.517648696899414,
    9.546403884887695
  ]
}