{
  "dominant_freq": [
    0.46862228680410495,
    0.7628734901462174
  ],
  "amp_mean_x": [
    0.1407437026500702,
    0.2943044900894165
  ],
  "amp_mean_y": [
    0.0759287178516388,
    0.10500756651163101
  ],
  "symmetry_ratio": [
    1.8536293506622314,
    2.8026978969573975
  ],
  "energy_distribution": [
    0.2930459678173065,
    0.2204492837190628
  ],
  "motion_stability": [
    1.235466718673706,
    1.73030424118042
  ],
  "freq_entropy": [
    8.942636489868164,
    9.180685043334961
  ]
}