{
  "dominant_freq": [
    2.2150000000000003
  ],
  "amp_mean_x": [
    0.13919852674007416
  ],
  "amp_mean_y": [
    0.17862844467163086
  ],
  "symmetry_ratio": [
    0.7792629599571228
  ],
  "energy_distribution": [
    0.22240446507930756
  ],
  "motion_stability": [
    1.2924295663833618
  ],
  "freq_entropy": [
    10.30772590637207
  ]
}