{
  "dominant_freq": [
    0.7002917882451021,
    0.7256046705587991
  ],
  "amp_mean_x": [
    0.34484660625457764,
    0.6584338545799255
  ],
  "amp_mean_y": [
    0.4902743697166443,
    1.0860803127288818
  ],
  "symmetry_ratio": [
    0.7033747434616089,
    0.6062478423118591
  ],
  "energy_distribution": [
    0.22541028261184692,
    0.22216634452342987
  ],
  "motion_stability": [
    6.430464744567871,
    1.9423012733459473
  ],
  "freq_entropy": [
    10.364778518676758,
    10.325355529785156
  ]
}