{
  "dominant_freq": [
    3.2280701754385963,
    0.32053422370617696,
    0.27522935779816515
  ],
  "amp_mean_x": [
    0.9088724255561829,
    0.9517612457275391,
    0.6062195897102356
  ],
  "amp_mean_y": [
    1.1279288530349731,
    0.9024654030799866,
    0.7957383990287781
  ],
  "symmetry_ratio": [
    0.8057888150215149,
    1.0546234846115112,
    0.7618327736854553
  ],
  "energy_distribution": [
    0.1851990520954132,
    0.4449963867664337,
    0.3410536050796509
  ],
  "motion_stability": [
    2.739706039428711,
    3.257478952407837,
    2.256596088409424
  ],
  "freq_entropy": [
    10.324071884155273,
    9.346354484558105,
    9.84109115600586
  ]
}