{
  "dominant_freq": [
    0.2829785407725322,
    2.134849315068493
  ],
  "amp_mean_x": [
    0.6694753170013428,
    0.5313857793807983
  ],
  "amp_mean_y": [
    1.0603296756744385,
    0.875514566898346
  ],
  "symmetry_ratio": [
    0.6313841342926025,
    0.6069411039352417
  ],
  "energy_distribution": [
    0.2624117136001587,
    0.26541411876678467
  ],
  "motion_stability": [
    4.160279273986816,
    5.200161933898926
  ],
  "freq_entropy": [
    10.317811012268066,
    10.31971549987793
  ]
}