{
  "dominant_freq": [
    2.1117422126745433,
    2.6247410526315784,
    0.11357052631578946
  ],
  "amp_mean_x": [
    2.420842170715332,
    0.25555896759033203,
    0.4597545862197876
  ],
  "amp_mean_y": [
    3.52972149848938,
    0.47795435786247253,
    0.6204882860183716
  ],
  "symmetry_ratio": [
    0.6858450770378113,
    0.5346932411193848,
    0.7409561276435852
  ],
  "energy_distribution": [
    0.272807240486145,
    0.1845402717590332,
    0.2578611969947815
  ],
  "motion_stability": [
    4.041815280914307,
    1.8905551433563232,
    1.7429051399230957
  ],
  "freq_entropy": [
    9.062433242797852,
    9.015661239624023,
    8.915399551391602
  ]
}