{
  "dominant_freq": [
    0.1009515789473684,
    0.5047578947368421,
    4.1137768421052625
  ],
  "amp_mean_x": [
    0.1119098886847496,
    0.04514697566628456,
    0.0461442731320858
  ],
  "amp_mean_y": [
    0.16768547892570496,
    0.17042246460914612,
    0.15281438827514648
  ],
  "symmetry_ratio": [
    0.6673797369003296,
    0.26491212844848633,
    0.30196288228034973
  ],
  "energy_distribution": [
    0.3042305111885071,
    0.3168887794017792,
    0.28423088788986206
  ],
  "motion_stability": [
    1.3757481575012207,
    1.5617486238479614,
    1.532148003578186
  ],
  "freq_entropy": [
    8.799358367919922,
    8.890033721923828,
    8.925193786621094
  ]
}