{
  "dominant_freq": [
    2.4832285714285716,
    0.2627027027027027
  ],
  "amp_mean_x": [
    0.3538534939289093,
    1.7456637620925903
  ],
  "amp_mean_y": [
    0.5511676669120789,
    2.358355760574341
  ],
  "symmetry_ratio": [
    0.6420069932937622,
    0.7402037382125854
  ],
  "energy_distribution": [
    0.21225504577159882,
    0.21995747089385986
  ],
  "motion_stability": [
    2.284273147583008,
    2.5679004192352295
  ],
  "freq_entropy": [
    9.617413520812988,
    9.54675006866455
  ]
}