{
  "dominant_freq": [
    2.815,
    0.505
  ],
  "amp_mean_x": [
    0.41000083088874817,
    0.24580983817577362
  ],
  "amp_mean_y": [
    0.704460620880127,
    0.3865073025226593
  ],
  "symmetry_ratio": [
    0.5820067524909973,
    0.6359772086143494
  ],
  "energy_distribution": [
    0.17068195343017578,
    0.2142047882080078
  ],
  "motion_stability": [
    2.291891098022461,
    1.571784257888794
  ],
  "freq_entropy": [
    10.375809669494629,
    10.289875030517578
  ]
}