{
  "dominant_freq": [
    0.11842105263157895,
    1.0153846153846153,
    0.1359773371104816
  ],
  "amp_mean_x": [
    0.11778442561626434,
    0.3624545633792877,
    0.23202289640903473
  ],
  "amp_mean_y": [
    0.14057059586048126,
    0.5348472595214844,
    0.30173009634017944
  ],
  "symmetry_ratio": [
    0.837902307510376,
    0.677678644657135,
    0.7689749598503113
  ],
  "energy_distribution": [
    0.39649248123168945,
    0.2010996788740158,
    0.30314531922340393
  ],
  "motion_stability": [
    1.732062816619873,
    1.903475284576416,
    2.1149489879608154
  ],
  "freq_entropy": [
    7.745260238647461,
    8.730733871459961,
    8.406705856323242
  ]
}