{
  "dominant_freq": [
    0.13880842105263158,
    0.10105795574288723,
    0.15142736842105262
  ],
  "amp_mean_x": [
    1.1328901052474976,
    1.0266029834747314,
    0.4322555959224701
  ],
  "amp_mean_y": [
    1.184762954711914,
    0.848401665687561,
    0.8423789143562317
  ],
  "symmetry_ratio": [
    0.9562166929244995,
    1.2100435495376587,
    0.5131367444992065
  ],
  "energy_distribution": [
    0.3646344542503357,
    0.33844009041786194,
    0.3163444399833679
  ],
  "motion_stability": [
    1.7498513460159302,
    1.250878095626831,
    1.7625130414962769
  ],
  "freq_entropy": [
    8.843072891235352,
    8.738889694213867,
    8.954900741577148
  ]
}