{
  "dominant_freq": [
    0.10137843551797039,
    0.2776168421052631,
    0.3421522198731501
  ],
  "amp_mean_x": [
    0.557906985282898,
    0.37923750281333923,
    0.6488010287284851
  ],
  "amp_mean_y": [
    1.9238009452819824,
    0.7895601391792297,
    1.1616765260696411
  ],
  "symmetry_ratio": [
    0.2900024354457855,
    0.4803149104118347,
    0.558504045009613
  ],
  "energy_distribution": [
    0.26933154463768005,
    0.24049188196659088,
    0.2619997560977936
  ],
  "motion_stability": [
    2.9319825172424316,
    1.6788370609283447,
    2.3296499252319336
  ],
  "freq_entropy": [
    8.979220390319824,
    9.020055770874023,
    9.032090187072754
  ]
}