{
  "dominant_freq": [
    0.3545454545454546,
    0.3272727272727273
  ],
  "amp_mean_x": [
    0.03824801370501518,
    0.03509857878088951
  ],
  "amp_mean_y": [
    0.057171303778886795,
    0.1274069994688034
  ],
  "symmetry_ratio": [
    0.6690071821212769,
    0.2754839062690735
  ],
  "energy_distribution": [
    0.22840116918087006,
    0.31266093254089355
  ],
  "motion_stability": [
    1.1042592525482178,
    0.6991608738899231
  ],
  "freq_entropy": [
    8.532047271728516,
    8.712470054626465
  ]
}