{
  "dominant_freq": [
    2.5717161936560933,
    0.11997998331943285
  ],
  "amp_mean_x": [
    0.07491641491651535,
    0.13540047407150269
  ],
  "amp_mean_y": [
    0.21896538138389587,
    0.157495379447937
  ],
  "symmetry_ratio": [
    0.3421381711959839,
    0.8597107529640198
  ],
  "energy_distribution": [
    0.379093736410141,
    0.32304611802101135
  ],
  "motion_stability": [
    2.7599399089813232,
    1.8786306381225586
  ],
  "freq_entropy": [
    9.176650047302246,
    9.043261528015137
  ]
}