{
  "dominant_freq": [
    2.2018348623853212,
    0.22944550669216063,
    0.32876712328767127,
    4.206896551724138,
    6.14207650273224
  ],
  "amp_mean_x": [
    0.7480216026306152,
    1.1782501935958862,
    1.2777458429336548,
    1.424476981163025,
    0.561408519744873
  ],
  "amp_mean_y": [
    2.631113290786743,
    4.500673294067383,
    6.9798760414123535,
    3.4287173748016357,
    1.8736716508865356
  ],
  "symmetry_ratio": [
    0.28429850935935974,
    0.26179420948028564,
    0.1830613911151886,
    0.41545477509498596,
    0.29963016510009766
  ],
  "energy_distribution": [
    0.19572986662387848,
    0.27653419971466064,
    0.41194260120391846,
    0.3492184281349182,
    0.16170260310173035
  ],
  "motion_stability": [
    1.7205326557159424,
    1.281360149383545,
    1.7370611429214478,
    2.2359814643859863,
    3.067654848098755
  ],
  "freq_entropy": [
    8.235325813293457,
    8.097291946411133,
    7.951049327850342,
    8.039909362792969,
    8.447498321533203
  ]
}