{
  "dominant_freq": [
    0.11265965986171028,
    0.10717252096562441
  ],
  "amp_mean_x": [
    0.3862937092781067,
    0.47666114568710327
  ],
  "amp_mean_y": [
    0.4221615195274353,
    0.46886444091796875
  ],
  "symmetry_ratio": [
    0.9150376915931702,
    1.0166288614273071
  ],
  "energy_distribution": [
    0.4099752604961395,
    0.40862157940864563
  ],
  "motion_stability": [
    3.3956825733184814,
    2.354552745819092
  ],
  "freq_entropy": [
    9.93521499633789,
    9.920581817626953
  ]
}