{
  "dominant_freq": [
    0.4897230429145323,
    1.7497396220800476
  ],
  "amp_mean_x": [
    0.26100969314575195,
    0.48080816864967346
  ],
  "amp_mean_y": [
    0.524524450302124,
    0.6847215890884399
  ],
  "symmetry_ratio": [
    0.4976120591163635,
    0.7021951079368591
  ],
  "energy_distribution": [
    0.21337556838989258,
    0.18737509846687317
  ],
  "motion_stability": [
    2.121429920196533,
    1.9156017303466797
  ],
  "freq_entropy": [
    10.33123779296875,
    10.187585830688477
  ]
}