{
  "dominant_freq": [
    1.236656842105263,
    3.0664042105263154,
    2.927595789473684
  ],
  "amp_mean_x": [
    0.05115065351128578,
    0.09848211705684662,
    0.07775558531284332
  ],
  "amp_mean_y": [
    0.1471519023180008,
    0.1778114289045334,
    0.1323401778936386
  ],
  "symmetry_ratio": [
    0.3476044237613678,
    0.5538570880889893,
    0.5875433087348938
  ],
  "energy_distribution": [
    0.20892402529716492,
    0.19236411154270172,
    0.22307217121124268
  ],
  "motion_stability": [
    1.173762559890747,
    1.6512441635131836,
    1.2229173183441162
  ],
  "freq_entropy": [
    8.91942310333252,
    9.00964641571045,
    8.963319778442383
  ]
}