{
  "dominant_freq": [
    0.5505882352941177,
    0.2611764705882353
  ],
  "amp_mean_x": [
    0.14204548299312592,
    0.2786668539047241
  ],
  "amp_mean_y": [
    0.2507328987121582,
    0.4592866897583008
  ],
  "symmetry_ratio": [
    0.5665211081504822,
    0.6067383885383606
  ],
  "energy_distribution": [
    0.2790132164955139,
    0.2874044179916382
  ],
  "motion_stability": [
    1.232598900794983,
    1.5289978981018066
  ],
  "freq_entropy": [
    9.731828689575195,
    9.584175109863281
  ]
}