{
  "dominant_freq": [
    4.619894864537,
    0.5076668048072939
  ],
  "amp_mean_x": [
    1.4162715673446655,
    1.4846025705337524
  ],
  "amp_mean_y": [
    2.8537158966064453,
    2.800665855407715
  ],
  "symmetry_ratio": [
    0.49629032611846924,
    0.5300891399383545
  ],
  "energy_distribution": [
    0.1833033263683319,
    0.2275783121585846
  ],
  "motion_stability": [
    2.11448335647583,
    1.724014163017273
  ],
  "freq_entropy": [
    10.365190505981445,
    10.272529602050781
  ]
}