{
  "dominant_freq": [
    0.29023578947368417,
    0.1009515789473684,
    0.13880842105263155
  ],
  "amp_mean_x": [
    0.15036541223526,
    0.3220325708389282,
    0.3337920904159546
  ],
  "amp_mean_y": [
    0.18538028001785278,
    0.4006641209125519,
    0.1520165652036667
  ],
  "symmetry_ratio": [
    0.8111187219619751,
    0.8037469387054443,
    2.195761203765869
  ],
  "energy_distribution": [
    0.23273853957653046,
    0.23242193460464478,
    0.3895649313926697
  ],
  "motion_stability": [
    1.1553605794906616,
    0.8235029578208923,
    0.8890246152877808
  ],
  "freq_entropy": [
    8.770506858825684,
    8.933425903320312,
    8.435736656188965
  ]
}