{
  "dominant_freq": [
    1.3498904309715118,
    2.0885221305326334
  ],
  "amp_mean_x": [
    1.400704264640808,
    1.7893046140670776
  ],
  "amp_mean_y": [
    3.6785635948181152,
    5.255640029907227
  ],
  "symmetry_ratio": [
    0.3807747960090637,
    0.34045419096946716
  ],
  "energy_distribution": [
    0.1970617175102234,
    0.230243980884552
  ],
  "motion_stability": [
    3.9905202388763428,
    2.3034424781799316
  ],
  "freq_entropy": [
    9.444104194641113,
    9.474632263183594
  ]
}