{
  "dominant_freq": [
    0.29599999999999993,
    0.32138042553191487
  ],
  "amp_mean_x": [
    0.09988293051719666,
    0.09211274981498718
  ],
  "amp_mean_y": [
    0.09939119964838028,
    0.12316276133060455
  ],
  "symmetry_ratio": [
    1.0049474239349365,
    0.7478944659233093
  ],
  "energy_distribution": [
    0.27183088660240173,
    0.23946790397167206
  ],
  "motion_stability": [
    1.55137038230896,
    1.4877909421920776
  ],
  "freq_entropy": [
    10.225600242614746,
    10.238358497619629
  ]
}