{
  "dominant_freq": [
    5.225481978206203,
    0.9581939799331104
  ],
  "amp_mean_x": [
    0.22825510799884796,
    0.2965807318687439
  ],
  "amp_mean_y": [
    0.4580337107181549,
    0.3432714641094208
  ],
  "symmetry_ratio": [
    0.49833691120147705,
    0.8639830946922302
  ],
  "energy_distribution": [
    0.29856058955192566,
    0.20959334075450897
  ],
  "motion_stability": [
    5.454964637756348,
    2.80843448638916
  ],
  "freq_entropy": [
    10.382644653320312,
    10.310745239257812
  ]
}