{
  "dominant_freq": [
    0.10275438846867418,
    0.47952047952047955
  ],
  "amp_mean_x": [
    0.07271119207143784,
    0.04942458122968674
  ],
  "amp_mean_y": [
    0.167414590716362,
    0.06562613695859909
  ],
  "symmetry_ratio": [
    0.4343181252479553,
    0.75312340259552
  ],
  "energy_distribution": [
    0.2370217740535736,
    0.35566064715385437
  ],
  "motion_stability": [
    5.163655757904053,
    1.8846240043640137
  ],
  "freq_entropy": [
    9.68756103515625,
    8.828531265258789
  ]
}