{
  "dominant_freq": [
    1.0996563573883162,
    0.13761467889908258
  ],
  "amp_mean_x": [
    0.640149712562561,
    1.2229368686676025
  ],
  "amp_mean_y": [
    0.9798833131790161,
    2.5306379795074463
  ],
  "symmetry_ratio": [
    0.6532917618751526,
    0.4832524061203003
  ],
  "energy_distribution": [
    0.23709413409233093,
    0.39747655391693115
  ],
  "motion_stability": [
    2.4114978313446045,
    2.5778398513793945
  ],
  "freq_entropy": [
    9.599241256713867,
    9.220161437988281
  ]
}