{
  "dominant_freq": [
    4.339044083526682,
    1.1475994108983798
  ],
  "amp_mean_x": [
    4.053028106689453,
    1.001663088798523
  ],
  "amp_mean_y": [
    7.15130615234375,
    1.4678473472595215
  ],
  "symmetry_ratio": [
    0.5667535662651062,
    0.6824027895927429
  ],
  "energy_distribution": [
    0.2378661334514618,
    0.27351611852645874
  ],
  "motion_stability": [
    2.1443381309509277,
    4.631648063659668
  ],
  "freq_entropy": [
    9.430274963378906,
    9.598604202270508
  ]
}