{
  "dominant_freq": [
    0.2617152404902557,
    0.101716465352829
  ],
  "amp_mean_x": [
    0.059718236327171326,
    0.1359787881374359
  ],
  "amp_mean_y": [
    0.13815918564796448,
    0.14100883901119232
  ],
  "symmetry_ratio": [
    0.4322422444820404,
    0.9643281102180481
  ],
  "energy_distribution": [
    0.25229236483573914,
    0.29988038539886475
  ],
  "motion_stability": [
    1.838796854019165,
    1.4367045164108276
  ],
  "freq_entropy": [
    9.772018432617188,
    9.493515014648438
  ]
}