{
  "dominant_freq": [
    6.440457097032878,
    0.45150162337662336,
    0.2951180472188875,
    3.245578778135048,
    0.1251501802162595
  ],
  "amp_mean_x": [
    0.849196195602417,
    1.988412618637085,
    0.5195436477661133,
    0.49832698702812195,
    0.5918062329292297
  ],
  "amp_mean_y": [
    0.7704992890357971,
    2.05556058883667,
    0.5016981959342957,
    0.5801861882209778,
    0.6195654273033142
  ],
  "symmetry_ratio": [
    1.102137565612793,
    0.9673334956169128,
    1.0355701446533203,
    0.8589087128639221,
    0.9551957249641418
  ],
  "energy_distribution": [
    0.20568138360977173,
    0.2451353371143341,
    0.30137020349502563,
    0.25657960772514343,
    0.2993328869342804
  ],
  "motion_stability": [
    3.436133623123169,
    2.987650156021118,
    1.6356375217437744,
    2.1544225215911865,
    2.1016945838928223
  ],
  "freq_entropy": [
    10.398965835571289,
    10.076395034790039,
    10.249458312988281,
    10.366331100463867,
    10.143547058105469
  ]
}