{
  "dominant_freq": [
    3.461254752132549,
    0.13585689016332717
  ],
  "amp_mean_x": [
    2.1213386058807373,
    5.294131755828857
  ],
  "amp_mean_y": [
    2.093877077102661,
    9.106006622314453
  ],
  "symmetry_ratio": [
    1.0131151676177979,
    0.5813889503479004
  ],
  "energy_distribution": [
    0.20934037864208221,
    0.2217683494091034
  ],
  "motion_stability": [
    2.8121867179870605,
    2.2375106811523438
  ],
  "freq_entropy": [
    10.330721855163574,
    10.206901550292969
  ]
}