{
  "dominant_freq": [
    3.0664042105263154,
    4.269698630136985,
    1.1621664910432032
  ],
  "amp_mean_x": [
    0.4026493728160858,
    0.41395577788352966,
    0.34213516116142273
  ],
  "amp_mean_y": [
    0.6811431050300598,
    0.9177177548408508,
    0.6042330265045166
  ],
  "symmetry_ratio": [
    0.591137707233429,
    0.4510709047317505,
    0.5662304759025574
  ],
  "energy_distribution": [
    0.22798247635364532,
    0.1573178917169571,
    0.24679002165794373
  ],
  "motion_stability": [
    2.616004467010498,
    1.9706034660339355,
    1.8882973194122314
  ],
  "freq_entropy": [
    8.980863571166992,
    8.999913215637207,
    9.061120986938477
  ]
}