{
  "dominant_freq": [
    4.96421052631579,
    2.235789473684211,
    2.16
  ],
  "amp_mean_x": [
    0.1644507348537445,
    0.20334471762180328,
    0.11000028252601624
  ],
  "amp_mean_y": [
    0.2635466456413269,
    0.21808144450187683,
    0.21833978593349457
  ],
  "symmetry_ratio": [
    0.6239910125732422,
    0.9324255585670471,
    0.5038031935691833
  ],
  "energy_distribution": [
    0.19288977980613708,
    0.20668649673461914,
    0.22848063707351685
  ],
  "motion_stability": [
    1.573241114616394,
    2.1908092498779297,
    2.092726707458496
  ],
  "freq_entropy": [
    9.038674354553223,
    8.95939826965332,
    9.09788990020752
  ]
}