{
  "dominant_freq": [
    0.29113714285714287,
    0.10275428571428571
  ],
  "amp_mean_x": [
    0.24264901876449585,
    0.26024022698402405
  ],
  "amp_mean_y": [
    0.22926637530326843,
    0.27591514587402344
  ],
  "symmetry_ratio": [
    1.0583715438842773,
    0.9431893229484558
  ],
  "energy_distribution": [
    0.2354590743780136,
    0.5409360527992249
  ],
  "motion_stability": [
    0.814010739326477,
    1.1213665008544922
  ],
  "freq_entropy": [
    9.424527168273926,
    8.52187728881836
  ]
}