{
  "dominant_freq": [
    0.9754689507494647,
    0.10202553191489361,
    1.0701296493092454
  ],
  "amp_mean_x": [
    1.103832721710205,
    2.151698350906372,
    1.3774473667144775
  ],
  "amp_mean_y": [
    1.7369824647903442,
    2.68457293510437,
    2.499445915222168
  ],
  "symmetry_ratio": [
    0.6354886889457703,
    0.801504909992218,
    0.5511010885238647
  ],
  "energy_distribution": [
    0.29800790548324585,
    0.24445106089115143,
    0.24566581845283508
  ],
  "motion_stability": [
    2.7766427993774414,
    1.6849887371063232,
    1.4355204105377197
  ],
  "freq_entropy": [
    8.99325942993164,
    8.945066452026367,
    8.944005966186523
  ]
}