{
  "dominant_freq": [
    3.453287890938252
  ],
  "amp_mean_x": [
    0.15838032960891724
  ],
  "amp_mean_y": [
    0.3022371232509613
  ],
  "symmetry_ratio": [
    0.5240267515182495
  ],
  "energy_distribution": [
    0.18841399252414703
  ],
  "motion_stability": [
    4.758571624755859
  ],
  "freq_entropy": [
    10.413753509521484
  ]
}