{
  "dominant_freq": [
    0.12063408289823385,
    0.8032422697403734,
    5.025277752550481
  ],
  "amp_mean_x": [
    1.4061204195022583,
    2.516052007675171,
    0.6823237538337708
  ],
  "amp_mean_y": [
    2.3533825874328613,
    2.497515916824341,
    0.8285408616065979
  ],
  "symmetry_ratio": [
    0.5974891185760498,
    1.007421851158142,
    0.8235245943069458
  ],
  "energy_distribution": [
    0.3774506747722626,
    0.23910853266716003,
    0.25002458691596985
  ],
  "motion_stability": [
    4.079471588134766,
    4.002854347229004,
    5.2125372886657715
  ],
  "freq_entropy": [
    8.73267936706543,
    8.723284721374512,
    8.813726425170898
  ]
}