{
  "dominant_freq": [
    0.4973562231759657,
    0.8975896328293735
  ],
  "amp_mean_x": [
    0.2763042747974396,
    0.5316218733787537
  ],
  "amp_mean_y": [
    0.4575115740299225,
    0.9532967209815979
  ],
  "symmetry_ratio": [
    0.6039285063743591,
    0.5576667189598083
  ],
  "energy_distribution": [
    0.1976563185453415,
    0.29534444212913513
  ],
  "motion_stability": [
    1.9156384468078613,
    3.9665627479553223
  ],
  "freq_entropy": [
    9.556343078613281,
    9.533140182495117
  ]
}