{
  "dominant_freq": [
    1.3529314285714285,
    0.1115561918396564
  ],
  "amp_mean_x": [
    0.1319403052330017,
    0.1939762979745865
  ],
  "amp_mean_y": [
    0.4188886284828186,
    0.6520127654075623
  ],
  "symmetry_ratio": [
    0.3149770498275757,
    0.29750382900238037
  ],
  "energy_distribution": [
    0.2116200178861618,
    0.37219443917274475
  ],
  "motion_stability": [
    3.519495964050293,
    3.228900909423828
  ],
  "freq_entropy": [
    9.578764915466309,
    9.263672828674316
  ]
}