{
  "dominant_freq": [
    3.650526315789474,
    3.9284210526315797,
    5.3557894736842115
  ],
  "amp_mean_x": [
    0.041109710931777954,
    0.15435051918029785,
    0.1726088672876358
  ],
  "amp_mean_y": [
    0.08172192424535751,
    0.17090930044651031,
    0.2207111120223999
  ],
  "symmetry_ratio": [
    0.5030438303947449,
    0.903113603591919,
    0.7820578813552856
  ],
  "energy_distribution": [
    0.18921716511249542,
    0.26459160447120667,
    0.23136800527572632
  ],
  "motion_stability": [
    1.5819276571273804,
    1.3343451023101807,
    1.6833217144012451
  ],
  "freq_entropy": [
    9.03274917602539,
    8.964229583740234,
    9.023632049560547
  ]
}