{
  "dominant_freq": [
    1.805,
    0.2617801047120419
  ],
  "amp_mean_x": [
    0.02432272583246231,
    0.7913047671318054
  ],
  "amp_mean_y": [
    0.10146927833557129,
    0.901651918888092
  ],
  "symmetry_ratio": [
    0.23970532417297363,
    0.8776167035102844
  ],
  "energy_distribution": [
    0.21391050517559052,
    0.277447909116745
  ],
  "motion_stability": [
    1.3595952987670898,
    7.141042709350586
  ],
  "freq_entropy": [
    10.231866836547852,
    10.27573013305664
  ]
}