{
  "dominant_freq": [
    0.13880842105263155,
    0.29023578947368417,
    0.1009515789473684
  ],
  "amp_mean_x": [
    0.825296938419342,
    0.3809909522533417,
    0.25879624485969543
  ],
  "amp_mean_y": [
    1.061938762664795,
    0.30904725193977356,
    0.3130931258201599
  ],
  "symmetry_ratio": [
    0.7771605849266052,
    1.2327919006347656,
    0.8265791535377502
  ],
  "energy_distribution": [
    0.3863706886768341,
    0.3020048141479492,
    0.2543143630027771
  ],
  "motion_stability": [
    1.6714189052581787,
    1.5418297052383423,
    1.8772722482681274
  ],
  "freq_entropy": [
    8.851544380187988,
    8.977615356445312,
    9.161703109741211
  ]
}