{
  "dominant_freq": [
    0.45288045288045287,
    4.565590311692762
  ],
  "amp_mean_x": [
    0.0376582145690918,
    0.11527255177497864
  ],
  "amp_mean_y": [
    0.062395211309194565,
    0.17645658552646637
  ],
  "symmetry_ratio": [
    0.6035433411598206,
    0.6532629728317261
  ],
  "energy_distribution": [
    0.4473419487476349,
    0.18436968326568604
  ],
  "motion_stability": [
    2.2770884037017822,
    6.835437774658203
  ],
  "freq_entropy": [
    9.06161880493164,
    9.405586242675781
  ]
}