{
  "dominant_freq": [
    1.9054701730516483,
    0.11010803203684948
  ],
  "amp_mean_x": [
    0.5837550759315491,
    0.7797394394874573
  ],
  "amp_mean_y": [
    1.0892587900161743,
    1.4656697511672974
  ],
  "symmetry_ratio": [
    0.5359195470809937,
    0.5320021510124207
  ],
  "energy_distribution": [
    0.22270043194293976,
    0.33386728167533875
  ],
  "motion_stability": [
    1.9719449281692505,
    1.8471145629882812
  ],
  "freq_entropy": [
    9.86795711517334,
    9.706085205078125
  ]
}