{
  "dominant_freq": [
    0.5047578947368421,
    1.0221347368421052,
    2.2382658227848102
  ],
  "amp_mean_x": [
    0.22285646200180054,
    0.14204715192317963,
    0.328523725271225
  ],
  "amp_mean_y": [
    0.4162370562553406,
    0.19917769730091095,
    1.4541031122207642
  ],
  "symmetry_ratio": [
    0.535407543182373,
    0.7131679654121399,
    0.22592876851558685
  ],
  "energy_distribution": [
    0.30623218417167664,
    0.2726689875125885,
    0.25959381461143494
  ],
  "motion_stability": [
    2.0593090057373047,
    1.781416654586792,
    7.2463836669921875
  ],
  "freq_entropy": [
    9.00499439239502,
    9.046494483947754,
    9.007085800170898
  ]
}