{
  "dominant_freq": [
    4.2194476524775615,
    2.608098539576056,
    4.128629990698957
  ],
  "amp_mean_x": [
    0.5793930888175964,
    0.6599345803260803,
    0.7752561569213867
  ],
  "amp_mean_y": [
    2.236717462539673,
    2.0935094356536865,
    2.0848922729492188
  ],
  "symmetry_ratio": [
    0.25903722643852234,
    0.3152288496494293,
    0.37184470891952515
  ],
  "energy_distribution": [
    0.2255694419145584,
    0.15380039811134338,
    0.20735466480255127
  ],
  "motion_stability": [
    3.344123363494873,
    3.3316268920898438,
    2.9106364250183105
  ],
  "freq_entropy": [
    10.086424827575684,
    10.2737455368042,
    10.308914184570312
  ]
}