{
  "dominant_freq": [
    4.778074285714286,
    3.9217885714285714
  ],
  "amp_mean_x": [
    0.06083304435014725,
    0.04615674540400505
  ],
  "amp_mean_y": [
    0.08196570724248886,
    0.16105645895004272
  ],
  "symmetry_ratio": [
    0.7421767711639404,
    0.28658735752105713
  ],
  "energy_distribution": [
    0.21722732484340668,
    0.2299026995897293
  ],
  "motion_stability": [
    1.4569125175476074,
    1.6609504222869873
  ],
  "freq_entropy": [
    9.444511413574219,
    9.504444122314453
  ]
}