{
  "dominant_freq": [
    0.38338658146964855,
    2.8547368421052637,
    2.8168421052631585
  ],
  "amp_mean_x": [
    1.112433671951294,
    0.5779600739479065,
    0.31717512011528015
  ],
  "amp_mean_y": [
    1.5007554292678833,
    0.8062950968742371,
    0.5085886716842651
  ],
  "symmetry_ratio": [
    0.741249144077301,
    0.7168096303939819,
    0.6236377954483032
  ],
  "energy_distribution": [
    0.2704164683818817,
    0.17664387822151184,
    0.20896349847316742
  ],
  "motion_stability": [
    4.065666198730469,
    3.3197944164276123,
    3.022749900817871
  ],
  "freq_entropy": [
    9.067334175109863,
    9.017329216003418,
    9.081640243530273
  ]
}