{
  "dominant_freq": [
    0.8997426733380985,
    4.064600858369098
  ],
  "amp_mean_x": [
    0.10740803182125092,
    0.09309642761945724
  ],
  "amp_mean_y": [
    0.20304638147354126,
    0.23786823451519012
  ],
  "symmetry_ratio": [
    0.5289827585220337,
    0.39137813448905945
  ],
  "energy_distribution": [
    0.27381807565689087,
    0.2008955329656601
  ],
  "motion_stability": [
    4.791004657745361,
    3.6083340644836426
  ],
  "freq_entropy": [
    9.606014251708984,
    9.581350326538086
  ]
}