{
  "dominant_freq": [
    0.10712699881062507,
    0.10712699881062507
  ],
  "amp_mean_x": [
    0.09336855262517929,
    0.16072717308998108
  ],
  "amp_mean_y": [
    0.19530360400676727,
    0.2480005919933319
  ],
  "symmetry_ratio": [
    0.4780687689781189,
    0.6480919122695923
  ],
  "energy_distribution": [
    0.3202304244041443,
    0.39680978655815125
  ],
  "motion_stability": [
    3.1043241024017334,
    2.6769237518310547
  ],
  "freq_entropy": [
    10.11400032043457,
    9.914738655090332
  ]
}