{
  "dominant_freq": [
    2.4746657142857145,
    0.29113714285714287
  ],
  "amp_mean_x": [
    0.4901135265827179,
    0.1968756914138794
  ],
  "amp_mean_y": [
    0.6323962211608887,
    0.17343609035015106
  ],
  "symmetry_ratio": [
    0.7750102281570435,
    1.1351484060287476
  ],
  "energy_distribution": [
    0.22400827705860138,
    0.2916077673435211
  ],
  "motion_stability": [
    2.220628261566162,
    1.0759614706039429
  ],
  "freq_entropy": [
    9.489022254943848,
    9.366520881652832
  ]
}