{
  "dominant_freq": [
    0.1136842105263158,
    0.2778947368421053,
    0.26526315789473687
  ],
  "amp_mean_x": [
    0.30461397767066956,
    0.0980246290564537,
    0.16262148320674896
  ],
  "amp_mean_y": [
    0.5099127292633057,
    0.16000814735889435,
    0.23380808532238007
  ],
  "symmetry_ratio": [
    0.597384512424469,
    0.6126227378845215,
    0.6955340504646301
  ],
  "energy_distribution": [
    0.3408772945404053,
    0.2501005530357361,
    0.28837981820106506
  ],
  "motion_stability": [
    1.8499910831451416,
    1.6663200855255127,
    1.4444206953048706
  ],
  "freq_entropy": [
    8.844053268432617,
    8.95151138305664,
    8.840035438537598
  ]
}