{
  "dominant_freq": [
    4.873337907375643,
    0.46931744680851056
  ],
  "amp_mean_x": [
    0.8536375761032104,
    0.19020970165729523
  ],
  "amp_mean_y": [
    1.3492224216461182,
    0.30383068323135376
  ],
  "symmetry_ratio": [
    0.6326885223388672,
    0.6260384917259216
  ],
  "energy_distribution": [
    0.20673993229866028,
    0.19655410945415497
  ],
  "motion_stability": [
    7.822144031524658,
    1.5849320888519287
  ],
  "freq_entropy": [
    10.376867294311523,
    10.272377014160156
  ]
}