{
  "dominant_freq": [
    0.5426147368421051,
    0.11477872340425531,
    0.29023578947368417
  ],
  "amp_mean_x": [
    0.2536798417568207,
    0.12066561728715897,
    0.09783204644918442
  ],
  "amp_mean_y": [
    0.49776673316955566,
    0.2974090278148651,
    0.14480546116828918
  ],
  "symmetry_ratio": [
    0.5096359848976135,
    0.4057227671146393,
    0.6756101846694946
  ],
  "energy_distribution": [
    0.30888277292251587,
    0.49903228878974915,
    0.2434627264738083
  ],
  "motion_stability": [
    1.9411565065383911,
    2.583186149597168,
    1.9033669233322144
  ],
  "freq_entropy": [
    8.882509231567383,
    8.461713790893555,
    8.939657211303711
  ]
}