{
  "dominant_freq": [
    2.420805001450163,
    0.131566303289996
  ],
  "amp_mean_x": [
    0.2630091607570648,
    0.27906736731529236
  ],
  "amp_mean_y": [
    0.9054144024848938,
    1.1674590110778809
  ],
  "symmetry_ratio": [
    0.29048484563827515,
    0.23903825879096985
  ],
  "energy_distribution": [
    0.21616792678833008,
    0.3160518407821655
  ],
  "motion_stability": [
    1.646772861480713,
    1.5365989208221436
  ],
  "freq_entropy": [
    9.626152992248535,
    9.530355453491211
  ]
}