{
  "dominant_freq": [
    0.2654485714285714,
    0.5223342857142858
  ],
  "amp_mean_x": [
    0.10809710621833801,
    0.0919424518942833
  ],
  "amp_mean_y": [
    0.11165722459554672,
    0.1677243411540985
  ],
  "symmetry_ratio": [
    0.9681156277656555,
    0.5481759905815125
  ],
  "energy_distribution": [
    0.22516073286533356,
    0.32499176263809204
  ],
  "motion_stability": [
    1.67301344871521,
    1.5257256031036377
  ],
  "freq_entropy": [
    9.581414222717285,
    9.326814651489258
  ]
}