{
  "dominant_freq": [
    4.511144130757802,
    0.10698365527488857
  ],
  "amp_mean_x": [
    0.39737868309020996,
    0.4819963872432709
  ],
  "amp_mean_y": [
    0.5540717840194702,
    0.591006338596344
  ],
  "symmetry_ratio": [
    0.7171971201896667,
    0.8155519962310791
  ],
  "energy_distribution": [
    0.2564123272895813,
    0.2682702839374542
  ],
  "motion_stability": [
    4.390854835510254,
    5.388749122619629
  ],
  "freq_entropy": [
    9.525611877441406,
    9.4849214553833
  ]
}