{
  "dominant_freq": [
    4.81251119133574,
    4.875716417910447
  ],
  "amp_mean_x": [
    0.894623339176178,
    1.0602531433105469
  ],
  "amp_mean_y": [
    2.260010004043579,
    3.132084846496582
  ],
  "symmetry_ratio": [
    0.3958492875099182,
    0.3385135531425476
  ],
  "energy_distribution": [
    0.25987738370895386,
    0.28474161028862
  ],
  "motion_stability": [
    2.9459829330444336,
    4.052213668823242
  ],
  "freq_entropy": [
    9.598865509033203,
    9.598788261413574
  ]
}