{
  "dominant_freq": [
    5.019975,
    9.45928125,
    1.21753125
  ],
  "amp_mean_x": [
    0.05479925498366356,
    0.10705692321062088,
    0.05135556682944298
  ],
  "amp_mean_y": [
    0.07001706212759018,
    0.10650637000799179,
    0.07752785831689835
  ],
  "symmetry_ratio": [
    0.7826557159423828,
    1.005169153213501,
    0.6624143719673157
  ],
  "energy_distribution": [
    0.19503146409988403,
    0.1298827975988388,
    0.20722424983978271
  ],
  "motion_stability": [
    1.0731817483901978,
    1.3405051231384277,
    1.6481677293777466
  ],
  "freq_entropy": [
    8.228355407714844,
    8.467025756835938,
    8.452690124511719
  ]
}