{
  "dominant_freq": [
    4.657470189385083,
    2.392490238972115
  ],
  "amp_mean_x": [
    0.1398497074842453,
    0.8479950428009033
  ],
  "amp_mean_y": [
    0.2539549171924591,
    0.9193999767303467
  ],
  "symmetry_ratio": [
    0.5506871342658997,
    0.9223352670669556
  ],
  "energy_distribution": [
    0.17750602960586548,
    0.3008929491043091
  ],
  "motion_stability": [
    1.7815518379211426,
    2.436947822570801
  ],
  "freq_entropy": [
    10.282777786254883,
    9.756804466247559
  ]
}