{
  "dominant_freq": [
    0.47267018695590124,
    0.4870347296348458
  ],
  "amp_mean_x": [
    0.13088448345661163,
    0.06992839276790619
  ],
  "amp_mean_y": [
    0.23302437365055084,
    0.16897986829280853
  ],
  "symmetry_ratio": [
    0.5616772174835205,
    0.41382676362991333
  ],
  "energy_distribution": [
    0.31639277935028076,
    0.22131526470184326
  ],
  "motion_stability": [
    1.838873267173767,
    2.9807915687561035
  ],
  "freq_entropy": [
    9.398801803588867,
    10.027894973754883
  ]
}