{
  "dominant_freq": [
    0.8571028590094367,
    3.8696935248659385
  ],
  "amp_mean_x": [
    0.38217800855636597,
    0.871874213218689
  ],
  "amp_mean_y": [
    0.24181954562664032,
    0.3369210660457611
  ],
  "symmetry_ratio": [
    1.5804264545440674,
    2.5877699851989746
  ],
  "energy_distribution": [
    0.2699732482433319,
    0.45188185572624207
  ],
  "motion_stability": [
    2.757964849472046,
    3.2170166969299316
  ],
  "freq_entropy": [
    9.245991706848145,
    9.044315338134766
  ]
}