{
  "dominant_freq": [
    0.10656,
    0.10656,
    0.34632,
    3.70296,
    5.91408,
    4.95504
  ],
  "amp_mean_x": [
    0.091809943318367,
    0.09806189686059952,
    0.1775820404291153,
    0.2849809527397156,
    0.18065419793128967,
    0.10458767414093018
  ],
  "amp_mean_y": [
    0.13610118627548218,
    0.092995285987854,
    0.10430213063955307,
    0.09694314002990723,
    0.12146452069282532,
    0.18070991337299347
  ],
  "symmetry_ratio": [
    0.6745712161064148,
    1.0544824600219727,
    1.7025734186172485,
    2.939671039581299,
    1.487300157546997,
    0.578760027885437
  ],
  "energy_distribution": [
    0.28898489475250244,
    0.4124419093132019,
    0.24515660107135773,
    0.22762416303157806,
    0.1879367083311081,
    0.22251242399215698
  ],
  "motion_stability": [
    1.149280071258545,
    0.9558658599853516,
    1.8201780319213867,
    1.3221815824508667,
    1.506479024887085,
    1.5250163078308105
  ],
  "freq_entropy": [
    7.721669673919678,
    7.475805282592773,
    8.093168258666992,
    7.82465124130249,
    8.021146774291992,
    7.946636199951172
  ]
}