{
  "dominant_freq": [
    5.112500000000001,
    4.8
  ],
  "amp_mean_x": [
    0.45914745330810547,
    1.4808464050292969
  ],
  "amp_mean_y": [
    0.46207812428474426,
    1.5907939672470093
  ],
  "symmetry_ratio": [
    0.993657648563385,
    0.9308850765228271
  ],
  "energy_distribution": [
    0.18208974599838257,
    0.2291223108768463
  ],
  "motion_stability": [
    2.3378970623016357,
    2.383584976196289
  ],
  "freq_entropy": [
    9.064916610717773,
    9.000120162963867
  ]
}