{
  "dominant_freq": [
    1.2253492333901193,
    0.8675862068965516
  ],
  "amp_mean_x": [
    0.704342246055603,
    0.6679823398590088
  ],
  "amp_mean_y": [
    0.4767415523529053,
    0.4499553143978119
  ],
  "symmetry_ratio": [
    1.4774090051651,
    1.4845526218414307
  ],
  "energy_distribution": [
    0.22566133737564087,
    0.5299406051635742
  ],
  "motion_stability": [
    2.907443046569824,
    2.1737139225006104
  ],
  "freq_entropy": [
    10.331414222717285,
    9.417266845703125
  ]
}