{
  "dominant_freq": [
    0.11222819733458031,
    0.16485448371997577
  ],
  "amp_mean_x": [
    0.29271650314331055,
    1.1235167980194092
  ],
  "amp_mean_y": [
    0.5696937441825867,
    2.222597360610962
  ],
  "symmetry_ratio": [
    0.5138137936592102,
    0.5054972171783447
  ],
  "energy_distribution": [
    0.2879265248775482,
    0.27369099855422974
  ],
  "motion_stability": [
    1.9930427074432373,
    3.9195609092712402
  ],
  "freq_entropy": [
    10.212087631225586,
    10.332414627075195
  ]
}