{
  "dominant_freq": [
    4.751793400286945,
    6.282009724473258,
    7.879828326180258,
    3.726210350584307
  ],
  "amp_mean_x": [
    0.2611839175224304,
    3.1753602027893066,
    0.4559464454650879,
    3.9189183712005615
  ],
  "amp_mean_y": [
    0.4947640597820282,
    7.235469341278076,
    0.9285534024238586,
    5.672945499420166
  ],
  "symmetry_ratio": [
    0.5278959274291992,
    0.43886029720306396,
    0.4910287857055664,
    0.6908084154129028
  ],
  "energy_distribution": [
    0.2614848017692566,
    0.16277027130126953,
    0.2332378774881363,
    0.2004479318857193
  ],
  "motion_stability": [
    2.4691214561462402,
    2.9833688735961914,
    1.3859283924102783,
    2.965301513671875
  ],
  "freq_entropy": [
    8.681440353393555,
    8.428966522216797,
    8.668081283569336,
    8.335691452026367
  ]
}