{
  "dominant_freq": [
    3.709970526315789,
    0.47951999999999995,
    0.2649978947368421
  ],
  "amp_mean_x": [
    0.2681903839111328,
    0.11054850369691849,
    0.041529394686222076
  ],
  "amp_mean_y": [
    0.10259108245372772,
    0.14144445955753326,
    0.06462797522544861
  ],
  "symmetry_ratio": [
    2.614168643951416,
    0.7815682888031006,
    0.6425915956497192
  ],
  "energy_distribution": [
    0.25601673126220703,
    0.258154958486557,
    0.2509717643260956
  ],
  "motion_stability": [
    1.4165549278259277,
    1.3919258117675781,
    1.573339819908142
  ],
  "freq_entropy": [
    8.962522506713867,
    8.902978897094727,
    8.908838272094727
  ]
}