{
  "dominant_freq": [
    1.7395353191489358,
    0.4897225531914893
  ],
  "amp_mean_x": [
    0.4064539670944214,
    0.3792988359928131
  ],
  "amp_mean_y": [
    0.6418553590774536,
    0.6323540806770325
  ],
  "symmetry_ratio": [
    0.633248507976532,
    0.5998203158378601
  ],
  "energy_distribution": [
    0.1733037233352661,
    0.19469255208969116
  ],
  "motion_stability": [
    2.4534246921539307,
    1.2130818367004395
  ],
  "freq_entropy": [
    10.340511322021484,
    10.27857780456543
  ]
}