{
  "dominant_freq": [
    0.7039761702127659,
    0.47951999999999995,
    0.11461799217731419
  ],
  "amp_mean_x": [
    0.30853337049484253,
    0.293463796377182,
    0.7370403409004211
  ],
  "amp_mean_y": [
    0.27451977133750916,
    0.30771374702453613,
    1.2295202016830444
  ],
  "symmetry_ratio": [
    1.1239022016525269,
    0.9536908864974976,
    0.5994536280632019
  ],
  "energy_distribution": [
    0.2530632019042969,
    0.17918063700199127,
    0.3585160970687866
  ],
  "motion_stability": [
    1.281509280204773,
    1.2802002429962158,
    4.491333961486816
  ],
  "freq_entropy": [
    10.203094482421875,
    10.11520767211914,
    10.119384765625
  ]
}