{
  "dominant_freq": [
    0.4803558810527452,
    0.47952047952047955
  ],
  "amp_mean_x": [
    0.4660491347312927,
    0.5183149576187134
  ],
  "amp_mean_y": [
    0.6650302410125732,
    0.6323969960212708
  ],
  "symmetry_ratio": [
    0.7007939219474792,
    0.8196037411689758
  ],
  "energy_distribution": [
    0.23897042870521545,
    0.1661510467529297
  ],
  "motion_stability": [
    1.392969012260437,
    1.366276502609253
  ],
  "freq_entropy": [
    9.216011047363281,
    9.210203170776367
  ]
}