{
  "dominant_freq": [
    0.47951999999999995,
    0.29587404255319144
  ],
  "amp_mean_x": [
    0.21636028587818146,
    0.22124597430229187
  ],
  "amp_mean_y": [
    0.38681307435035706,
    0.40416258573532104
  ],
  "symmetry_ratio": [
    0.5593406558036804,
    0.5474182367324829
  ],
  "energy_distribution": [
    0.23816367983818054,
    0.29876577854156494
  ],
  "motion_stability": [
    1.1688405275344849,
    1.0870229005813599
  ],
  "freq_entropy": [
    10.207709312438965,
    10.147668838500977
  ]
}