{
  "dominant_freq": [
    1.9714285714285715,
    0.11142857142857143
  ],
  "amp_mean_x": [
    0.05004672333598137,
    0.06370395421981812
  ],
  "amp_mean_y": [
    0.2282610833644867,
    0.27687597274780273
  ],
  "symmetry_ratio": [
    0.2192521095275879,
    0.2300812005996704
  ],
  "energy_distribution": [
    0.6434779167175293,
    0.6286566257476807
  ],
  "motion_stability": [
    4.690755844116211,
    5.180152416229248
  ],
  "freq_entropy": [
    8.944137573242188,
    8.734126091003418
  ]
}