{
  "dominant_freq": [
    0.48000000000000004,
    0.31578947368421056,
    2.2231578947368424
  ],
  "amp_mean_x": [
    0.16391903162002563,
    0.2519987225532532,
    0.3298926055431366
  ],
  "amp_mean_y": [
    0.16441218554973602,
    0.22184446454048157,
    0.27247464656829834
  ],
  "symmetry_ratio": [
    0.997000515460968,
    1.1359251737594604,
    1.2107276916503906
  ],
  "energy_distribution": [
    0.2857566773891449,
    0.351421982049942,
    0.19605837762355804
  ],
  "motion_stability": [
    1.4873626232147217,
    3.081472396850586,
    2.3365652561187744
  ],
  "freq_entropy": [
    8.710272789001465,
    9.073603630065918,
    9.063775062561035
  ]
}