{
  "dominant_freq": [
    0.472027972027972,
    4.742848673484512
  ],
  "amp_mean_x": [
    0.22335781157016754,
    1.9909480810165405
  ],
  "amp_mean_y": [
    0.2955746352672577,
    2.627244234085083
  ],
  "symmetry_ratio": [
    0.7556731104850769,
    0.7578085064888
  ],
  "energy_distribution": [
    0.25035345554351807,
    0.22194364666938782
  ],
  "motion_stability": [
    1.7647368907928467,
    3.324409008026123
  ],
  "freq_entropy": [
    9.597892761230469,
    9.684581756591797
  ]
}