{
  "dominant_freq": [
    0.11139671193709791,
    2.862038598999285
  ],
  "amp_mean_x": [
    0.4232374131679535,
    0.6159442663192749
  ],
  "amp_mean_y": [
    0.7980315685272217,
    1.1538299322128296
  ],
  "symmetry_ratio": [
    0.5303516983985901,
    0.5338258743286133
  ],
  "energy_distribution": [
    0.3390241265296936,
    0.18163934350013733
  ],
  "motion_stability": [
    3.44561767578125,
    2.547579288482666
  ],
  "freq_entropy": [
    9.646282196044922,
    9.556681632995605
  ]
}