{
  "dominant_freq": [
    0.2776168421052631,
    3.886635789473684,
    0.6814231578947367
  ],
  "amp_mean_x": [
    0.09996946901082993,
    0.23025065660476685,
    0.12555274367332458
  ],
  "amp_mean_y": [
    0.15893056988716125,
    0.2370481789112091,
    0.08504265546798706
  ],
  "symmetry_ratio": [
    0.6290134787559509,
    0.9713243246078491,
    1.47635018825531
  ],
  "energy_distribution": [
    0.2621029317378998,
    0.19338443875312805,
    0.2624196410179138
  ],
  "motion_stability": [
    3.514066696166992,
    2.392629623413086,
    1.8120393753051758
  ],
  "freq_entropy": [
    9.135614395141602,
    8.982290267944336,
    9.008111953735352
  ]
}