{
  "dominant_freq": [
    5.530933103150625,
    7.1405892399658395
  ],
  "amp_mean_x": [
    0.9593552947044373,
    1.266760230064392
  ],
  "amp_mean_y": [
    2.6209027767181396,
    1.904756784439087
  ],
  "symmetry_ratio": [
    0.36604002118110657,
    0.6650509238243103
  ],
  "energy_distribution": [
    0.18269607424736023,
    0.1634446233510971
  ],
  "motion_stability": [
    2.902963638305664,
    2.7844901084899902
  ],
  "freq_entropy": [
    10.323643684387207,
    10.302732467651367
  ]
}