{
  "dominant_freq": [
    0.5692307692307692,
    3.8655030800821355
  ],
  "amp_mean_x": [
    0.04497029632329941,
    0.32222145795822144
  ],
  "amp_mean_y": [
    0.09152379631996155,
    1.486694097518921
  ],
  "symmetry_ratio": [
    0.49135085940361023,
    0.21673689782619476
  ],
  "energy_distribution": [
    0.24305717647075653,
    0.19879357516765594
  ],
  "motion_stability": [
    1.6676335334777832,
    2.7446179389953613
  ],
  "freq_entropy": [
    9.608668327331543,
    9.722518920898438
  ]
}