{
  "dominant_freq": [
    1.804566210045662,
    1.34590616375345
  ],
  "amp_mean_x": [
    1.230059266090393,
    1.7445484399795532
  ],
  "amp_mean_y": [
    2.3154492378234863,
    2.32121205329895
  ],
  "symmetry_ratio": [
    0.5312399864196777,
    0.7515679001808167
  ],
  "energy_distribution": [
    0.22645612061023712,
    0.24964556097984314
  ],
  "motion_stability": [
    2.5524120330810547,
    3.4407758712768555
  ],
  "freq_entropy": [
    9.492865562438965,
    9.065319061279297
  ]
}