{
  "dominant_freq": [
    0.8060017021276595,
    0.45911489361702124
  ],
  "amp_mean_x": [
    0.5913135409355164,
    0.4263644814491272
  ],
  "amp_mean_y": [
    0.861847996711731,
    0.5829669833183289
  ],
  "symmetry_ratio": [
    0.6860995888710022,
    0.7313698530197144
  ],
  "energy_distribution": [
    0.22210387885570526,
    0.20277418196201324
  ],
  "motion_stability": [
    2.537844181060791,
    1.5095924139022827
  ],
  "freq_entropy": [
    10.323081970214844,
    10.246758460998535
  ]
}