{
  "dominant_freq": [
    0.10127138331573389,
    2.699200845665962,
    0.12658922914466736
  ],
  "amp_mean_x": [
    0.8308855891227722,
    0.6978780627250671,
    0.5896948575973511
  ],
  "amp_mean_y": [
    0.7461222410202026,
    0.7486207485198975,
    0.8013818264007568
  ],
  "symmetry_ratio": [
    1.1136051416397095,
    0.9322184324264526,
    0.735847532749176
  ],
  "energy_distribution": [
    0.548588752746582,
    0.27001073956489563,
    0.25531017780303955
  ],
  "motion_stability": [
    3.8276596069335938,
    2.2184267044067383,
    1.8180686235427856
  ],
  "freq_entropy": [
    7.992354393005371,
    8.534955024719238,
    8.932489395141602
  ]
}