{
  "dominant_freq": [
    0.11988,
    2.9605297065139586
  ],
  "amp_mean_x": [
    0.40528956055641174,
    0.7288399934768677
  ],
  "amp_mean_y": [
    0.40366944670677185,
    0.6788268089294434
  ],
  "symmetry_ratio": [
    1.0040134191513062,
    1.0736758708953857
  ],
  "energy_distribution": [
    0.2905046045780182,
    0.3196371793746948
  ],
  "motion_stability": [
    2.403960704803467,
    2.9180164337158203
  ],
  "freq_entropy": [
    9.341079711914062,
    9.07918930053711
  ]
}