{
  "dominant_freq": [
    2.53446088794926,
    1.0358440463645942,
    2.1474815595363537
  ],
  "amp_mean_x": [
    0.42819949984550476,
    0.3075937032699585,
    0.10820841789245605
  ],
  "amp_mean_y": [
    0.6178017854690552,
    0.5081413984298706,
    0.15665017068386078
  ],
  "symmetry_ratio": [
    0.6931017637252808,
    0.6053309440612793,
    0.6907647848129272
  ],
  "energy_distribution": [
    0.22151267528533936,
    0.27384498715400696,
    0.1737716943025589
  ],
  "motion_stability": [
    3.2090630531311035,
    2.4877240657806396,
    1.9630489349365234
  ],
  "freq_entropy": [
    9.00460433959961,
    9.012466430664062,
    9.065034866333008
  ]
}