{
  "dominant_freq": [
    0.1643598971722365,
    0.2774762108872696
  ],
  "amp_mean_x": [
    1.5578913688659668,
    1.7015918493270874
  ],
  "amp_mean_y": [
    2.2974565029144287,
    1.7698866128921509
  ],
  "symmetry_ratio": [
    0.6780939698219299,
    0.9614129066467285
  ],
  "energy_distribution": [
    0.2386145442724228,
    0.34143704175949097
  ],
  "motion_stability": [
    2.495008945465088,
    2.6645164489746094
  ],
  "freq_entropy": [
    10.289260864257812,
    9.677360534667969
  ]
}