{
  "dominant_freq": [
    0.12512512512512514,
    0.3125
  ],
  "amp_mean_x": [
    0.09187664836645126,
    0.1099836528301239
  ],
  "amp_mean_y": [
    0.1783880740404129,
    0.1176399514079094
  ],
  "symmetry_ratio": [
    0.5150380730628967,
    0.9349175095558167
  ],
  "energy_distribution": [
    0.38474276661872864,
    0.24843814969062805
  ],
  "motion_stability": [
    2.204732894897461,
    1.296804428100586
  ],
  "freq_entropy": [
    8.650218963623047,
    8.830079078674316
  ]
}