{
  "dominant_freq": [
    1.6834212765957446,
    0.10206896551724137,
    5.514479999999999
  ],
  "amp_mean_x": [
    0.1563510298728943,
    0.23268550634384155,
    0.2691821753978729
  ],
  "amp_mean_y": [
    0.2674890160560608,
    0.4431232810020447,
    0.5258172154426575
  ],
  "symmetry_ratio": [
    0.5845138430595398,
    0.5251033306121826,
    0.5119310617446899
  ],
  "energy_distribution": [
    0.22058987617492676,
    0.21067216992378235,
    0.23411864042282104
  ],
  "motion_stability": [
    1.4407144784927368,
    2.9670400619506836,
    2.9262518882751465
  ],
  "freq_entropy": [
    10.26414966583252,
    10.582961082458496,
    10.337435722351074
  ]
}