{
  "dominant_freq": [
    0.4744187234042553,
    0.4540136170212765
  ],
  "amp_mean_x": [
    0.2624132037162781,
    0.3150709867477417
  ],
  "amp_mean_y": [
    0.1582908034324646,
    0.2211086004972458
  ],
  "symmetry_ratio": [
    1.6577918529510498,
    1.4249603748321533
  ],
  "energy_distribution": [
    0.3379025161266327,
    0.25534960627555847
  ],
  "motion_stability": [
    1.7416410446166992,
    1.405653715133667
  ],
  "freq_entropy": [
    9.742515563964844,
    10.095157623291016
  ]
}