{
  "dominant_freq": [
    0.29023578947368417,
    0.29023578947368417,
    1.7659741935483868
  ],
  "amp_mean_x": [
    0.1663835644721985,
    0.1165505200624466,
    2.198113441467285
  ],
  "amp_mean_y": [
    0.10644559562206268,
    0.10727550089359283,
    5.6678643226623535
  ],
  "symmetry_ratio": [
    1.5630854368209839,
    1.086459755897522,
    0.38782039284706116
  ],
  "energy_distribution": [
    0.3111116588115692,
    0.31312867999076843,
    0.20872750878334045
  ],
  "motion_stability": [
    1.1285350322723389,
    1.227522611618042,
    2.1824653148651123
  ],
  "freq_entropy": [
    8.721308708190918,
    8.800989151000977,
    8.970602035522461
  ]
}