{
  "dominant_freq": [
    0.5348497656189964,
    5.07185122569738
  ],
  "amp_mean_x": [
    0.17693737149238586,
    0.3515916168689728
  ],
  "amp_mean_y": [
    0.3214159309864044,
    0.2592233419418335
  ],
  "symmetry_ratio": [
    0.5504934787750244,
    1.356326937675476
  ],
  "energy_distribution": [
    0.22299131751060486,
    0.12705102562904358
  ],
  "motion_stability": [
    1.4930968284606934,
    2.6145811080932617
  ],
  "freq_entropy": [
    9.301187515258789,
    9.641942024230957
  ]
}