{
  "dominant_freq": [
    4.7952,
    0.11988
  ],
  "amp_mean_x": [
    0.01898321695625782,
    0.05573645606637001
  ],
  "amp_mean_y": [
    0.042408544570207596,
    0.2574956715106964
  ],
  "symmetry_ratio": [
    0.4476271867752075,
    0.21645589172840118
  ],
  "energy_distribution": [
    0.23636049032211304,
    0.46245649456977844
  ],
  "motion_stability": [
    1.4576958417892456,
    7.366119384765625
  ],
  "freq_entropy": [
    9.457900047302246,
    9.3919095993042
  ]
}