{
  "dominant_freq": [
    2.183077894736842,
    0.4669010526315789,
    0.27761684210526316
  ],
  "amp_mean_x": [
    0.02832123264670372,
    0.09901285171508789,
    0.04270961135625839
  ],
  "amp_mean_y": [
    0.04820815101265907,
    0.3744593858718872,
    0.1663370430469513
  ],
  "symmetry_ratio": [
    0.5874781012535095,
    0.2644154727458954,
    0.2567654848098755
  ],
  "energy_distribution": [
    0.18773943185806274,
    0.2416427731513977,
    0.24147266149520874
  ],
  "motion_stability": [
    1.30849289894104,
    1.3060293197631836,
    1.7180860042572021
  ],
  "freq_entropy": [
    8.854988098144531,
    8.906229019165039,
    8.97514820098877
  ]
}