{
  "dominant_freq": [
    1.990596505051657,
    4.377844377844378
  ],
  "amp_mean_x": [
    0.9601189494132996,
    0.49138233065605164
  ],
  "amp_mean_y": [
    0.6937401294708252,
    0.5860011577606201
  ],
  "symmetry_ratio": [
    1.3839749097824097,
    0.8385347723960876
  ],
  "energy_distribution": [
    0.19269411265850067,
    0.2171681672334671
  ],
  "motion_stability": [
    2.524235248565674,
    1.6883240938186646
  ],
  "freq_entropy": [
    9.51744270324707,
    9.480974197387695
  ]
}