{
  "dominant_freq": [
    0.10383726278052827,
    0.10898192716374534,
    0.1093131792219938,
    1.4518530510001724
  ],
  "amp_mean_x": [
    1.080401062965393,
    0.2507919669151306,
    0.9821996688842773,
    0.5385337471961975
  ],
  "amp_mean_y": [
    1.9392378330230713,
    0.3670724034309387,
    1.4677380323410034,
    1.1077522039413452
  ],
  "symmetry_ratio": [
    0.5571266412734985,
    0.6832220554351807,
    0.6691927909851074,
    0.48615002632141113
  ],
  "energy_distribution": [
    0.32563161849975586,
    0.2838662266731262,
    0.5322068333625793,
    0.24156944453716278
  ],
  "motion_stability": [
    4.199949741363525,
    3.6393728256225586,
    4.314775466918945,
    2.4805405139923096
  ],
  "freq_entropy": [
    9.642234802246094,
    9.569236755371094,
    9.69392204284668,
    10.309024810791016
  ]
}