{
  "dominant_freq": [
    2.271412797728587,
    0.10095167989904831,
    2.2335559177664437
  ],
  "amp_mean_x": [
    0.31171661615371704,
    0.34009402990341187,
    0.4581340551376343
  ],
  "amp_mean_y": [
    0.43470534682273865,
    0.49439737200737,
    0.5172010064125061
  ],
  "symmetry_ratio": [
    0.7170756459236145,
    0.6878961324691772,
    0.885794997215271
  ],
  "energy_distribution": [
    0.23226168751716614,
    0.3623615801334381,
    0.1958196610212326
  ],
  "motion_stability": [
    2.3676419258117676,
    1.6261231899261475,
    2.2492456436157227
  ],
  "freq_entropy": [
    9.028570175170898,
    8.794607162475586,
    8.974599838256836
  ]
}