{
  "dominant_freq": [
    0.615,
    0.6
  ],
  "amp_mean_x": [
    0.1977018266916275,
    0.20675501227378845
  ],
  "amp_mean_y": [
    0.38423991203308105,
    0.30637291073799133
  ],
  "symmetry_ratio": [
    0.5145270228385925,
    0.6748475432395935
  ],
  "energy_distribution": [
    0.22083240747451782,
    0.20981808006763458
  ],
  "motion_stability": [
    1.6219724416732788,
    1.8965305089950562
  ],
  "freq_entropy": [
    10.30816650390625,
    10.283803939819336
  ]
}