{
  "dominant_freq": [
    0.21944827586206894,
    0.27546893617021273,
    0.9437361702127658
  ],
  "amp_mean_x": [
    0.29093632102012634,
    0.13247571885585785,
    0.18011914193630219
  ],
  "amp_mean_y": [
    0.5999940633773804,
    0.2930547297000885,
    0.24767640233039856
  ],
  "symmetry_ratio": [
    0.4848986566066742,
    0.4520511329174042,
    0.7272357940673828
  ],
  "energy_distribution": [
    0.29668760299682617,
    0.2705216407775879,
    0.2113211750984192
  ],
  "motion_stability": [
    2.146512985229492,
    1.3845309019088745,
    1.228773832321167
  ],
  "freq_entropy": [
    10.242025375366211,
    9.975818634033203,
    10.233593940734863
  ]
}