{
  "dominant_freq": [
    2.2088549748124215,
    0.3213807469126618
  ],
  "amp_mean_x": [
    0.1223829910159111,
    0.1605965793132782
  ],
  "amp_mean_y": [
    0.19851677119731903,
    0.33933380246162415
  ],
  "symmetry_ratio": [
    0.6164869070053101,
    0.4732702076435089
  ],
  "energy_distribution": [
    0.19639261066913605,
    0.21662849187850952
  ],
  "motion_stability": [
    2.471311569213867,
    1.5903046131134033
  ],
  "freq_entropy": [
    10.332934379577637,
    10.234051704406738
  ]
}