{
  "dominant_freq": [
    0.1461951219512195,
    0.48808285714285715
  ],
  "amp_mean_x": [
    0.9576650857925415,
    0.8982470631599426
  ],
  "amp_mean_y": [
    1.1365846395492554,
    0.3708939552307129
  ],
  "symmetry_ratio": [
    0.8425813913345337,
    2.4218432903289795
  ],
  "energy_distribution": [
    0.2586808502674103,
    0.18815894424915314
  ],
  "motion_stability": [
    2.7414040565490723,
    0.9567980170249939
  ],
  "freq_entropy": [
    9.53524112701416,
    9.521736145019531
  ]
}