{
  "dominant_freq": [
    0.7991999999999999,
    2.1899936642027455,
    4.863414120126447
  ],
  "amp_mean_x": [
    0.6972090601921082,
    0.4503001272678375,
    0.4034627079963684
  ],
  "amp_mean_y": [
    0.925171971321106,
    0.46302157640457153,
    0.703497588634491
  ],
  "symmetry_ratio": [
    0.7535994052886963,
    0.9725251197814941,
    0.5735097527503967
  ],
  "energy_distribution": [
    0.24463540315628052,
    0.21752013266086578,
    0.19661715626716614
  ],
  "motion_stability": [
    5.238803386688232,
    1.9171770811080933,
    2.8806650638580322
  ],
  "freq_entropy": [
    9.117317199707031,
    9.029647827148438,
    9.09002685546875
  ]
}