{
  "dominant_freq": [
    0.8425309630128908,
    0.41249073507138023
  ],
  "amp_mean_x": [
    1.7050377130508423,
    2.019196033477783
  ],
  "amp_mean_y": [
    3.4517743587493896,
    4.448667049407959
  ],
  "symmetry_ratio": [
    0.49395978450775146,
    0.4538878798484802
  ],
  "energy_distribution": [
    0.2868577539920807,
    0.27142077684402466
  ],
  "motion_stability": [
    2.131889820098877,
    2.1705193519592285
  ],
  "freq_entropy": [
    9.045831680297852,
    8.929132461547852
  ]
}