{
  "dominant_freq": [
    0.472,
    2.152
  ],
  "amp_mean_x": [
    0.1088089793920517,
    0.11171255260705948
  ],
  "amp_mean_y": [
    0.10428924858570099,
    0.09730743616819382
  ],
  "symmetry_ratio": [
    1.043338418006897,
    1.1480371952056885
  ],
  "energy_distribution": [
    0.2646333575248718,
    0.11877806484699249
  ],
  "motion_stability": [
    2.32133150100708,
    4.037400245666504
  ],
  "freq_entropy": [
    9.56903076171875,
    9.830642700195312
  ]
}