{
  "dominant_freq": [
    0.26972999999999997,
    0.15793475533249685
  ],
  "amp_mean_x": [
    0.2096344232559204,
    0.4809221029281616
  ],
  "amp_mean_y": [
    0.3505270779132843,
    1.4040472507476807
  ],
  "symmetry_ratio": [
    0.5980548858642578,
    0.34252557158470154
  ],
  "energy_distribution": [
    0.286316454410553,
    0.3139081597328186
  ],
  "motion_stability": [
    3.3939712047576904,
    3.098423957824707
  ],
  "freq_entropy": [
    9.791749000549316,
    9.643475532531738
  ]
}