{
  "dominant_freq": [
    0.11380400421496312,
    4.911983032873807,
    4.441145281018028
  ],
  "amp_mean_x": [
    0.21402904391288757,
    0.16987133026123047,
    0.23944036662578583
  ],
  "amp_mean_y": [
    0.48890918493270874,
    0.457917183637619,
    0.3893599510192871
  ],
  "symmetry_ratio": [
    0.43776851892471313,
    0.3709651827812195,
    0.6149588823318481
  ],
  "energy_distribution": [
    0.17665664851665497,
    0.3744260370731354,
    0.18238641321659088
  ],
  "motion_stability": [
    2.65678334236145,
    3.5527708530426025,
    2.536339282989502
  ],
  "freq_entropy": [
    9.011260032653809,
    8.954151153564453,
    9.014768600463867
  ]
}