{
  "dominant_freq": [
    3.562292939936775,
    3.072873417721519,
    2.511170526315789
  ],
  "amp_mean_x": [
    0.5642205476760864,
    0.6307355761528015,
    0.49421900510787964
  ],
  "amp_mean_y": [
    1.26236093044281,
    1.2911601066589355,
    1.0746759176254272
  ],
  "symmetry_ratio": [
    0.446956604719162,
    0.48850297927856445,
    0.45987725257873535
  ],
  "energy_distribution": [
    0.26620543003082275,
    0.22726042568683624,
    0.23007097840309143
  ],
  "motion_stability": [
    1.6839063167572021,
    1.5842469930648804,
    2.032414674758911
  ],
  "freq_entropy": [
    8.983464241027832,
    9.017987251281738,
    9.01165771484375
  ]
}