{
  "dominant_freq": [
    4.566666666666666,
    3.2688458972648435
  ],
  "amp_mean_x": [
    0.26900067925453186,
    0.3098808526992798
  ],
  "amp_mean_y": [
    0.39506810903549194,
    0.5703468918800354
  ],
  "symmetry_ratio": [
    0.6808969974517822,
    0.5433199405670166
  ],
  "energy_distribution": [
    0.3004226088523865,
    0.20812779664993286
  ],
  "motion_stability": [
    2.1125268936157227,
    1.8422530889511108
  ],
  "freq_entropy": [
    9.328917503356934,
    9.343517303466797
  ]
}