{
  "dominant_freq": [
    0.13895468914646994,
    2.8771199999999997,
    0.12618947368421052
  ],
  "amp_mean_x": [
    0.2777254581451416,
    0.1440918892621994,
    0.2213972508907318
  ],
  "amp_mean_y": [
    0.26314374804496765,
    0.2241293489933014,
    0.3549836277961731
  ],
  "symmetry_ratio": [
    1.0554134845733643,
    0.6428961157798767,
    0.623682975769043
  ],
  "energy_distribution": [
    0.45938166975975037,
    0.2672497630119324,
    0.22199855744838715
  ],
  "motion_stability": [
    1.8681738376617432,
    1.8627958297729492,
    1.602733850479126
  ],
  "freq_entropy": [
    8.490564346313477,
    8.900453567504883,
    9.060068130493164
  ]
}