{
  "dominant_freq": [
    0.11554710349891073,
    0.4513133924898631,
    1.201628560119126
  ],
  "amp_mean_x": [
    0.7644962072372437,
    0.36738914251327515,
    0.182109072804451
  ],
  "amp_mean_y": [
    1.9401155710220337,
    0.6803873181343079,
    0.5598689913749695
  ],
  "symmetry_ratio": [
    0.39404672384262085,
    0.5399705767631531,
    0.3252708613872528
  ],
  "energy_distribution": [
    0.28205445408821106,
    0.22133922576904297,
    0.2718800902366638
  ],
  "motion_stability": [
    4.024828910827637,
    1.751002311706543,
    1.1832489967346191
  ],
  "freq_entropy": [
    8.819847106933594,
    8.804535865783691,
    8.735433578491211
  ]
}