{
  "dominant_freq": [
    6.057847464848743,
    1.6171046808510636,
    0.4846212765957446
  ],
  "amp_mean_x": [
    0.43601587414741516,
    0.3994757831096649,
    0.11933750659227371
  ],
  "amp_mean_y": [
    0.7303104400634766,
    0.49948132038116455,
    0.2396937906742096
  ],
  "symmetry_ratio": [
    0.5970281362533569,
    0.7997812032699585,
    0.49787482619285583
  ],
  "energy_distribution": [
    0.18136413395404816,
    0.19385483860969543,
    0.22006970643997192
  ],
  "motion_stability": [
    4.982635498046875,
    2.2836318016052246,
    1.4957174062728882
  ],
  "freq_entropy": [
    10.368021965026855,
    10.239714622497559,
    10.270421981811523
  ]
}