{
  "dominant_freq": [
    3.6216378947368417,
    1.8097516059957173,
    4.807885714285714
  ],
  "amp_mean_x": [
    0.5050487518310547,
    1.071927547454834,
    1.4764325618743896
  ],
  "amp_mean_y": [
    0.2458147406578064,
    0.9384320378303528,
    0.6013538241386414
  ],
  "symmetry_ratio": [
    2.054590940475464,
    1.1422537565231323,
    2.455181121826172
  ],
  "energy_distribution": [
    0.4957922697067261,
    0.2266443371772766,
    0.5693808197975159
  ],
  "motion_stability": [
    1.9463025331497192,
    3.6790027618408203,
    5.798436164855957
  ],
  "freq_entropy": [
    8.609567642211914,
    9.058067321777344,
    8.083142280578613
  ]
}