{
  "dominant_freq": [
    6.4121860465116285,
    1.7125714285714282
  ],
  "amp_mean_x": [
    1.2095824480056763,
    1.5415574312210083
  ],
  "amp_mean_y": [
    1.9726479053497314,
    1.7093409299850464
  ],
  "symmetry_ratio": [
    0.6131770610809326,
    0.9018431901931763
  ],
  "energy_distribution": [
    0.2102472186088562,
    0.2503596246242523
  ],
  "motion_stability": [
    3.3257954120635986,
    4.521780014038086
  ],
  "freq_entropy": [
    9.569851875305176,
    9.473249435424805
  ]
}