{
  "dominant_freq": [
    0.2906181818181818,
    7.216775999999999,
    1.7502479999999998,
    0.9590399999999999,
    0.9590399999999999
  ],
  "amp_mean_x": [
    0.3186591863632202,
    0.2800641655921936,
    0.33648717403411865,
    0.20754413306713104,
    0.32384392619132996
  ],
  "amp_mean_y": [
    0.6757187247276306,
    0.5223844051361084,
    0.7187856435775757,
    0.3951769769191742,
    0.5973991751670837
  ],
  "symmetry_ratio": [
    0.47158554196357727,
    0.5361265540122986,
    0.4681328535079956,
    0.5251928567886353,
    0.5420897006988525
  ],
  "energy_distribution": [
    0.24943329393863678,
    0.22074133157730103,
    0.1960442066192627,
    0.21117228269577026,
    0.19365939497947693
  ],
  "motion_stability": [
    1.7136530876159668,
    1.2529237270355225,
    1.6478172540664673,
    1.4298875331878662,
    1.0585064888000488
  ],
  "freq_entropy": [
    7.983127593994141,
    8.072571754455566,
    8.074373245239258,
    7.958621501922607,
    8.048922538757324
  ]
}