{
  "dominant_freq": [
    0.9500000000000001,
    0.7906588824020018
  ],
  "amp_mean_x": [
    0.270769864320755,
    0.30803778767585754
  ],
  "amp_mean_y": [
    0.5587212443351746,
    0.6213111877441406
  ],
  "symmetry_ratio": [
    0.4846242368221283,
    0.4957866370677948
  ],
  "energy_distribution": [
    0.21410833299160004,
    0.20935499668121338
  ],
  "motion_stability": [
    1.6911466121673584,
    1.3721389770507812
  ],
  "freq_entropy": [
    10.388338088989258,
    10.273231506347656
  ]
}