{
  "dominant_freq": [
    0.9942857142857143,
    2.1428571428571432,
    0.48000000000000004,
    0.15517241379310345
  ],
  "amp_mean_x": [
    0.03525342419743538,
    0.14738616347312927,
    0.054996270686388016,
    0.2298426330089569
  ],
  "amp_mean_y": [
    0.06936073303222656,
    0.337770938873291,
    0.2508397698402405,
    0.5585768222808838
  ],
  "symmetry_ratio": [
    0.5082619786262512,
    0.43634945154190063,
    0.21924860775470734,
    0.41147899627685547
  ],
  "energy_distribution": [
    0.21571771800518036,
    0.18493951857089996,
    0.20262889564037323,
    0.3435141146183014
  ],
  "motion_stability": [
    3.034241199493408,
    3.911452293395996,
    6.919482707977295,
    3.3279268741607666
  ],
  "freq_entropy": [
    8.775287628173828,
    8.5696439743042,
    8.684030532836914,
    8.26551342010498
  ]
}