{
  "dominant_freq": [
    2.9113743399457688,
    0.4795204795204795
  ],
  "amp_mean_x": [
    0.24864502251148224,
    0.33281975984573364
  ],
  "amp_mean_y": [
    0.2444903403520584,
    0.3288576304912567
  ],
  "symmetry_ratio": [
    1.0169932842254639,
    1.0120481252670288
  ],
  "energy_distribution": [
    0.22300943732261658,
    0.4209464192390442
  ],
  "motion_stability": [
    1.4884707927703857,
    1.8512921333312988
  ],
  "freq_entropy": [
    9.857630729675293,
    9.311328887939453
  ]
}