{
  "dominant_freq": [
    0.41481010339141833,
    0.11353261460880917,
    1.1468192067208607
  ],
  "amp_mean_x": [
    1.2003729343414307,
    0.8309296369552612,
    1.6624895334243774
  ],
  "amp_mean_y": [
    2.937001943588257,
    1.1158427000045776,
    2.1793203353881836
  ],
  "symmetry_ratio": [
    0.4087069034576416,
    0.7446655631065369,
    0.7628477215766907
  ],
  "energy_distribution": [
    0.24569106101989746,
    0.25276973843574524,
    0.2279033362865448
  ],
  "motion_stability": [
    3.916625499725342,
    3.7384238243103027,
    3.4469146728515625
  ],
  "freq_entropy": [
    10.270805358886719,
    10.391838073730469,
    10.195880889892578
  ]
}