{
  "dominant_freq": [
    4.916431882724018,
    0.15344655344655345
  ],
  "amp_mean_x": [
    0.1550549566745758,
    0.18452315032482147
  ],
  "amp_mean_y": [
    0.3439069092273712,
    0.266292542219162
  ],
  "symmetry_ratio": [
    0.45086315274238586,
    0.692933976650238
  ],
  "energy_distribution": [
    0.3217572271823883,
    0.2637794017791748
  ],
  "motion_stability": [
    4.364849090576172,
    2.485995054244995
  ],
  "freq_entropy": [
    9.179866790771484,
    9.43729305267334
  ]
}