{
  "dominant_freq": [
    3.701052631578948,
    0.1136842105263158,
    3.5621052631578953
  ],
  "amp_mean_x": [
    0.31835609674453735,
    0.3274919092655182,
    0.13999097049236298
  ],
  "amp_mean_y": [
    0.5006886124610901,
    0.30760034918785095,
    0.38871198892593384
  ],
  "symmetry_ratio": [
    0.6358364820480347,
    1.0646668672561646,
    0.3601405918598175
  ],
  "energy_distribution": [
    0.34307849407196045,
    0.30297818779945374,
    0.31030842661857605
  ],
  "motion_stability": [
    1.7878340482711792,
    1.1026686429977417,
    0.8823094367980957
  ],
  "freq_entropy": [
    8.969759941101074,
    8.760429382324219,
    8.791614532470703
  ]
}