{
  "dominant_freq": [
    0.1009515789473684,
    2.4102189473684206,
    7.20541894736842
  ],
  "amp_mean_x": [
    0.2922213077545166,
    0.2965523302555084,
    0.08159799873828888
  ],
  "amp_mean_y": [
    0.33381253480911255,
    0.1578427255153656,
    0.14423590898513794
  ],
  "symmetry_ratio": [
    0.8754054307937622,
    1.8787835836410522,
    0.5657259821891785
  ],
  "energy_distribution": [
    0.6543817520141602,
    0.4046904444694519,
    0.21057572960853577
  ],
  "motion_stability": [
    2.8075389862060547,
    2.247389316558838,
    1.9675798416137695
  ],
  "freq_entropy": [
    7.602993965148926,
    8.633854866027832,
    9.010604858398438
  ]
}