{
  "dominant_freq": [
    0.11,
    0.115,
    0.15519399249061328
  ],
  "amp_mean_x": [
    0.3832968771457672,
    0.44898122549057007,
    0.5140067338943481
  ],
  "amp_mean_y": [
    0.6165100336074829,
    1.189667820930481,
    0.9542384743690491
  ],
  "symmetry_ratio": [
    0.6217204332351685,
    0.3774004876613617,
    0.53865647315979
  ],
  "energy_distribution": [
    0.2860232889652252,
    0.33273178339004517,
    0.2731694281101227
  ],
  "motion_stability": [
    2.0850412845611572,
    1.2544300556182861,
    1.7295198440551758
  ],
  "freq_entropy": [
    10.187286376953125,
    10.087486267089844,
    10.265457153320312
  ]
}