{
  "dominant_freq": [
    2.1407164264307124,
    4.846581989439133,
    7.706579135150564,
    0.7535321821036107
  ],
  "amp_mean_x": [
    0.049522172659635544,
    0.040559884160757065,
    0.05864831805229187,
    0.02186567895114422
  ],
  "amp_mean_y": [
    0.12871654331684113,
    0.06557907909154892,
    0.13285328447818756,
    0.03730599209666252
  ],
  "symmetry_ratio": [
    0.3847382068634033,
    0.6184881925582886,
    0.4414517879486084,
    0.5861170887947083
  ],
  "energy_distribution": [
    0.26991036534309387,
    0.24548795819282532,
    0.18617656826972961,
    0.31933245062828064
  ],
  "motion_stability": [
    1.4964792728424072,
    1.63948392868042,
    7.032875061035156,
    1.2374260425567627
  ],
  "freq_entropy": [
    8.389215469360352,
    8.51032829284668,
    8.681682586669922,
    8.387282371520996
  ]
}