{
  "dominant_freq": [
    0.4699300699300699,
    4.392407592407593
  ],
  "amp_mean_x": [
    0.2317809760570526,
    0.2742249369621277
  ],
  "amp_mean_y": [
    0.17483237385749817,
    0.21552985906600952
  ],
  "symmetry_ratio": [
    1.3257325887680054,
    1.2723292112350464
  ],
  "energy_distribution": [
    0.19018861651420593,
    0.19447340071201324
  ],
  "motion_stability": [
    1.755544662475586,
    1.5145995616912842
  ],
  "freq_entropy": [
    9.329219818115234,
    9.389925003051758
  ]
}