{
  "dominant_freq": [
    2.6161129840059605,
    0.11081355619170746
  ],
  "amp_mean_x": [
    0.7127228379249573,
    0.9619032144546509
  ],
  "amp_mean_y": [
    0.49029475450515747,
    0.8162611126899719
  ],
  "symmetry_ratio": [
    1.4536619186401367,
    1.178425908088684
  ],
  "energy_distribution": [
    0.264716774225235,
    0.36292764544487
  ],
  "motion_stability": [
    3.8798465728759766,
    3.809769630432129
  ],
  "freq_entropy": [
    9.310163497924805,
    9.148216247558594
  ]
}