{
  "dominant_freq": [
    4.305012711864407,
    3.658428722280887,
    2.28402947368421
  ],
  "amp_mean_x": [
    0.45411911606788635,
    1.1251261234283447,
    0.37910857796669006
  ],
  "amp_mean_y": [
    0.8433422446250916,
    1.0649465322494507,
    0.7002909183502197
  ],
  "symmetry_ratio": [
    0.5384754538536072,
    1.0565094947814941,
    0.5413587093353271
  ],
  "energy_distribution": [
    0.26081937551498413,
    0.3194391131401062,
    0.18369360268115997
  ],
  "motion_stability": [
    1.945626974105835,
    3.645115375518799,
    4.584991455078125
  ],
  "freq_entropy": [
    9.031309127807617,
    8.205572128295898,
    9.217391967773438
  ]
}