{
  "dominant_freq": [
    0.3063603063603063,
    0.28003142574888956,
    1.0522810522810524
  ],
  "amp_mean_x": [
    0.198909193277359,
    0.31436824798583984,
    0.5118054747581482
  ],
  "amp_mean_y": [
    0.25124064087867737,
    0.5128392577171326,
    0.5433627367019653
  ],
  "symmetry_ratio": [
    0.7917078733444214,
    0.6129956841468811,
    0.9419223070144653
  ],
  "energy_distribution": [
    0.18423669040203094,
    0.2959800064563751,
    0.37633830308914185
  ],
  "motion_stability": [
    1.4916980266571045,
    1.1520570516586304,
    2.7737832069396973
  ],
  "freq_entropy": [
    8.891828536987305,
    8.828973770141602,
    8.629463195800781
  ]
}