{
  "dominant_freq": [
    0.12672343876723438,
    3.4218436873747495
  ],
  "amp_mean_x": [
    1.7582350969314575,
    0.40504518151283264
  ],
  "amp_mean_y": [
    2.0765082836151123,
    1.0124907493591309
  ],
  "symmetry_ratio": [
    0.8467267155647278,
    0.40004828572273254
  ],
  "energy_distribution": [
    0.35054752230644226,
    0.33815351128578186
  ],
  "motion_stability": [
    4.4479498863220215,
    2.1770548820495605
  ],
  "freq_entropy": [
    10.038095474243164,
    9.972013473510742
  ]
}