{
  "dominant_freq": [
    0.28125,
    0.9302822925577416
  ],
  "amp_mean_x": [
    0.37438246607780457,
    1.2695778608322144
  ],
  "amp_mean_y": [
    0.3887694776058197,
    2.226811408996582
  ],
  "symmetry_ratio": [
    0.9629934430122375,
    0.5701326131820679
  ],
  "energy_distribution": [
    0.23173941671848297,
    0.29089459776878357
  ],
  "motion_stability": [
    2.2930140495300293,
    3.8571066856384277
  ],
  "freq_entropy": [
    9.362787246704102,
    9.363566398620605
  ]
}