{
  "dominant_freq": [
    0.47095714285714285,
    0.7107171428571428
  ],
  "amp_mean_x": [
    0.045776378363370895,
    0.08125078678131104
  ],
  "amp_mean_y": [
    0.05930713191628456,
    0.14422962069511414
  ],
  "symmetry_ratio": [
    0.7718528509140015,
    0.5633432865142822
  ],
  "energy_distribution": [
    0.22925575077533722,
    0.27160125970840454
  ],
  "motion_stability": [
    1.5499820709228516,
    1.2377355098724365
  ],
  "freq_entropy": [
    9.377123832702637,
    9.218862533569336
  ]
}