{
  "dominant_freq": [
    0.45288045288045287,
    6.34920634920635
  ],
  "amp_mean_x": [
    0.16211920976638794,
    0.2481369525194168
  ],
  "amp_mean_y": [
    0.13870184123516083,
    0.17257924377918243
  ],
  "symmetry_ratio": [
    1.1688324213027954,
    1.4378145933151245
  ],
  "energy_distribution": [
    0.22711075842380524,
    0.11043508350849152
  ],
  "motion_stability": [
    1.8537280559539795,
    2.1187167167663574
  ],
  "freq_entropy": [
    9.444472312927246,
    9.511818885803223
  ]
}