{
  "dominant_freq": [
    2.994854688618468,
    5.748161073825504
  ],
  "amp_mean_x": [
    0.9724990725517273,
    2.415311574935913
  ],
  "amp_mean_y": [
    1.8611387014389038,
    7.417664527893066
  ],
  "symmetry_ratio": [
    0.5225290656089783,
    0.32561618089675903
  ],
  "energy_distribution": [
    0.2599945366382599,
    0.2072523981332779
  ],
  "motion_stability": [
    2.548649311065674,
    2.140117645263672
  ],
  "freq_entropy": [
    9.59404182434082,
    9.51614761352539
  ]
}