{
  "dominant_freq": [
    2.769616026711185,
    0.68
  ],
  "amp_mean_x": [
    0.47860538959503174,
    0.20031985640525818
  ],
  "amp_mean_y": [
    0.7871900796890259,
    0.6687918305397034
  ],
  "symmetry_ratio": [
    0.6079921722412109,
    0.2995249629020691
  ],
  "energy_distribution": [
    0.1800493448972702,
    0.2269039899110794
  ],
  "motion_stability": [
    2.197786331176758,
    1.3325145244598389
  ],
  "freq_entropy": [
    10.335668563842773,
    10.255181312561035
  ]
}