{
  "dominant_freq": [
    4.755020080321285,
    4.828877005347595,
    1.824
  ],
  "amp_mean_x": [
    0.08180701732635498,
    0.17650648951530457,
    0.08251072466373444
  ],
  "amp_mean_y": [
    0.23033638298511505,
    0.13670751452445984,
    0.15985731780529022
  ],
  "symmetry_ratio": [
    0.35516324639320374,
    1.291124939918518,
    0.5161523222923279
  ],
  "energy_distribution": [
    0.19787061214447021,
    0.20601442456245422,
    0.20283931493759155
  ],
  "motion_stability": [
    4.511866092681885,
    5.3310136795043945,
    3.695906162261963
  ],
  "freq_entropy": [
    8.896553039550781,
    8.819066047668457,
    9.054462432861328
  ]
}