{
  "dominant_freq": [
    4.247578330893118,
    1.9636290201944653
  ],
  "amp_mean_x": [
    0.8958795666694641,
    1.8400261402130127
  ],
  "amp_mean_y": [
    3.1043617725372314,
    3.877948045730591
  ],
  "symmetry_ratio": [
    0.288587361574173,
    0.47448447346687317
  ],
  "energy_distribution": [
    0.21568270027637482,
    0.20877838134765625
  ],
  "motion_stability": [
    3.2196786403656006,
    2.4568541049957275
  ],
  "freq_entropy": [
    9.578702926635742,
    9.51071548461914
  ]
}