{
  "dominant_freq": [
    0.10105263157894738,
    0.1136842105263158,
    1.9578947368421056
  ],
  "amp_mean_x": [
    0.23426303267478943,
    0.17935408651828766,
    0.08938780426979065
  ],
  "amp_mean_y": [
    0.24369372427463531,
    0.30667635798454285,
    0.14120689034461975
  ],
  "symmetry_ratio": [
    0.9613010287284851,
    0.5848317742347717,
    0.633027195930481
  ],
  "energy_distribution": [
    0.25811514258384705,
    0.3190963566303253,
    0.199552521109581
  ],
  "motion_stability": [
    2.3251876831054688,
    3.048391342163086,
    3.8350696563720703
  ],
  "freq_entropy": [
    9.03231143951416,
    8.829048156738281,
    9.0626802444458
  ]
}