{
  "dominant_freq": [
    0.7345838297872339,
    0.4695172413793103
  ],
  "amp_mean_x": [
    0.03435128554701805,
    0.25179702043533325
  ],
  "amp_mean_y": [
    0.05056162178516388,
    0.37943336367607117
  ],
  "symmetry_ratio": [
    0.6793944835662842,
    0.6636132597923279
  ],
  "energy_distribution": [
    0.24514171481132507,
    0.2512345016002655
  ],
  "motion_stability": [
    1.9396235942840576,
    1.5917176008224487
  ],
  "freq_entropy": [
    10.165400505065918,
    10.220413208007812
  ]
}