{
  "dominant_freq": [
    0.10202563394052755,
    2.4190369017955224
  ],
  "amp_mean_x": [
    0.26069146394729614,
    0.32345864176750183
  ],
  "amp_mean_y": [
    0.3027280867099762,
    0.26908355951309204
  ],
  "symmetry_ratio": [
    0.8611406683921814,
    1.2020751237869263
  ],
  "energy_distribution": [
    0.2639375329017639,
    0.2164805680513382
  ],
  "motion_stability": [
    1.903818130493164,
    2.770531177520752
  ],
  "freq_entropy": [
    10.271645545959473,
    10.31829833984375
  ]
}