{
  "dominant_freq": [
    7.570008620689654,
    0.5230815450643777
  ],
  "amp_mean_x": [
    1.0413886308670044,
    0.7404416799545288
  ],
  "amp_mean_y": [
    0.9354793429374695,
    1.219832420349121
  ],
  "symmetry_ratio": [
    1.1132138967514038,
    0.6070027947425842
  ],
  "energy_distribution": [
    0.1903449445962906,
    0.21785086393356323
  ],
  "motion_stability": [
    3.716468095779419,
    1.6175426244735718
  ],
  "freq_entropy": [
    9.656961441040039,
    9.508137702941895
  ]
}