{
  "dominant_freq": [
    8.497831282641409,
    0.5173063334414179
  ],
  "amp_mean_x": [
    0.5081804990768433,
    0.6320540308952332
  ],
  "amp_mean_y": [
    1.3505383729934692,
    1.0754636526107788
  ],
  "symmetry_ratio": [
    0.37627995014190674,
    0.5877037644386292
  ],
  "energy_distribution": [
    0.21287910640239716,
    0.20370306074619293
  ],
  "motion_stability": [
    2.294124126434326,
    1.7388052940368652
  ],
  "freq_entropy": [
    9.7340726852417,
    9.748323440551758
  ]
}