{
  "dominant_freq": [
    4.896151578947368,
    0.1009515789473684,
    0.31547368421052624
  ],
  "amp_mean_x": [
    0.02920297347009182,
    0.043213505297899246,
    0.03403642773628235
  ],
  "amp_mean_y": [
    0.08509138971567154,
    0.19713668525218964,
    0.10149269551038742
  ],
  "symmetry_ratio": [
    0.3431954085826874,
    0.2192057967185974,
    0.3353584110736847
  ],
  "energy_distribution": [
    0.22249723970890045,
    0.4918195307254791,
    0.47080519795417786
  ],
  "motion_stability": [
    1.317095160484314,
    1.3943164348602295,
    1.2230565547943115
  ],
  "freq_entropy": [
    8.95302963256836,
    8.333131790161133,
    8.351876258850098
  ]
}