{
  "dominant_freq": [
    4.831501081470799,
    0.378116129032258
  ],
  "amp_mean_x": [
    1.0394352674484253,
    0.7651505470275879
  ],
  "amp_mean_y": [
    1.7476279735565186,
    1.3095576763153076
  ],
  "symmetry_ratio": [
    0.5947691798210144,
    0.5842816829681396
  ],
  "energy_distribution": [
    0.19088289141654968,
    0.27442696690559387
  ],
  "motion_stability": [
    2.8862037658691406,
    2.7740488052368164
  ],
  "freq_entropy": [
    9.464208602905273,
    9.502195358276367
  ]
}