{
  "dominant_freq": [
    3.344182282793867,
    2.7903982978723403
  ],
  "amp_mean_x": [
    0.2819092571735382,
    0.41080042719841003
  ],
  "amp_mean_y": [
    0.41657108068466187,
    0.521330714225769
  ],
  "symmetry_ratio": [
    0.6767374873161316,
    0.787984311580658
  ],
  "energy_distribution": [
    0.26028841733932495,
    0.2925247848033905
  ],
  "motion_stability": [
    1.760427474975586,
    2.152533531188965
  ],
  "freq_entropy": [
    10.300159454345703,
    10.137472152709961
  ]
}