{
  "dominant_freq": [
    0.8791208791208791,
    0.7104007104007104
  ],
  "amp_mean_x": [
    0.37025439739227295,
    0.23208238184452057
  ],
  "amp_mean_y": [
    0.3836888372898102,
    0.35367876291275024
  ],
  "symmetry_ratio": [
    0.9649860858917236,
    0.6561954021453857
  ],
  "energy_distribution": [
    0.24710127711296082,
    0.22607678174972534
  ],
  "motion_stability": [
    2.7367305755615234,
    1.7470548152923584
  ],
  "freq_entropy": [
    9.43731689453125,
    9.444108009338379
  ]
}