{
  "dominant_freq": [
    2.5486299212598427,
    0.10275428571428571
  ],
  "amp_mean_x": [
    0.17034699022769928,
    0.3162766098976135
  ],
  "amp_mean_y": [
    0.15905675292015076,
    0.4165624678134918
  ],
  "symmetry_ratio": [
    1.0709824562072754,
    0.759253740310669
  ],
  "energy_distribution": [
    0.21486671268939972,
    0.7360772490501404
  ],
  "motion_stability": [
    2.456002712249756,
    2.1326394081115723
  ],
  "freq_entropy": [
    9.541208267211914,
    7.666974067687988
  ]
}