{
  "dominant_freq": [
    0.2568857142857143,
    0.10275428571428571
  ],
  "amp_mean_x": [
    0.17168794572353363,
    0.19686998426914215
  ],
  "amp_mean_y": [
    0.3069280683994293,
    0.2986583113670349
  ],
  "symmetry_ratio": [
    0.5593751668930054,
    0.6591813564300537
  ],
  "energy_distribution": [
    0.31579580903053284,
    0.24413438141345978
  ],
  "motion_stability": [
    2.2374415397644043,
    1.4812349081039429
  ],
  "freq_entropy": [
    9.420616149902344,
    9.3631591796875
  ]
}