{
  "dominant_freq": [
    1.5226167899086556,
    1.9249660574412528,
    0.10215594375798892,
    0.41830468085106376,
    0.4850340715502555,
    3.219147802929427
  ],
  "amp_mean_x": [
    0.8208655714988708,
    0.35159143805503845,
    0.37781035900115967,
    0.2062859684228897,
    0.2276637852191925,
    0.8014700412750244
  ],
  "amp_mean_y": [
    1.259307622909546,
    0.7152755856513977,
    0.48547354340553284,
    0.453244686126709,
    0.4198983907699585,
    2.592897891998291
  ],
  "symmetry_ratio": [
    0.6518387794494629,
    0.4915468096733093,
    0.778230607509613,
    0.4551315903663635,
    0.5421878099441528,
    0.30910205841064453
  ],
  "energy_distribution": [
    0.4283481240272522,
    0.5099132657051086,
    0.3933679461479187,
    0.2970930337905884,
    0.22704698145389557,
    0.5231101512908936
  ],
  "motion_stability": [
    6.0711822509765625,
    8.451037406921387,
    3.496994733810425,
    2.317866325378418,
    2.13972806930542,
    6.128457069396973
  ],
  "freq_entropy": [
    9.939300537109375,
    10.153488159179688,
    9.232587814331055,
    10.182259559631348,
    10.260455131530762,
    9.994645118713379
  ]
}