{
  "dominant_freq": [
    0.11322797627402115,
    3.0678541316839194
  ],
  "amp_mean_x": [
    0.5952751040458679,
    0.35370320081710815
  ],
  "amp_mean_y": [
    0.8244023323059082,
    0.5959791541099548
  ],
  "symmetry_ratio": [
    0.7220686674118042,
    0.593482494354248
  ],
  "energy_distribution": [
    0.2925618290901184,
    0.16941556334495544
  ],
  "motion_stability": [
    5.197762489318848,
    4.768720626831055
  ],
  "freq_entropy": [
    9.924238204956055,
    9.284502029418945
  ]
}