{
  "dominant_freq": [
    0.459686342093925,
    0.10433420365535247
  ],
  "amp_mean_x": [
    0.16857489943504333,
    0.4791432023048401
  ],
  "amp_mean_y": [
    0.3050040006637573,
    0.9132726788520813
  ],
  "symmetry_ratio": [
    0.5526973605155945,
    0.5246441960334778
  ],
  "energy_distribution": [
    0.4807102382183075,
    0.40392735600471497
  ],
  "motion_stability": [
    2.4752111434936523,
    5.130129814147949
  ],
  "freq_entropy": [
    9.700519561767578,
    10.163785934448242
  ]
}