{
  "dominant_freq": [
    0.6988748936170212,
    0.4846212765957446
  ],
  "amp_mean_x": [
    0.16201618313789368,
    0.3148217797279358
  ],
  "amp_mean_y": [
    0.3713071346282959,
    0.47794023156166077
  ],
  "symmetry_ratio": [
    0.4363400638103485,
    0.6587053537368774
  ],
  "energy_distribution": [
    0.18661175668239594,
    0.17216680943965912
  ],
  "motion_stability": [
    1.5188746452331543,
    1.3826429843902588
  ],
  "freq_entropy": [
    10.238393783569336,
    10.197166442871094
  ]
}