{
  "dominant_freq": [
    2.1311999999999998,
    1.5327514285714285
  ],
  "amp_mean_x": [
    0.2647000849246979,
    0.09108475595712662
  ],
  "amp_mean_y": [
    0.3539176285266876,
    0.13762840628623962
  ],
  "symmetry_ratio": [
    0.7479143738746643,
    0.6618165373802185
  ],
  "energy_distribution": [
    0.17540529370307922,
    0.19918008148670197
  ],
  "motion_stability": [
    3.9648985862731934,
    1.2487257719039917
  ],
  "freq_entropy": [
    9.653324127197266,
    9.493499755859375
  ]
}