{
  "dominant_freq": [
    6.46331744680851,
    3.786758620689655
  ],
  "amp_mean_x": [
    0.6264219880104065,
    0.3330942392349243
  ],
  "amp_mean_y": [
    0.4243685305118561,
    0.519896388053894
  ],
  "symmetry_ratio": [
    1.4761273860931396,
    0.6406934857368469
  ],
  "energy_distribution": [
    0.12871739268302917,
    0.18750102818012238
  ],
  "motion_stability": [
    1.9254162311553955,
    1.3389356136322021
  ],
  "freq_entropy": [
    10.256084442138672,
    10.216643333435059
  ]
}