{
  "dominant_freq": [
    0.4693174468085106,
    0.4848275862068965
  ],
  "amp_mean_x": [
    0.3287684917449951,
    0.4408017098903656
  ],
  "amp_mean_y": [
    0.46902957558631897,
    0.4373117685317993
  ],
  "symmetry_ratio": [
    0.7009547352790833,
    1.007980465888977
  ],
  "energy_distribution": [
    0.207273468375206,
    0.2875211834907532
  ],
  "motion_stability": [
    2.152618885040283,
    2.248965263366699
  ],
  "freq_entropy": [
    10.222118377685547,
    10.138614654541016
  ]
}