{
  "dominant_freq": [
    0.9335336170212765,
    0.2907727659574468
  ],
  "amp_mean_x": [
    0.11793142557144165,
    0.17312096059322357
  ],
  "amp_mean_y": [
    0.08658245950937271,
    0.12237921357154846
  ],
  "symmetry_ratio": [
    1.3620706796646118,
    1.414627194404602
  ],
  "energy_distribution": [
    0.25329339504241943,
    0.31409022212028503
  ],
  "motion_stability": [
    2.483367919921875,
    1.2537026405334473
  ],
  "freq_entropy": [
    10.189947128295898,
    10.058765411376953
  ]
}