{
  "dominant_freq": [
    4.968643404255319,
    8.687474042553191
  ],
  "amp_mean_x": [
    0.3407995104789734,
    0.5465412735939026
  ],
  "amp_mean_y": [
    0.4447076618671417,
    0.9879747629165649
  ],
  "symmetry_ratio": [
    0.7663450241088867,
    0.5531935691833496
  ],
  "energy_distribution": [
    0.18610259890556335,
    0.2052759975194931
  ],
  "motion_stability": [
    2.3906197547912598,
    2.95674729347229
  ],
  "freq_entropy": [
    10.326773643493652,
    10.26523208618164
  ]
}