{
  "dominant_freq": [
    1.0627477516059958,
    1.3166896551724137
  ],
  "amp_mean_x": [
    0.627951443195343,
    0.20475830137729645
  ],
  "amp_mean_y": [
    1.410508155822754,
    0.8526824116706848
  ],
  "symmetry_ratio": [
    0.44519519805908203,
    0.2401343137025833
  ],
  "energy_distribution": [
    0.29379141330718994,
    0.19671742618083954
  ],
  "motion_stability": [
    2.845898151397705,
    0.9602077603340149
  ],
  "freq_entropy": [
    10.353206634521484,
    10.29683780670166
  ]
}