{
  "dominant_freq": [
    0.2990772221541453,
    2.169721077708944
  ],
  "amp_mean_x": [
    0.5948959589004517,
    0.9390665292739868
  ],
  "amp_mean_y": [
    0.6410234570503235,
    2.4679386615753174
  ],
  "symmetry_ratio": [
    0.9280408620834351,
    0.3805064260959625
  ],
  "energy_distribution": [
    0.30447304248809814,
    0.43293002247810364
  ],
  "motion_stability": [
    5.551788330078125,
    3.327249050140381
  ],
  "freq_entropy": [
    9.119556427001953,
    9.029369354248047
  ]
}