{
  "dominant_freq": [
    5.186223468161794,
    3.722978382706165
  ],
  "amp_mean_x": [
    0.6358355283737183,
    0.350490540266037
  ],
  "amp_mean_y": [
    0.7682960629463196,
    0.4266207814216614
  ],
  "symmetry_ratio": [
    0.8275918364524841,
    0.8215505480766296
  ],
  "energy_distribution": [
    0.2768048942089081,
    0.1979711800813675
  ],
  "motion_stability": [
    2.9808740615844727,
    2.0313262939453125
  ],
  "freq_entropy": [
    10.370489120483398,
    10.295344352722168
  ]
}