{
  "dominant_freq": [
    4.0200000000000005,
    0.14524207011686144
  ],
  "amp_mean_x": [
    0.5011819005012512,
    0.672179639339447
  ],
  "amp_mean_y": [
    0.7948856949806213,
    0.6717663407325745
  ],
  "symmetry_ratio": [
    0.6305081248283386,
    1.0006152391433716
  ],
  "energy_distribution": [
    0.20628900825977325,
    0.2629340887069702
  ],
  "motion_stability": [
    2.431143283843994,
    1.492401123046875
  ],
  "freq_entropy": [
    10.415241241455078,
    10.20039176940918
  ]
}