{
  "dominant_freq": [
    0.5052631578947369,
    0.48000000000000004,
    1.9200000000000002
  ],
  "amp_mean_x": [
    0.4772753119468689,
    0.3632294237613678,
    0.13976240158081055
  ],
  "amp_mean_y": [
    0.45438969135284424,
    0.2756749093532562,
    0.18990659713745117
  ],
  "symmetry_ratio": [
    1.0503655672073364,
    1.3176006078720093,
    0.7359533905982971
  ],
  "energy_distribution": [
    0.19054186344146729,
    0.26340916752815247,
    0.23002533614635468
  ],
  "motion_stability": [
    1.6453609466552734,
    1.349460244178772,
    1.2343549728393555
  ],
  "freq_entropy": [
    8.997539520263672,
    8.931259155273438,
    8.824048042297363
  ]
}