{
  "dominant_freq": [
    1.833508956796628,
    4.762105263157895,
    0.303477344573235
  ],
  "amp_mean_x": [
    0.41315892338752747,
    0.4771878123283386,
    0.27510547637939453
  ],
  "amp_mean_y": [
    0.6486304402351379,
    0.8104528188705444,
    0.6553618311882019
  ],
  "symmetry_ratio": [
    0.6369712352752686,
    0.5887916088104248,
    0.41977646946907043
  ],
  "energy_distribution": [
    0.31826549768447876,
    0.290416419506073,
    0.22975125908851624
  ],
  "motion_stability": [
    1.7323436737060547,
    1.360276460647583,
    1.4222254753112793
  ],
  "freq_entropy": [
    9.019277572631836,
    9.057439804077148,
    9.044929504394531
  ]
}