{
  "dominant_freq": [
    2.9400000000000004,
    0.1457142857142857
  ],
  "amp_mean_x": [
    0.08053894340991974,
    0.18961931765079498
  ],
  "amp_mean_y": [
    0.108524389564991,
    0.2321770340204239
  ],
  "symmetry_ratio": [
    0.7421275973320007,
    0.8167014122009277
  ],
  "energy_distribution": [
    0.17853865027427673,
    0.45707473158836365
  ],
  "motion_stability": [
    2.942020893096924,
    3.8657407760620117
  ],
  "freq_entropy": [
    9.793342590332031,
    8.99203109741211
  ]
}