{
  "dominant_freq": [
    5.4959897741798045,
    3.7115455875182835,
    0.4807474402730374
  ],
  "amp_mean_x": [
    1.128081202507019,
    0.9246086478233337,
    0.5889744162559509
  ],
  "amp_mean_y": [
    2.0411033630371094,
    1.8343507051467896,
    0.7224835157394409
  ],
  "symmetry_ratio": [
    0.5526820421218872,
    0.5040522813796997,
    0.8152080774307251
  ],
  "energy_distribution": [
    0.22384436428546906,
    0.18712428212165833,
    0.14326660335063934
  ],
  "motion_stability": [
    3.277435541152954,
    2.740818500518799,
    2.3351829051971436
  ],
  "freq_entropy": [
    10.311010360717773,
    10.09566879272461,
    10.277739524841309
  ]
}