{
  "dominant_freq": [
    5.488074204946997,
    5.707762557077626
  ],
  "amp_mean_x": [
    0.42395031452178955,
    2.8762245178222656
  ],
  "amp_mean_y": [
    1.0560593605041504,
    4.6490797996521
  ],
  "symmetry_ratio": [
    0.40144553780555725,
    0.618665337562561
  ],
  "energy_distribution": [
    0.18618139624595642,
    0.13276025652885437
  ],
  "motion_stability": [
    3.0994925498962402,
    2.171518087387085
  ],
  "freq_entropy": [
    9.229809761047363,
    9.155430793762207
  ]
}