{
  "dominant_freq": [
    0.9437361702127659,
    0.47951999999999995
  ],
  "amp_mean_x": [
    0.22668270766735077,
    0.24300643801689148
  ],
  "amp_mean_y": [
    0.30209845304489136,
    0.22446325421333313
  ],
  "symmetry_ratio": [
    0.750360369682312,
    1.0826112031936646
  ],
  "energy_distribution": [
    0.29185211658477783,
    0.2632063925266266
  ],
  "motion_stability": [
    1.437097430229187,
    1.3829787969589233
  ],
  "freq_entropy": [
    9.939091682434082,
    9.893513679504395
  ]
}