{
  "dominant_freq": [
    0.5790813559322032,
    0.335257627118644
  ],
  "amp_mean_x": [
    0.413085401058197,
    0.41976889967918396
  ],
  "amp_mean_y": [
    0.4361374080181122,
    0.5884000658988953
  ],
  "symmetry_ratio": [
    0.9471451044082642,
    0.7134072780609131
  ],
  "energy_distribution": [
    0.265788733959198,
    0.2863151431083679
  ],
  "motion_stability": [
    1.4662165641784668,
    1.3621736764907837
  ],
  "freq_entropy": [
    10.185728073120117,
    10.110489845275879
  ]
}