{
  "dominant_freq": [
    2.731554160125589,
    4.738649484896804
  ],
  "amp_mean_x": [
    0.26541751623153687,
    0.1647385060787201
  ],
  "amp_mean_y": [
    0.660398542881012,
    0.30345115065574646
  ],
  "symmetry_ratio": [
    0.4019050598144531,
    0.5428830981254578
  ],
  "energy_distribution": [
    0.22756049036979675,
    0.23619334399700165
  ],
  "motion_stability": [
    2.4239590167999268,
    2.202664375305176
  ],
  "freq_entropy": [
    9.77613639831543,
    9.513625144958496
  ]
}