{
  "dominant_freq": [
    1.387182857142857,
    0.47095714285714285
  ],
  "amp_mean_x": [
    0.5543431043624878,
    0.35881662368774414
  ],
  "amp_mean_y": [
    0.3884578049182892,
    0.35880187153816223
  ],
  "symmetry_ratio": [
    1.4270355701446533,
    1.000041127204895
  ],
  "energy_distribution": [
    0.17135505378246307,
    0.26614487171173096
  ],
  "motion_stability": [
    4.445327281951904,
    1.5514088869094849
  ],
  "freq_entropy": [
    9.520720481872559,
    9.357847213745117
  ]
}