{
  "dominant_freq": [
    4.483321556492289,
    3.4192611512199145
  ],
  "amp_mean_x": [
    0.9346544146537781,
    1.1114203929901123
  ],
  "amp_mean_y": [
    1.0843069553375244,
    1.3301682472229004
  ],
  "symmetry_ratio": [
    0.8619832396507263,
    0.8355487585067749
  ],
  "energy_distribution": [
    0.22761888802051544,
    0.1994773894548416
  ],
  "motion_stability": [
    3.141688823699951,
    3.1966137886047363
  ],
  "freq_entropy": [
    10.291589736938477,
    10.305039405822754
  ]
}