{
  "dominant_freq": [
    0.3017641597028784,
    0.13761467889908255
  ],
  "amp_mean_x": [
    0.6856521964073181,
    0.8402127623558044
  ],
  "amp_mean_y": [
    3.1215767860412598,
    1.6787965297698975
  ],
  "symmetry_ratio": [
    0.2196493148803711,
    0.5004851818084717
  ],
  "energy_distribution": [
    0.2515452802181244,
    0.26592862606048584
  ],
  "motion_stability": [
    1.994131088256836,
    1.4481416940689087
  ],
  "freq_entropy": [
    9.124345779418945,
    9.101323127746582
  ]
}