{
  "dominant_freq": [
    4.113780955886218,
    1.7035595982964402,
    0.4795204795204795
  ],
  "amp_mean_x": [
    0.11201401799917221,
    0.10202331095933914,
    0.0552370510995388
  ],
  "amp_mean_y": [
    0.08704373240470886,
    0.06782543659210205,
    0.04477802291512489
  ],
  "symmetry_ratio": [
    1.2868705987930298,
    1.504204273223877,
    1.2335749864578247
  ],
  "energy_distribution": [
    0.24001163244247437,
    0.20066429674625397,
    0.21495456993579865
  ],
  "motion_stability": [
    5.5072221755981445,
    4.4256696701049805,
    3.3936455249786377
  ],
  "freq_entropy": [
    9.103790283203125,
    9.071168899536133,
    8.998446464538574
  ]
}