{
  "dominant_freq": [
    1.7125714285714284,
    0.17527868852459014,
    0.14424752900730553
  ],
  "amp_mean_x": [
    0.8435245752334595,
    1.3707371950149536,
    2.101048469543457
  ],
  "amp_mean_y": [
    1.226667881011963,
    2.2087366580963135,
    1.600364327430725
  ],
  "symmetry_ratio": [
    0.6876552104949951,
    0.6205978393554688,
    1.3128563165664673
  ],
  "energy_distribution": [
    0.21134793758392334,
    0.42696380615234375,
    0.4781682789325714
  ],
  "motion_stability": [
    3.549182415008545,
    2.8732686042785645,
    2.690072536468506
  ],
  "freq_entropy": [
    10.296963691711426,
    9.704434394836426,
    9.397936820983887
  ]
}