{
  "dominant_freq": [
    4.822976251547679,
    0.15834980869945903
  ],
  "amp_mean_x": [
    0.3211519718170166,
    1.2695682048797607
  ],
  "amp_mean_y": [
    0.5393110513687134,
    1.5609691143035889
  ],
  "symmetry_ratio": [
    0.5954856276512146,
    0.813320517539978
  ],
  "energy_distribution": [
    0.20806235074996948,
    0.3634779155254364
  ],
  "motion_stability": [
    3.3341639041900635,
    3.872398853302002
  ],
  "freq_entropy": [
    9.553792953491211,
    9.080930709838867
  ]
}