{
  "dominant_freq": [
    3.9959999999999996,
    0.29969999999999997
  ],
  "amp_mean_x": [
    0.2899201512336731,
    0.22510024905204773
  ],
  "amp_mean_y": [
    0.3861136734485626,
    0.3093043863773346
  ],
  "symmetry_ratio": [
    0.7508673667907715,
    0.7277628779411316
  ],
  "energy_distribution": [
    0.2819523811340332,
    0.3024038076400757
  ],
  "motion_stability": [
    1.506453037261963,
    1.4039890766143799
  ],
  "freq_entropy": [
    9.213296890258789,
    9.064395904541016
  ]
}