{
  "dominant_freq": [
    4.7226770364306185
  ],
  "amp_mean_x": [
    0.5463808178901672
  ],
  "amp_mean_y": [
    1.3470479249954224
  ],
  "symmetry_ratio": [
    0.4056134819984436
  ],
  "energy_distribution": [
    0.18851135671138763
  ],
  "motion_stability": [
    6.320034027099609
  ],
  "freq_entropy": [
    10.31517219543457
  ]
}