{
  "dominant_freq": [
    2.9306269165247016,
    0.10712680851063829
  ],
  "amp_mean_x": [
    0.21378809213638306,
    0.1912214607000351
  ],
  "amp_mean_y": [
    0.37876227498054504,
    0.3295004367828369
  ],
  "symmetry_ratio": [
    0.5644387006759644,
    0.5803375244140625
  ],
  "energy_distribution": [
    0.22856174409389496,
    0.2849924862384796
  ],
  "motion_stability": [
    1.5070533752441406,
    1.3469446897506714
  ],
  "freq_entropy": [
    10.291364669799805,
    10.039546012878418
  ]
}