{
  "dominant_freq": [
    2.5534465534465536,
    0.13186813186813187
  ],
  "amp_mean_x": [
    0.2634519338607788,
    0.23174211382865906
  ],
  "amp_mean_y": [
    0.4269271194934845,
    0.542384922504425
  ],
  "symmetry_ratio": [
    0.617088794708252,
    0.4272650480270386
  ],
  "energy_distribution": [
    0.22991710901260376,
    0.22423259913921356
  ],
  "motion_stability": [
    1.4076123237609863,
    2.9371590614318848
  ],
  "freq_entropy": [
    9.075014114379883,
    9.146169662475586
  ]
}