{
  "dominant_freq": [
    3.5575014225740103,
    0.12274415004790432
  ],
  "amp_mean_x": [
    0.965948760509491,
    0.7839270830154419
  ],
  "amp_mean_y": [
    1.7109239101409912,
    1.465296983718872
  ],
  "symmetry_ratio": [
    0.5645772814750671,
    0.5349953770637512
  ],
  "energy_distribution": [
    0.17600585520267487,
    0.2402152717113495
  ],
  "motion_stability": [
    2.448106050491333,
    2.241281509399414
  ],
  "freq_entropy": [
    10.364378929138184,
    10.293877601623535
  ]
}