{
  "dominant_freq": [
    0.11812714776632302,
    3.000863557858376
  ],
  "amp_mean_x": [
    0.8425975441932678,
    1.5599255561828613
  ],
  "amp_mean_y": [
    3.2173385620117188,
    4.885260581970215
  ],
  "symmetry_ratio": [
    0.261892706155777,
    0.3193126618862152
  ],
  "energy_distribution": [
    0.20121221244335175,
    0.2884256839752197
  ],
  "motion_stability": [
    2.832913398742676,
    2.6984786987304688
  ],
  "freq_entropy": [
    9.178516387939453,
    9.23566722869873
  ]
}