{
  "dominant_freq": [
    2.841437632135307,
    0.1136842105263158,
    8.614736842105264
  ],
  "amp_mean_x": [
    0.3164827823638916,
    0.2744891047477722,
    0.10852466523647308
  ],
  "amp_mean_y": [
    0.6276986598968506,
    0.3013397455215454,
    0.16566365957260132
  ],
  "symmetry_ratio": [
    0.5041953921318054,
    0.9108957648277283,
    0.65509033203125
  ],
  "energy_distribution": [
    0.4048129618167877,
    0.3247445523738861,
    0.18147526681423187
  ],
  "motion_stability": [
    3.2267260551452637,
    2.4414820671081543,
    2.3622007369995117
  ],
  "freq_entropy": [
    8.69914436340332,
    8.818222045898438,
    9.032743453979492
  ]
}