{
  "dominant_freq": [
    5.1948,
    0.41101714285714286
  ],
  "amp_mean_x": [
    0.1499122530221939,
    0.15601027011871338
  ],
  "amp_mean_y": [
    0.2115090787410736,
    0.29792022705078125
  ],
  "symmetry_ratio": [
    0.7087745666503906,
    0.5236645936965942
  ],
  "energy_distribution": [
    0.2668290138244629,
    0.2414001077413559
  ],
  "motion_stability": [
    1.9074238538742065,
    1.4848006963729858
  ],
  "freq_entropy": [
    9.161023139953613,
    9.05423355102539
  ]
}