{
  "dominant_freq": [
    0.10105263157894738,
    3.6378947368421057,
    4.686315789473684
  ],
  "amp_mean_x": [
    0.16894716024398804,
    0.0928364247083664,
    0.0885937362909317
  ],
  "amp_mean_y": [
    0.19956038892269135,
    0.24745216965675354,
    0.16805487871170044
  ],
  "symmetry_ratio": [
    0.8465966582298279,
    0.37516915798187256,
    0.5271714925765991
  ],
  "energy_distribution": [
    0.42389166355133057,
    0.33218422532081604,
    0.19621767103672028
  ],
  "motion_stability": [
    2.8397316932678223,
    1.6834237575531006,
    2.6549296379089355
  ],
  "freq_entropy": [
    8.707569122314453,
    8.848796844482422,
    9.153715133666992
  ]
}