{
  "dominant_freq": [
    6.64421052631579,
    0.10105263157894738,
    3.738947368421053
  ],
  "amp_mean_x": [
    0.4833466112613678,
    0.29455554485321045,
    0.2164822816848755
  ],
  "amp_mean_y": [
    1.036742091178894,
    0.22463001310825348,
    0.20757678151130676
  ],
  "symmetry_ratio": [
    0.4662168323993683,
    1.311292052268982,
    1.0429022312164307
  ],
  "energy_distribution": [
    0.18500970304012299,
    0.2509636878967285,
    0.24934899806976318
  ],
  "motion_stability": [
    5.855615615844727,
    1.1037168502807617,
    1.254776954650879
  ],
  "freq_entropy": [
    9.06307601928711,
    8.952995300292969,
    8.903290748596191
  ]
}