{
  "dominant_freq": [
    0.13682542216343796,
    0.293926738760364
  ],
  "amp_mean_x": [
    1.947825312614441,
    3.3538365364074707
  ],
  "amp_mean_y": [
    4.258508205413818,
    6.568526744842529
  ],
  "symmetry_ratio": [
    0.45739614963531494,
    0.5105919241905212
  ],
  "energy_distribution": [
    0.2666736841201782,
    0.27577006816864014
  ],
  "motion_stability": [
    2.420073986053467,
    2.133383274078369
  ],
  "freq_entropy": [
    10.20299243927002,
    10.097352981567383
  ]
}