{
  "dominant_freq": [
    3.293545263157894,
    0.4669010526315789,
    0.29023578947368417
  ],
  "amp_mean_x": [
    0.19845788180828094,
    0.19925899803638458,
    0.12356870621442795
  ],
  "amp_mean_y": [
    0.32957491278648376,
    0.32835060358047485,
    0.21717892587184906
  ],
  "symmetry_ratio": [
    0.6021631956100464,
    0.6068482995033264,
    0.5689718723297119
  ],
  "energy_distribution": [
    0.2213691920042038,
    0.23711690306663513,
    0.2404525727033615
  ],
  "motion_stability": [
    1.0803399085998535,
    1.0075148344039917,
    1.0106682777404785
  ],
  "freq_entropy": [
    8.90639877319336,
    8.878433227539062,
    8.959222793579102
  ]
}