{
  "dominant_freq": [
    2.7633182786536,
    0.27036765957446807
  ],
  "amp_mean_x": [
    0.21631138026714325,
    0.15258345007896423
  ],
  "amp_mean_y": [
    0.5965986251831055,
    0.2291465699672699
  ],
  "symmetry_ratio": [
    0.36257439851760864,
    0.665877103805542
  ],
  "energy_distribution": [
    0.44476941227912903,
    0.23038116097450256
  ],
  "motion_stability": [
    5.79361629486084,
    2.7095065116882324
  ],
  "freq_entropy": [
    10.026090621948242,
    10.289701461791992
  ]
}