{
  "dominant_freq": [
    2.6929565217391302,
    2.9740442553191486
  ],
  "amp_mean_x": [
    0.3545031249523163,
    0.3102172911167145
  ],
  "amp_mean_y": [
    0.9569061398506165,
    0.5704358220100403
  ],
  "symmetry_ratio": [
    0.37046802043914795,
    0.5438250303268433
  ],
  "energy_distribution": [
    0.21122977137565613,
    0.22057710587978363
  ],
  "motion_stability": [
    1.7947909832000732,
    1.4178578853607178
  ],
  "freq_entropy": [
    10.327396392822266,
    10.280527114868164
  ]
}