{
  "dominant_freq": [
    0.1,
    0.11,
    0.115,
    0.295,
    0.115,
    0.13,
    0.10500000000000001,
    0.10500000000000001,
    0.12505210504376824
  ],
  "amp_mean_x": [
    0.19455458223819733,
    0.2514095604419708,
    0.1847003996372223,
    0.11522557586431503,
    0.20512892305850983,
    0.17606836557388306,
    0.1940770000219345,
    0.15419502556324005,
    0.3614354133605957
  ],
  "amp_mean_y": [
    0.2773311734199524,
    0.3037753403186798,
    0.2685832679271698,
    0.2628415822982788,
    0.24061375856399536,
    0.3303252160549164,
    0.2690922021865845,
    0.2717767357826233,
    0.4072335958480835
  ],
  "symmetry_ratio": [
    0.7015243768692017,
    0.8276167511940002,
    0.6876839399337769,
    0.43838411569595337,
    0.852523684501648,
    0.5330151915550232,
    0.7212285995483398,
    0.5673591494560242,
    0.8875383138656616
  ],
  "energy_distribution": [
    0.31120458245277405,
    0.40561002492904663,
    0.28347525000572205,
    0.2295387089252472,
    0.32829660177230835,
    0.3430386185646057,
    0.28091421723365784,
    0.3450518250465393,
    0.3270692825317383
  ],
  "motion_stability": [
    2.1365206241607666,
    1.4240919351577759,
    1.5763171911239624,
    1.4067195653915405,
    1.8033969402313232,
    1.5014817714691162,
    1.5896763801574707,
    1.4450180530548096,
    1.8096282482147217
  ],
  "freq_entropy": [
    9.726471900939941,
    9.848189353942871,
    10.095123291015625,
    10.255115509033203,
    10.025945663452148,
    10.066167831420898,
    10.10848617553711,
    10.14116382598877,
    10.137264251708984
  ]
}