{
  "dominant_freq": [
    0.10180891719745222,
    1.1860468085106382,
    7.142324210526315
  ],
  "amp_mean_x": [
    0.8769497275352478,
    1.2934575080871582,
    0.20821447670459747
  ],
  "amp_mean_y": [
    1.7203513383865356,
    2.0246434211730957,
    0.6356394290924072
  ],
  "symmetry_ratio": [
    0.5097503662109375,
    0.6388569474220276,
    0.3275669515132904
  ],
  "energy_distribution": [
    0.31555262207984924,
    0.19352495670318604,
    0.1538836658000946
  ],
  "motion_stability": [
    4.728987693786621,
    4.838898658752441,
    5.139891147613525
  ],
  "freq_entropy": [
    8.990818977355957,
    8.985208511352539,
    9.226105690002441
  ]
}