{
  "dominant_freq": [
    3.015075376884422,
    5.027094622759483,
    0.14808510638297875,
    0.7706422018348625
  ],
  "amp_mean_x": [
    0.7330523729324341,
    0.23989035189151764,
    0.8626755475997925,
    0.4476959705352783
  ],
  "amp_mean_y": [
    1.2216089963912964,
    0.34765294194221497,
    1.5246553421020508,
    0.7038497924804688
  ],
  "symmetry_ratio": [
    0.6000711917877197,
    0.6900282502174377,
    0.5658167600631714,
    0.6360675096511841
  ],
  "energy_distribution": [
    0.2747977674007416,
    0.18069405853748322,
    0.32341626286506653,
    0.2498455047607422
  ],
  "motion_stability": [
    5.284753322601318,
    2.11647367477417,
    4.043978691101074,
    2.4404683113098145
  ],
  "freq_entropy": [
    10.355411529541016,
    10.318523406982422,
    10.212010383605957,
    10.189022064208984
  ]
}