{
  "dominant_freq": [
    4.343891402714933,
    6.456177274682613,
    3.1329052808766416
  ],
  "amp_mean_x": [
    0.48351868987083435,
    0.675232470035553,
    0.6827912330627441
  ],
  "amp_mean_y": [
    1.2793513536453247,
    1.6179323196411133,
    1.508508324623108
  ],
  "symmetry_ratio": [
    0.37794050574302673,
    0.4173428416252136,
    0.4526267647743225
  ],
  "energy_distribution": [
    0.25385743379592896,
    0.12766003608703613,
    0.1768675446510315
  ],
  "motion_stability": [
    2.2327992916107178,
    2.74806547164917,
    4.124634265899658
  ],
  "freq_entropy": [
    8.82250690460205,
    8.876238822937012,
    8.834835052490234
  ]
}