{
  "dominant_freq": [
    0.30097531914893616,
    0.15820689655172412
  ],
  "amp_mean_x": [
    0.4853392541408539,
    0.6973323822021484
  ],
  "amp_mean_y": [
    0.20143017172813416,
    0.26219823956489563
  ],
  "symmetry_ratio": [
    2.409466505050659,
    2.6595616340637207
  ],
  "energy_distribution": [
    0.3616597056388855,
    0.4635215699672699
  ],
  "motion_stability": [
    1.5692648887634277,
    1.846938133239746
  ],
  "freq_entropy": [
    10.076959609985352,
    9.853858947753906
  ]
}