{
  "dominant_freq": [
    7.384615384615384,
    0.1141649048625793,
    0.24050632911392403
  ],
  "amp_mean_x": [
    0.4396589994430542,
    0.8506395816802979,
    0.3187231719493866
  ],
  "amp_mean_y": [
    0.7730950117111206,
    1.0545623302459717,
    1.1690359115600586
  ],
  "symmetry_ratio": [
    0.568699836730957,
    0.8066280484199524,
    0.27263763546943665
  ],
  "energy_distribution": [
    0.23794521391391754,
    0.5296524167060852,
    0.2914668917655945
  ],
  "motion_stability": [
    3.0040478706359863,
    3.3910326957702637,
    2.7514164447784424
  ],
  "freq_entropy": [
    9.025400161743164,
    8.43618392944336,
    9.09689712524414
  ]
}