{
  "dominant_freq": [
    8.922132765957446,
    4.535034893617021
  ],
  "amp_mean_x": [
    0.059261105954647064,
    0.09485466033220291
  ],
  "amp_mean_y": [
    0.08597252517938614,
    0.16889187693595886
  ],
  "symmetry_ratio": [
    0.6893028616905212,
    0.5616294741630554
  ],
  "energy_distribution": [
    0.1885126233100891,
    0.18587690591812134
  ],
  "motion_stability": [
    1.4860343933105469,
    1.1904828548431396
  ],
  "freq_entropy": [
    10.322860717773438,
    10.346134185791016
  ]
}