{
  "dominant_freq": [
    0.590236094437775,
    0.11048613901165127
  ],
  "amp_mean_x": [
    0.3445713222026825,
    0.5745765566825867
  ],
  "amp_mean_y": [
    0.4904649257659912,
    0.8562698364257812
  ],
  "symmetry_ratio": [
    0.7025402188301086,
    0.6710227727890015
  ],
  "energy_distribution": [
    0.26737910509109497,
    0.24440211057662964
  ],
  "motion_stability": [
    5.444296836853027,
    5.392412185668945
  ],
  "freq_entropy": [
    10.436477661132812,
    10.371901512145996
  ]
}