{
  "dominant_freq": [
    0.7884615384615385,
    3.5315627405696692
  ],
  "amp_mean_x": [
    0.11709676682949066,
    0.12428047508001328
  ],
  "amp_mean_y": [
    0.5000282526016235,
    0.5423700213432312
  ],
  "symmetry_ratio": [
    0.2341803014278412,
    0.22914333641529083
  ],
  "energy_distribution": [
    0.1873091459274292,
    0.2409757673740387
  ],
  "motion_stability": [
    1.4592647552490234,
    2.0313754081726074
  ],
  "freq_entropy": [
    9.404887199401855,
    9.39585018157959
  ]
}