{
  "dominant_freq": [
    0.29054162276080076,
    2.9559452054794515,
    3.2430694736842103
  ],
  "amp_mean_x": [
    0.36871883273124695,
    0.26852044463157654,
    0.1778201311826706
  ],
  "amp_mean_y": [
    0.8398687839508057,
    0.3270406723022461,
    0.23507818579673767
  ],
  "symmetry_ratio": [
    0.4390195608139038,
    0.8210613131523132,
    0.7564297318458557
  ],
  "energy_distribution": [
    0.230409175157547,
    0.20683597028255463,
    0.18695926666259766
  ],
  "motion_stability": [
    1.449314832687378,
    1.5848008394241333,
    1.4843640327453613
  ],
  "freq_entropy": [
    8.98794174194336,
    9.086708068847656,
    8.948553085327148
  ]
}