{
  "dominant_freq": [
    0.29838709677419356,
    0.12096774193548387
  ],
  "amp_mean_x": [
    0.04299825429916382,
    0.07005058974027634
  ],
  "amp_mean_y": [
    0.1056668758392334,
    0.09287518262863159
  ],
  "symmetry_ratio": [
    0.40692272782325745,
    0.7542444467544556
  ],
  "energy_distribution": [
    0.21860508620738983,
    0.3174174726009369
  ],
  "motion_stability": [
    1.5746116638183594,
    1.7056689262390137
  ],
  "freq_entropy": [
    9.705301284790039,
    9.292338371276855
  ]
}