{
  "dominant_freq": [
    6.662295081967213,
    6.396533044420369,
    6.639658848614073
  ],
  "amp_mean_x": [
    1.358064889907837,
    2.262193202972412,
    0.7824548482894897
  ],
  "amp_mean_y": [
    3.1234302520751953,
    4.0905914306640625,
    1.5972754955291748
  ],
  "symmetry_ratio": [
    0.4347991645336151,
    0.5530235171318054,
    0.4898684322834015
  ],
  "energy_distribution": [
    0.12770816683769226,
    0.19341622292995453,
    0.22551892697811127
  ],
  "motion_stability": [
    4.187191963195801,
    3.123479127883911,
    2.1277897357940674
  ],
  "freq_entropy": [
    8.99437427520752,
    8.992977142333984,
    8.974448204040527
  ]
}