{
  "dominant_freq": [
    4.7951999999999995,
    0.3170521801286633
  ],
  "amp_mean_x": [
    0.1866052895784378,
    0.4772011339664459
  ],
  "amp_mean_y": [
    0.30275657773017883,
    0.6183840036392212
  ],
  "symmetry_ratio": [
    0.61635422706604,
    0.7716906070709229
  ],
  "energy_distribution": [
    0.36283785104751587,
    0.2590245008468628
  ],
  "motion_stability": [
    2.348823070526123,
    1.8698652982711792
  ],
  "freq_entropy": [
    9.525958061218262,
    9.540284156799316
  ]
}