{
  "dominant_freq": [
    0.4229220257094822,
    4.772478706127995
  ],
  "amp_mean_x": [
    2.138331174850464,
    1.856460452079773
  ],
  "amp_mean_y": [
    2.4207663536071777,
    1.3487920761108398
  ],
  "symmetry_ratio": [
    0.8833281993865967,
    1.3763874769210815
  ],
  "energy_distribution": [
    0.2180515080690384,
    0.27019718289375305
  ],
  "motion_stability": [
    2.851370334625244,
    2.9378199577331543
  ],
  "freq_entropy": [
    10.23613166809082,
    10.338827133178711
  ]
}