{
  "dominant_freq": [
    0.1009515789473684,
    1.211418947368421,
    4.605915789473684
  ],
  "amp_mean_x": [
    0.228170245885849,
    0.15738119184970856,
    0.15523459017276764
  ],
  "amp_mean_y": [
    0.31601735949516296,
    0.32021981477737427,
    0.48977532982826233
  ],
  "symmetry_ratio": [
    0.7220180630683899,
    0.4914786219596863,
    0.31695061922073364
  ],
  "energy_distribution": [
    0.24011287093162537,
    0.2387022078037262,
    0.2500740587711334
  ],
  "motion_stability": [
    1.0703232288360596,
    1.2305588722229004,
    1.2181980609893799
  ],
  "freq_entropy": [
    8.849467277526855,
    8.87938404083252,
    8.929422378540039
  ]
}