{
  "dominant_freq": [
    0.8245714285714285,
    0.12632244467860904,
    6.826850526315789
  ],
  "amp_mean_x": [
    0.5517810583114624,
    0.534425675868988,
    0.4916170537471771
  ],
  "amp_mean_y": [
    1.136773943901062,
    1.2299867868423462,
    0.6801972985267639
  ],
  "symmetry_ratio": [
    0.4853920638561249,
    0.43449708819389343,
    0.722756564617157
  ],
  "energy_distribution": [
    0.21194970607757568,
    0.3284575641155243,
    0.17726074159145355
  ],
  "motion_stability": [
    2.4954845905303955,
    2.709629535675049,
    2.0479259490966797
  ],
  "freq_entropy": [
    9.09138011932373,
    8.931741714477539,
    9.067359924316406
  ]
}