{
  "dominant_freq": [
    0.1539554794520548,
    0.4744187234042553
  ],
  "amp_mean_x": [
    0.564136266708374,
    0.4596327543258667
  ],
  "amp_mean_y": [
    0.8697103261947632,
    0.6263934373855591
  ],
  "symmetry_ratio": [
    0.6486484408378601,
    0.7337764501571655
  ],
  "energy_distribution": [
    0.4243030250072479,
    0.23364122211933136
  ],
  "motion_stability": [
    5.992941856384277,
    1.8078742027282715
  ],
  "freq_entropy": [
    10.20863151550293,
    10.173442840576172
  ]
}