{
  "dominant_freq": [
    0.9724857685009486,
    0.31818181818181823,
    0.2281021897810219,
    0.14269406392694065
  ],
  "amp_mean_x": [
    5.742563247680664,
    4.471350193023682,
    11.803329467773438,
    5.641901016235352
  ],
  "amp_mean_y": [
    10.60859489440918,
    24.476022720336914,
    41.52145767211914,
    14.405808448791504
  ],
  "symmetry_ratio": [
    0.5413123369216919,
    0.18268287181854248,
    0.28427058458328247,
    0.39164069294929504
  ],
  "energy_distribution": [
    0.24393510818481445,
    0.41657593846321106,
    0.3892686367034912,
    0.3726638853549957
  ],
  "motion_stability": [
    1.791541576385498,
    1.4176276922225952,
    1.3163385391235352,
    2.3479366302490234
  ],
  "freq_entropy": [
    8.073945999145508,
    6.919739723205566,
    6.937880516052246,
    7.468061447143555
  ]
}