{
  "dominant_freq": [
    0.5043232629439526,
    0.11574632264287436
  ],
  "amp_mean_x": [
    0.14214341342449188,
    0.13312432169914246
  ],
  "amp_mean_y": [
    0.12395891547203064,
    0.17648711800575256
  ],
  "symmetry_ratio": [
    1.146697759628296,
    0.7543004751205444
  ],
  "energy_distribution": [
    0.30835798382759094,
    0.3939509689807892
  ],
  "motion_stability": [
    1.096061110496521,
    1.3980697393417358
  ],
  "freq_entropy": [
    9.310669898986816,
    9.069385528564453
  ]
}