{
  "dominant_freq": [
    3.862974413550598,
    2.6463715618284365,
    0.27082891533019404,
    0.296000296000296
  ],
  "amp_mean_x": [
    0.4617002010345459,
    0.491474986076355,
    0.31449344754219055,
    0.5000870823860168
  ],
  "amp_mean_y": [
    0.708206295967102,
    0.9507102966308594,
    1.103364109992981,
    1.1995903253555298
  ],
  "symmetry_ratio": [
    0.6519289612770081,
    0.516955554485321,
    0.28503143787384033,
    0.4168815612792969
  ],
  "energy_distribution": [
    0.2385731339454651,
    0.2109215408563614,
    0.2065114825963974,
    0.23178339004516602
  ],
  "motion_stability": [
    4.165641784667969,
    1.98703134059906,
    2.555878162384033,
    2.679502487182617
  ],
  "freq_entropy": [
    10.407740592956543,
    10.178793907165527,
    10.28012466430664,
    10.269063949584961
  ]
}