{
  "dominant_freq": [
    4.868644067796611,
    2.3037974683544302,
    3.452054794520548
  ],
  "amp_mean_x": [
    1.4047802686691284,
    0.4888756275177002,
    0.8200687170028687
  ],
  "amp_mean_y": [
    2.1325411796569824,
    0.8874176740646362,
    0.7970256209373474
  ],
  "symmetry_ratio": [
    0.6587353348731995,
    0.5508968830108643,
    1.0289113521575928
  ],
  "energy_distribution": [
    0.15191026031970978,
    0.27226197719573975,
    0.1912999302148819
  ],
  "motion_stability": [
    2.925445556640625,
    2.0081982612609863,
    2.0994515419006348
  ],
  "freq_entropy": [
    9.046815872192383,
    8.98914623260498,
    9.122138977050781
  ]
}