{
  "dominant_freq": [
    3.4159309791332264,
    0.49049352750809067,
    0.506482982171799
  ],
  "amp_mean_x": [
    0.9595247507095337,
    0.9833310842514038,
    1.1833090782165527
  ],
  "amp_mean_y": [
    1.5070761442184448,
    1.7016249895095825,
    1.395835041999817
  ],
  "symmetry_ratio": [
    0.6366796493530273,
    0.5778776407241821,
    0.8477427959442139
  ],
  "energy_distribution": [
    0.2256801277399063,
    0.24140654504299164,
    0.2728646695613861
  ],
  "motion_stability": [
    2.3940634727478027,
    2.589893341064453,
    2.8246326446533203
  ],
  "freq_entropy": [
    10.361948013305664,
    10.258258819580078,
    10.291177749633789
  ]
}