{
  "dominant_freq": [
    1.8568646808510636,
    0.862115744680851,
    0.11222808510638296
  ],
  "amp_mean_x": [
    0.14750415086746216,
    0.1508512645959854,
    0.21274562180042267
  ],
  "amp_mean_y": [
    0.13591960072517395,
    0.13408979773521423,
    0.35835808515548706
  ],
  "symmetry_ratio": [
    1.0852309465408325,
    1.1250017881393433,
    0.5936676859855652
  ],
  "energy_distribution": [
    0.3092566132545471,
    0.2610228657722473,
    0.2776470482349396
  ],
  "motion_stability": [
    4.463246822357178,
    2.9999194145202637,
    1.912964105606079
  ],
  "freq_entropy": [
    10.263839721679688,
    10.374581336975098,
    10.19310188293457
  ]
}