{
  "dominant_freq": [
    0.46384569399912956,
    0.4635364635364635
  ],
  "amp_mean_x": [
    0.44348546862602234,
    0.3849201202392578
  ],
  "amp_mean_y": [
    0.3813721537590027,
    0.7290760278701782
  ],
  "symmetry_ratio": [
    1.1628680229187012,
    0.5279560685157776
  ],
  "energy_distribution": [
    0.241348996758461,
    0.46018460392951965
  ],
  "motion_stability": [
    2.0996580123901367,
    1.5761439800262451
  ],
  "freq_entropy": [
    9.6104736328125,
    8.607425689697266
  ]
}