{
  "dominant_freq": [
    4.178333333333334,
    4.280555555555556,
    0.3066666666666667
  ],
  "amp_mean_x": [
    0.06146930158138275,
    0.05596786364912987,
    0.07049855589866638
  ],
  "amp_mean_y": [
    0.11900398135185242,
    0.10819905251264572,
    0.15293121337890625
  ],
  "symmetry_ratio": [
    0.5165314674377441,
    0.5172675848007202,
    0.4609821140766144
  ],
  "energy_distribution": [
    0.2832452952861786,
    0.20332622528076172,
    0.25866907835006714
  ],
  "motion_stability": [
    1.649360179901123,
    2.822882890701294,
    2.5031321048736572
  ],
  "freq_entropy": [
    8.937477111816406,
    9.148418426513672,
    8.987303733825684
  ]
}