{
  "dominant_freq": [
    0.2664,
    4.182480000000001,
    0.71928,
    3.80952,
    0.29304,
    0.10656
  ],
  "amp_mean_x": [
    0.052817877382040024,
    0.05185820534825325,
    0.06404518336057663,
    0.06649768352508545,
    0.02785271406173706,
    0.035654060542583466
  ],
  "amp_mean_y": [
    0.1684824526309967,
    0.1911994218826294,
    0.20987220108509064,
    0.1812119036912918,
    0.08133363723754883,
    0.06460496783256531
  ],
  "symmetry_ratio": [
    0.3134918510913849,
    0.2712257504463196,
    0.30516278743743896,
    0.36696091294288635,
    0.3424501121044159,
    0.5518779754638672
  ],
  "energy_distribution": [
    0.30572202801704407,
    0.23518021404743195,
    0.28410038352012634,
    0.4118862748146057,
    0.4704552888870239,
    0.5429542064666748
  ],
  "motion_stability": [
    1.5740175247192383,
    1.6125432252883911,
    1.0796654224395752,
    1.1665396690368652,
    1.233424425125122,
    1.0790196657180786
  ],
  "freq_entropy": [
    7.797155857086182,
    7.975581169128418,
    7.9007463455200195,
    7.626941680908203,
    7.4928388595581055,
    7.045057773590088
  ]
}