{
  "dominant_freq": [
    0.4744187234042553,
    5.468568510638297
  ],
  "amp_mean_x": [
    0.10835598409175873,
    0.15023110806941986
  ],
  "amp_mean_y": [
    0.1067788228392601,
    0.11673244088888168
  ],
  "symmetry_ratio": [
    1.0147703886032104,
    1.2869696617126465
  ],
  "energy_distribution": [
    0.34242162108421326,
    0.14373594522476196
  ],
  "motion_stability": [
    1.3599467277526855,
    2.884505271911621
  ],
  "freq_entropy": [
    9.958673477172852,
    10.3829927444458
  ]
}