{
  "dominant_freq": [
    0.11856263736263736,
    4.47653164556962,
    3.3890126582278475
  ],
  "amp_mean_x": [
    2.3300373554229736,
    0.631251871585846,
    0.5166159868240356
  ],
  "amp_mean_y": [
    1.7230724096298218,
    1.0372105836868286,
    1.0851869583129883
  ],
  "symmetry_ratio": [
    1.3522573709487915,
    0.6086053252220154,
    0.47606173157691956
  ],
  "energy_distribution": [
    0.326652467250824,
    0.17922714352607727,
    0.2478497177362442
  ],
  "motion_stability": [
    3.336453437805176,
    2.1502623558044434,
    1.7934387922286987
  ],
  "freq_entropy": [
    8.686921119689941,
    9.023871421813965,
    8.922645568847656
  ]
}