{
  "dominant_freq": [
    0.10030090270812436,
    0.11375126390293225
  ],
  "amp_mean_x": [
    0.27057984471321106,
    0.8789088129997253
  ],
  "amp_mean_y": [
    0.5150572657585144,
    1.6133052110671997
  ],
  "symmetry_ratio": [
    0.5253393650054932,
    0.5447877049446106
  ],
  "energy_distribution": [
    0.20589327812194824,
    0.6335947513580322
  ],
  "motion_stability": [
    1.911560297012329,
    2.5905938148498535
  ],
  "freq_entropy": [
    8.954839706420898,
    7.9340996742248535
  ]
}