{
  "dominant_freq": [
    0.13
  ],
  "amp_mean_x": [
    0.1461397409439087
  ],
  "amp_mean_y": [
    0.18214912712574005
  ],
  "symmetry_ratio": [
    0.802308201789856
  ],
  "energy_distribution": [
    0.31568700075149536
  ],
  "motion_stability": [
    2.8518662452697754
  ],
  "freq_entropy": [
    9.996950149536133
  ]
}