{
  "dominant_freq": [
    4.063263838964774,
    4.0285714285714285
  ],
  "amp_mean_x": [
    0.615698516368866,
    0.5470857620239258
  ],
  "amp_mean_y": [
    0.8846368193626404,
    0.8505719900131226
  ],
  "symmetry_ratio": [
    0.6959901452064514,
    0.6431974768638611
  ],
  "energy_distribution": [
    0.2612370252609253,
    0.2405831664800644
  ],
  "motion_stability": [
    3.626314640045166,
    2.116946220397949
  ],
  "freq_entropy": [
    9.500028610229492,
    9.594915390014648
  ]
}