{
  "dominant_freq": [
    3.5619057547956627,
    4.6953
  ],
  "amp_mean_x": [
    0.272958368062973,
    0.34307625889778137
  ],
  "amp_mean_y": [
    0.5731226205825806,
    0.503742516040802
  ],
  "symmetry_ratio": [
    0.47626522183418274,
    0.6810548305511475
  ],
  "energy_distribution": [
    0.3248012959957123,
    0.16562990844249725
  ],
  "motion_stability": [
    2.4214587211608887,
    2.149566888809204
  ],
  "freq_entropy": [
    8.888677597045898,
    9.132341384887695
  ]
}