{
  "dominant_freq": [
    0.13945233265720083,
    0.5
  ],
  "amp_mean_x": [
    1.0244063138961792,
    0.20673513412475586
  ],
  "amp_mean_y": [
    2.0134620666503906,
    0.42599865794181824
  ],
  "symmetry_ratio": [
    0.5087785720825195,
    0.48529526591300964
  ],
  "energy_distribution": [
    0.27207228541374207,
    0.20495349168777466
  ],
  "motion_stability": [
    4.563999652862549,
    1.242412805557251
  ],
  "freq_entropy": [
    8.84202766418457,
    8.960494041442871
  ]
}