{
  "dominant_freq": [
    4.43556,
    6.688768898488121
  ],
  "amp_mean_x": [
    0.19462360441684723,
    0.7682226896286011
  ],
  "amp_mean_y": [
    0.19855475425720215,
    0.5222929120063782
  ],
  "symmetry_ratio": [
    0.9802011847496033,
    1.4708656072616577
  ],
  "energy_distribution": [
    0.20067231357097626,
    0.15652191638946533
  ],
  "motion_stability": [
    5.775093078613281,
    6.848597049713135
  ],
  "freq_entropy": [
    9.627124786376953,
    9.627801895141602
  ]
}