{
  "dominant_freq": [
    0.10105263157894738,
    0.3031578947368421,
    5.04
  ],
  "amp_mean_x": [
    0.1228780671954155,
    0.24532200396060944,
    0.16907615959644318
  ],
  "amp_mean_y": [
    0.2891313135623932,
    0.3364289700984955,
    0.17970044910907745
  ],
  "symmetry_ratio": [
    0.4249905049800873,
    0.7291940450668335,
    0.9408777952194214
  ],
  "energy_distribution": [
    0.3067533075809479,
    0.2681371569633484,
    0.37187013030052185
  ],
  "motion_stability": [
    1.0988562107086182,
    2.96591854095459,
    3.519094944000244
  ],
  "freq_entropy": [
    8.776529312133789,
    9.059209823608398,
    8.928939819335938
  ]
}