{
  "dominant_freq": [
    0.10987153482082487,
    0.16711229946524062
  ],
  "amp_mean_x": [
    0.7113065123558044,
    0.3474423289299011
  ],
  "amp_mean_y": [
    1.0766162872314453,
    0.5331023335456848
  ],
  "symmetry_ratio": [
    0.6606870889663696,
    0.6517366766929626
  ],
  "energy_distribution": [
    0.3533315062522888,
    0.28758537769317627
  ],
  "motion_stability": [
    4.944742202758789,
    5.476922035217285
  ],
  "freq_entropy": [
    9.513763427734375,
    9.569158554077148
  ]
}