{
  "dominant_freq": [
    7.212007212007212,
    0.5525536587660836
  ],
  "amp_mean_x": [
    0.872302234172821,
    0.7271345257759094
  ],
  "amp_mean_y": [
    1.7995036840438843,
    1.1692848205566406
  ],
  "symmetry_ratio": [
    0.4847460091114044,
    0.6218626499176025
  ],
  "energy_distribution": [
    0.20470738410949707,
    0.22287437319755554
  ],
  "motion_stability": [
    2.644845485687256,
    2.0735268592834473
  ],
  "freq_entropy": [
    9.181177139282227,
    9.091054916381836
  ]
}