{
  "dominant_freq": [
    0.525431489361702,
    0.4801329356625479
  ],
  "amp_mean_x": [
    0.2662299871444702,
    0.39488840103149414
  ],
  "amp_mean_y": [
    0.40492671728134155,
    0.4756636321544647
  ],
  "symmetry_ratio": [
    0.6574769616127014,
    0.8301841616630554
  ],
  "energy_distribution": [
    0.20607352256774902,
    0.322340190410614
  ],
  "motion_stability": [
    1.6947987079620361,
    1.8315460681915283
  ],
  "freq_entropy": [
    10.271406173706055,
    10.164775848388672
  ]
}