{
  "dominant_freq": [
    0.13291599147121533,
    0.12807692307692306
  ],
  "amp_mean_x": [
    0.8010107278823853,
    1.3746999502182007
  ],
  "amp_mean_y": [
    1.200978398323059,
    1.135650634765625
  ],
  "symmetry_ratio": [
    0.666965126991272,
    1.2104954719543457
  ],
  "energy_distribution": [
    0.3072284758090973,
    0.4610234200954437
  ],
  "motion_stability": [
    2.749340534210205,
    2.210371494293213
  ],
  "freq_entropy": [
    10.19976806640625,
    9.604301452636719
  ]
}