{
  "dominant_freq": [
    0.25021758050478676,
    1.8589228295819937
  ],
  "amp_mean_x": [
    2.860320806503296,
    1.1743419170379639
  ],
  "amp_mean_y": [
    10.144370079040527,
    2.525988817214966
  ],
  "symmetry_ratio": [
    0.2819614112377167,
    0.4649038314819336
  ],
  "energy_distribution": [
    0.20387685298919678,
    0.24270066618919373
  ],
  "motion_stability": [
    2.2857279777526855,
    2.202106237411499
  ],
  "freq_entropy": [
    9.178337097167969,
    9.353269577026367
  ]
}