{
  "dominant_freq": [
    0.30142271521581865,
    0.11227965118455033
  ],
  "amp_mean_x": [
    0.6490057706832886,
    0.7193991541862488
  ],
  "amp_mean_y": [
    1.0952026844024658,
    2.1131460666656494
  ],
  "symmetry_ratio": [
    0.5925896167755127,
    0.3404398560523987
  ],
  "energy_distribution": [
    0.22720298171043396,
    0.21665266156196594
  ],
  "motion_stability": [
    1.7513535022735596,
    1.8673501014709473
  ],
  "freq_entropy": [
    9.5596342086792,
    9.494864463806152
  ]
}