{
  "dominant_freq": [
    3.9264521521103224,
    3.6923076923076925
  ],
  "amp_mean_x": [
    0.5705621242523193,
    0.842241644859314
  ],
  "amp_mean_y": [
    0.7801913619041443,
    1.9298450946807861
  ],
  "symmetry_ratio": [
    0.7313104867935181,
    0.4364296495914459
  ],
  "energy_distribution": [
    0.24213337898254395,
    0.19413116574287415
  ],
  "motion_stability": [
    3.397587299346924,
    1.983292579650879
  ],
  "freq_entropy": [
    10.355920791625977,
    10.329014778137207
  ]
}