{
  "dominant_freq": [
    0.11988,
    0.4653860531991373
  ],
  "amp_mean_x": [
    0.16432930529117584,
    0.35232746601104736
  ],
  "amp_mean_y": [
    0.31614920496940613,
    1.278914213180542
  ],
  "symmetry_ratio": [
    0.5197840332984924,
    0.2754895091056824
  ],
  "energy_distribution": [
    0.19073480367660522,
    0.2997371554374695
  ],
  "motion_stability": [
    2.5690813064575195,
    2.2012088298797607
  ],
  "freq_entropy": [
    9.656167984008789,
    9.504509925842285
  ]
}