{
  "dominant_freq": [
    0.47952,
    0.29113714285714287
  ],
  "amp_mean_x": [
    0.06513535976409912,
    0.10184826701879501
  ],
  "amp_mean_y": [
    0.20078451931476593,
    0.23825262486934662
  ],
  "symmetry_ratio": [
    0.3244042992591858,
    0.42748016119003296
  ],
  "energy_distribution": [
    0.2685181498527527,
    0.32769572734832764
  ],
  "motion_stability": [
    1.1398673057556152,
    1.2895281314849854
  ],
  "freq_entropy": [
    9.440098762512207,
    9.182572364807129
  ]
}