{
  "dominant_freq": [
    5.3657142857142865,
    4.097142857142858
  ],
  "amp_mean_x": [
    0.2992990016937256,
    0.2663445770740509
  ],
  "amp_mean_y": [
    0.743721604347229,
    0.48617807030677795
  ],
  "symmetry_ratio": [
    0.40243420004844666,
    0.5478333830833435
  ],
  "energy_distribution": [
    0.22661393880844116,
    0.20316660404205322
  ],
  "motion_stability": [
    3.9867496490478516,
    3.5735397338867188
  ],
  "freq_entropy": [
    9.666973114013672,
    9.70730972290039
  ]
}