{
  "dominant_freq": [
    1.5455359999999998,
    0.299136
  ],
  "amp_mean_x": [
    0.3134603500366211,
    0.23967736959457397
  ],
  "amp_mean_y": [
    0.1759045124053955,
    0.23045629262924194
  ],
  "symmetry_ratio": [
    1.7819914817810059,
    1.040012240409851
  ],
  "energy_distribution": [
    0.40037432312965393,
    0.36571773886680603
  ],
  "motion_stability": [
    2.1903958320617676,
    1.1726218461990356
  ],
  "freq_entropy": [
    8.936952590942383,
    8.905477523803711
  ]
}