{
  "dominant_freq": [
    1.1919399141630902,
    0.11131714285714286
  ],
  "amp_mean_x": [
    0.32356715202331543,
    0.08607372641563416
  ],
  "amp_mean_y": [
    0.3365960419178009,
    0.09218765050172806
  ],
  "symmetry_ratio": [
    0.9612922072410583,
    0.9336795806884766
  ],
  "energy_distribution": [
    0.2599562406539917,
    0.5828032493591309
  ],
  "motion_stability": [
    4.898910999298096,
    1.7648036479949951
  ],
  "freq_entropy": [
    8.890705108642578,
    8.277486801147461
  ]
}