{
  "dominant_freq": [
    4.511847272727272,
    0.4431927272727272
  ],
  "amp_mean_x": [
    0.14188574254512787,
    0.16937917470932007
  ],
  "amp_mean_y": [
    0.1981106698513031,
    0.3232366144657135
  ],
  "symmetry_ratio": [
    0.7161943316459656,
    0.5240098834037781
  ],
  "energy_distribution": [
    0.2367076873779297,
    0.22797392308712006
  ],
  "motion_stability": [
    2.162034749984741,
    1.7675492763519287
  ],
  "freq_entropy": [
    9.812002182006836,
    9.781364440917969
  ]
}