{
  "dominant_freq": [
    3.0886760298525004,
    0.1410354351530822,
    1.9180819180819182
  ],
  "amp_mean_x": [
    0.12529002130031586,
    0.3709120452404022,
    0.2283468395471573
  ],
  "amp_mean_y": [
    0.3495183289051056,
    0.530619204044342,
    0.7051938772201538
  ],
  "symmetry_ratio": [
    0.3584648072719574,
    0.6990174055099487,
    0.3238071799278259
  ],
  "energy_distribution": [
    0.2686181366443634,
    0.22243377566337585,
    0.2999400794506073
  ],
  "motion_stability": [
    1.097025752067566,
    0.9731542468070984,
    1.2162303924560547
  ],
  "freq_entropy": [
    8.827692985534668,
    8.773924827575684,
    8.804004669189453
  ]
}