{
  "dominant_freq": [
    1.7955801104972378,
    0.7413793103448276
  ],
  "amp_mean_x": [
    0.44420552253723145,
    0.5383815765380859
  ],
  "amp_mean_y": [
    0.7767573595046997,
    0.6505837440490723
  ],
  "symmetry_ratio": [
    0.5718716382980347,
    0.8275361657142639
  ],
  "energy_distribution": [
    0.26138678193092346,
    0.3970598578453064
  ],
  "motion_stability": [
    2.266427755355835,
    1.6119379997253418
  ],
  "freq_entropy": [
    9.402727127075195,
    9.021268844604492
  ]
}