{
  "dominant_freq": [
    0.1884166913636462,
    0.3272432753779433
  ],
  "amp_mean_x": [
    1.0244823595863897,
    0.3581980764865875
  ],
  "amp_mean_y": [
    3.0625038371807465,
    0.5247271060943604
  ],
  "symmetry_ratio": [
    0.3345244329651188,
    0.6826368570327759
  ],
  "energy_distribution": [
    0.2705563960348296,
    0.22116687893867493
  ],
  "motion_stability": [
    4.256549242112113,
    2.2986531257629395
  ],
  "freq_entropy": [
    8.959150137233014,
    9.317749977111816
  ]
}