{
  "dominant_freq": [
    8.176026315789473,
    0.48808285714285715
  ],
  "amp_mean_x": [
    0.09295865893363953,
    0.07870691269636154
  ],
  "amp_mean_y": [
    0.16236522793769836,
    0.10715656727552414
  ],
  "symmetry_ratio": [
    0.5725281238555908,
    0.7345038652420044
  ],
  "energy_distribution": [
    0.07934406399726868,
    0.180866539478302
  ],
  "motion_stability": [
    4.748562812805176,
    1.6893088817596436
  ],
  "freq_entropy": [
    9.748558044433594,
    9.493280410766602
  ]
}