{
  "dominant_freq": [
    2.7421875,
    4.707096774193548
  ],
  "amp_mean_x": [
    0.5059431195259094,
    0.28978630900382996
  ],
  "amp_mean_y": [
    0.8827199935913086,
    0.16980181634426117
  ],
  "symmetry_ratio": [
    0.5731637477874756,
    1.7066148519515991
  ],
  "energy_distribution": [
    0.20833343267440796,
    0.5833668112754822
  ],
  "motion_stability": [
    5.173246383666992,
    3.0215814113616943
  ],
  "freq_entropy": [
    9.847650527954102,
    8.978912353515625
  ]
}