{
  "dominant_freq": [
    0.6940421052631578,
    0.2649978947368421,
    0.2776168421052631
  ],
  "amp_mean_x": [
    0.21829970180988312,
    0.1013772264122963,
    0.08510354906320572
  ],
  "amp_mean_y": [
    0.23899242281913757,
    0.25991442799568176,
    0.17477115988731384
  ],
  "symmetry_ratio": [
    0.9134168028831482,
    0.390040785074234,
    0.48694273829460144
  ],
  "energy_distribution": [
    0.22209234535694122,
    0.27231255173683167,
    0.1843535304069519
  ],
  "motion_stability": [
    1.6969778537750244,
    1.1427382230758667,
    1.573948621749878
  ],
  "freq_entropy": [
    9.011096954345703,
    8.874518394470215,
    8.990612030029297
  ]
}