{
  "dominant_freq": [
    3.392830188679245,
    0.10721805792163544
  ],
  "amp_mean_x": [
    0.7090925574302673,
    0.8030432462692261
  ],
  "amp_mean_y": [
    1.0571120977401733,
    0.6839398145675659
  ],
  "symmetry_ratio": [
    0.670782744884491,
    1.1741431951522827
  ],
  "energy_distribution": [
    0.25786274671554565,
    0.49759072065353394
  ],
  "motion_stability": [
    2.806293487548828,
    2.4894394874572754
  ],
  "freq_entropy": [
    10.342602729797363,
    9.699458122253418
  ]
}