{
  "dominant_freq": [
    0.14005835764902042,
    2.455,
    0.1
  ],
  "amp_mean_x": [
    0.30713513493537903,
    0.10634195804595947,
    0.2938167154788971
  ],
  "amp_mean_y": [
    0.5047206878662109,
    0.21232903003692627,
    0.33673909306526184
  ],
  "symmetry_ratio": [
    0.6085249781608582,
    0.5008357167243958,
    0.872535228729248
  ],
  "energy_distribution": [
    0.2925441563129425,
    0.37830787897109985,
    0.30132415890693665
  ],
  "motion_stability": [
    1.7988479137420654,
    1.7825610637664795,
    2.941006660461426
  ],
  "freq_entropy": [
    10.21987533569336,
    10.155830383300781,
    10.311471939086914
  ]
}