{
  "dominant_freq": [
    2.6906426906426906,
    0.293040293040293,
    3.6537433645331308
  ],
  "amp_mean_x": [
    0.5813501477241516,
    0.847019374370575,
    0.5770018100738525
  ],
  "amp_mean_y": [
    0.3989275395870209,
    0.6937537789344788,
    1.0101561546325684
  ],
  "symmetry_ratio": [
    1.457282543182373,
    1.2209222316741943,
    0.5712006092071533
  ],
  "energy_distribution": [
    0.24152050912380219,
    0.383858859539032,
    0.26408952474594116
  ],
  "motion_stability": [
    1.3399829864501953,
    2.5259056091308594,
    2.0949835777282715
  ],
  "freq_entropy": [
    8.868165016174316,
    8.718832015991211,
    8.938470840454102
  ]
}