{
  "dominant_freq": [
    3.390454613653413,
    0.12030967741935482
  ],
  "amp_mean_x": [
    0.7812619209289551,
    0.2206246554851532
  ],
  "amp_mean_y": [
    1.7732309103012085,
    0.809917688369751
  ],
  "symmetry_ratio": [
    0.4405866861343384,
    0.2724038064479828
  ],
  "energy_distribution": [
    0.4452286660671234,
    0.4457376003265381
  ],
  "motion_stability": [
    5.904055595397949,
    2.2017698287963867
  ],
  "freq_entropy": [
    9.500066757202148,
    9.124412536621094
  ]
}