{
  "dominant_freq": [
    3.339514285714286,
    2.4147257142857144,
    1.43856,
    0.71928
  ],
  "amp_mean_x": [
    0.09831429272890091,
    0.057169605046510696,
    0.037626076489686966,
    0.037812747061252594
  ],
  "amp_mean_y": [
    0.28952330350875854,
    0.1360776424407959,
    0.06467138975858688,
    0.10453835874795914
  ],
  "symmetry_ratio": [
    0.3395729959011078,
    0.420124888420105,
    0.5818040370941162,
    0.361711710691452
  ],
  "energy_distribution": [
    0.19080615043640137,
    0.1721358597278595,
    0.22553548216819763,
    0.25288456678390503
  ],
  "motion_stability": [
    1.2668368816375732,
    1.3766453266143799,
    1.3072266578674316,
    1.1100304126739502
  ],
  "freq_entropy": [
    8.50548267364502,
    8.484535217285156,
    8.206770896911621,
    8.38581657409668
  ]
}