{
  "dominant_freq": [
    1.5263690987124463,
    0.11147639484978542
  ],
  "amp_mean_x": [
    0.29170218110084534,
    0.8794955611228943
  ],
  "amp_mean_y": [
    0.31239813566207886,
    0.5694942474365234
  ],
  "symmetry_ratio": [
    0.9337513446807861,
    1.5443449020385742
  ],
  "energy_distribution": [
    0.23992930352687836,
    0.5716142654418945
  ],
  "motion_stability": [
    4.329873561859131,
    3.872110605239868
  ],
  "freq_entropy": [
    9.580070495605469,
    8.464927673339844
  ]
}