{
  "dominant_freq": [
    2.4608879492600426,
    3.0162513542795235,
    0.1523809523809524
  ],
  "amp_mean_x": [
    1.3673018217086792,
    2.133988857269287,
    0.37152788043022156
  ],
  "amp_mean_y": [
    3.3089261054992676,
    2.7559778690338135,
    0.8292296528816223
  ],
  "symmetry_ratio": [
    0.41321617364883423,
    0.7743127942085266,
    0.44803979992866516
  ],
  "energy_distribution": [
    0.13693083822727203,
    0.20530107617378235,
    0.2788654565811157
  ],
  "motion_stability": [
    2.544522762298584,
    4.193561553955078,
    6.759521007537842
  ],
  "freq_entropy": [
    8.974710464477539,
    8.85449504852295,
    9.054943084716797
  ]
}