{
  "dominant_freq": [
    8.174410293066478,
    0.12008577555396713
  ],
  "amp_mean_x": [
    0.5617131590843201,
    0.7500180006027222
  ],
  "amp_mean_y": [
    0.9734563231468201,
    1.2060147523880005
  ],
  "symmetry_ratio": [
    0.5770296454429626,
    0.6218978762626648
  ],
  "energy_distribution": [
    0.17845433950424194,
    0.27835533022880554
  ],
  "motion_stability": [
    2.1998558044433594,
    2.5478415489196777
  ],
  "freq_entropy": [
    9.615610122680664,
    9.40373420715332
  ]
}