{
  "dominant_freq": [
    1.4256014256014258,
    0.45360045360045365
  ],
  "amp_mean_x": [
    0.34041962027549744,
    0.27245911955833435
  ],
  "amp_mean_y": [
    0.47263553738594055,
    0.5454425811767578
  ],
  "symmetry_ratio": [
    0.7202581763267517,
    0.49951934814453125
  ],
  "energy_distribution": [
    0.23961441218852997,
    0.2431393414735794
  ],
  "motion_stability": [
    4.7003302574157715,
    2.5549964904785156
  ],
  "freq_entropy": [
    10.118570327758789,
    10.04234790802002
  ]
}