{
  "dominant_freq": [
    0.6254826254826256,
    2.3169398907103824,
    1.5441176470588236,
    6.130909090909091,
    2.530909090909091
  ],
  "amp_mean_x": [
    1.1589584350585938,
    1.1734446287155151,
    1.7526808977127075,
    0.5474537014961243,
    0.34415557980537415
  ],
  "amp_mean_y": [
    3.109971761703491,
    1.0493971109390259,
    2.843358278274536,
    0.7500401139259338,
    0.44573602080345154
  ],
  "symmetry_ratio": [
    0.3726588189601898,
    1.118208408355713,
    0.6164122819900513,
    0.7298992276191711,
    0.7721062898635864
  ],
  "energy_distribution": [
    0.2514086663722992,
    0.17957383394241333,
    0.16257396340370178,
    0.16040483117103577,
    0.2116527557373047
  ],
  "motion_stability": [
    3.5132789611816406,
    1.6373289823532104,
    2.378633499145508,
    1.7703578472137451,
    1.6740398406982422
  ],
  "freq_entropy": [
    8.213966369628906,
    8.144302368164062,
    7.974359035491943,
    8.259040832519531,
    8.20846939086914
  ]
}