{
  "dominant_freq": [
    0.4744187234042553,
    0.47522762148337594
  ],
  "amp_mean_x": [
    0.05517100170254707,
    0.0669417753815651
  ],
  "amp_mean_y": [
    0.06065453216433525,
    0.11988731473684311
  ],
  "symmetry_ratio": [
    0.9095940589904785,
    0.558372437953949
  ],
  "energy_distribution": [
    0.19126300513744354,
    0.3177529275417328
  ],
  "motion_stability": [
    1.4606008529663086,
    2.061763286590576
  ],
  "freq_entropy": [
    10.261564254760742,
    10.386049270629883
  ]
}