{
  "dominant_freq": [
    1.4128714285714286,
    1.8038099352051833
  ],
  "amp_mean_x": [
    0.15541641414165497,
    1.426785945892334
  ],
  "amp_mean_y": [
    0.09946790337562561,
    1.0248903036117554
  ],
  "symmetry_ratio": [
    1.5624780654907227,
    1.3921352624893188
  ],
  "energy_distribution": [
    0.1884261667728424,
    0.41379985213279724
  ],
  "motion_stability": [
    1.9932940006256104,
    5.420788764953613
  ],
  "freq_entropy": [
    9.631567001342773,
    9.160982131958008
  ]
}