{
  "dominant_freq": [
    1.2771428571428574,
    3.7022190408017184
  ],
  "amp_mean_x": [
    0.14915183186531067,
    0.4871271252632141
  ],
  "amp_mean_y": [
    0.37782973051071167,
    1.0054130554199219
  ],
  "symmetry_ratio": [
    0.3947593867778778,
    0.48450446128845215
  ],
  "energy_distribution": [
    0.21760353446006775,
    0.28469905257225037
  ],
  "motion_stability": [
    2.0084776878356934,
    3.2577366828918457
  ],
  "freq_entropy": [
    9.532232284545898,
    9.569624900817871
  ]
}