{
  "dominant_freq": [
    0.45383142857142855,
    1.9463275862068963
  ],
  "amp_mean_x": [
    0.08761094510555267,
    1.1382638216018677
  ],
  "amp_mean_y": [
    0.16486340761184692,
    0.9828613996505737
  ],
  "symmetry_ratio": [
    0.5314153432846069,
    1.1581122875213623
  ],
  "energy_distribution": [
    0.23205070197582245,
    0.31424790620803833
  ],
  "motion_stability": [
    2.236478567123413,
    5.719289302825928
  ],
  "freq_entropy": [
    9.44192886352539,
    9.254480361938477
  ]
}