{
  "dominant_freq": [
    6.147305380041952,
    4.690736355965001
  ],
  "amp_mean_x": [
    0.567171037197113,
    0.6158715486526489
  ],
  "amp_mean_y": [
    1.128172516822815,
    1.070692777633667
  ],
  "symmetry_ratio": [
    0.5027343034744263,
    0.5752084851264954
  ],
  "energy_distribution": [
    0.20843029022216797,
    0.1617758423089981
  ],
  "motion_stability": [
    4.090827941894531,
    5.082400798797607
  ],
  "freq_entropy": [
    10.349767684936523,
    10.298786163330078
  ]
}