{
  "dominant_freq": [
    0.13700585129156556,
    3.925217639503354
  ],
  "amp_mean_x": [
    0.7534493803977966,
    0.6094390749931335
  ],
  "amp_mean_y": [
    0.856423020362854,
    0.8065909743309021
  ],
  "symmetry_ratio": [
    0.879763126373291,
    0.7555738687515259
  ],
  "energy_distribution": [
    0.4125223159790039,
    0.23540785908699036
  ],
  "motion_stability": [
    2.7353367805480957,
    2.760610818862915
  ],
  "freq_entropy": [
    9.636500358581543,
    9.793844223022461
  ]
}