{
  "dominant_freq": [
    0.2907727659574468,
    0.4846212765957446,
    2.908965517241379
  ],
  "amp_mean_x": [
    0.196252703666687,
    0.4389892518520355,
    0.7853435277938843
  ],
  "amp_mean_y": [
    0.30980175733566284,
    0.5177262425422668,
    0.7560577392578125
  ],
  "symmetry_ratio": [
    0.6334783434867859,
    0.8479177355766296,
    1.0387349128723145
  ],
  "energy_distribution": [
    0.26215919852256775,
    0.3263799846172333,
    0.2357892245054245
  ],
  "motion_stability": [
    3.101069688796997,
    1.822105884552002,
    2.4076032638549805
  ],
  "freq_entropy": [
    10.295042991638184,
    10.333427429199219,
    10.269824981689453
  ]
}