{
  "dominant_freq": [
    3.057003161222339,
    6.595298838437169,
    6.057094736842105
  ],
  "amp_mean_x": [
    0.8821964859962463,
    0.6474670171737671,
    0.574776828289032
  ],
  "amp_mean_y": [
    1.427817940711975,
    0.8699055314064026,
    0.7384998202323914
  ],
  "symmetry_ratio": [
    0.6178634166717529,
    0.7442957758903503,
    0.7783032655715942
  ],
  "energy_distribution": [
    0.22711476683616638,
    0.22610798478126526,
    0.18757785856723785
  ],
  "motion_stability": [
    3.5811519622802734,
    2.8310751914978027,
    3.82576322555542
  ],
  "freq_entropy": [
    8.804131507873535,
    9.055110931396484,
    9.019401550292969
  ]
}