{
  "dominant_freq": [
    4.7494736842105265,
    0.1136842105263158,
    0.29052631578947374
  ],
  "amp_mean_x": [
    0.17997923493385315,
    0.21877636015415192,
    0.10427553206682205
  ],
  "amp_mean_y": [
    0.2788359522819519,
    0.4092159867286682,
    0.2468787282705307
  ],
  "symmetry_ratio": [
    0.6454663872718811,
    0.5346232056617737,
    0.42237553000450134
  ],
  "energy_distribution": [
    0.2533341646194458,
    0.4105483293533325,
    0.3294909596443176
  ],
  "motion_stability": [
    1.4545010328292847,
    1.7875421047210693,
    1.3617615699768066
  ],
  "freq_entropy": [
    9.174052238464355,
    8.788959503173828,
    8.82204818725586
  ]
}