{
  "dominant_freq": [
    7.191666666666666,
    0.55
  ],
  "amp_mean_x": [
    0.06873104721307755,
    0.09045398235321045
  ],
  "amp_mean_y": [
    0.10094527155160904,
    0.12001987546682358
  ],
  "symmetry_ratio": [
    0.6808743476867676,
    0.7536583542823792
  ],
  "energy_distribution": [
    0.18936719000339508,
    0.22804510593414307
  ],
  "motion_stability": [
    4.786181449890137,
    2.2827978134155273
  ],
  "freq_entropy": [
    9.704887390136719,
    9.652523040771484
  ]
}