{
  "dominant_freq": [
    0.7039768741896401,
    0.10758472296933835
  ],
  "amp_mean_x": [
    0.3863643705844879,
    0.5672715306282043
  ],
  "amp_mean_y": [
    0.43134361505508423,
    0.5228958129882812
  ],
  "symmetry_ratio": [
    0.8957229256629944,
    1.0848653316497803
  ],
  "energy_distribution": [
    0.2219175398349762,
    0.39762794971466064
  ],
  "motion_stability": [
    1.9239979982376099,
    3.3653481006622314
  ],
  "freq_entropy": [
    10.274837493896484,
    9.892477035522461
  ]
}