{
  "dominant_freq": [
    1.9313304721030045,
    4.016842105263158,
    2.0210526315789474
  ],
  "amp_mean_x": [
    0.664368212223053,
    0.2058887779712677,
    0.272516131401062
  ],
  "amp_mean_y": [
    1.3533023595809937,
    0.20963849127292633,
    0.621992826461792
  ],
  "symmetry_ratio": [
    0.4909237027168274,
    0.9821134209632874,
    0.4381338953971863
  ],
  "energy_distribution": [
    0.31727975606918335,
    0.2538960576057434,
    0.1894027143716812
  ],
  "motion_stability": [
    6.237499237060547,
    1.6352113485336304,
    1.8500895500183105
  ],
  "freq_entropy": [
    8.96483039855957,
    8.995912551879883,
    9.013742446899414
  ]
}