{
  "dominant_freq": [
    1.103347602739726,
    3.5681627408993575
  ],
  "amp_mean_x": [
    1.7367219924926758,
    1.3653039932250977
  ],
  "amp_mean_y": [
    1.8124048709869385,
    1.1510463953018188
  ],
  "symmetry_ratio": [
    0.9582417607307434,
    1.1861416101455688
  ],
  "energy_distribution": [
    0.20669902861118317,
    0.21727924048900604
  ],
  "motion_stability": [
    4.3147807121276855,
    3.1992101669311523
  ],
  "freq_entropy": [
    10.306885719299316,
    10.307341575622559
  ]
}