{
  "dominant_freq": [
    0.12494743241703288,
    8.51342652728334
  ],
  "amp_mean_x": [
    0.9547690749168396,
    1.3464847803115845
  ],
  "amp_mean_y": [
    1.1662846803665161,
    1.4426422119140625
  ],
  "symmetry_ratio": [
    0.8186415433883667,
    0.9333463311195374
  ],
  "energy_distribution": [
    0.47638028860092163,
    0.12561087310314178
  ],
  "motion_stability": [
    6.023271560668945,
    6.02263069152832
  ],
  "freq_entropy": [
    9.612922668457031,
    9.864718437194824
  ]
}