{
  "dominant_freq": [
    0.14895115681233934,
    0.27036765957446807
  ],
  "amp_mean_x": [
    0.874306321144104,
    0.2743104100227356
  ],
  "amp_mean_y": [
    1.4175711870193481,
    0.45256972312927246
  ],
  "symmetry_ratio": [
    0.6167635917663574,
    0.6061174869537354
  ],
  "energy_distribution": [
    0.2927873730659485,
    0.3027801811695099
  ],
  "motion_stability": [
    6.036189079284668,
    1.5348141193389893
  ],
  "freq_entropy": [
    10.337522506713867,
    10.165553092956543
  ]
}