{
  "dominant_freq": [
    0.2805702127659574,
    4.050413617021276
  ],
  "amp_mean_x": [
    0.10074129700660706,
    0.15545150637626648
  ],
  "amp_mean_y": [
    0.252910315990448,
    0.3472216725349426
  ],
  "symmetry_ratio": [
    0.39832815527915955,
    0.44770103693008423
  ],
  "energy_distribution": [
    0.42384594678878784,
    0.1962033212184906
  ],
  "motion_stability": [
    1.2914831638336182,
    2.2475738525390625
  ],
  "freq_entropy": [
    9.927706718444824,
    10.478019714355469
  ]
}