{
  "dominant_freq": [
    0.1728,
    0.28800000000000003
  ],
  "amp_mean_x": [
    0.295215368270874,
    0.12396577000617981
  ],
  "amp_mean_y": [
    0.6502194404602051,
    0.28261610865592957
  ],
  "symmetry_ratio": [
    0.45402422547340393,
    0.4386366009712219
  ],
  "energy_distribution": [
    0.31103307008743286,
    0.2913971245288849
  ],
  "motion_stability": [
    3.0155742168426514,
    1.5750552415847778
  ],
  "freq_entropy": [
    9.20733642578125,
    9.3193941116333
  ]
}