{
  "dominant_freq": [
    0.3082631654060226,
    0.46239474810903386,
    0.10275438846867418,
    1.3871842443271016
  ],
  "amp_mean_x": [
    0.23500606417655945,
    0.4734272062778473,
    0.2713545560836792,
    0.37961897253990173
  ],
  "amp_mean_y": [
    0.21467843651771545,
    0.26379114389419556,
    0.3564801514148712,
    0.15501300990581512
  ],
  "symmetry_ratio": [
    1.0946887731552124,
    1.7947046756744385,
    0.76120525598526,
    2.448949098587036
  ],
  "energy_distribution": [
    0.28812792897224426,
    0.21601329743862152,
    0.40012630820274353,
    0.2998107969760895
  ],
  "motion_stability": [
    1.0334880352020264,
    1.4308322668075562,
    1.2420095205307007,
    1.2325379848480225
  ],
  "freq_entropy": [
    8.443801879882812,
    8.583639144897461,
    8.098587036132812,
    8.440549850463867
  ]
}