{
  "dominant_freq": [
    0.7748404740200546,
    0.13636363636363635
  ],
  "amp_mean_x": [
    0.47130289673805237,
    1.0702036619186401
  ],
  "amp_mean_y": [
    0.8214287161827087,
    0.634303629398346
  ],
  "symmetry_ratio": [
    0.5737599730491638,
    1.6872103214263916
  ],
  "energy_distribution": [
    0.19615326821804047,
    0.7754671573638916
  ],
  "motion_stability": [
    2.223031759262085,
    2.0856122970581055
  ],
  "freq_entropy": [
    9.263734817504883,
    7.871294021606445
  ]
}