{
  "dominant_freq": [
    4.936235294117647,
    2.4947309168443494
  ],
  "amp_mean_x": [
    0.0882987380027771,
    0.06926430761814117
  ],
  "amp_mean_y": [
    0.30052080750465393,
    0.10552745312452316
  ],
  "symmetry_ratio": [
    0.29381904006004333,
    0.6563629508018494
  ],
  "energy_distribution": [
    0.15924908220767975,
    0.21851469576358795
  ],
  "motion_stability": [
    9.33156967163086,
    2.5869340896606445
  ],
  "freq_entropy": [
    10.325759887695312,
    9.946250915527344
  ]
}