{
  "dominant_freq": [
    0.5305263157894737,
    2.248421052631579,
    0.1136842105263158
  ],
  "amp_mean_x": [
    0.20556001365184784,
    0.2340366393327713,
    0.3998296856880188
  ],
  "amp_mean_y": [
    0.48321211338043213,
    0.4582850933074951,
    0.4423563778400421
  ],
  "symmetry_ratio": [
    0.42540326714515686,
    0.5106791257858276,
    0.903863251209259
  ],
  "energy_distribution": [
    0.22370757162570953,
    0.23190169036388397,
    0.34846457839012146
  ],
  "motion_stability": [
    1.331148624420166,
    1.4568042755126953,
    1.4311189651489258
  ],
  "freq_entropy": [
    8.934534072875977,
    9.030725479125977,
    8.83273696899414
  ]
}