{
  "dominant_freq": [
    0.10925449871465295,
    0.3206772703950744
  ],
  "amp_mean_x": [
    0.6125046014785767,
    0.3274504542350769
  ],
  "amp_mean_y": [
    1.1807392835617065,
    0.4784676730632782
  ],
  "symmetry_ratio": [
    0.5187466740608215,
    0.6843731999397278
  ],
  "energy_distribution": [
    0.40340080857276917,
    0.23144620656967163
  ],
  "motion_stability": [
    4.001114368438721,
    1.2633004188537598
  ],
  "freq_entropy": [
    9.688243865966797,
    9.858652114868164
  ]
}