{
  "dominant_freq": [
    0.3,
    0.51
  ],
  "amp_mean_x": [
    0.049545835703611374,
    0.11184427887201309
  ],
  "amp_mean_y": [
    0.12138789147138596,
    0.30898135900497437
  ],
  "symmetry_ratio": [
    0.4081612825393677,
    0.3619774281978607
  ],
  "energy_distribution": [
    0.23900830745697021,
    0.26671233773231506
  ],
  "motion_stability": [
    1.5817962884902954,
    1.54107666015625
  ],
  "freq_entropy": [
    10.230627059936523,
    10.263788223266602
  ]
}