{
  "dominant_freq": [
    0.1009515789473684,
    3.684732631578947,
    0.12618947368421052
  ],
  "amp_mean_x": [
    0.2844686210155487,
    0.2391374558210373,
    0.2615088224411011
  ],
  "amp_mean_y": [
    0.4942385256290436,
    0.7575119137763977,
    0.4667634069919586
  ],
  "symmetry_ratio": [
    0.5755695104598999,
    0.31568804383277893,
    0.5602598786354065
  ],
  "energy_distribution": [
    0.4734698235988617,
    0.26944980025291443,
    0.35196346044540405
  ],
  "motion_stability": [
    2.488328456878662,
    1.6182029247283936,
    1.6760423183441162
  ],
  "freq_entropy": [
    8.352300643920898,
    8.987106323242188,
    8.850807189941406
  ]
}