{
  "dominant_freq": [
    0.10833333333333334,
    0.2916666666666667
  ],
  "amp_mean_x": [
    0.0895375981926918,
    0.2605363726615906
  ],
  "amp_mean_y": [
    0.1327841877937317,
    0.3551633358001709
  ],
  "symmetry_ratio": [
    0.6743091940879822,
    0.7335677742958069
  ],
  "energy_distribution": [
    0.393279492855072,
    0.22517406940460205
  ],
  "motion_stability": [
    1.567751169204712,
    1.5219818353652954
  ],
  "freq_entropy": [
    8.943038940429688,
    9.277427673339844
  ]
}