{
  "dominant_freq": [
    0.43670571428571425,
    0.71928
  ],
  "amp_mean_x": [
    0.03573888540267944,
    0.036596912890672684
  ],
  "amp_mean_y": [
    0.07249445468187332,
    0.13154737651348114
  ],
  "symmetry_ratio": [
    0.49298784136772156,
    0.2782032787799835
  ],
  "energy_distribution": [
    0.26943469047546387,
    0.20583046972751617
  ],
  "motion_stability": [
    1.6050920486450195,
    1.859438180923462
  ],
  "freq_entropy": [
    9.517068862915039,
    9.504101753234863
  ]
}