{
  "dominant_freq": [
    0.10290128755364807,
    0.43670571428571425
  ],
  "amp_mean_x": [
    0.7097188830375671,
    0.1946793496608734
  ],
  "amp_mean_y": [
    0.907453179359436,
    0.6045746803283691
  ],
  "symmetry_ratio": [
    0.782099723815918,
    0.32201042771339417
  ],
  "energy_distribution": [
    0.24507112801074982,
    0.23757408559322357
  ],
  "motion_stability": [
    5.4324774742126465,
    1.7944979667663574
  ],
  "freq_entropy": [
    9.571257591247559,
    9.441268920898438
  ]
}