{
  "dominant_freq": [
    1.3484204547378662,
    0.15773699984226303
  ],
  "amp_mean_x": [
    0.5505179166793823,
    1.648020625114441
  ],
  "amp_mean_y": [
    0.4602259695529938,
    0.9384636282920837
  ],
  "symmetry_ratio": [
    1.1961904764175415,
    1.756083607673645
  ],
  "energy_distribution": [
    0.20923390984535217,
    0.7286859154701233
  ],
  "motion_stability": [
    1.762460470199585,
    2.5276412963867188
  ],
  "freq_entropy": [
    9.293730735778809,
    7.808981895446777
  ]
}