{
  "dominant_freq": [
    0.4897225531914893,
    0.45911489361702124
  ],
  "amp_mean_x": [
    0.04439152777194977,
    0.059853293001651764
  ],
  "amp_mean_y": [
    0.06470980495214462,
    0.10789363086223602
  ],
  "symmetry_ratio": [
    0.6860092878341675,
    0.5547435283660889
  ],
  "energy_distribution": [
    0.239099383354187,
    0.2376115471124649
  ],
  "motion_stability": [
    1.4919803142547607,
    1.115417718887329
  ],
  "freq_entropy": [
    10.243307113647461,
    10.152284622192383
  ]
}