{
  "dominant_freq": [
    1.9660319999999998,
    3.4885079999999995
  ],
  "amp_mean_x": [
    0.08218506723642349,
    0.48872479796409607
  ],
  "amp_mean_y": [
    0.12927605211734772,
    0.37426134943962097
  ],
  "symmetry_ratio": [
    0.6357331275939941,
    1.3058382272720337
  ],
  "energy_distribution": [
    0.21403878927230835,
    0.2715456783771515
  ],
  "motion_stability": [
    1.131435751914978,
    2.6853888034820557
  ],
  "freq_entropy": [
    9.025745391845703,
    9.047820091247559
  ]
}