{
  "dominant_freq": [
    0.4714285714285714,
    0.48000000000000004
  ],
  "amp_mean_x": [
    0.01630268432199955,
    0.13301751017570496
  ],
  "amp_mean_y": [
    0.021642230451107025,
    0.19936469197273254
  ],
  "symmetry_ratio": [
    0.7532811760902405,
    0.6672069430351257
  ],
  "energy_distribution": [
    0.27030882239341736,
    0.38031163811683655
  ],
  "motion_stability": [
    1.6169099807739258,
    1.4023442268371582
  ],
  "freq_entropy": [
    9.38814926147461,
    8.580851554870605
  ]
}