{
  "dominant_freq": [
    3.8361599999999996,
    4.453666428060129
  ],
  "amp_mean_x": [
    0.20191551744937897,
    0.46302640438079834
  ],
  "amp_mean_y": [
    0.1878792643547058,
    0.3867318630218506
  ],
  "symmetry_ratio": [
    1.0747089385986328,
    1.1972801685333252
  ],
  "energy_distribution": [
    0.2073056548833847,
    0.2629256844520569
  ],
  "motion_stability": [
    2.3278942108154297,
    3.282285213470459
  ],
  "freq_entropy": [
    9.639076232910156,
    9.485431671142578
  ]
}