{
  "dominant_freq": [
    3.1949396204715357,
    0.7954285714285715
  ],
  "amp_mean_x": [
    0.2635399103164673,
    0.46643492579460144
  ],
  "amp_mean_y": [
    0.6604346632957458,
    0.44622471928596497
  ],
  "symmetry_ratio": [
    0.3990401029586792,
    1.045291543006897
  ],
  "energy_distribution": [
    0.3697311282157898,
    0.2334243208169937
  ],
  "motion_stability": [
    3.4668335914611816,
    2.3055453300476074
  ],
  "freq_entropy": [
    9.702667236328125,
    9.877628326416016
  ]
}