{
  "dominant_freq": [
    0.501002004008016,
    0.4916666666666667
  ],
  "amp_mean_x": [
    0.18172293901443481,
    0.4489903151988983
  ],
  "amp_mean_y": [
    0.29867446422576904,
    0.43585753440856934
  ],
  "symmetry_ratio": [
    0.6084314584732056,
    1.0301308631896973
  ],
  "energy_distribution": [
    0.32644814252853394,
    0.4570332467556
  ],
  "motion_stability": [
    2.0364208221435547,
    2.173694610595703
  ],
  "freq_entropy": [
    9.365554809570312,
    8.544046401977539
  ]
}