{
  "dominant_freq": [
    0.10275428571428571,
    0.3253885714285714
  ],
  "amp_mean_x": [
    0.10076562315225601,
    0.08999263495206833
  ],
  "amp_mean_y": [
    0.15686719119548798,
    0.19832003116607666
  ],
  "symmetry_ratio": [
    0.642362654209137,
    0.4537748098373413
  ],
  "energy_distribution": [
    0.22566787898540497,
    0.2508145570755005
  ],
  "motion_stability": [
    1.8595457077026367,
    1.4664243459701538
  ],
  "freq_entropy": [
    9.603084564208984,
    9.483617782592773
  ]
}