{
  "dominant_freq": [
    6.323905646890635,
    1.0111393852751964
  ],
  "amp_mean_x": [
    0.4137519598007202,
    0.3737757205963135
  ],
  "amp_mean_y": [
    1.0268588066101074,
    0.8694048523902893
  ],
  "symmetry_ratio": [
    0.40292975306510925,
    0.42992135882377625
  ],
  "energy_distribution": [
    0.16404466331005096,
    0.21555095911026
  ],
  "motion_stability": [
    2.222710609436035,
    1.451488733291626
  ],
  "freq_entropy": [
    9.626358032226562,
    9.526224136352539
  ]
}