{
  "dominant_freq": [
    0.3503154275891706,
    5.8843373493975895,
    3.292841201716738
  ],
  "amp_mean_x": [
    1.215118408203125,
    0.9333502650260925,
    0.6609753370285034
  ],
  "amp_mean_y": [
    2.6529388427734375,
    1.9004366397857666,
    1.4426369667053223
  ],
  "symmetry_ratio": [
    0.45802730321884155,
    0.49112412333488464,
    0.45817163586616516
  ],
  "energy_distribution": [
    0.2940681576728821,
    0.19334280490875244,
    0.14021475613117218
  ],
  "motion_stability": [
    4.234504222869873,
    2.1127660274505615,
    3.0951950550079346
  ],
  "freq_entropy": [
    10.342592239379883,
    10.29981803894043,
    10.29487419128418
  ]
}