{
  "dominant_freq": [
    0.7107171428571428,
    0.10275428571428571
  ],
  "amp_mean_x": [
    0.08332289010286331,
    0.14169646799564362
  ],
  "amp_mean_y": [
    0.15112242102622986,
    0.19570890069007874
  ],
  "symmetry_ratio": [
    0.5513601899147034,
    0.7240164875984192
  ],
  "energy_distribution": [
    0.28466030955314636,
    0.3211269974708557
  ],
  "motion_stability": [
    1.245129108428955,
    1.1438733339309692
  ],
  "freq_entropy": [
    9.470174789428711,
    9.328256607055664
  ]
}