{
  "dominant_freq": [
    0.2649978947368421,
    0.2649978947368421,
    0.29023578947368417
  ],
  "amp_mean_x": [
    0.07752782851457596,
    0.10675756633281708,
    0.08566733449697495
  ],
  "amp_mean_y": [
    0.1683042198419571,
    0.17072024941444397,
    0.08631730824708939
  ],
  "symmetry_ratio": [
    0.4606410264968872,
    0.6253362894058228,
    0.9924699664115906
  ],
  "energy_distribution": [
    0.21111492812633514,
    0.24639610946178436,
    0.31629034876823425
  ],
  "motion_stability": [
    1.1553354263305664,
    1.1710021495819092,
    1.2728290557861328
  ],
  "freq_entropy": [
    8.997695922851562,
    8.947660446166992,
    8.671131134033203
  ]
}