{
  "dominant_freq": [
    3.8531034482758617,
    4.180194622279129
  ],
  "amp_mean_x": [
    0.293587327003479,
    0.48629164695739746
  ],
  "amp_mean_y": [
    0.4568295180797577,
    1.075090765953064
  ],
  "symmetry_ratio": [
    0.642662763595581,
    0.45232611894607544
  ],
  "energy_distribution": [
    0.21980120241641998,
    0.23117396235466003
  ],
  "motion_stability": [
    3.7477006912231445,
    2.35127329826355
  ],
  "freq_entropy": [
    10.391879081726074,
    10.243514060974121
  ]
}