{
  "dominant_freq": [
    4.525
  ],
  "amp_mean_x": [
    0.218675434589386
  ],
  "amp_mean_y": [
    0.316238135099411
  ],
  "symmetry_ratio": [
    0.6914897561073303
  ],
  "energy_distribution": [
    0.24691082537174225
  ],
  "motion_stability": [
    2.191922426223755
  ],
  "freq_entropy": [
    10.24626350402832
  ]
}