{
  "dominant_freq": [
    0.8648485714285714,
    0.3082628571428571
  ],
  "amp_mean_x": [
    0.17865683138370514,
    0.10677693784236908
  ],
  "amp_mean_y": [
    0.18430659174919128,
    0.2585744857788086
  ],
  "symmetry_ratio": [
    0.9693458676338196,
    0.41294461488723755
  ],
  "energy_distribution": [
    0.24553757905960083,
    0.22333720326423645
  ],
  "motion_stability": [
    1.5073727369308472,
    0.7315278053283691
  ],
  "freq_entropy": [
    9.549928665161133,
    9.474193572998047
  ]
}