{
  "dominant_freq": [
    0.4253544620517098,
    4.408673894912428
  ],
  "amp_mean_x": [
    0.4544353485107422,
    0.7064591646194458
  ],
  "amp_mean_y": [
    0.7511786818504333,
    0.8276699185371399
  ],
  "symmetry_ratio": [
    0.6049630641937256,
    0.8535518050193787
  ],
  "energy_distribution": [
    0.18615961074829102,
    0.19204217195510864
  ],
  "motion_stability": [
    2.500652313232422,
    2.313603401184082
  ],
  "freq_entropy": [
    10.40494155883789,
    10.292823791503906
  ]
}