{
  "dominant_freq": [
    0.9412502941407169,
    1.7915474789941057,
    0.12901433478273772
  ],
  "amp_mean_x": [
    1.244984745979309,
    0.49516525864601135,
    0.7165557146072388
  ],
  "amp_mean_y": [
    2.1739304065704346,
    0.7510268092155457,
    0.7513793110847473
  ],
  "symmetry_ratio": [
    0.5726884007453918,
    0.659317672252655,
    0.9536537528038025
  ],
  "energy_distribution": [
    0.2487487643957138,
    0.19406507909297943,
    0.2553349435329437
  ],
  "motion_stability": [
    3.0486111640930176,
    4.753505706787109,
    4.54345703125
  ],
  "freq_entropy": [
    10.278738021850586,
    10.167750358581543,
    10.262754440307617
  ]
}