{
  "dominant_freq": [
    0.10202553191489361,
    0.1023303457106274
  ],
  "amp_mean_x": [
    0.06207011640071869,
    0.1593315601348877
  ],
  "amp_mean_y": [
    0.07426321506500244,
    0.26290667057037354
  ],
  "symmetry_ratio": [
    0.8358123898506165,
    0.606038510799408
  ],
  "energy_distribution": [
    0.3020772933959961,
    0.3075805604457855
  ],
  "motion_stability": [
    1.679076075553894,
    4.815977096557617
  ],
  "freq_entropy": [
    10.052177429199219,
    10.209294319152832
  ]
}