{
  "dominant_freq": [
    4.800361679224973,
    2.974846884899683,
    3.0413530655391114
  ],
  "amp_mean_x": [
    2.645648241043091,
    2.1398749351501465,
    1.080674648284912
  ],
  "amp_mean_y": [
    3.4955551624298096,
    2.2595155239105225,
    1.0456833839416504
  ],
  "symmetry_ratio": [
    0.7568606734275818,
    0.9470503330230713,
    1.0334625244140625
  ],
  "energy_distribution": [
    0.21581560373306274,
    0.23580633103847504,
    0.24990592896938324
  ],
  "motion_stability": [
    2.451927423477173,
    3.0572988986968994,
    2.935067653656006
  ],
  "freq_entropy": [
    9.003615379333496,
    8.929622650146484,
    8.967653274536133
  ]
}