{
  "dominant_freq": [
    2.4991652754590983
  ],
  "amp_mean_x": [
    0.9322004318237305
  ],
  "amp_mean_y": [
    0.6760731935501099
  ],
  "symmetry_ratio": [
    1.378845453262329
  ],
  "energy_distribution": [
    0.2646534740924835
  ],
  "motion_stability": [
    3.4596869945526123
  ],
  "freq_entropy": [
    10.34994888305664
  ]
}