{
  "dominant_freq": [
    1.5839311334289816,
    0.7311827956989247
  ],
  "amp_mean_x": [
    0.8014291524887085,
    0.8109232187271118
  ],
  "amp_mean_y": [
    1.131659746170044,
    0.7857413291931152
  ],
  "symmetry_ratio": [
    0.7081891298294067,
    1.0320485830307007
  ],
  "energy_distribution": [
    0.19471369683742523,
    0.23617595434188843
  ],
  "motion_stability": [
    3.105565071105957,
    2.0251550674438477
  ],
  "freq_entropy": [
    9.584110260009766,
    9.531078338623047
  ]
}