{
  "dominant_freq": [
    0.9890099999999998,
    0.11987999999999999
  ],
  "amp_mean_x": [
    0.25316110253334045,
    0.1174418106675148
  ],
  "amp_mean_y": [
    0.21574833989143372,
    0.3718631863594055
  ],
  "symmetry_ratio": [
    1.1734092235565186,
    0.31581994891166687
  ],
  "energy_distribution": [
    0.24359317123889923,
    0.2133922129869461
  ],
  "motion_stability": [
    2.9203503131866455,
    1.7771313190460205
  ],
  "freq_entropy": [
    9.355903625488281,
    9.313329696655273
  ]
}