{
  "dominant_freq": [
    0.730608840700584
  ],
  "amp_mean_x": [
    0.5877352356910706
  ],
  "amp_mean_y": [
    0.4205448627471924
  ],
  "symmetry_ratio": [
    1.3975565433502197
  ],
  "energy_distribution": [
    0.398144006729126
  ],
  "motion_stability": [
    4.123405456542969
  ],
  "freq_entropy": [
    9.788923263549805
  ]
}