{
  "dominant_freq": [
    0.18443076923076923,
    4.663090016366612,
    0.4774663811563169
  ],
  "amp_mean_x": [
    3.7733325958251953,
    2.3205885887145996,
    0.8730934858322144
  ],
  "amp_mean_y": [
    2.9435715675354004,
    2.256422996520996,
    1.8014719486236572
  ],
  "symmetry_ratio": [
    1.2818892002105713,
    1.0284368991851807,
    0.48465561866760254
  ],
  "energy_distribution": [
    0.24741220474243164,
    0.21908271312713623,
    0.2968379259109497
  ],
  "motion_stability": [
    2.662410259246826,
    2.4213335514068604,
    1.6690025329589844
  ],
  "freq_entropy": [
    9.62125015258789,
    9.97677993774414,
    10.153251647949219
  ]
}