{
  "dominant_freq": [
    0.1,
    0.125
  ],
  "amp_mean_x": [
    0.33977368474006653,
    0.2721608877182007
  ],
  "amp_mean_y": [
    0.251819372177124,
    0.4439825415611267
  ],
  "symmetry_ratio": [
    1.3492753505706787,
    0.6129990816116333
  ],
  "energy_distribution": [
    0.4258049428462982,
    0.5217736959457397
  ],
  "motion_stability": [
    1.5741266012191772,
    2.4911656379699707
  ],
  "freq_entropy": [
    8.372883796691895,
    8.072379112243652
  ]
}