{
  "dominant_freq": [
    3.8166666666666664,
    0.10053619302949063,
    0.7333333333333334
  ],
  "amp_mean_x": [
    0.19230134785175323,
    0.3150734603404999,
    0.21080505847930908
  ],
  "amp_mean_y": [
    0.22812846302986145,
    0.8415599465370178,
    0.34371477365493774
  ],
  "symmetry_ratio": [
    0.8429520130157471,
    0.37439218163490295,
    0.6133139133453369
  ],
  "energy_distribution": [
    0.22804905474185944,
    0.2951401472091675,
    0.18862521648406982
  ],
  "motion_stability": [
    0.9332789182662964,
    3.1070847511291504,
    1.224104404449463
  ],
  "freq_entropy": [
    8.581552505493164,
    8.393224716186523,
    8.542223930358887
  ]
}