{
  "dominant_freq": [
    0.31104,
    4.527656652360514,
    4.148228571428571
  ],
  "amp_mean_x": [
    1.3701000213623047,
    1.4537993669509888,
    1.134884238243103
  ],
  "amp_mean_y": [
    2.266153335571289,
    2.411020278930664,
    1.4537584781646729
  ],
  "symmetry_ratio": [
    0.6045928001403809,
    0.6029809713363647,
    0.7806552648544312
  ],
  "energy_distribution": [
    0.25754106044769287,
    0.1746203899383545,
    0.171457439661026
  ],
  "motion_stability": [
    3.1067800521850586,
    2.082580327987671,
    2.242797374725342
  ],
  "freq_entropy": [
    8.868778228759766,
    9.003174781799316,
    9.058061599731445
  ]
}