{
  "dominant_freq": [
    3.6002336321825137,
    8.11476658934286,
    0.2902360797097639
  ],
  "amp_mean_x": [
    0.6297315955162048,
    0.4675132930278778,
    0.1487889587879181
  ],
  "amp_mean_y": [
    0.9456838369369507,
    0.5852274894714355,
    0.2801615297794342
  ],
  "symmetry_ratio": [
    0.6659007668495178,
    0.7988573908805847,
    0.5310827493667603
  ],
  "energy_distribution": [
    0.20978417992591858,
    0.21087083220481873,
    0.27029183506965637
  ],
  "motion_stability": [
    2.5214109420776367,
    2.539883613586426,
    1.455667495727539
  ],
  "freq_entropy": [
    8.934539794921875,
    8.98211669921875,
    8.786069869995117
  ]
}