{
  "dominant_freq": [
    4.212925714285714,
    7.920642857142857
  ],
  "amp_mean_x": [
    0.10912282764911652,
    0.125990092754364
  ],
  "amp_mean_y": [
    0.0697946846485138,
    0.08039326220750809
  ],
  "symmetry_ratio": [
    1.5634833574295044,
    1.5671722888946533
  ],
  "energy_distribution": [
    0.28851333260536194,
    0.09724508970975876
  ],
  "motion_stability": [
    1.500229835510254,
    3.137526512145996
  ],
  "freq_entropy": [
    9.250290870666504,
    9.719419479370117
  ]
}