{
  "dominant_freq": [
    0.10180891719745222,
    2.0380865892291444,
    4.88634424498416
  ],
  "amp_mean_x": [
    0.7791190147399902,
    0.36365458369255066,
    0.12298594415187836
  ],
  "amp_mean_y": [
    1.9322714805603027,
    0.4908137619495392,
    0.1754203736782074
  ],
  "symmetry_ratio": [
    0.40321406722068787,
    0.7409217357635498,
    0.7010927200317383
  ],
  "energy_distribution": [
    0.2563953995704651,
    0.13771234452724457,
    0.19121986627578735
  ],
  "motion_stability": [
    5.188683032989502,
    5.13142204284668,
    4.79683256149292
  ],
  "freq_entropy": [
    8.566061019897461,
    9.142526626586914,
    9.074113845825195
  ]
}