{
  "dominant_freq": [
    0.2905263157894737,
    0.10180275715800637,
    1.2297734627831716
  ],
  "amp_mean_x": [
    0.08912801742553711,
    1.7803622484207153,
    0.6698948740959167
  ],
  "amp_mean_y": [
    0.3318464756011963,
    1.4668782949447632,
    1.2426974773406982
  ],
  "symmetry_ratio": [
    0.2685820758342743,
    1.2137082815170288,
    0.5390651226043701
  ],
  "energy_distribution": [
    0.20228664577007294,
    0.37579232454299927,
    0.1938740313053131
  ],
  "motion_stability": [
    2.74442982673645,
    5.490079879760742,
    6.3254241943359375
  ],
  "freq_entropy": [
    8.982336044311523,
    8.85672664642334,
    9.184850692749023
  ]
}