{
  "dominant_freq": [
    0.10202553191489361,
    1.5476571428571428,
    2.3597431578947363
  ],
  "amp_mean_x": [
    0.22840239107608795,
    0.17555277049541473,
    0.11553174257278442
  ],
  "amp_mean_y": [
    0.25324130058288574,
    0.26788291335105896,
    0.19185006618499756
  ],
  "symmetry_ratio": [
    0.9019160270690918,
    0.655333936214447,
    0.60219806432724
  ],
  "energy_distribution": [
    0.2586931884288788,
    0.21453975141048431,
    0.19820672273635864
  ],
  "motion_stability": [
    2.390348434448242,
    3.6569013595581055,
    3.583209276199341
  ],
  "freq_entropy": [
    9.028020858764648,
    9.056742668151855,
    9.127161026000977
  ]
}