{
  "dominant_freq": [
    0.48050579557428874,
    0.101159114857745,
    0.3031578947368421
  ],
  "amp_mean_x": [
    0.9232027530670166,
    0.6262439489364624,
    0.2540418207645416
  ],
  "amp_mean_y": [
    0.9343326091766357,
    0.8089091777801514,
    0.24258095026016235
  ],
  "symmetry_ratio": [
    0.9880878925323486,
    0.7741832733154297,
    1.0472455024719238
  ],
  "energy_distribution": [
    0.2546628713607788,
    0.5678796172142029,
    0.24755769968032837
  ],
  "motion_stability": [
    2.933095932006836,
    3.206944465637207,
    1.6991729736328125
  ],
  "freq_entropy": [
    9.075016021728516,
    8.21754264831543,
    9.013614654541016
  ]
}