{
  "dominant_freq": [
    5.036533916849014,
    4.3790031948881785,
    2.898477200424178
  ],
  "amp_mean_x": [
    1.3441812992095947,
    1.170690655708313,
    1.1535615921020508
  ],
  "amp_mean_y": [
    2.5798981189727783,
    1.8099548816680908,
    2.414191246032715
  ],
  "symmetry_ratio": [
    0.5210210680961609,
    0.646806538105011,
    0.4778252840042114
  ],
  "energy_distribution": [
    0.33294573426246643,
    0.29295921325683594,
    0.1989416927099228
  ],
  "motion_stability": [
    4.379832744598389,
    3.1675221920013428,
    2.3108599185943604
  ],
  "freq_entropy": [
    8.888959884643555,
    8.641634941101074,
    9.01048469543457
  ]
}