{
  "dominant_freq": [
    4.455539999999999,
    0.48950999999999995
  ],
  "amp_mean_x": [
    0.3231360912322998,
    0.21615377068519592
  ],
  "amp_mean_y": [
    0.17556104063987732,
    0.30310118198394775
  ],
  "symmetry_ratio": [
    1.8405910730361938,
    0.7131406664848328
  ],
  "energy_distribution": [
    0.18060293793678284,
    0.26929691433906555
  ],
  "motion_stability": [
    1.3519096374511719,
    1.1911239624023438
  ],
  "freq_entropy": [
    9.29649543762207,
    9.088384628295898
  ]
}