{
  "dominant_freq": [
    3.6412926490984745,
    0.4877875862068965
  ],
  "amp_mean_x": [
    1.1290431022644043,
    0.6038462519645691
  ],
  "amp_mean_y": [
    1.1965885162353516,
    0.6140324473381042
  ],
  "symmetry_ratio": [
    0.9435516595840454,
    0.9834109544754028
  ],
  "energy_distribution": [
    0.15293577313423157,
    0.19661349058151245
  ],
  "motion_stability": [
    2.9206037521362305,
    1.4599559307098389
  ],
  "freq_entropy": [
    9.631559371948242,
    9.588714599609375
  ]
}