{
  "dominant_freq": [
    0.4669010526315789,
    5.590193684210526,
    0.47951999999999995
  ],
  "amp_mean_x": [
    0.28657230734825134,
    0.24437224864959717,
    0.2648269832134247
  ],
  "amp_mean_y": [
    0.6444835066795349,
    0.6847083568572998,
    0.7969624400138855
  ],
  "symmetry_ratio": [
    0.4446542263031006,
    0.35689976811408997,
    0.3322954475879669
  ],
  "energy_distribution": [
    0.21569085121154785,
    0.15216688811779022,
    0.2303968071937561
  ],
  "motion_stability": [
    1.4800615310668945,
    1.546139121055603,
    1.864633321762085
  ],
  "freq_entropy": [
    8.960575103759766,
    9.015186309814453,
    8.986725807189941
  ]
}