{
  "dominant_freq": [
    4.204472843450478,
    0.13938753959873285,
    0.2905263157894737
  ],
  "amp_mean_x": [
    1.2310664653778076,
    0.3661869764328003,
    0.22707818448543549
  ],
  "amp_mean_y": [
    2.3077805042266846,
    0.8099833130836487,
    0.31351572275161743
  ],
  "symmetry_ratio": [
    0.5334417223930359,
    0.4520919919013977,
    0.724295973777771
  ],
  "energy_distribution": [
    0.2521834671497345,
    0.4751783013343811,
    0.32365095615386963
  ],
  "motion_stability": [
    4.027684211730957,
    3.1642279624938965,
    1.4255061149597168
  ],
  "freq_entropy": [
    8.962834358215332,
    8.704244613647461,
    8.862770080566406
  ]
}