{
  "dominant_freq": [
    0.11,
    0.1
  ],
  "amp_mean_x": [
    0.1682155281305313,
    0.14331868290901184
  ],
  "amp_mean_y": [
    0.19669023156166077,
    0.2811901867389679
  ],
  "symmetry_ratio": [
    0.8552307486534119,
    0.5096859335899353
  ],
  "energy_distribution": [
    0.2585824429988861,
    0.3883037567138672
  ],
  "motion_stability": [
    1.1598657369613647,
    1.203425645828247
  ],
  "freq_entropy": [
    10.159446716308594,
    9.784916877746582
  ]
}