{
  "dominant_freq": [
    1.8784262527461657,
    7.519407730600973,
    9.203945577222353
  ],
  "amp_mean_x": [
    0.5384196043014526,
    0.9619425535202026,
    1.0264003276824951
  ],
  "amp_mean_y": [
    0.8697687387466431,
    0.6178326606750488,
    0.6703780293464661
  ],
  "symmetry_ratio": [
    0.6190376877784729,
    1.5569629669189453,
    1.5310769081115723
  ],
  "energy_distribution": [
    0.19338391721248627,
    0.1716710329055786,
    0.22698155045509338
  ],
  "motion_stability": [
    3.896533966064453,
    2.4588327407836914,
    2.89640474319458
  ],
  "freq_entropy": [
    8.975505828857422,
    9.029335021972656,
    9.020905494689941
  ]
}