{
  "dominant_freq": [
    0.4711111111111111,
    0.7555555555555555
  ],
  "amp_mean_x": [
    0.10680539906024933,
    0.13578180968761444
  ],
  "amp_mean_y": [
    0.14234131574630737,
    0.30635830760002136
  ],
  "symmetry_ratio": [
    0.7503471374511719,
    0.4432124197483063
  ],
  "energy_distribution": [
    0.2369711697101593,
    0.1927434504032135
  ],
  "motion_stability": [
    1.3096568584442139,
    1.5845000743865967
  ],
  "freq_entropy": [
    9.439512252807617,
    9.501598358154297
  ]
}