{
  "dominant_freq": [
    0.5764442553191489,
    0.10712680851063829
  ],
  "amp_mean_x": [
    0.04983285441994667,
    0.1743488907814026
  ],
  "amp_mean_y": [
    0.13028471171855927,
    0.3789842128753662
  ],
  "symmetry_ratio": [
    0.38249194622039795,
    0.4600426256656647
  ],
  "energy_distribution": [
    0.28476572036743164,
    0.5460106730461121
  ],
  "motion_stability": [
    2.220911979675293,
    2.8109230995178223
  ],
  "freq_entropy": [
    10.204174995422363,
    9.522139549255371
  ]
}