{
  "dominant_freq": [
    5.845,
    1.01
  ],
  "amp_mean_x": [
    0.07212269306182861,
    0.07291240245103836
  ],
  "amp_mean_y": [
    0.1048886701464653,
    0.12795644998550415
  ],
  "symmetry_ratio": [
    0.6876118779182434,
    0.5698220133781433
  ],
  "energy_distribution": [
    0.14132604002952576,
    0.18035988509655
  ],
  "motion_stability": [
    4.079641342163086,
    1.527814269065857
  ],
  "freq_entropy": [
    10.509626388549805,
    10.43940544128418
  ]
}