{
  "dominant_freq": [
    3.838142989086385,
    0.29669799852475165
  ],
  "amp_mean_x": [
    1.279626488685608,
    0.9599111676216125
  ],
  "amp_mean_y": [
    1.7141093015670776,
    1.8534002304077148
  ],
  "symmetry_ratio": [
    0.7465255856513977,
    0.5179190039634705
  ],
  "energy_distribution": [
    0.1954045444726944,
    0.21467608213424683
  ],
  "motion_stability": [
    2.293797492980957,
    1.712936282157898
  ],
  "freq_entropy": [
    9.865093231201172,
    9.731424331665039
  ]
}