{
  "dominant_freq": [
    0.46736842105263166,
    5.103157894736843,
    2.3747368421052633
  ],
  "amp_mean_x": [
    0.11988843232393265,
    0.1976608783006668,
    0.10536780208349228
  ],
  "amp_mean_y": [
    0.0995049923658371,
    0.4037143886089325,
    0.16339367628097534
  ],
  "symmetry_ratio": [
    1.2048484086990356,
    0.48960572481155396,
    0.6448707580566406
  ],
  "energy_distribution": [
    0.23906822502613068,
    0.23214124143123627,
    0.20636075735092163
  ],
  "motion_stability": [
    1.2182923555374146,
    2.3420729637145996,
    1.3005070686340332
  ],
  "freq_entropy": [
    8.900928497314453,
    8.967101097106934,
    8.948832511901855
  ]
}