{
  "dominant_freq": [
    0.11496785690334077,
    4.576293271945446
  ],
  "amp_mean_x": [
    1.050624966621399,
    0.9313058257102966
  ],
  "amp_mean_y": [
    1.9648373126983643,
    1.004396915435791
  ],
  "symmetry_ratio": [
    0.5347134470939636,
    0.9272288680076599
  ],
  "energy_distribution": [
    0.24999180436134338,
    0.1800355166196823
  ],
  "motion_stability": [
    4.180698394775391,
    2.1198325157165527
  ],
  "freq_entropy": [
    9.176498413085938,
    9.265080451965332
  ]
}