{
  "dominant_freq": [
    2.361893425723213,
    0.9763061627613706
  ],
  "amp_mean_x": [
    0.17203471064567566,
    0.6367256045341492
  ],
  "amp_mean_y": [
    0.3854583203792572,
    1.4290684461593628
  ],
  "symmetry_ratio": [
    0.4463120996952057,
    0.44555291533470154
  ],
  "energy_distribution": [
    0.151701420545578,
    0.2260773926973343
  ],
  "motion_stability": [
    3.8457579612731934,
    5.310079574584961
  ],
  "freq_entropy": [
    10.363372802734375,
    10.377020835876465
  ]
}