{
  "dominant_freq": [
    2.0084210526315793,
    2.8547368421052637,
    0.2778947368421053
  ],
  "amp_mean_x": [
    0.31029462814331055,
    0.20991714298725128,
    0.18978027999401093
  ],
  "amp_mean_y": [
    0.24045920372009277,
    0.48375391960144043,
    0.47608011960983276
  ],
  "symmetry_ratio": [
    1.2904253005981445,
    0.43393373489379883,
    0.3986309766769409
  ],
  "energy_distribution": [
    0.18090695142745972,
    0.1701693832874298,
    0.2473636269569397
  ],
  "motion_stability": [
    1.3685669898986816,
    2.2750983238220215,
    1.5334455966949463
  ],
  "freq_entropy": [
    8.950021743774414,
    9.038078308105469,
    8.961929321289062
  ]
}