{
  "dominant_freq": [
    4.7952047952047945,
    4.105894105894105,
    4.84015984015984
  ],
  "amp_mean_x": [
    0.05166683346033096,
    0.07623401284217834,
    0.05452904850244522
  ],
  "amp_mean_y": [
    0.05418933928012848,
    0.08998622745275497,
    0.07430696487426758
  ],
  "symmetry_ratio": [
    0.9534501433372498,
    0.8471742272377014,
    0.733834981918335
  ],
  "energy_distribution": [
    0.19443896412849426,
    0.17191177606582642,
    0.17100156843662262
  ],
  "motion_stability": [
    1.9286940097808838,
    1.5902585983276367,
    1.3293356895446777
  ],
  "freq_entropy": [
    8.758546829223633,
    8.752906799316406,
    8.76385498046875
  ]
}