{
  "dominant_freq": [
    1.6404631578947366,
    0.8784310344827586,
    4.606853503184713
  ],
  "amp_mean_x": [
    0.29142630100250244,
    0.3875945508480072,
    0.5715935826301575
  ],
  "amp_mean_y": [
    0.6367460489273071,
    1.6241015195846558,
    1.3672419786453247
  ],
  "symmetry_ratio": [
    0.4576805830001831,
    0.23865167796611786,
    0.418063223361969
  ],
  "energy_distribution": [
    0.1875007152557373,
    0.29510030150413513,
    0.2484101802110672
  ],
  "motion_stability": [
    1.6999337673187256,
    2.8342740535736084,
    2.5368492603302
  ],
  "freq_entropy": [
    9.042476654052734,
    9.021951675415039,
    9.032663345336914
  ]
}