{
  "dominant_freq": [
    0.734375,
    0.484375,
    0.296875
  ],
  "amp_mean_x": [
    0.0328424870967865,
    0.030863508582115173,
    0.04398621618747711
  ],
  "amp_mean_y": [
    0.07912132143974304,
    0.07571621239185333,
    0.09606565535068512
  ],
  "symmetry_ratio": [
    0.4150902330875397,
    0.4076208770275116,
    0.457876592874527
  ],
  "energy_distribution": [
    0.263692706823349,
    0.3235376477241516,
    0.3374250531196594
  ],
  "motion_stability": [
    1.3467057943344116,
    1.3652868270874023,
    1.6780471801757812
  ],
  "freq_entropy": [
    8.470451354980469,
    8.389148712158203,
    8.626049041748047
  ]
}