{
  "dominant_freq": [
    1.2427672955974842
  ],
  "amp_mean_x": [
    0.696343719959259
  ],
  "amp_mean_y": [
    1.7155338525772095
  ],
  "symmetry_ratio": [
    0.40590497851371765
  ],
  "energy_distribution": [
    0.20188511908054352
  ],
  "motion_stability": [
    3.553865432739258
  ],
  "freq_entropy": [
    10.282732009887695
  ]
}