{
  "dominant_freq": [
    3.59375,
    0.71875
  ],
  "amp_mean_x": [
    0.5618805885314941,
    0.2930714786052704
  ],
  "amp_mean_y": [
    0.4356074929237366,
    0.36070266366004944
  ],
  "symmetry_ratio": [
    1.2898781299591064,
    0.8125015497207642
  ],
  "energy_distribution": [
    0.3550961911678314,
    0.2767079472541809
  ],
  "motion_stability": [
    2.2342641353607178,
    1.3031816482543945
  ],
  "freq_entropy": [
    9.05826187133789,
    9.26785945892334
  ]
}