{
  "dominant_freq": [
    0.48592538000921226,
    0.49113832599118934,
    0.48203496503496507,
    0.48896202531645566,
    0.4929448818897637
  ],
  "amp_mean_x": [
    0.07147207111120224,
    0.15346400439739227,
    0.183403879404068,
    0.07173372060060501,
    0.09765243530273438
  ],
  "amp_mean_y": [
    0.15874366462230682,
    0.5836524963378906,
    0.703261137008667,
    0.14678920805454254,
    0.1413402259349823
  ],
  "symmetry_ratio": [
    0.4502357244491577,
    0.2629372775554657,
    0.2607905864715576,
    0.4886852502822876,
    0.69090336561203
  ],
  "energy_distribution": [
    0.3062326908111572,
    0.25896185636520386,
    0.3185284733772278,
    0.2302926629781723,
    0.2084304243326187
  ],
  "motion_stability": [
    1.3415498733520508,
    2.5433273315429688,
    1.371762990951538,
    1.5640003681182861,
    1.6165454387664795
  ],
  "freq_entropy": [
    9.812898635864258,
    10.323450088500977,
    9.91830825805664,
    10.092723846435547,
    10.177868843078613
  ]
}