{
  "dominant_freq": [
    0.5173768421052631,
    0.1009515789473684,
    1.8676042105263155
  ],
  "amp_mean_x": [
    0.04823605716228485,
    0.07737807929515839,
    0.14190256595611572
  ],
  "amp_mean_y": [
    0.07498488575220108,
    0.11392448097467422,
    0.14655858278274536
  ],
  "symmetry_ratio": [
    0.6432770490646362,
    0.6792050004005432,
    0.9682310223579407
  ],
  "energy_distribution": [
    0.19779838621616364,
    0.24827426671981812,
    0.21886736154556274
  ],
  "motion_stability": [
    1.5751662254333496,
    1.0578218698501587,
    0.8436269760131836
  ],
  "freq_entropy": [
    9.006890296936035,
    8.850131034851074,
    8.950881004333496
  ]
}