{
  "dominant_freq": [
    0.31547368421052624,
    0.30285473684210523,
    2.1578399999999998
  ],
  "amp_mean_x": [
    0.11481229960918427,
    0.08539280295372009,
    0.1678469330072403
  ],
  "amp_mean_y": [
    0.15163661539554596,
    0.28052353858947754,
    0.15795940160751343
  ],
  "symmetry_ratio": [
    0.7571541666984558,
    0.3044051229953766,
    1.0625953674316406
  ],
  "energy_distribution": [
    0.24546925723552704,
    0.268117219209671,
    0.15848910808563232
  ],
  "motion_stability": [
    1.015196442604065,
    0.8461393117904663,
    1.236067771911621
  ],
  "freq_entropy": [
    8.942848205566406,
    8.919736862182617,
    8.939905166625977
  ]
}