{
  "dominant_freq": [
    9.048569491525424,
    4.062600000000001,
    0.2933659621802002
  ],
  "amp_mean_x": [
    2.876328945159912,
    0.14337751269340515,
    0.20465600490570068
  ],
  "amp_mean_y": [
    3.2170987129211426,
    0.20361660420894623,
    0.24508334696292877
  ],
  "symmetry_ratio": [
    0.8940754532814026,
    0.7041543126106262,
    0.8350465297698975
  ],
  "energy_distribution": [
    0.2064475119113922,
    0.17955541610717773,
    0.22647662460803986
  ],
  "motion_stability": [
    3.123112440109253,
    1.3753602504730225,
    1.5377408266067505
  ],
  "freq_entropy": [
    8.918638229370117,
    8.814775466918945,
    8.764856338500977
  ]
}