{
  "dominant_freq": [
    3.9538925184404627,
    0.11357052631578946,
    1.1609431578947367
  ],
  "amp_mean_x": [
    0.14201493561267853,
    0.16884052753448486,
    0.1218811497092247
  ],
  "amp_mean_y": [
    0.3770659863948822,
    0.23181912302970886,
    0.16647450625896454
  ],
  "symmetry_ratio": [
    0.3766315281391144,
    0.7283287048339844,
    0.7321310043334961
  ],
  "energy_distribution": [
    0.16297268867492676,
    0.2393907755613327,
    0.2450186014175415
  ],
  "motion_stability": [
    3.182851791381836,
    1.184450387954712,
    1.04020357131958
  ],
  "freq_entropy": [
    9.16418170928955,
    8.8626070022583,
    8.928182601928711
  ]
}