{
  "dominant_freq": [
    0.31578947368421056,
    0.5690200210748156,
    5.216842105263159
  ],
  "amp_mean_x": [
    0.105690598487854,
    0.21772928535938263,
    0.15796396136283875
  ],
  "amp_mean_y": [
    0.16521739959716797,
    0.29881301522254944,
    0.32771041989326477
  ],
  "symmetry_ratio": [
    0.6397061944007874,
    0.7286472916603088,
    0.4820230007171631
  ],
  "energy_distribution": [
    0.2539162337779999,
    0.22941090166568756,
    0.19826655089855194
  ],
  "motion_stability": [
    1.2569174766540527,
    2.8865480422973633,
    2.894516944885254
  ],
  "freq_entropy": [
    8.992398262023926,
    9.03317642211914,
    9.101600646972656
  ]
}