{
  "dominant_freq": [
    0.3051271363067945
  ],
  "amp_mean_x": [
    0.4558575749397278
  ],
  "amp_mean_y": [
    0.625643789768219
  ],
  "symmetry_ratio": [
    0.7286216020584106
  ],
  "energy_distribution": [
    0.3441677987575531
  ],
  "motion_stability": [
    2.8559393882751465
  ],
  "freq_entropy": [
    10.152599334716797
  ]
}