{
  "dominant_freq": [
    0.1009515789473684,
    0.12618947368421052,
    4.366155789473684
  ],
  "amp_mean_x": [
    0.25348103046417236,
    0.23515461385250092,
    0.21120981872081757
  ],
  "amp_mean_y": [
    0.3291064202785492,
    0.40923383831977844,
    0.16764616966247559
  ],
  "symmetry_ratio": [
    0.7702099084854126,
    0.5746216177940369,
    1.2598546743392944
  ],
  "energy_distribution": [
    0.32660481333732605,
    0.3274075984954834,
    0.21217094361782074
  ],
  "motion_stability": [
    1.6945295333862305,
    3.0350351333618164,
    2.188300609588623
  ],
  "freq_entropy": [
    8.776041030883789,
    8.833514213562012,
    8.988372802734375
  ]
}