{
  "dominant_freq": [
    2.7919359999999998,
    0.49856,
    2.816864,
    4.381284848484848,
    4.536896
  ],
  "amp_mean_x": [
    0.16701987385749817,
    0.164886936545372,
    0.23367272317409515,
    1.260203242301941,
    0.19199170172214508
  ],
  "amp_mean_y": [
    0.21446268260478973,
    0.17373992502689362,
    0.18004241585731506,
    2.806729316711426,
    0.10192414373159409
  ],
  "symmetry_ratio": [
    0.7787829041481018,
    0.9490445852279663,
    1.297876000404358,
    0.4489935040473938,
    1.8836724758148193
  ],
  "energy_distribution": [
    0.21283145248889923,
    0.236521378159523,
    0.1599837690591812,
    0.2143625020980835,
    0.19085557758808136
  ],
  "motion_stability": [
    1.237394094467163,
    0.9924049377441406,
    1.0342433452606201,
    4.042973518371582,
    1.1456844806671143
  ],
  "freq_entropy": [
    8.038137435913086,
    7.888025760650635,
    7.838241100311279,
    8.10555648803711,
    7.925144672393799
  ]
}