{
  "dominant_freq": [
    4.864516129032258,
    0.2781875658587987,
    0.2905263157894737
  ],
  "amp_mean_x": [
    0.40853041410446167,
    0.24085594713687897,
    0.18488122522830963
  ],
  "amp_mean_y": [
    0.8067927360534668,
    0.3733358681201935,
    0.3244532644748688
  ],
  "symmetry_ratio": [
    0.5063635110855103,
    0.6451454758644104,
    0.5698239207267761
  ],
  "energy_distribution": [
    0.19273416697978973,
    0.3451792299747467,
    0.24046869575977325
  ],
  "motion_stability": [
    6.2854509353637695,
    1.8139584064483643,
    1.2754080295562744
  ],
  "freq_entropy": [
    9.160225868225098,
    8.727564811706543,
    8.802680015563965
  ]
}