{
  "dominant_freq": [
    0.6142448499408364,
    0.1433850216421767
  ],
  "amp_mean_x": [
    0.3737911880016327,
    0.4824686050415039
  ],
  "amp_mean_y": [
    0.6316871643066406,
    0.6050193309783936
  ],
  "symmetry_ratio": [
    0.5917346477508545,
    0.7974432706832886
  ],
  "energy_distribution": [
    0.29677116870880127,
    0.3429543077945709
  ],
  "motion_stability": [
    2.8999862670898438,
    3.3431715965270996
  ],
  "freq_entropy": [
    10.212007522583008,
    10.143281936645508
  ]
}