{
  "dominant_freq": [
    6.4987578947368405,
    3.318783157894736,
    4.7494830508474575
  ],
  "amp_mean_x": [
    0.23677223920822144,
    0.20094822347164154,
    0.6060068607330322
  ],
  "amp_mean_y": [
    0.4829719662666321,
    0.7031436562538147,
    0.8248611688613892
  ],
  "symmetry_ratio": [
    0.4902401268482208,
    0.285785436630249,
    0.7346773743629456
  ],
  "energy_distribution": [
    0.19993732869625092,
    0.467673122882843,
    0.19692306220531464
  ],
  "motion_stability": [
    1.790008306503296,
    2.32670259475708,
    2.404857635498047
  ],
  "freq_entropy": [
    9.07857608795166,
    8.664100646972656,
    8.976987838745117
  ]
}