{
  "dominant_freq": [
    0.2997,
    4.298554285714285
  ],
  "amp_mean_x": [
    0.09821145981550217,
    0.19023077189922333
  ],
  "amp_mean_y": [
    0.13116002082824707,
    0.18139086663722992
  ],
  "symmetry_ratio": [
    0.7487910985946655,
    1.0487340688705444
  ],
  "energy_distribution": [
    0.3176974952220917,
    0.16044816374778748
  ],
  "motion_stability": [
    2.3499462604522705,
    1.3745360374450684
  ],
  "freq_entropy": [
    9.469812393188477,
    9.564201354980469
  ]
}