{
  "dominant_freq": [
    0.11988,
    4.525555873925501
  ],
  "amp_mean_x": [
    0.5021179914474487,
    0.3757510483264923
  ],
  "amp_mean_y": [
    0.5338108539581299,
    0.54449462890625
  ],
  "symmetry_ratio": [
    0.9406290650367737,
    0.6900913715362549
  ],
  "energy_distribution": [
    0.4275965094566345,
    0.2196379154920578
  ],
  "motion_stability": [
    3.522251605987549,
    2.4278335571289062
  ],
  "freq_entropy": [
    9.314586639404297,
    9.624199867248535
  ]
}