{
  "dominant_freq": [
    3.519399249061327
  ],
  "amp_mean_x": [
    0.600990891456604
  ],
  "amp_mean_y": [
    0.4398064911365509
  ],
  "symmetry_ratio": [
    1.3664894104003906
  ],
  "energy_distribution": [
    0.1632435917854309
  ],
  "motion_stability": [
    2.088623046875
  ],
  "freq_entropy": [
    10.31414794921875
  ]
}