{
  "dominant_freq": [
    1.010417142857143,
    4.152985714285714
  ],
  "amp_mean_x": [
    0.18423670530319214,
    0.10533196479082108
  ],
  "amp_mean_y": [
    0.14481040835380554,
    0.19905486702919006
  ],
  "symmetry_ratio": [
    1.2722615003585815,
    0.5291604399681091
  ],
  "energy_distribution": [
    0.23292294144630432,
    0.20614150166511536
  ],
  "motion_stability": [
    1.2701411247253418,
    1.2686314582824707
  ],
  "freq_entropy": [
    9.53829574584961,
    9.564995765686035
  ]
}