{
  "dominant_freq": [
    0.4744187234042553,
    0.46931744680851056
  ],
  "amp_mean_x": [
    0.16780096292495728,
    0.24054567515850067
  ],
  "amp_mean_y": [
    0.16933269798755646,
    0.3214694559574127
  ],
  "symmetry_ratio": [
    0.9909542798995972,
    0.7482691407203674
  ],
  "energy_distribution": [
    0.29099225997924805,
    0.2796374559402466
  ],
  "motion_stability": [
    1.6759028434753418,
    1.4995086193084717
  ],
  "freq_entropy": [
    10.003677368164062,
    10.015419006347656
  ]
}