{
  "dominant_freq": [
    4.1128220120378325,
    1.6089561141883255
  ],
  "amp_mean_x": [
    1.3197944164276123,
    0.38450777530670166
  ],
  "amp_mean_y": [
    2.187218189239502,
    1.072287917137146
  ],
  "symmetry_ratio": [
    0.6034123301506042,
    0.35858631134033203
  ],
  "energy_distribution": [
    0.201325923204422,
    0.22461840510368347
  ],
  "motion_stability": [
    1.9047596454620361,
    2.0293526649475098
  ],
  "freq_entropy": [
    10.311826705932617,
    10.263981819152832
  ]
}