{
  "dominant_freq": [
    3.1425685714285714,
    1.8535490336435219
  ],
  "amp_mean_x": [
    0.20242930948734283,
    0.19709785282611847
  ],
  "amp_mean_y": [
    0.212732195854187,
    0.22775360941886902
  ],
  "symmetry_ratio": [
    0.9515687227249146,
    0.8653994798660278
  ],
  "energy_distribution": [
    0.18463526666164398,
    0.18037310242652893
  ],
  "motion_stability": [
    1.772917628288269,
    1.6933753490447998
  ],
  "freq_entropy": [
    9.56660270690918,
    9.547248840332031
  ]
}