{
  "dominant_freq": [
    9.433189761058614,
    3.735235352882412
  ],
  "amp_mean_x": [
    0.44017159938812256,
    1.271952748298645
  ],
  "amp_mean_y": [
    0.7662275433540344,
    1.5399601459503174
  ],
  "symmetry_ratio": [
    0.5744659304618835,
    0.8259646892547607
  ],
  "energy_distribution": [
    0.22970691323280334,
    0.2399936318397522
  ],
  "motion_stability": [
    1.7999721765518188,
    1.6439827680587769
  ],
  "freq_entropy": [
    9.22372817993164,
    9.22714614868164
  ]
}