{
  "dominant_freq": [
    0.29587404255319144,
    1.2299310344827585
  ],
  "amp_mean_x": [
    0.10269472002983093,
    0.1279466152191162
  ],
  "amp_mean_y": [
    0.1680038422346115,
    0.15988482534885406
  ],
  "symmetry_ratio": [
    0.6112641096115112,
    0.8002423644065857
  ],
  "energy_distribution": [
    0.3549363315105438,
    0.18301154673099518
  ],
  "motion_stability": [
    2.431549549102783,
    6.777492523193359
  ],
  "freq_entropy": [
    10.2402982711792,
    10.370882034301758
  ]
}