{
  "dominant_freq": [
    4.13156619787306,
    8.650282432184984
  ],
  "amp_mean_x": [
    0.7584152221679688,
    1.5715701580047607
  ],
  "amp_mean_y": [
    1.2388873100280762,
    2.400747537612915
  ],
  "symmetry_ratio": [
    0.6121745109558105,
    0.6546170115470886
  ],
  "energy_distribution": [
    0.2072642594575882,
    0.16133058071136475
  ],
  "motion_stability": [
    3.0704524517059326,
    2.5548739433288574
  ],
  "freq_entropy": [
    9.529541015625,
    9.458321571350098
  ]
}