{
  "dominant_freq": [
    0.11988011988011987,
    6.4833126057615855
  ],
  "amp_mean_x": [
    0.3713788390159607,
    0.3693380653858185
  ],
  "amp_mean_y": [
    1.0376297235488892,
    0.7311936616897583
  ],
  "symmetry_ratio": [
    0.35791075229644775,
    0.5051166415214539
  ],
  "energy_distribution": [
    0.22589871287345886,
    0.24043475091457367
  ],
  "motion_stability": [
    4.501975059509277,
    3.973414421081543
  ],
  "freq_entropy": [
    9.004779815673828,
    9.091476440429688
  ]
}