{
  "dominant_freq": [
    3.874016842105263,
    0.6128051118210862,
    0.7261594048884165
  ],
  "amp_mean_x": [
    0.619130551815033,
    1.5462265014648438,
    1.6301238536834717
  ],
  "amp_mean_y": [
    0.5958707928657532,
    1.2017419338226318,
    1.3242642879486084
  ],
  "symmetry_ratio": [
    1.0390349626541138,
    1.2866543531417847,
    1.2309656143188477
  ],
  "energy_distribution": [
    0.21252571046352386,
    0.284158319234848,
    0.23049521446228027
  ],
  "motion_stability": [
    2.182046413421631,
    3.2481131553649902,
    2.065493583679199
  ],
  "freq_entropy": [
    9.074934005737305,
    9.121203422546387,
    8.950601577758789
  ]
}