{
  "dominant_freq": [
    0.45999999999999996,
    0.48
  ],
  "amp_mean_x": [
    0.14904166758060455,
    0.2788020968437195
  ],
  "amp_mean_y": [
    0.10076607018709183,
    0.14308804273605347
  ],
  "symmetry_ratio": [
    1.4790858030319214,
    1.948465347290039
  ],
  "energy_distribution": [
    0.41252443194389343,
    0.24478556215763092
  ],
  "motion_stability": [
    1.9937806129455566,
    2.6759798526763916
  ],
  "freq_entropy": [
    8.468524932861328,
    9.312309265136719
  ]
}