{
  "dominant_freq": [
    4.142306636155606,
    6.025186264308012
  ],
  "amp_mean_x": [
    1.8704421302001046,
    0.049445487558841705
  ],
  "amp_mean_y": [
    1.980951136073295,
    0.10878697782754898
  ],
  "symmetry_ratio": [
    0.9442141687087523,
    0.45451658964157104
  ],
  "energy_distribution": [
    0.31662876053974265,
    0.19580481946468353
  ],
  "motion_stability": [
    5.2751842865781775,
    1.6978087425231934
  ],
  "freq_entropy": [
    9.433577589327147,
    8.96615219116211
  ]
}