{
  "dominant_freq": [
    0.4858617747440272,
    0.5803958868894602
  ],
  "amp_mean_x": [
    0.7740243077278137,
    0.5797764658927917
  ],
  "amp_mean_y": [
    0.5922805070877075,
    1.03406822681427
  ],
  "symmetry_ratio": [
    1.306854248046875,
    0.5606752634048462
  ],
  "energy_distribution": [
    0.25153982639312744,
    0.29749152064323425
  ],
  "motion_stability": [
    3.733808994293213,
    3.1446051597595215
  ],
  "freq_entropy": [
    10.350625991821289,
    10.236568450927734
  ]
}