{
  "dominant_freq": [
    2.3945169309901413,
    1.005807495741056,
    0.12774936061381073
  ],
  "amp_mean_x": [
    0.8503736257553101,
    0.3939809501171112,
    0.3034411072731018
  ],
  "amp_mean_y": [
    1.8734891414642334,
    0.5510461926460266,
    0.589737057685852
  ],
  "symmetry_ratio": [
    0.4538983404636383,
    0.7149689793586731,
    0.5145362615585327
  ],
  "energy_distribution": [
    0.19404540956020355,
    0.28222259879112244,
    0.2591886520385742
  ],
  "motion_stability": [
    3.6354329586029053,
    1.2366679906845093,
    2.8477015495300293
  ],
  "freq_entropy": [
    10.297904968261719,
    10.1780366897583,
    9.747675895690918
  ]
}