{
  "dominant_freq": [
    1.456591639871383,
    3.2609776304888154
  ],
  "amp_mean_x": [
    0.37709107995033264,
    1.3908528089523315
  ],
  "amp_mean_y": [
    0.700806200504303,
    2.972632884979248
  ],
  "symmetry_ratio": [
    0.5380818247795105,
    0.467885822057724
  ],
  "energy_distribution": [
    0.17213839292526245,
    0.23419132828712463
  ],
  "motion_stability": [
    2.2708005905151367,
    4.636058807373047
  ],
  "freq_entropy": [
    9.427800178527832,
    9.013912200927734
  ]
}