{
  "dominant_freq": [
    0.1150959132610509,
    1.443609022556391
  ],
  "amp_mean_x": [
    0.5782970786094666,
    0.6398451328277588
  ],
  "amp_mean_y": [
    1.5128016471862793,
    1.3464972972869873
  ],
  "symmetry_ratio": [
    0.3822689354419708,
    0.47519227862358093
  ],
  "energy_distribution": [
    0.19178828597068787,
    0.18045534193515778
  ],
  "motion_stability": [
    2.699462890625,
    3.53615403175354
  ],
  "freq_entropy": [
    10.322516441345215,
    9.775694847106934
  ]
}