{
  "dominant_freq": [
    4.815605106382979,
    0.4897225531914893
  ],
  "amp_mean_x": [
    0.06283894181251526,
    0.21047013998031616
  ],
  "amp_mean_y": [
    0.10688824951648712,
    0.20482294261455536
  ],
  "symmetry_ratio": [
    0.5878938436508179,
    1.0275710821151733
  ],
  "energy_distribution": [
    0.1881132572889328,
    0.2447938323020935
  ],
  "motion_stability": [
    1.1669265031814575,
    1.3648674488067627
  ],
  "freq_entropy": [
    10.220284461975098,
    10.185240745544434
  ]
}