{
  "dominant_freq": [
    1.3250000000000002,
    0.1
  ],
  "amp_mean_x": [
    0.6054666638374329,
    0.08231809735298157
  ],
  "amp_mean_y": [
    0.2922968864440918,
    0.2248421311378479
  ],
  "symmetry_ratio": [
    2.0714099407196045,
    0.36611509323120117
  ],
  "energy_distribution": [
    0.6194079518318176,
    0.5407500863075256
  ],
  "motion_stability": [
    3.8346593379974365,
    2.4182028770446777
  ],
  "freq_entropy": [
    8.422037124633789,
    8.322673797607422
  ]
}