{
  "dominant_freq": [
    0.13880855986119142,
    0.2523791997476208,
    2.6541255354814677
  ],
  "amp_mean_x": [
    0.31135833263397217,
    0.11982434242963791,
    0.8567688465118408
  ],
  "amp_mean_y": [
    0.35210731625556946,
    0.2231179028749466,
    1.3572026491165161
  ],
  "symmetry_ratio": [
    0.8842711448669434,
    0.5370449423789978,
    0.6312755346298218
  ],
  "energy_distribution": [
    0.4234561026096344,
    0.35924839973449707,
    0.2109488844871521
  ],
  "motion_stability": [
    2.54831600189209,
    1.9637887477874756,
    3.1853835582733154
  ],
  "freq_entropy": [
    8.504227638244629,
    8.670133590698242,
    9.029332160949707
  ]
}