{
  "dominant_freq": [
    0.29304,
    4.98168,
    0.5328,
    2.45088,
    0.13875,
    5.27472
  ],
  "amp_mean_x": [
    0.11915161460638046,
    0.16472040116786957,
    0.2844637632369995,
    0.4335988163948059,
    1.345770001411438,
    0.1767221987247467
  ],
  "amp_mean_y": [
    0.20550793409347534,
    0.23437196016311646,
    0.2507888376712799,
    0.5064106583595276,
    4.236246109008789,
    0.22865155339241028
  ],
  "symmetry_ratio": [
    0.5797908306121826,
    0.7028161883354187,
    1.134276032447815,
    0.8562197685241699,
    0.31767985224723816,
    0.7728886604309082
  ],
  "energy_distribution": [
    0.29211631417274475,
    0.24393516778945923,
    0.23284447193145752,
    0.18036259710788727,
    0.19939306378364563,
    0.19791914522647858
  ],
  "motion_stability": [
    1.2402026653289795,
    0.9725395441055298,
    1.001013994216919,
    1.1066876649856567,
    3.181626319885254,
    0.9854975938796997
  ],
  "freq_entropy": [
    7.7639970779418945,
    7.810596942901611,
    7.842832565307617,
    7.908297538757324,
    7.946137428283691,
    7.8109259605407715
  ]
}