{
  "dominant_freq": [
    2.988731599587165,
    2.7938635180975013
  ],
  "amp_mean_x": [
    1.005772352218628,
    1.237601399421692
  ],
  "amp_mean_y": [
    2.8159329891204834,
    4.295627117156982
  ],
  "symmetry_ratio": [
    0.3571719825267792,
    0.2881072759628296
  ],
  "energy_distribution": [
    0.22955013811588287,
    0.21493831276893616
  ],
  "motion_stability": [
    1.8599958419799805,
    1.6551567316055298
  ],
  "freq_entropy": [
    9.177985191345215,
    9.17786693572998
  ]
}