{
  "dominant_freq": [
    2.808617142857143,
    0.11171612903225805
  ],
  "amp_mean_x": [
    0.29430973529815674,
    0.701325535774231
  ],
  "amp_mean_y": [
    0.7825123071670532,
    0.9843908548355103
  ],
  "symmetry_ratio": [
    0.3761087656021118,
    0.7124462127685547
  ],
  "energy_distribution": [
    0.202846959233284,
    0.20191965997219086
  ],
  "motion_stability": [
    2.1055595874786377,
    3.551121473312378
  ],
  "freq_entropy": [
    9.679588317871094,
    9.785207748413086
  ]
}