{
  "dominant_freq": [
    5.330346279379671,
    0.1189174547700764,
    0.16451012466948722,
    0.11800280256656095,
    6.353217444451792
  ],
  "amp_mean_x": [
    2.973215103149414,
    6.686285018920898,
    3.157207727432251,
    3.814096212387085,
    2.9406898021698
  ],
  "amp_mean_y": [
    6.070644378662109,
    12.91018009185791,
    9.23803424835205,
    9.834577560424805,
    7.001924514770508
  ],
  "symmetry_ratio": [
    0.4897692799568176,
    0.517907977104187,
    0.34176185727119446,
    0.3878251314163208,
    0.4199830889701843
  ],
  "energy_distribution": [
    0.21944667398929596,
    0.25536030530929565,
    0.26412373781204224,
    0.2553534507751465,
    0.19916865229606628
  ],
  "motion_stability": [
    2.0195086002349854,
    1.9169915914535522,
    1.783803939819336,
    1.951998233795166,
    2.2124857902526855
  ],
  "freq_entropy": [
    10.262933731079102,
    10.131370544433594,
    10.189242362976074,
    10.199155807495117,
    10.209424018859863
  ]
}