{
  "dominant_freq": [
    1.1988,
    1.4214342857142857
  ],
  "amp_mean_x": [
    0.06414051353931427,
    0.08900986611843109
  ],
  "amp_mean_y": [
    0.07414775341749191,
    0.11560250073671341
  ],
  "symmetry_ratio": [
    0.8650364875793457,
    0.769964873790741
  ],
  "energy_distribution": [
    0.3027268052101135,
    0.2145882397890091
  ],
  "motion_stability": [
    1.7118101119995117,
    1.832035779953003
  ],
  "freq_entropy": [
    9.484987258911133,
    9.447310447692871
  ]
}