{
  "dominant_freq": [
    0.5328,
    0.10656,
    1.75824,
    1.01232,
    1.81152,
    4.04928
  ],
  "amp_mean_x": [
    0.06483490020036697,
    0.03947429358959198,
    0.08438806980848312,
    0.04866277426481247,
    0.0615040548145771,
    0.051193322986364365
  ],
  "amp_mean_y": [
    0.06842563301324844,
    0.044209688901901245,
    0.13535913825035095,
    0.05295727774500847,
    0.06481242179870605,
    0.05338002368807793
  ],
  "symmetry_ratio": [
    0.9475235939025879,
    0.8928878307342529,
    0.62343829870224,
    0.9189062714576721,
    0.9489547610282898,
    0.9590352177619934
  ],
  "energy_distribution": [
    0.2563045918941498,
    0.2968425154685974,
    0.3860590159893036,
    0.25265467166900635,
    0.2549459636211395,
    0.1958363801240921
  ],
  "motion_stability": [
    1.2517393827438354,
    1.1371805667877197,
    0.8728446960449219,
    1.2810683250427246,
    1.352997899055481,
    1.3364636898040771
  ],
  "freq_entropy": [
    7.8329973220825195,
    7.687990665435791,
    7.566938400268555,
    7.824782371520996,
    7.871791839599609,
    7.7983245849609375
  ]
}