{
  "dominant_freq": [
    4.686925977248559,
    3.5732009925558312
  ],
  "amp_mean_x": [
    0.03129122778773308,
    0.06731850653886795
  ],
  "amp_mean_y": [
    0.08523862063884735,
    0.15936647355556488
  ],
  "symmetry_ratio": [
    0.3671015202999115,
    0.4224132299423218
  ],
  "energy_distribution": [
    0.22023266553878784,
    0.18957436084747314
  ],
  "motion_stability": [
    1.2832820415496826,
    1.216733694076538
  ],
  "freq_entropy": [
    9.686929702758789,
    9.701130867004395
  ]
}