{
  "dominant_freq": [
    0.39801585728444,
    1.3677583892617449
  ],
  "amp_mean_x": [
    1.175615906715393,
    2.6520161628723145
  ],
  "amp_mean_y": [
    2.4034762382507324,
    5.699716091156006
  ],
  "symmetry_ratio": [
    0.48913148045539856,
    0.4652891755104065
  ],
  "energy_distribution": [
    0.21757136285305023,
    0.22007186710834503
  ],
  "motion_stability": [
    3.3245296478271484,
    2.030830144882202
  ],
  "freq_entropy": [
    10.122903823852539,
    10.121672630310059
  ]
}