{
  "dominant_freq": [
    4.716802185156616,
    7.610224170733725,
    5.640675114359324
  ],
  "amp_mean_x": [
    1.2048280239105225,
    0.6183748841285706,
    0.27719610929489136
  ],
  "amp_mean_y": [
    1.23198664188385,
    1.0194361209869385,
    0.49956393241882324
  ],
  "symmetry_ratio": [
    0.9779554009437561,
    0.6065852046012878,
    0.5548761487007141
  ],
  "energy_distribution": [
    0.19173045456409454,
    0.22561918199062347,
    0.13603967428207397
  ],
  "motion_stability": [
    2.1892378330230713,
    2.372011184692383,
    2.058706283569336
  ],
  "freq_entropy": [
    8.970389366149902,
    9.087698936462402,
    9.125221252441406
  ]
}