{
  "dominant_freq": [
    3.389012658227848,
    1.1369020021074814,
    0.29115522703273494
  ],
  "amp_mean_x": [
    0.38827547430992126,
    0.6327765583992004,
    0.4326370358467102
  ],
  "amp_mean_y": [
    0.9498516917228699,
    1.6292839050292969,
    1.2057468891143799
  ],
  "symmetry_ratio": [
    0.40877485275268555,
    0.3883771002292633,
    0.35881248116493225
  ],
  "energy_distribution": [
    0.24030618369579315,
    0.21647804975509644,
    0.24659962952136993
  ],
  "motion_stability": [
    1.8152670860290527,
    1.7032172679901123,
    1.334848403930664
  ],
  "freq_entropy": [
    9.008333206176758,
    8.953617095947266,
    9.113971710205078
  ]
}