{
  "dominant_freq": [
    2.8705443037974683,
    0.48053164556962025,
    0.7983551797040168
  ],
  "amp_mean_x": [
    0.6995801329612732,
    0.12753649055957794,
    0.08513980358839035
  ],
  "amp_mean_y": [
    0.7490417957305908,
    0.24004703760147095,
    0.1594066470861435
  ],
  "symmetry_ratio": [
    0.9339667558670044,
    0.5312979221343994,
    0.5341044664382935
  ],
  "energy_distribution": [
    0.3095088303089142,
    0.21057960391044617,
    0.2138824313879013
  ],
  "motion_stability": [
    4.004399299621582,
    1.4384338855743408,
    3.9121711254119873
  ],
  "freq_entropy": [
    8.530484199523926,
    8.97686767578125,
    9.311614990234375
  ]
}