{
  "dominant_freq": [
    1.30536,
    0.5328,
    0.5328,
    0.5328,
    4.68864,
    0.5328
  ],
  "amp_mean_x": [
    0.08947908878326416,
    0.0898713618516922,
    0.07697191834449768,
    0.08656725287437439,
    0.07453092932701111,
    0.03532375767827034
  ],
  "amp_mean_y": [
    0.07960564643144608,
    0.08586195856332779,
    0.10633694380521774,
    0.09542974829673767,
    0.053705111145973206,
    0.03236958011984825
  ],
  "symmetry_ratio": [
    1.1240293979644775,
    1.0466959476470947,
    0.7238492369651794,
    0.9071306586265564,
    1.3877809047698975,
    1.091264009475708
  ],
  "energy_distribution": [
    0.37303176522254944,
    0.2886601686477661,
    0.3213665783405304,
    0.28632983565330505,
    0.26212701201438904,
    0.31015661358833313
  ],
  "motion_stability": [
    3.2799487113952637,
    0.7921053171157837,
    0.846492350101471,
    0.9536166787147522,
    0.9973102807998657,
    1.3656362295150757
  ],
  "freq_entropy": [
    8.159564971923828,
    7.772003173828125,
    7.784963130950928,
    7.76013708114624,
    7.830718040466309,
    7.802540302276611
  ]
}