{
  "dominant_freq": [
    0.7294825531914892,
    0.46971720613287904,
    0.48524073285044733
  ],
  "amp_mean_x": [
    0.2463301569223404,
    0.3508026599884033,
    0.5700058937072754
  ],
  "amp_mean_y": [
    0.4931766390800476,
    0.8576874136924744,
    0.5556218028068542
  ],
  "symmetry_ratio": [
    0.49947652220726013,
    0.4090099334716797,
    1.0258883237838745
  ],
  "energy_distribution": [
    0.20931120216846466,
    0.22527453303337097,
    0.2374633252620697
  ],
  "motion_stability": [
    1.626535415649414,
    1.352902889251709,
    1.3534412384033203
  ],
  "freq_entropy": [
    10.285547256469727,
    10.133589744567871,
    10.11284351348877
  ]
}