{
  "dominant_freq": [
    3.991775898520084,
    4.9906565217391305,
    0.29426254002134467
  ],
  "amp_mean_x": [
    0.9861683249473572,
    1.1115318536758423,
    0.8665926456451416
  ],
  "amp_mean_y": [
    2.4770994186401367,
    4.931821823120117,
    2.465648889541626
  ],
  "symmetry_ratio": [
    0.3981141448020935,
    0.2253795713186264,
    0.3514663577079773
  ],
  "energy_distribution": [
    0.2012016773223877,
    0.21430335938930511,
    0.2545880675315857
  ],
  "motion_stability": [
    2.607053756713867,
    2.1028027534484863,
    1.5331857204437256
  ],
  "freq_entropy": [
    9.108657836914062,
    8.971891403198242,
    8.996206283569336
  ]
}