{
  "dominant_freq": [
    0.12025012025012025,
    1.099055028176754
  ],
  "amp_mean_x": [
    0.7640401721000671,
    1.142906665802002
  ],
  "amp_mean_y": [
    0.8963175415992737,
    0.6822482347488403
  ],
  "symmetry_ratio": [
    0.8524212837219238,
    1.6752065420150757
  ],
  "energy_distribution": [
    0.32672685384750366,
    0.2822933793067932
  ],
  "motion_stability": [
    2.4660143852233887,
    1.893092393875122
  ],
  "freq_entropy": [
    9.351871490478516,
    9.370892524719238
  ]
}