{
  "dominant_freq": [
    6.254608695652173,
    4.463617021276595,
    7.83587328405491
  ],
  "amp_mean_x": [
    1.0696098804473877,
    0.9661514759063721,
    0.8778857588768005
  ],
  "amp_mean_y": [
    1.1938461065292358,
    1.200510859489441,
    0.8688589334487915
  ],
  "symmetry_ratio": [
    0.895936131477356,
    0.8047836422920227,
    1.0103893280029297
  ],
  "energy_distribution": [
    0.1979956328868866,
    0.20816893875598907,
    0.19033929705619812
  ],
  "motion_stability": [
    3.351346492767334,
    4.007064342498779,
    2.5827932357788086
  ],
  "freq_entropy": [
    9.027303695678711,
    9.110410690307617,
    9.04273796081543
  ]
}