{
  "dominant_freq": [
    1.9030612244897958,
    0.1
  ],
  "amp_mean_x": [
    0.41892698407173157,
    0.193478524684906
  ],
  "amp_mean_y": [
    1.0438812971115112,
    0.18374672532081604
  ],
  "symmetry_ratio": [
    0.40131667256355286,
    1.052963137626648
  ],
  "energy_distribution": [
    0.20463083684444427,
    0.2900233864784241
  ],
  "motion_stability": [
    4.509716987609863,
    1.9473669528961182
  ],
  "freq_entropy": [
    10.198990821838379,
    10.085860252380371
  ]
}