{
  "dominant_freq": [
    4.343619683069225,
    0.1303802758044296
  ],
  "amp_mean_x": [
    0.4081028997898102,
    0.6265468597412109
  ],
  "amp_mean_y": [
    0.23423585295677185,
    0.40103650093078613
  ],
  "symmetry_ratio": [
    1.7422734498977661,
    1.5623188018798828
  ],
  "energy_distribution": [
    0.24499069154262543,
    0.4437809884548187
  ],
  "motion_stability": [
    2.8400022983551025,
    5.66245174407959
  ],
  "freq_entropy": [
    10.418633460998535,
    9.837909698486328
  ]
}