{
  "dominant_freq": [
    0.12060301507537688,
    0.6518942101501073
  ],
  "amp_mean_x": [
    1.095333218574524,
    0.3282243311405182
  ],
  "amp_mean_y": [
    1.990395426750183,
    0.6024655103683472
  ],
  "symmetry_ratio": [
    0.5503093600273132,
    0.5448018312454224
  ],
  "energy_distribution": [
    0.3338049650192261,
    0.2541486322879791
  ],
  "motion_stability": [
    2.8365321159362793,
    1.822391390800476
  ],
  "freq_entropy": [
    9.382150650024414,
    9.488180160522461
  ]
}