{
  "dominant_freq": [
    3.7509529860228716,
    4.446700507614214,
    3.989886219974716
  ],
  "amp_mean_x": [
    1.0410397052764893,
    1.556890606880188,
    1.6747682094573975
  ],
  "amp_mean_y": [
    0.8508415818214417,
    1.3995085954666138,
    1.0348509550094604
  ],
  "symmetry_ratio": [
    1.2235411405563354,
    1.1124552488327026,
    1.6183665990829468
  ],
  "energy_distribution": [
    0.17445188760757446,
    0.11804219335317612,
    0.20688407123088837
  ],
  "motion_stability": [
    1.6140528917312622,
    2.903414249420166,
    2.3645925521850586
  ],
  "freq_entropy": [
    8.734081268310547,
    8.6858491897583,
    8.769350051879883
  ]
}