{
  "dominant_freq": [
    0.45931034482758615,
    0.10753865869286627,
    0.2917660119555935,
    4.8619426124197
  ],
  "amp_mean_x": [
    0.21625259518623352,
    0.5432379245758057,
    0.4337713122367859,
    0.48118433356285095
  ],
  "amp_mean_y": [
    0.1897633671760559,
    0.9541028141975403,
    0.5991162061691284,
    1.6030032634735107
  ],
  "symmetry_ratio": [
    1.139590859413147,
    0.569370448589325,
    0.7240186333656311,
    0.3001767694950104
  ],
  "energy_distribution": [
    0.20714862644672394,
    0.4967537224292755,
    0.20636990666389465,
    0.22191056609153748
  ],
  "motion_stability": [
    1.6261937618255615,
    6.040294647216797,
    1.487489938735962,
    2.6719493865966797
  ],
  "freq_entropy": [
    10.192122459411621,
    9.705751419067383,
    10.158862113952637,
    10.269430160522461
  ]
}