{
  "dominant_freq": [
    4.468645161290322,
    1.9122489270386265
  ],
  "amp_mean_x": [
    0.6711099147796631,
    0.7750255465507507
  ],
  "amp_mean_y": [
    1.6851134300231934,
    1.2197701930999756
  ],
  "symmetry_ratio": [
    0.3982580006122589,
    0.6353865265846252
  ],
  "energy_distribution": [
    0.20571163296699524,
    0.22825413942337036
  ],
  "motion_stability": [
    3.972336769104004,
    2.5133819580078125
  ],
  "freq_entropy": [
    9.596582412719727,
    9.541186332702637
  ]
}