{
  "dominant_freq": [
    3.6001150552234145,
    3.125679940668231
  ],
  "amp_mean_x": [
    1.5934810638427734,
    2.282989263534546
  ],
  "amp_mean_y": [
    1.7857915163040161,
    1.6013282537460327
  ],
  "symmetry_ratio": [
    0.8923107981681824,
    1.4256846904754639
  ],
  "energy_distribution": [
    0.2083435356616974,
    0.3579390048980713
  ],
  "motion_stability": [
    2.643540859222412,
    2.4872562885284424
  ],
  "freq_entropy": [
    9.449169158935547,
    9.342790603637695
  ]
}