{
  "dominant_freq": [
    0.7066610526315789,
    3.5837810526315783,
    0.29023578947368417
  ],
  "amp_mean_x": [
    0.03574848547577858,
    0.3041034936904907,
    0.10493410378694534
  ],
  "amp_mean_y": [
    0.0439862459897995,
    0.18768124282360077,
    0.10237576067447662
  ],
  "symmetry_ratio": [
    0.8127196431159973,
    1.6203190088272095,
    1.0249897241592407
  ],
  "energy_distribution": [
    0.23452132940292358,
    0.18598808348178864,
    0.2149045169353485
  ],
  "motion_stability": [
    1.3163862228393555,
    1.7405738830566406,
    1.3885999917984009
  ],
  "freq_entropy": [
    8.905475616455078,
    8.969656944274902,
    8.94578742980957
  ]
}