{
  "dominant_freq": [
    0.10187449062754686,
    0.10154346060113728
  ],
  "amp_mean_x": [
    1.2560502290725708,
    2.0659525394439697
  ],
  "amp_mean_y": [
    2.8253488540649414,
    5.378777503967285
  ],
  "symmetry_ratio": [
    0.4445646405220032,
    0.384093314409256
  ],
  "energy_distribution": [
    0.30658158659935,
    0.3202071487903595
  ],
  "motion_stability": [
    4.436038017272949,
    4.097104072570801
  ],
  "freq_entropy": [
    9.2163667678833,
    9.306944847106934
  ]
}