{
  "dominant_freq": [
    7.5839873684210515,
    0.10127138331573389,
    1.463797894736842
  ],
  "amp_mean_x": [
    0.22874754667282104,
    0.7915201187133789,
    0.15429989993572235
  ],
  "amp_mean_y": [
    0.5057471990585327,
    0.548873245716095,
    0.4927521049976349
  ],
  "symmetry_ratio": [
    0.4522962272167206,
    1.4420818090438843,
    0.3131389915943146
  ],
  "energy_distribution": [
    0.1982632875442505,
    0.6728176474571228,
    0.350080281496048
  ],
  "motion_stability": [
    2.977820634841919,
    2.833510637283325,
    1.0168681144714355
  ],
  "freq_entropy": [
    9.211445808410645,
    7.683171272277832,
    8.675698280334473
  ]
}