{
  "dominant_freq": [
    0.6423258958755915,
    5.230795148247978
  ],
  "amp_mean_x": [
    1.026931643486023,
    0.5730130076408386
  ],
  "amp_mean_y": [
    1.9934364557266235,
    1.4531954526901245
  ],
  "symmetry_ratio": [
    0.5151564478874207,
    0.39431241154670715
  ],
  "energy_distribution": [
    0.21967081725597382,
    0.17248719930648804
  ],
  "motion_stability": [
    2.636371612548828,
    1.678051471710205
  ],
  "freq_entropy": [
    9.682416915893555,
    9.603752136230469
  ]
}