{
  "dominant_freq": [
    0.9437361702127659,
    0.4693174468085106
  ],
  "amp_mean_x": [
    0.11101534217596054,
    0.06857664883136749
  ],
  "amp_mean_y": [
    0.16807733476161957,
    0.162167489528656
  ],
  "symmetry_ratio": [
    0.6605015397071838,
    0.42287543416023254
  ],
  "energy_distribution": [
    0.2310589700937271,
    0.22983276844024658
  ],
  "motion_stability": [
    1.4578731060028076,
    1.7749500274658203
  ],
  "freq_entropy": [
    10.334545135498047,
    10.275506973266602
  ]
}