{
  "dominant_freq": [
    3.351318822023047,
    0.10832530120481926
  ],
  "amp_mean_x": [
    0.5043630599975586,
    0.973905622959137
  ],
  "amp_mean_y": [
    0.5593807697296143,
    1.7898659706115723
  ],
  "symmetry_ratio": [
    0.901645302772522,
    0.5441220998764038
  ],
  "energy_distribution": [
    0.23103103041648865,
    0.40025681257247925
  ],
  "motion_stability": [
    3.541445732116699,
    3.673253059387207
  ],
  "freq_entropy": [
    9.518903732299805,
    8.905759811401367
  ]
}