{
  "dominant_freq": [
    0.5047578947368421,
    0.29023578947368417,
    0.47951999999999995
  ],
  "amp_mean_x": [
    0.06241122633218765,
    0.06448408961296082,
    0.03336109593510628
  ],
  "amp_mean_y": [
    0.1614908128976822,
    0.1565365046262741,
    0.046836040914058685
  ],
  "symmetry_ratio": [
    0.3864692151546478,
    0.41194280982017517,
    0.712295413017273
  ],
  "energy_distribution": [
    0.1874087005853653,
    0.2535719573497772,
    0.27177053689956665
  ],
  "motion_stability": [
    1.552340030670166,
    1.1168878078460693,
    1.4432613849639893
  ],
  "freq_entropy": [
    8.941325187683105,
    8.937384605407715,
    8.821043014526367
  ]
}