{
  "dominant_freq": [
    0.11513816579895875,
    0.12530072173215717
  ],
  "amp_mean_x": [
    0.4517289996147156,
    0.9498854875564575
  ],
  "amp_mean_y": [
    0.7445868849754333,
    0.5555793642997742
  ],
  "symmetry_ratio": [
    0.6066840887069702,
    1.7097206115722656
  ],
  "energy_distribution": [
    0.38475093245506287,
    0.48382842540740967
  ],
  "motion_stability": [
    2.5534000396728516,
    2.634855270385742
  ],
  "freq_entropy": [
    9.98831558227539,
    9.874032974243164
  ]
}