{
  "dominant_freq": [
    1.257589765458422,
    0.291392750533049
  ],
  "amp_mean_x": [
    0.3963165879249573,
    0.6489464044570923
  ],
  "amp_mean_y": [
    0.4759693741798401,
    0.986295223236084
  ],
  "symmetry_ratio": [
    0.8326514363288879,
    0.6579636335372925
  ],
  "energy_distribution": [
    0.3676052689552307,
    0.3285672068595886
  ],
  "motion_stability": [
    3.162722587585449,
    3.53659987449646
  ],
  "freq_entropy": [
    9.8637113571167,
    10.275219917297363
  ]
}