{
  "dominant_freq": [
    0.29023578947368417,
    3.874016842105263,
    4.315679999999999
  ],
  "amp_mean_x": [
    0.03861243277788162,
    0.039145492017269135,
    0.16786707937717438
  ],
  "amp_mean_y": [
    0.08870761096477509,
    0.12671659886837006,
    0.3942119777202606
  ],
  "symmetry_ratio": [
    0.4352775514125824,
    0.30892157554626465,
    0.4258294701576233
  ],
  "energy_distribution": [
    0.22965484857559204,
    0.2547755539417267,
    0.15232573449611664
  ],
  "motion_stability": [
    1.2994608879089355,
    1.3811085224151611,
    1.6247351169586182
  ],
  "freq_entropy": [
    9.03117561340332,
    8.96722412109375,
    9.100255966186523
  ]
}