{
  "dominant_freq": [
    4.3625,
    6.112500000000001
  ],
  "amp_mean_x": [
    0.19978085160255432,
    0.13575594127178192
  ],
  "amp_mean_y": [
    0.09678854048252106,
    0.10744380950927734
  ],
  "symmetry_ratio": [
    2.064096212387085,
    1.2635064125061035
  ],
  "energy_distribution": [
    0.18120929598808289,
    0.18933622539043427
  ],
  "motion_stability": [
    1.4940836429595947,
    1.7581801414489746
  ],
  "freq_entropy": [
    9.098691940307617,
    9.05909538269043
  ]
}