{
  "dominant_freq": [
    2.3909962484368488
  ],
  "amp_mean_x": [
    1.2118147611618042
  ],
  "amp_mean_y": [
    0.28997713327407837
  ],
  "symmetry_ratio": [
    4.179001331329346
  ],
  "energy_distribution": [
    0.25666117668151855
  ],
  "motion_stability": [
    1.9866913557052612
  ],
  "freq_entropy": [
    10.25436019897461
  ]
}