{
  "dominant_freq": [
    0.8076126315789472,
    6.587090526315788,
    7.987793684210525
  ],
  "amp_mean_x": [
    0.18231201171875,
    0.19751641154289246,
    0.14909020066261292
  ],
  "amp_mean_y": [
    0.2990688681602478,
    0.19467946887016296,
    0.17820926010608673
  ],
  "symmetry_ratio": [
    0.6095987558364868,
    1.0145723819732666,
    0.8366018533706665
  ],
  "energy_distribution": [
    0.2399926781654358,
    0.20721638202667236,
    0.19056934118270874
  ],
  "motion_stability": [
    2.279266595840454,
    3.2095723152160645,
    2.2128958702087402
  ],
  "freq_entropy": [
    9.028787612915039,
    9.253253936767578,
    9.070653915405273
  ]
}