{
  "dominant_freq": [
    3.6033163265306123,
    0.29166666666666663
  ],
  "amp_mean_x": [
    0.7227970957756042,
    0.281551718711853
  ],
  "amp_mean_y": [
    4.9639482498168945,
    1.1825624704360962
  ],
  "symmetry_ratio": [
    0.1456093192100525,
    0.23808613419532776
  ],
  "energy_distribution": [
    0.3561253249645233,
    0.4036061763763428
  ],
  "motion_stability": [
    1.721543550491333,
    1.2058911323547363
  ],
  "freq_entropy": [
    9.13418960571289,
    9.002388954162598
  ]
}