{
  "dominant_freq": [
    0.5600956420628551,
    3.7211111036614395
  ],
  "amp_mean_x": [
    0.8219928741455078,
    2.5630311965942383
  ],
  "amp_mean_y": [
    1.3218680620193481,
    2.974513530731201
  ],
  "symmetry_ratio": [
    0.6218418478965759,
    0.8616639971733093
  ],
  "energy_distribution": [
    0.32263869047164917,
    0.27048417925834656
  ],
  "motion_stability": [
    3.8996787071228027,
    3.0924758911132812
  ],
  "freq_entropy": [
    9.32709789276123,
    9.14649772644043
  ]
}