{
  "dominant_freq": [
    0.494823829787234,
    0.29587404255319144,
    0.4744187234042553
  ],
  "amp_mean_x": [
    0.04788883402943611,
    0.039560236036777496,
    0.08853203803300858
  ],
  "amp_mean_y": [
    0.053422462195158005,
    0.07892357558012009,
    0.09562142193317413
  ],
  "symmetry_ratio": [
    0.8964175581932068,
    0.5012474060058594,
    0.9258598685264587
  ],
  "energy_distribution": [
    0.18741141259670258,
    0.20209194719791412,
    0.2277112454175949
  ],
  "motion_stability": [
    1.3047391176223755,
    1.3138729333877563,
    1.3222236633300781
  ],
  "freq_entropy": [
    10.25799560546875,
    10.227636337280273,
    10.26573371887207
  ]
}