{
  "dominant_freq": [
    1.147787234042553,
    0.10272493573264782
  ],
  "amp_mean_x": [
    0.12458254396915436,
    0.5710981488227844
  ],
  "amp_mean_y": [
    0.21172459423542023,
    1.4204282760620117
  ],
  "symmetry_ratio": [
    0.5884178876876831,
    0.40206053853034973
  ],
  "energy_distribution": [
    0.19831161201000214,
    0.3451390862464905
  ],
  "motion_stability": [
    1.5627003908157349,
    5.101677894592285
  ],
  "freq_entropy": [
    10.268438339233398,
    10.149763107299805
  ]
}