{
  "dominant_freq": [
    1.5342559652928414,
    0.2113104041272571
  ],
  "amp_mean_x": [
    1.038015365600586,
    1.278701901435852
  ],
  "amp_mean_y": [
    1.34597909450531,
    2.4068729877471924
  ],
  "symmetry_ratio": [
    0.7711972594261169,
    0.5312710404396057
  ],
  "energy_distribution": [
    0.2979366183280945,
    0.2694983184337616
  ],
  "motion_stability": [
    3.9094924926757812,
    2.6001482009887695
  ],
  "freq_entropy": [
    10.225261688232422,
    10.295661926269531
  ]
}