{
  "dominant_freq": [
    2.977910828025477,
    0.11393030623020062,
    0.18928421052631575
  ],
  "amp_mean_x": [
    0.49030765891075134,
    0.5668279528617859,
    0.2559736967086792
  ],
  "amp_mean_y": [
    0.8256630897521973,
    0.7745068669319153,
    0.4648466408252716
  ],
  "symmetry_ratio": [
    0.5938349962234497,
    0.7318565845489502,
    0.5506626963615417
  ],
  "energy_distribution": [
    0.2003738135099411,
    0.3563830256462097,
    0.2789790630340576
  ],
  "motion_stability": [
    1.7792285680770874,
    3.3392741680145264,
    4.1894917488098145
  ],
  "freq_entropy": [
    9.024089813232422,
    8.686553955078125,
    9.1571626663208
  ]
}