{
  "dominant_freq": [
    7.8055200000000005,
    0.18648,
    0.48058797327394204,
    0.2943482142857142,
    5.413021276595744,
    3.126122448979592
  ],
  "amp_mean_x": [
    0.3915255069732666,
    0.6664709448814392,
    0.48195725679397583,
    0.5214828252792358,
    2.274935722351074,
    2.061356544494629
  ],
  "amp_mean_y": [
    0.773639976978302,
    0.7141705751419067,
    1.5407824516296387,
    1.4627705812454224,
    4.845321178436279,
    3.43693208694458
  ],
  "symmetry_ratio": [
    0.50608229637146,
    0.9332097768783569,
    0.3128003180027008,
    0.3565034866333008,
    0.46951186656951904,
    0.5997664332389832
  ],
  "energy_distribution": [
    0.21736371517181396,
    0.41512835025787354,
    0.4591084122657776,
    0.46529924869537354,
    0.22704479098320007,
    0.235609769821167
  ],
  "motion_stability": [
    1.4435944557189941,
    1.4724748134613037,
    1.1782588958740234,
    0.8693985939025879,
    2.0799758434295654,
    2.1688337326049805
  ],
  "freq_entropy": [
    7.92648983001709,
    7.6046013832092285,
    7.632105827331543,
    7.508509635925293,
    7.916047096252441,
    7.9638190269470215
  ]
}