{
  "dominant_freq": [
    0.7381146496815286,
    1.0128898395721924,
    2.9050285714285713
  ],
  "amp_mean_x": [
    0.8921207785606384,
    1.1656532287597656,
    0.8555996417999268
  ],
  "amp_mean_y": [
    1.8414021730422974,
    1.5306898355484009,
    1.4650768041610718
  ],
  "symmetry_ratio": [
    0.48447903990745544,
    0.7615215182304382,
    0.5839964151382446
  ],
  "energy_distribution": [
    0.22894024848937988,
    0.2185153365135193,
    0.20043978095054626
  ],
  "motion_stability": [
    1.819457769393921,
    2.005230188369751,
    2.410184144973755
  ],
  "freq_entropy": [
    9.002372741699219,
    9.126748085021973,
    8.960992813110352
  ]
}