{
  "dominant_freq": [
    0.127531914893617,
    3.928628029504741,
    2.549027368421052
  ],
  "amp_mean_x": [
    0.561223030090332,
    0.6327060461044312,
    0.24976542592048645
  ],
  "amp_mean_y": [
    0.6836393475532532,
    0.4895584285259247,
    0.3896276652812958
  ],
  "symmetry_ratio": [
    0.8209343552589417,
    1.2924015522003174,
    0.6410361528396606
  ],
  "energy_distribution": [
    0.2835044264793396,
    0.30986109375953674,
    0.1749652624130249
  ],
  "motion_stability": [
    4.460694789886475,
    3.068293809890747,
    3.513528347015381
  ],
  "freq_entropy": [
    8.979448318481445,
    8.852252006530762,
    9.146581649780273
  ]
}