{
  "dominant_freq": [
    1.0316316848980165,
    2.258610954263128
  ],
  "amp_mean_x": [
    0.39450791478157043,
    0.6482523083686829
  ],
  "amp_mean_y": [
    0.8952839970588684,
    1.5265324115753174
  ],
  "symmetry_ratio": [
    0.44065114855766296,
    0.4246567487716675
  ],
  "energy_distribution": [
    0.28038036823272705,
    0.21974244713783264
  ],
  "motion_stability": [
    2.4536209106445312,
    2.124884843826294
  ],
  "freq_entropy": [
    9.740374565124512,
    9.719841003417969
  ]
}