{
  "dominant_freq": [
    3.6449919224555734
  ],
  "amp_mean_x": [
    1.0004736185073853
  ],
  "amp_mean_y": [
    2.6021628379821777
  ],
  "symmetry_ratio": [
    0.3844777047634125
  ],
  "energy_distribution": [
    0.2215413600206375
  ],
  "motion_stability": [
    2.0948946475982666
  ],
  "freq_entropy": [
    10.290884971618652
  ]
}