{
  "dominant_freq": [
    0.17561051271003875,
    0.1122758620689655
  ],
  "amp_mean_x": [
    0.5209954380989075,
    0.11465421319007874
  ],
  "amp_mean_y": [
    0.9050060510635376,
    0.1392836570739746
  ],
  "symmetry_ratio": [
    0.575681746006012,
    0.8231706023216248
  ],
  "energy_distribution": [
    0.2703452706336975,
    0.443839430809021
  ],
  "motion_stability": [
    6.24655818939209,
    1.882310390472412
  ],
  "freq_entropy": [
    10.258346557617188,
    9.63009262084961
  ]
}