{
  "dominant_freq": [
    0.7192799999999999,
    0.7192799999999999,
    2.183077894736842
  ],
  "amp_mean_x": [
    0.0697324275970459,
    0.07140251249074936,
    0.06274938583374023
  ],
  "amp_mean_y": [
    0.0684177353978157,
    0.07773621380329132,
    0.08711925148963928
  ],
  "symmetry_ratio": [
    1.019215703010559,
    0.9185231328010559,
    0.720270037651062
  ],
  "energy_distribution": [
    0.20739854872226715,
    0.18735745549201965,
    0.17673075199127197
  ],
  "motion_stability": [
    1.2561522722244263,
    1.2617415189743042,
    1.26493501663208
  ],
  "freq_entropy": [
    8.908563613891602,
    8.981016159057617,
    9.004646301269531
  ]
}