{
  "dominant_freq": [
    6.143362946912243,
    5.045582278481013,
    0.1009515789473684
  ],
  "amp_mean_x": [
    0.8329856991767883,
    0.31439319252967834,
    0.1374889761209488
  ],
  "amp_mean_y": [
    1.3333241939544678,
    0.3924590051174164,
    0.31194499135017395
  ],
  "symmetry_ratio": [
    0.6247435808181763,
    0.8010854125022888,
    0.4407474994659424
  ],
  "energy_distribution": [
    0.08669779449701309,
    0.25866490602493286,
    0.3860330581665039
  ],
  "motion_stability": [
    7.332780838012695,
    2.1655237674713135,
    1.015852928161621
  ],
  "freq_entropy": [
    9.196483612060547,
    9.36228084564209,
    8.462637901306152
  ]
}