{
  "dominant_freq": [
    0.11587982832618027,
    4.7038988408851425,
    3.295864262990456
  ],
  "amp_mean_x": [
    0.5102049112319946,
    0.6852343082427979,
    0.3354399502277374
  ],
  "amp_mean_y": [
    0.8991960883140564,
    0.8582698702812195,
    0.2898983061313629
  ],
  "symmetry_ratio": [
    0.5674011707305908,
    0.79839026927948,
    1.157095193862915
  ],
  "energy_distribution": [
    0.25057995319366455,
    0.17844179272651672,
    0.19939912855625153
  ],
  "motion_stability": [
    3.921893358230591,
    3.215050220489502,
    2.7767410278320312
  ],
  "freq_entropy": [
    8.98742389678955,
    9.045546531677246,
    9.053324699401855
  ]
}