{
  "dominant_freq": [
    0.47951999999999995,
    0.4795199999999999
  ],
  "amp_mean_x": [
    0.11857280135154724,
    0.13939715921878815
  ],
  "amp_mean_y": [
    0.08327104896306992,
    0.09905614703893661
  ],
  "symmetry_ratio": [
    1.4239379167556763,
    1.4072539806365967
  ],
  "energy_distribution": [
    0.1813100427389145,
    0.24090158939361572
  ],
  "motion_stability": [
    1.0514267683029175,
    1.0852874517440796
  ],
  "freq_entropy": [
    9.405052185058594,
    9.227317810058594
  ]
}