{
  "dominant_freq": [
    4.370982808022922,
    4.619387491013659
  ],
  "amp_mean_x": [
    0.7597558498382568,
    1.2585393190383911
  ],
  "amp_mean_y": [
    0.7512063384056091,
    1.1332900524139404
  ],
  "symmetry_ratio": [
    1.0113810300827026,
    1.1105183362960815
  ],
  "energy_distribution": [
    0.19067810475826263,
    0.2323707938194275
  ],
  "motion_stability": [
    1.959784746170044,
    1.6576719284057617
  ],
  "freq_entropy": [
    9.54949951171875,
    9.579486846923828
  ]
}