{
  "dominant_freq": [
    5.231905714285714,
    0.14556857142857144
  ],
  "amp_mean_x": [
    0.3746645152568817,
    0.7778648734092712
  ],
  "amp_mean_y": [
    0.45134687423706055,
    0.48061975836753845
  ],
  "symmetry_ratio": [
    0.8301032781600952,
    1.618462085723877
  ],
  "energy_distribution": [
    0.21998265385627747,
    0.3636527955532074
  ],
  "motion_stability": [
    1.719985008239746,
    2.1279067993164062
  ],
  "freq_entropy": [
    9.567449569702148,
    9.411460876464844
  ]
}