{
  "dominant_freq": [
    8.30927896995708,
    0.12013743736578382
  ],
  "amp_mean_x": [
    0.7465540170669556,
    0.7988108396530151
  ],
  "amp_mean_y": [
    0.9145691394805908,
    1.578456163406372
  ],
  "symmetry_ratio": [
    0.8162904381752014,
    0.5060709714889526
  ],
  "energy_distribution": [
    0.13983620703220367,
    0.517412543296814
  ],
  "motion_stability": [
    2.465466022491455,
    1.5460102558135986
  ],
  "freq_entropy": [
    9.628416061401367,
    8.604194641113281
  ]
}