{
  "dominant_freq": [
    0.7096814310051107,
    3.38333704496788,
    0.49992949269131554
  ],
  "amp_mean_x": [
    0.48693427443504333,
    0.6500310301780701,
    0.7333730459213257
  ],
  "amp_mean_y": [
    0.41498368978500366,
    1.132575273513794,
    1.8625116348266602
  ],
  "symmetry_ratio": [
    1.1733816862106323,
    0.5739406943321228,
    0.39375486969947815
  ],
  "energy_distribution": [
    0.20375798642635345,
    0.4122043251991272,
    0.2346005141735077
  ],
  "motion_stability": [
    2.302905321121216,
    4.169966697692871,
    1.865718126296997
  ],
  "freq_entropy": [
    10.33377456665039,
    10.304435729980469,
    10.29887580871582
  ]
}