{
  "dominant_freq": [
    2.3896103896103895,
    0.10495626822157435
  ],
  "amp_mean_x": [
    0.7869989275932312,
    1.2735772132873535
  ],
  "amp_mean_y": [
    2.607875347137451,
    2.4283366203308105
  ],
  "symmetry_ratio": [
    0.30177780985832214,
    0.5244648456573486
  ],
  "energy_distribution": [
    0.2041376233100891,
    0.570439875125885
  ],
  "motion_stability": [
    1.317411184310913,
    5.039491176605225
  ],
  "freq_entropy": [
    9.564725875854492,
    8.625150680541992
  ]
}