{
  "dominant_freq": [
    0.10105795574288723,
    0.10105795574288723,
    8.694454736842104
  ],
  "amp_mean_x": [
    0.44753867387771606,
    0.3526811897754669,
    0.1255723536014557
  ],
  "amp_mean_y": [
    0.7785213589668274,
    0.6527249813079834,
    0.44248807430267334
  ],
  "symmetry_ratio": [
    0.5748572945594788,
    0.5403212904930115,
    0.28378698229789734
  ],
  "energy_distribution": [
    0.30947068333625793,
    0.2895222306251526,
    0.16977691650390625
  ],
  "motion_stability": [
    1.5721766948699951,
    2.4078681468963623,
    2.619396448135376
  ],
  "freq_entropy": [
    8.914706230163574,
    8.921875,
    9.074721336364746
  ]
}