{
  "dominant_freq": [
    0.11381012658227847,
    0.23738613861386137,
    4.312599571734475
  ],
  "amp_mean_x": [
    1.13604736328125,
    0.8644347786903381,
    0.777236819267273
  ],
  "amp_mean_y": [
    1.6180378198623657,
    2.535717487335205,
    2.524993419647217
  ],
  "symmetry_ratio": [
    0.7021142244338989,
    0.3409034311771393,
    0.30781736969947815
  ],
  "energy_distribution": [
    0.3420655429363251,
    0.2140572965145111,
    0.2262917459011078
  ],
  "motion_stability": [
    1.853432059288025,
    2.019254446029663,
    2.5623040199279785
  ],
  "freq_entropy": [
    8.60315227508545,
    9.005927085876465,
    9.020383834838867
  ]
}