{
  "dominant_freq": [
    1.6783216783216781,
    1.6579165515335728,
    0.27582132396789405,
    1.720361498026986,
    1.0419639210947498
  ],
  "amp_mean_x": [
    0.1648968905210495,
    0.1208084300160408,
    0.22367103397846222,
    1.0421572923660278,
    0.8390665054321289
  ],
  "amp_mean_y": [
    0.25453364849090576,
    0.42265668511390686,
    0.3918301463127136,
    1.574019193649292,
    1.3884018659591675
  ],
  "symmetry_ratio": [
    0.6478392481803894,
    0.28583112359046936,
    0.5708367228507996,
    0.6620994806289673,
    0.6043397784233093
  ],
  "energy_distribution": [
    0.2097553312778473,
    0.23924577236175537,
    0.27459195256233215,
    0.25796130299568176,
    0.4010353088378906
  ],
  "motion_stability": [
    1.4595109224319458,
    1.8412587642669678,
    1.6824440956115723,
    4.9350152015686035,
    5.561331748962402
  ],
  "freq_entropy": [
    10.147510528564453,
    10.237295150756836,
    10.238052368164062,
    10.062302589416504,
    10.184877395629883
  ]
}