{
  "dominant_freq": [
    1.9474196689386563,
    0.1139304201606208,
    1.9916591345162773
  ],
  "amp_mean_x": [
    0.6660604476928711,
    1.0304975509643555,
    0.7937738299369812
  ],
  "amp_mean_y": [
    1.0595990419387817,
    0.8859711289405823,
    1.4228719472885132
  ],
  "symmetry_ratio": [
    0.6285966634750366,
    1.1631276607513428,
    0.5578673481941223
  ],
  "energy_distribution": [
    0.17527732253074646,
    0.24421554803848267,
    0.16972747445106506
  ],
  "motion_stability": [
    4.766236782073975,
    3.587766647338867,
    4.909006595611572
  ],
  "freq_entropy": [
    8.983789443969727,
    9.009437561035156,
    9.230424880981445
  ]
}