{
  "dominant_freq": [
    0.5818357466709115,
    9.243768279912857
  ],
  "amp_mean_x": [
    1.8855366706848145,
    1.3307095766067505
  ],
  "amp_mean_y": [
    2.855862855911255,
    2.996156930923462
  ],
  "symmetry_ratio": [
    0.6602336168289185,
    0.4441388249397278
  ],
  "energy_distribution": [
    0.27577999234199524,
    0.19389422237873077
  ],
  "motion_stability": [
    3.220155715942383,
    2.0564322471618652
  ],
  "freq_entropy": [
    9.112749099731445,
    9.182977676391602
  ]
}