{
  "dominant_freq": [
    1.6408591408591409,
    0.2922077922077922
  ],
  "amp_mean_x": [
    0.06262907385826111,
    0.4087132215499878
  ],
  "amp_mean_y": [
    0.1835368275642395,
    0.6967324614524841
  ],
  "symmetry_ratio": [
    0.34123435616493225,
    0.5866143107414246
  ],
  "energy_distribution": [
    0.23883360624313354,
    0.390524685382843
  ],
  "motion_stability": [
    1.5524342060089111,
    2.5763094425201416
  ],
  "freq_entropy": [
    9.501545906066895,
    8.930170059204102
  ]
}