{
  "dominant_freq": [
    0.465
  ],
  "amp_mean_x": [
    0.048536039888858795
  ],
  "amp_mean_y": [
    0.06217918545007706
  ],
  "symmetry_ratio": [
    0.780583381652832
  ],
  "energy_distribution": [
    0.21158643066883087
  ],
  "motion_stability": [
    1.8474602699279785
  ],
  "freq_entropy": [
    10.29856014251709
  ]
}