{
  "dominant_freq": [
    5.099535941765241,
    2.036796116504854
  ],
  "amp_mean_x": [
    2.2262120246887207,
    1.9784483909606934
  ],
  "amp_mean_y": [
    3.5875160694122314,
    3.1194748878479004
  ],
  "symmetry_ratio": [
    0.6205441355705261,
    0.6342248320579529
  ],
  "energy_distribution": [
    0.2620984613895416,
    0.21010640263557434
  ],
  "motion_stability": [
    2.542140483856201,
    2.5377330780029297
  ],
  "freq_entropy": [
    10.228693008422852,
    10.264907836914062
  ]
}