{
  "dominant_freq": [
    0.10147991543340382,
    0.101159114857745,
    5.36842105263158
  ],
  "amp_mean_x": [
    0.36757129430770874,
    0.30263128876686096,
    0.17660827934741974
  ],
  "amp_mean_y": [
    0.5893335938453674,
    0.46523264050483704,
    0.3884224593639374
  ],
  "symmetry_ratio": [
    0.6237066984176636,
    0.6504945158958435,
    0.4546809196472168
  ],
  "energy_distribution": [
    0.3393961489200592,
    0.40588194131851196,
    0.21368779242038727
  ],
  "motion_stability": [
    4.582103729248047,
    2.716499090194702,
    3.7907538414001465
  ],
  "freq_entropy": [
    8.888948440551758,
    8.805984497070312,
    9.085822105407715
  ]
}