{
  "dominant_freq": [
    2.8703661971830985,
    0.4797241379310344
  ],
  "amp_mean_x": [
    0.10693567991256714,
    0.517883837223053
  ],
  "amp_mean_y": [
    0.15133178234100342,
    0.4156897962093353
  ],
  "symmetry_ratio": [
    0.7066307067871094,
    1.2458420991897583
  ],
  "energy_distribution": [
    0.2494879513978958,
    0.2652898132801056
  ],
  "motion_stability": [
    5.406696319580078,
    1.2554214000701904
  ],
  "freq_entropy": [
    10.467456817626953,
    10.033580780029297
  ]
}