{
  "dominant_freq": [
    0.32260495156081803,
    0.30285473684210523,
    6.638924050632911
  ],
  "amp_mean_x": [
    2.593601703643799,
    0.7652915120124817,
    0.5479711294174194
  ],
  "amp_mean_y": [
    4.937960624694824,
    1.8115946054458618,
    1.0901633501052856
  ],
  "symmetry_ratio": [
    0.5252374410629272,
    0.4224408268928528,
    0.5026504993438721
  ],
  "energy_distribution": [
    0.25694209337234497,
    0.26082825660705566,
    0.18583376705646515
  ],
  "motion_stability": [
    2.214231014251709,
    2.2090086936950684,
    2.0111746788024902
  ],
  "freq_entropy": [
    8.962342262268066,
    9.032135963439941,
    9.106197357177734
  ]
}