{
  "dominant_freq": [
    4.655639097744362,
    0.26162790697674415
  ],
  "amp_mean_x": [
    1.334185242652893,
    2.0751218795776367
  ],
  "amp_mean_y": [
    2.441394329071045,
    1.8780876398086548
  ],
  "symmetry_ratio": [
    0.5464849472045898,
    1.1049121618270874
  ],
  "energy_distribution": [
    0.1994514763355255,
    0.226162850856781
  ],
  "motion_stability": [
    3.40771484375,
    3.6407361030578613
  ],
  "freq_entropy": [
    9.54025650024414,
    9.600000381469727
  ]
}