{
  "dominant_freq": [
    0.29113714285714287,
    0.10290128755364807
  ],
  "amp_mean_x": [
    0.1379614919424057,
    0.6606442928314209
  ],
  "amp_mean_y": [
    0.13494697213172913,
    0.5131826400756836
  ],
  "symmetry_ratio": [
    1.0223385095596313,
    1.2873473167419434
  ],
  "energy_distribution": [
    0.2036990076303482,
    0.40059369802474976
  ],
  "motion_stability": [
    1.1510363817214966,
    3.4779374599456787
  ],
  "freq_entropy": [
    9.521801948547363,
    8.789285659790039
  ]
}