{
  "dominant_freq": [
    0.10345641413602578,
    0.10095167989904831,
    2.614877219724427
  ],
  "amp_mean_x": [
    1.8067954778671265,
    0.6787224411964417,
    0.5164813995361328
  ],
  "amp_mean_y": [
    2.4012653827667236,
    0.4496641159057617,
    0.5893728137016296
  ],
  "symmetry_ratio": [
    0.7524347305297852,
    1.5093986988067627,
    0.8763237595558167
  ],
  "energy_distribution": [
    0.229841947555542,
    0.2495710253715515,
    0.2264082431793213
  ],
  "motion_stability": [
    5.7084574699401855,
    1.3385677337646484,
    1.3973994255065918
  ],
  "freq_entropy": [
    9.131743431091309,
    8.898454666137695,
    8.998865127563477
  ]
}