{
  "dominant_freq": [
    2.9090879999999997,
    0.27172799999999997,
    5.169724966622162
  ],
  "amp_mean_x": [
    0.1841752976179123,
    0.1781594604253769,
    0.2917662262916565
  ],
  "amp_mean_y": [
    0.5033429265022278,
    0.3138127326965332,
    0.616955041885376
  ],
  "symmetry_ratio": [
    0.36590421199798584,
    0.567725419998169,
    0.4729132652282715
  ],
  "energy_distribution": [
    0.22461411356925964,
    0.4403696656227112,
    0.17465011775493622
  ],
  "motion_stability": [
    2.481375217437744,
    1.7738115787506104,
    1.8415839672088623
  ],
  "freq_entropy": [
    8.709733009338379,
    8.398484230041504,
    8.72243595123291
  ]
}