{
  "dominant_freq": [
    5.027368421052632,
    1.3024236037934669,
    5.804004214963118
  ],
  "amp_mean_x": [
    0.10641369968652725,
    0.306754469871521,
    0.2981639504432678
  ],
  "amp_mean_y": [
    0.1553173065185547,
    0.1455071121454239,
    0.13960489630699158
  ],
  "symmetry_ratio": [
    0.6851374506950378,
    2.108175039291382,
    2.135770082473755
  ],
  "energy_distribution": [
    0.3161759376525879,
    0.29075172543525696,
    0.1843401938676834
  ],
  "motion_stability": [
    1.2816672325134277,
    3.026566982269287,
    1.9023339748382568
  ],
  "freq_entropy": [
    8.690505981445312,
    9.082712173461914,
    9.07424545288086
  ]
}