{
  "dominant_freq": [
    0.1009515789473684,
    0.29023578947368417,
    4.555439999999999
  ],
  "amp_mean_x": [
    0.3086002469062805,
    0.3857117295265198,
    0.28553685545921326
  ],
  "amp_mean_y": [
    0.13902845978736877,
    0.14933033287525177,
    0.093595951795578
  ],
  "symmetry_ratio": [
    2.219691276550293,
    2.5829429626464844,
    3.050739288330078
  ],
  "energy_distribution": [
    0.2613644599914551,
    0.26337069272994995,
    0.3201117217540741
  ],
  "motion_stability": [
    0.931979238986969,
    0.9726605415344238,
    1.0894206762313843
  ],
  "freq_entropy": [
    8.904914855957031,
    8.90115737915039,
    8.880435943603516
  ]
}