{
  "dominant_freq": [
    4.140602582496414,
    4.18058690744921
  ],
  "amp_mean_x": [
    0.5847432017326355,
    1.8993974924087524
  ],
  "amp_mean_y": [
    1.2926719188690186,
    6.5287628173828125
  ],
  "symmetry_ratio": [
    0.452352374792099,
    0.29092761874198914
  ],
  "energy_distribution": [
    0.20445899665355682,
    0.20305801928043365
  ],
  "motion_stability": [
    1.835762858390808,
    2.1438841819763184
  ],
  "freq_entropy": [
    9.585710525512695,
    9.471735000610352
  ]
}