{
  "dominant_freq": [
    0.1779766702014846,
    0.1009515789473684,
    1.703557894736842
  ],
  "amp_mean_x": [
    2.0575716495513916,
    0.8024962544441223,
    0.2667985260486603
  ],
  "amp_mean_y": [
    1.2441598176956177,
    1.0099191665649414,
    0.2729508876800537
  ],
  "symmetry_ratio": [
    1.6537840366363525,
    0.794614315032959,
    0.9774598479270935
  ],
  "energy_distribution": [
    0.4138791263103485,
    0.42383190989494324,
    0.17780962586402893
  ],
  "motion_stability": [
    4.999945640563965,
    3.5246546268463135,
    2.6932497024536133
  ],
  "freq_entropy": [
    8.655686378479004,
    8.418298721313477,
    9.127613067626953
  ]
}