{
  "dominant_freq": [
    0.5651261457878656,
    1.9664211875266977
  ],
  "amp_mean_x": [
    4.07334041595459,
    1.1532665491104126
  ],
  "amp_mean_y": [
    3.471121072769165,
    1.0761562585830688
  ],
  "symmetry_ratio": [
    1.1734942197799683,
    1.0716534852981567
  ],
  "energy_distribution": [
    0.3022788465023041,
    0.22245660424232483
  ],
  "motion_stability": [
    3.0341081619262695,
    1.9306695461273193
  ],
  "freq_entropy": [
    10.140499114990234,
    10.302701950073242
  ]
}