{
  "dominant_freq": [
    0.10275428571428571,
    0.1371036454610436
  ],
  "amp_mean_x": [
    0.34140756726264954,
    0.7360301613807678
  ],
  "amp_mean_y": [
    0.3455255627632141,
    0.6197690963745117
  ],
  "symmetry_ratio": [
    0.9880819320678711,
    1.1875877380371094
  ],
  "energy_distribution": [
    0.25468194484710693,
    0.4879441261291504
  ],
  "motion_stability": [
    1.6425156593322754,
    2.6508984565734863
  ],
  "freq_entropy": [
    9.473997116088867,
    8.783447265625
  ]
}