{
  "dominant_freq": [
    3.644919786096257,
    0.10126582278481013,
    0.9473684210526316
  ],
  "amp_mean_x": [
    1.6246432065963745,
    0.06940261274576187,
    0.1304989904165268
  ],
  "amp_mean_y": [
    1.3621892929077148,
    0.1827651858329773,
    0.32988959550857544
  ],
  "symmetry_ratio": [
    1.1926707029342651,
    0.3797365128993988,
    0.395583838224411
  ],
  "energy_distribution": [
    0.2568874657154083,
    0.25065213441848755,
    0.22387826442718506
  ],
  "motion_stability": [
    5.434460639953613,
    2.4981677532196045,
    1.5226209163665771
  ],
  "freq_entropy": [
    8.908995628356934,
    9.026952743530273,
    8.89825439453125
  ]
}