{
  "dominant_freq": [
    3.8922077922077913,
    4.605461870503596
  ],
  "amp_mean_x": [
    1.1315128803253174,
    1.3112006187438965
  ],
  "amp_mean_y": [
    1.0787209272384644,
    1.3172982931137085
  ],
  "symmetry_ratio": [
    1.0489393472671509,
    0.9953711032867432
  ],
  "energy_distribution": [
    0.2032538205385208,
    0.1677650511264801
  ],
  "motion_stability": [
    1.8799293041229248,
    2.924539566040039
  ],
  "freq_entropy": [
    9.563629150390625,
    9.571905136108398
  ]
}