{
  "dominant_freq": [
    3.4221888745148767,
    0.4695172413793103
  ],
  "amp_mean_x": [
    1.2412889003753662,
    0.7751032710075378
  ],
  "amp_mean_y": [
    1.5719412565231323,
    0.942015528678894
  ],
  "symmetry_ratio": [
    0.789653480052948,
    0.8228136897087097
  ],
  "energy_distribution": [
    0.22970513999462128,
    0.28672483563423157
  ],
  "motion_stability": [
    2.9703853130340576,
    1.2782225608825684
  ],
  "freq_entropy": [
    10.281205177307129,
    10.156196594238281
  ]
}