{
  "dominant_freq": [
    0.11357052631578946,
    0.30285473684210523,
    0.1009515789473684
  ],
  "amp_mean_x": [
    0.06873642653226852,
    0.05768001079559326,
    0.06660981476306915
  ],
  "amp_mean_y": [
    0.1402444988489151,
    0.18080033361911774,
    0.20566532015800476
  ],
  "symmetry_ratio": [
    0.49011853337287903,
    0.31902602314949036,
    0.3238748013973236
  ],
  "energy_distribution": [
    0.308704137802124,
    0.37060195207595825,
    0.2673744559288025
  ],
  "motion_stability": [
    1.3414089679718018,
    1.09358549118042,
    1.0665199756622314
  ],
  "freq_entropy": [
    8.80036735534668,
    8.778145790100098,
    8.958776473999023
  ]
}