{
  "dominant_freq": [
    2.124455696202532,
    2.463287671232876,
    0.7192799999999999
  ],
  "amp_mean_x": [
    0.20293806493282318,
    0.4552474021911621,
    0.3192307651042938
  ],
  "amp_mean_y": [
    0.274989515542984,
    0.745536744594574,
    0.35505837202072144
  ],
  "symmetry_ratio": [
    0.7379847168922424,
    0.6106303930282593,
    0.899093747138977
  ],
  "energy_distribution": [
    0.24657027423381805,
    0.19500817358493805,
    0.20678210258483887
  ],
  "motion_stability": [
    1.4993350505828857,
    2.2501697540283203,
    1.5792059898376465
  ],
  "freq_entropy": [
    8.75693130493164,
    9.041213989257812,
    9.003754615783691
  ]
}