{
  "dominant_freq": [
    9.464210526315789,
    0.4669010526315789,
    1.8549852631578945
  ],
  "amp_mean_x": [
    0.0983184278011322,
    0.08279304951429367,
    0.07484414428472519
  ],
  "amp_mean_y": [
    0.051476821303367615,
    0.0707402154803276,
    0.13313686847686768
  ],
  "symmetry_ratio": [
    1.9099552631378174,
    1.1703816652297974,
    0.5621594190597534
  ],
  "energy_distribution": [
    0.0975247174501419,
    0.2158215492963791,
    0.22432085871696472
  ],
  "motion_stability": [
    7.499672889709473,
    1.291165828704834,
    1.4941179752349854
  ],
  "freq_entropy": [
    9.169930458068848,
    8.98470687866211,
    8.98189926147461
  ]
}