{
  "dominant_freq": [
    0.40810212765957443,
    0.20405106382978722
  ],
  "amp_mean_x": [
    0.14647704362869263,
    0.2651210427284241
  ],
  "amp_mean_y": [
    0.46081334352493286,
    0.7566723823547363
  ],
  "symmetry_ratio": [
    0.31786632537841797,
    0.3503775894641876
  ],
  "energy_distribution": [
    0.347762793302536,
    0.3290513753890991
  ],
  "motion_stability": [
    2.1823813915252686,
    3.1142492294311523
  ],
  "freq_entropy": [
    10.148714065551758,
    10.124601364135742
  ]
}