{
  "dominant_freq": [
    0.9590400000000001,
    1.7316,
    0.47952,
    0.47952,
    0.11336170212765956,
    2.3976
  ],
  "amp_mean_x": [
    0.03173401206731796,
    0.04681294783949852,
    0.07089056074619293,
    0.0992165207862854,
    3.3255679607391357,
    0.0258941687643528
  ],
  "amp_mean_y": [
    0.07707072049379349,
    0.05757232755422592,
    0.12500256299972534,
    0.09222377836704254,
    3.8641674518585205,
    0.036372099071741104
  ],
  "symmetry_ratio": [
    0.4117518663406372,
    0.8131154179573059,
    0.5671128630638123,
    1.0758236646652222,
    0.86061692237854,
    0.7119239568710327
  ],
  "energy_distribution": [
    0.2332214117050171,
    0.3104555904865265,
    0.3268037736415863,
    0.31866446137428284,
    0.5693606734275818,
    0.19016839563846588
  ],
  "motion_stability": [
    1.4515035152435303,
    1.5123814344406128,
    1.1955974102020264,
    1.1661262512207031,
    4.536307334899902,
    1.3411195278167725
  ],
  "freq_entropy": [
    7.814621925354004,
    7.667206764221191,
    7.657186508178711,
    7.785400390625,
    7.01378059387207,
    7.512624740600586
  ]
}