{
  "dominant_freq": [
    4.290442105263158,
    6.814231578947368,
    5.060197894736842
  ],
  "amp_mean_x": [
    0.5065779685974121,
    0.646887481212616,
    0.6737862825393677
  ],
  "amp_mean_y": [
    0.8938354253768921,
    1.439780354499817,
    1.4591374397277832
  ],
  "symmetry_ratio": [
    0.5667463541030884,
    0.44929593801498413,
    0.46177026629447937
  ],
  "energy_distribution": [
    0.1904240846633911,
    0.20567885041236877,
    0.19255881011486053
  ],
  "motion_stability": [
    1.6783342361450195,
    1.9327179193496704,
    2.4368433952331543
  ],
  "freq_entropy": [
    9.033954620361328,
    9.026872634887695,
    8.989081382751465
  ]
}