{
  "dominant_freq": [
    0.12100840336134455,
    0.1
  ],
  "amp_mean_x": [
    0.8466315269470215,
    0.4614238440990448
  ],
  "amp_mean_y": [
    1.5731465816497803,
    0.5273407101631165
  ],
  "symmetry_ratio": [
    0.5381771326065063,
    0.8750013709068298
  ],
  "energy_distribution": [
    0.27050963044166565,
    0.2555963099002838
  ],
  "motion_stability": [
    2.8722598552703857,
    1.9456264972686768
  ],
  "freq_entropy": [
    10.28795337677002,
    10.129974365234375
  ]
}