{
  "dominant_freq": [
    0.32912058978409686,
    3.505535055350554
  ],
  "amp_mean_x": [
    0.3527449369430542,
    0.6758290529251099
  ],
  "amp_mean_y": [
    0.4905874729156494,
    0.6531769633293152
  ],
  "symmetry_ratio": [
    0.7190255522727966,
    1.034679889678955
  ],
  "energy_distribution": [
    0.2834947407245636,
    0.2518499791622162
  ],
  "motion_stability": [
    3.374033212661743,
    2.071688175201416
  ],
  "freq_entropy": [
    9.90672779083252,
    9.88054370880127
  ]
}