{
  "dominant_freq": [
    4.792602383531961,
    3.684732631578947,
    1.391012658227848
  ],
  "amp_mean_x": [
    1.0178909301757812,
    0.38015031814575195,
    0.3001300096511841
  ],
  "amp_mean_y": [
    1.1279410123825073,
    0.7456964254379272,
    0.36633527278900146
  ],
  "symmetry_ratio": [
    0.9024327397346497,
    0.5097923278808594,
    0.8192768692970276
  ],
  "energy_distribution": [
    0.22779472172260284,
    0.18467268347740173,
    0.22570277750492096
  ],
  "motion_stability": [
    4.759162425994873,
    3.443512439727783,
    4.444724082946777
  ],
  "freq_entropy": [
    8.801222801208496,
    9.129563331604004,
    9.212444305419922
  ]
}