{
  "dominant_freq": [
    0.3783873744619799,
    0.46239428571428576
  ],
  "amp_mean_x": [
    0.5314059853553772,
    0.4331386983394623
  ],
  "amp_mean_y": [
    0.9271527528762817,
    0.5138815641403198
  ],
  "symmetry_ratio": [
    0.5731590390205383,
    0.8428764939308167
  ],
  "energy_distribution": [
    0.26776090264320374,
    0.2670366168022156
  ],
  "motion_stability": [
    3.731355667114258,
    1.3003911972045898
  ],
  "freq_entropy": [
    9.62601089477539,
    9.544586181640625
  ]
}