{
  "dominant_freq": [
    4.561267450061655,
    0.8640474760457496
  ],
  "amp_mean_x": [
    0.743719220161438,
    2.3919012546539307
  ],
  "amp_mean_y": [
    0.451633483171463,
    1.0657614469528198
  ],
  "symmetry_ratio": [
    1.6467318534851074,
    2.244312047958374
  ],
  "energy_distribution": [
    0.17985385656356812,
    0.3452690541744232
  ],
  "motion_stability": [
    2.52801513671875,
    3.880615711212158
  ],
  "freq_entropy": [
    10.277926445007324,
    10.254510879516602
  ]
}