{
  "dominant_freq": [
    4.665543386689133
  ],
  "amp_mean_x": [
    0.7919853925704956
  ],
  "amp_mean_y": [
    1.181822419166565
  ],
  "symmetry_ratio": [
    0.6701390743255615
  ],
  "energy_distribution": [
    0.18707332015037537
  ],
  "motion_stability": [
    2.589242935180664
  ],
  "freq_entropy": [
    10.343782424926758
  ]
}