{
  "dominant_freq": [
    1.2421875,
    3.9140625
  ],
  "amp_mean_x": [
    0.07575313746929169,
    0.09490171074867249
  ],
  "amp_mean_y": [
    0.11596553772687912,
    0.13954508304595947
  ],
  "symmetry_ratio": [
    0.6532383561134338,
    0.6800792217254639
  ],
  "energy_distribution": [
    0.20448847115039825,
    0.18946652114391327
  ],
  "motion_stability": [
    1.1576244831085205,
    1.16776442527771
  ],
  "freq_entropy": [
    9.598519325256348,
    9.464873313903809
  ]
}