{
  "dominant_freq": [
    0.6733685106382978,
    0.10712680851063829
  ],
  "amp_mean_x": [
    0.08087360113859177,
    0.2800410985946655
  ],
  "amp_mean_y": [
    0.1121816337108612,
    0.32036828994750977
  ],
  "symmetry_ratio": [
    0.7209165692329407,
    0.8741223812103271
  ],
  "energy_distribution": [
    0.24955089390277863,
    0.3284629285335541
  ],
  "motion_stability": [
    2.828336238861084,
    5.526976585388184
  ],
  "freq_entropy": [
    10.283899307250977,
    9.961978912353516
  ]
}