{
  "dominant_freq": [
    0.3041017727266059,
    0.3041017727266059
  ],
  "amp_mean_x": [
    0.5796152949333191,
    0.4471679925918579
  ],
  "amp_mean_y": [
    1.0886988639831543,
    0.9085615277290344
  ],
  "symmetry_ratio": [
    0.532392680644989,
    0.49217140674591064
  ],
  "energy_distribution": [
    0.25065138936042786,
    0.23605608940124512
  ],
  "motion_stability": [
    1.954041600227356,
    1.426021933555603
  ],
  "freq_entropy": [
    9.626458168029785,
    9.544246673583984
  ]
}