{
  "dominant_freq": [
    3.489657534246575,
    0.25922859664607234,
    6.0979421965317915,
    4.547172413793103,
    5.02822807775378
  ],
  "amp_mean_x": [
    0.7522957921028137,
    1.5909850597381592,
    1.4666640758514404,
    0.1859441101551056,
    0.4390958547592163
  ],
  "amp_mean_y": [
    0.9747053384780884,
    2.145000457763672,
    2.8679540157318115,
    0.46054524183273315,
    0.9771817922592163
  ],
  "symmetry_ratio": [
    0.7718186974525452,
    0.7417178153991699,
    0.5113973617553711,
    0.4037477672100067,
    0.44934919476509094
  ],
  "energy_distribution": [
    0.17545269429683685,
    0.34235110878944397,
    0.214154452085495,
    0.21551813185214996,
    0.16368061304092407
  ],
  "motion_stability": [
    3.196743965148926,
    5.593544006347656,
    4.45086669921875,
    3.8280029296875,
    7.659278869628906
  ],
  "freq_entropy": [
    10.348323822021484,
    10.21461296081543,
    10.289709091186523,
    10.377069473266602,
    10.477604866027832
  ]
}