{
  "dominant_freq": [
    1.067825702481235,
    3.187759906288902
  ],
  "amp_mean_x": [
    0.8984898328781128,
    1.7520325183868408
  ],
  "amp_mean_y": [
    2.991283655166626,
    3.6390116214752197
  ],
  "symmetry_ratio": [
    0.3003693222999573,
    0.4814583361148834
  ],
  "energy_distribution": [
    0.2657691538333893,
    0.19194674491882324
  ],
  "motion_stability": [
    2.7892708778381348,
    3.2114415168762207
  ],
  "freq_entropy": [
    9.648964881896973,
    9.627113342285156
  ]
}