{
  "dominant_freq": [
    1.3166896551724137,
    0.12769492969748614
  ],
  "amp_mean_x": [
    0.5360238552093506,
    0.8864984512329102
  ],
  "amp_mean_y": [
    0.41167134046554565,
    0.6324291825294495
  ],
  "symmetry_ratio": [
    1.3020673990249634,
    1.401735544204712
  ],
  "energy_distribution": [
    0.4521622657775879,
    0.32345980405807495
  ],
  "motion_stability": [
    4.785429000854492,
    4.775934219360352
  ],
  "freq_entropy": [
    9.790239334106445,
    9.903303146362305
  ]
}