{
  "dominant_freq": [
    2.605
  ],
  "amp_mean_x": [
    0.2862697243690491
  ],
  "amp_mean_y": [
    0.4109288156032562
  ],
  "symmetry_ratio": [
    0.69664067029953
  ],
  "energy_distribution": [
    0.17291100323200226
  ],
  "motion_stability": [
    1.8669975996017456
  ],
  "freq_entropy": [
    10.364378929138184
  ]
}