{
  "dominant_freq": [
    1.6926315789473687,
    1.8442105263157897,
    0.2905263157894737
  ],
  "amp_mean_x": [
    0.06803849339485168,
    0.1531689614057541,
    0.0989532396197319
  ],
  "amp_mean_y": [
    0.23712140321731567,
    0.25725167989730835,
    0.21152368187904358
  ],
  "symmetry_ratio": [
    0.2869352698326111,
    0.595405101776123,
    0.467811644077301
  ],
  "energy_distribution": [
    0.4020727574825287,
    0.2097664475440979,
    0.28992635011672974
  ],
  "motion_stability": [
    1.6612272262573242,
    2.6901233196258545,
    1.2010605335235596
  ],
  "freq_entropy": [
    8.817699432373047,
    8.986026763916016,
    8.880380630493164
  ]
}