{
  "dominant_freq": [
    3.989042316568449,
    0.12574837749662923
  ],
  "amp_mean_x": [
    0.575830340385437,
    0.45185959339141846
  ],
  "amp_mean_y": [
    0.6436566710472107,
    0.6402736902236938
  ],
  "symmetry_ratio": [
    0.8946234583854675,
    0.7057288289070129
  ],
  "energy_distribution": [
    0.2759033441543579,
    0.25991275906562805
  ],
  "motion_stability": [
    2.8921520709991455,
    3.283761501312256
  ],
  "freq_entropy": [
    9.250407218933105,
    9.211099624633789
  ]
}