{
  "dominant_freq": [
    0.2822517123287671,
    4.984753846153845
  ],
  "amp_mean_x": [
    0.5809485912322998,
    0.6002505421638489
  ],
  "amp_mean_y": [
    0.7854284048080444,
    1.4749810695648193
  ],
  "symmetry_ratio": [
    0.7396582365036011,
    0.40695473551750183
  ],
  "energy_distribution": [
    0.590912401676178,
    0.20000451803207397
  ],
  "motion_stability": [
    5.6931071281433105,
    4.2496337890625
  ],
  "freq_entropy": [
    9.419832229614258,
    10.292311668395996
  ]
}