{
  "dominant_freq": [
    0.328092959671907,
    0.30285503969714495,
    0.4795204795204795
  ],
  "amp_mean_x": [
    0.13150165975093842,
    0.14378370344638824,
    0.1490916907787323
  ],
  "amp_mean_y": [
    0.41000810265541077,
    0.30471742153167725,
    0.15119360387325287
  ],
  "symmetry_ratio": [
    0.32072940468788147,
    0.4718591570854187,
    0.9860978722572327
  ],
  "energy_distribution": [
    0.24466325342655182,
    0.27065038681030273,
    0.22001959383487701
  ],
  "motion_stability": [
    2.278768539428711,
    1.5815178155899048,
    3.248748540878296
  ],
  "freq_entropy": [
    8.980426788330078,
    8.996868133544922,
    9.022106170654297
  ]
}