{
  "dominant_freq": [
    4.321255813953488,
    0.24517976318622173,
    3.2913199577613512
  ],
  "amp_mean_x": [
    0.6515564918518066,
    0.5367764830589294,
    0.41599494218826294
  ],
  "amp_mean_y": [
    1.0151183605194092,
    1.167638897895813,
    0.459207683801651
  ],
  "symmetry_ratio": [
    0.6418527364730835,
    0.4597110450267792,
    0.9058972001075745
  ],
  "energy_distribution": [
    0.2203345000743866,
    0.16634386777877808,
    0.21642561256885529
  ],
  "motion_stability": [
    3.920161485671997,
    2.485752582550049,
    3.2528433799743652
  ],
  "freq_entropy": [
    9.068746566772461,
    9.006864547729492,
    9.135948181152344
  ]
}