{
  "dominant_freq": [
    3.4668686440677963,
    0.5223251859723698,
    4.248911392405063
  ],
  "amp_mean_x": [
    0.8665117621421814,
    1.8417052030563354,
    0.2047904133796692
  ],
  "amp_mean_y": [
    1.3990224599838257,
    2.6362903118133545,
    0.35835108160972595
  ],
  "symmetry_ratio": [
    0.6193694472312927,
    0.698597252368927,
    0.5714797973632812
  ],
  "energy_distribution": [
    0.2757488191127777,
    0.35537299513816833,
    0.17209328711032867
  ],
  "motion_stability": [
    3.1403768062591553,
    3.1397621631622314,
    4.013822555541992
  ],
  "freq_entropy": [
    9.03715705871582,
    8.759873390197754,
    9.054401397705078
  ]
}