{
  "dominant_freq": [
    3.852051873198847,
    0.4736637931034482
  ],
  "amp_mean_x": [
    1.3576788902282715,
    0.9589508771896362
  ],
  "amp_mean_y": [
    0.9076333045959473,
    0.7214099764823914
  ],
  "symmetry_ratio": [
    1.4958451986312866,
    1.3292731046676636
  ],
  "energy_distribution": [
    0.22412757575511932,
    0.19631850719451904
  ],
  "motion_stability": [
    2.249469518661499,
    2.8541252613067627
  ],
  "freq_entropy": [
    9.571015357971191,
    9.636941909790039
  ]
}