{
  "dominant_freq": [
    0.28346456692913385,
    0.11142857142857143
  ],
  "amp_mean_x": [
    0.2646898627281189,
    0.5475484132766724
  ],
  "amp_mean_y": [
    0.5038194060325623,
    0.41975584626197815
  ],
  "symmetry_ratio": [
    0.5253665447235107,
    1.3044450283050537
  ],
  "energy_distribution": [
    0.24886079132556915,
    0.32562753558158875
  ],
  "motion_stability": [
    3.0973944664001465,
    1.9385050535202026
  ],
  "freq_entropy": [
    9.661134719848633,
    9.429195404052734
  ]
}