{
  "dominant_freq": [
    4.75731018234222,
    0.10206906758630896
  ],
  "amp_mean_x": [
    0.7356554865837097,
    0.8007215261459351
  ],
  "amp_mean_y": [
    0.5904118418693542,
    0.9164211750030518
  ],
  "symmetry_ratio": [
    1.2460039854049683,
    0.8737483620643616
  ],
  "energy_distribution": [
    0.32019874453544617,
    0.347551167011261
  ],
  "motion_stability": [
    3.13857364654541,
    2.587545156478882
  ],
  "freq_entropy": [
    10.176406860351562,
    9.921407699584961
  ]
}