{
  "dominant_freq": [
    7.849747572815533,
    4.80781894736842,
    3.609018947368421
  ],
  "amp_mean_x": [
    2.9475388526916504,
    0.07993195950984955,
    0.07263396680355072
  ],
  "amp_mean_y": [
    2.006843090057373,
    0.07372305542230606,
    0.08379408717155457
  ],
  "symmetry_ratio": [
    1.4687440395355225,
    1.0842193365097046,
    0.8668149709701538
  ],
  "energy_distribution": [
    0.19386602938175201,
    0.17877808213233948,
    0.21286651492118835
  ],
  "motion_stability": [
    5.472664833068848,
    4.2485504150390625,
    1.5263876914978027
  ],
  "freq_entropy": [
    9.058290481567383,
    9.38864803314209,
    9.047215461730957
  ]
}