{
  "dominant_freq": [
    4.06093906093906,
    0.1648351648351648,
    0.16608077061477566
  ],
  "amp_mean_x": [
    0.1573372781276703,
    0.2950309216976166,
    0.6020824313163757
  ],
  "amp_mean_y": [
    0.4157438576221466,
    0.3841606378555298,
    1.0151050090789795
  ],
  "symmetry_ratio": [
    0.37844762206077576,
    0.7679884433746338,
    0.5931233167648315
  ],
  "energy_distribution": [
    0.23467807471752167,
    0.28526735305786133,
    0.19969256222248077
  ],
  "motion_stability": [
    2.1803998947143555,
    1.0902832746505737,
    1.3723464012145996
  ],
  "freq_entropy": [
    8.816335678100586,
    8.640596389770508,
    8.717880249023438
  ]
}