{
  "dominant_freq": [
    1.7662263067202757,
    6.378571428571428
  ],
  "amp_mean_x": [
    0.4969547688961029,
    0.17939041554927826
  ],
  "amp_mean_y": [
    0.690584659576416,
    0.28135034441947937
  ],
  "symmetry_ratio": [
    0.719614565372467,
    0.6376051306724548
  ],
  "energy_distribution": [
    0.38279443979263306,
    0.2005975991487503
  ],
  "motion_stability": [
    5.411079406738281,
    4.102889060974121
  ],
  "freq_entropy": [
    8.813644409179688,
    9.847419738769531
  ]
}