{
  "dominant_freq": [
    2.2177800000000003,
    1.3871828571428573
  ],
  "amp_mean_x": [
    0.13357040286064148,
    0.14962482452392578
  ],
  "amp_mean_y": [
    0.20943376421928406,
    0.4397052526473999
  ],
  "symmetry_ratio": [
    0.6377692222595215,
    0.3402843773365021
  ],
  "energy_distribution": [
    0.24367663264274597,
    0.21096453070640564
  ],
  "motion_stability": [
    1.250387191772461,
    1.3494189977645874
  ],
  "freq_entropy": [
    9.497209548950195,
    9.559226989746094
  ]
}