{
  "dominant_freq": [
    0.5245438244526668,
    2.019838085411856
  ],
  "amp_mean_x": [
    0.66535884141922,
    0.48199695348739624
  ],
  "amp_mean_y": [
    0.49288007616996765,
    0.5519388318061829
  ],
  "symmetry_ratio": [
    1.3499406576156616,
    0.8732796311378479
  ],
  "energy_distribution": [
    0.270830363035202,
    0.35635989904403687
  ],
  "motion_stability": [
    4.342665195465088,
    3.510891914367676
  ],
  "freq_entropy": [
    9.282255172729492,
    9.16153621673584
  ]
}