{
  "dominant_freq": [
    2.4084243792325055,
    0.5029930069930069,
    0.47952,
    0.4329751693002257,
    0.11151627906976742,
    0.31967999999999996
  ],
  "amp_mean_x": [
    0.10741672664880753,
    0.1331273317337036,
    0.0905698835849762,
    0.07701244205236435,
    0.19604142010211945,
    0.05516275018453598
  ],
  "amp_mean_y": [
    0.13285167515277863,
    0.10690467804670334,
    0.1458856612443924,
    0.14633667469024658,
    0.48347368836402893,
    0.10733859986066818
  ],
  "symmetry_ratio": [
    0.808546245098114,
    1.2452900409698486,
    0.620827853679657,
    0.5262688994407654,
    0.4054851830005646,
    0.5139134526252747
  ],
  "energy_distribution": [
    0.21636778116226196,
    0.4414259195327759,
    0.4928058087825775,
    0.5122281908988953,
    0.5388635993003845,
    0.48850852251052856
  ],
  "motion_stability": [
    2.5828351974487305,
    1.2101733684539795,
    1.448272466659546,
    1.4814558029174805,
    2.525200843811035,
    1.209446668624878
  ],
  "freq_entropy": [
    7.9950480461120605,
    6.869278907775879,
    7.053378582000732,
    7.3186845779418945,
    7.345530033111572,
    7.223899841308594
  ]
}