{
  "dominant_freq": [
    2.6373599999999997,
    0.806437257438551,
    1.0729180327868852,
    0.1613669127225358
  ],
  "amp_mean_x": [
    0.12236323207616806,
    0.693413257598877,
    2.1508209705352783,
    0.8916431069374084
  ],
  "amp_mean_y": [
    0.11917072534561157,
    1.7623273134231567,
    5.468532085418701,
    2.1914432048797607
  ],
  "symmetry_ratio": [
    1.0267893075942993,
    0.39346450567245483,
    0.3933086395263672,
    0.4068748354911804
  ],
  "energy_distribution": [
    0.21570861339569092,
    0.19571347534656525,
    0.41394856572151184,
    0.2720920145511627
  ],
  "motion_stability": [
    1.4717662334442139,
    4.7501373291015625,
    2.3373255729675293,
    3.1183791160583496
  ],
  "freq_entropy": [
    10.247900009155273,
    10.279850006103516,
    10.023460388183594,
    10.2206392288208
  ]
}