{
  "dominant_freq": [
    0.2911392405063291,
    0.303477344573235,
    0.11380400421496312
  ],
  "amp_mean_x": [
    0.5949705839157104,
    0.49653536081314087,
    0.36132457852363586
  ],
  "amp_mean_y": [
    0.6409720182418823,
    0.8186692595481873,
    0.6884825825691223
  ],
  "symmetry_ratio": [
    0.9282317757606506,
    0.6065152287483215,
    0.5248129367828369
  ],
  "energy_distribution": [
    0.2656119465827942,
    0.24789296090602875,
    0.2891427278518677
  ],
  "motion_stability": [
    2.228843927383423,
    1.5047060251235962,
    1.4074909687042236
  ],
  "freq_entropy": [
    8.884600639343262,
    8.917343139648438,
    8.89210319519043
  ]
}