{
  "dominant_freq": [
    1.576296044381151,
    0.13058836588248351
  ],
  "amp_mean_x": [
    0.3081284165382385,
    0.6604791879653931
  ],
  "amp_mean_y": [
    0.8321422934532166,
    3.0995383262634277
  ],
  "symmetry_ratio": [
    0.3702833354473114,
    0.21308954060077667
  ],
  "energy_distribution": [
    0.24306336045265198,
    0.36147454380989075
  ],
  "motion_stability": [
    1.7394165992736816,
    2.0587642192840576
  ],
  "freq_entropy": [
    10.311790466308594,
    10.091070175170898
  ]
}