{
  "dominant_freq": [
    0.7039768741896402,
    0.8162050715242204
  ],
  "amp_mean_x": [
    0.13267271220684052,
    0.20963706076145172
  ],
  "amp_mean_y": [
    0.13520777225494385,
    0.22765250504016876
  ],
  "symmetry_ratio": [
    0.9812506437301636,
    0.9208642840385437
  ],
  "energy_distribution": [
    0.34510865807533264,
    0.1922096163034439
  ],
  "motion_stability": [
    1.8730956315994263,
    2.936946392059326
  ],
  "freq_entropy": [
    9.929035186767578,
    10.442333221435547
  ]
}