{
  "dominant_freq": [
    1.6916666666666667,
    0.725
  ],
  "amp_mean_x": [
    0.13003163039684296,
    0.267192542552948
  ],
  "amp_mean_y": [
    0.22160333395004272,
    0.25725257396698
  ],
  "symmetry_ratio": [
    0.5867764949798584,
    1.038638949394226
  ],
  "energy_distribution": [
    0.17181885242462158,
    0.2873643636703491
  ],
  "motion_stability": [
    1.6495130062103271,
    1.3964663743972778
  ],
  "freq_entropy": [
    9.61870002746582,
    9.400045394897461
  ]
}