{
  "dominant_freq": [
    2.5065337999969435,
    0.1586799195680494,
    8.319465425739434
  ],
  "amp_mean_x": [
    0.3523632689764724,
    0.4022759795188904,
    0.31827735900878906
  ],
  "amp_mean_y": [
    0.6511806840414684,
    0.6008707284927368,
    0.6978884935379028
  ],
  "symmetry_ratio": [
    0.5411144366100903,
    0.6694883704185486,
    0.456057608127594
  ],
  "energy_distribution": [
    0.20657956349268747,
    0.39068952202796936,
    0.18463671207427979
  ],
  "motion_stability": [
    5.49126438780406,
    4.412639141082764,
    3.306986093521118
  ],
  "freq_entropy": [
    10.181517096682612,
    9.956783294677734,
    10.345846176147461
  ]
}