{
  "dominant_freq": [
    2.6971577261809445,
    0.525
  ],
  "amp_mean_x": [
    0.22371014952659607,
    0.3030471205711365
  ],
  "amp_mean_y": [
    0.580897331237793,
    0.5768159031867981
  ],
  "symmetry_ratio": [
    0.38511133193969727,
    0.5253793001174927
  ],
  "energy_distribution": [
    0.24420280754566193,
    0.24558387696743011
  ],
  "motion_stability": [
    1.8131320476531982,
    1.3683589696884155
  ],
  "freq_entropy": [
    10.339881896972656,
    10.1983003616333
  ]
}