{
  "dominant_freq": [
    3.1218781218781215,
    8.11718402079848
  ],
  "amp_mean_x": [
    0.6751042604446411,
    0.8309838175773621
  ],
  "amp_mean_y": [
    0.8138802647590637,
    1.126525640487671
  ],
  "symmetry_ratio": [
    0.8294884562492371,
    0.7376519441604614
  ],
  "energy_distribution": [
    0.22074003517627716,
    0.178212508559227
  ],
  "motion_stability": [
    2.701404571533203,
    1.7935247421264648
  ],
  "freq_entropy": [
    9.41452407836914,
    9.378650665283203
  ]
}