{
  "dominant_freq": [
    0.6776470588235295,
    1.4823529411764707,
    0.5223529411764706
  ],
  "amp_mean_x": [
    0.10303080826997757,
    0.1954135298728943,
    0.24729357659816742
  ],
  "amp_mean_y": [
    0.3602680563926697,
    0.20216573774814606,
    0.25318920612335205
  ],
  "symmetry_ratio": [
    0.28598374128341675,
    0.9666006565093994,
    0.976714551448822
  ],
  "energy_distribution": [
    0.2408515363931656,
    0.1830749213695526,
    0.2791214883327484
  ],
  "motion_stability": [
    1.4803493022918701,
    1.687263011932373,
    1.7540192604064941
  ],
  "freq_entropy": [
    8.759432792663574,
    8.873992919921875,
    8.782498359680176
  ]
}