{
  "dominant_freq": [
    0.10737418535100304,
    2.0705992269973312
  ],
  "amp_mean_x": [
    0.33476555347442627,
    0.75686115026474
  ],
  "amp_mean_y": [
    0.49591007828712463,
    0.9274194240570068
  ],
  "symmetry_ratio": [
    0.6750529408454895,
    0.8160936832427979
  ],
  "energy_distribution": [
    0.2767511308193207,
    0.2270069122314453
  ],
  "motion_stability": [
    2.981255054473877,
    2.0368034839630127
  ],
  "freq_entropy": [
    10.062628746032715,
    9.947818756103516
  ]
}