{
  "dominant_freq": [
    3.8347819327646415,
    5.024915204555923,
    2.8599971457114317,
    0.1043948794311639
  ],
  "amp_mean_x": [
    0.7148756980895996,
    2.91829776763916,
    0.47820526361465454,
    0.5170785784721375
  ],
  "amp_mean_y": [
    1.0198309421539307,
    5.639795303344727,
    0.5078270435333252,
    1.6291402578353882
  ],
  "symmetry_ratio": [
    0.700974702835083,
    0.5174474716186523,
    0.9416695237159729,
    0.31739354133605957
  ],
  "energy_distribution": [
    0.18734338879585266,
    0.34208035469055176,
    0.19849374890327454,
    0.22560183703899384
  ],
  "motion_stability": [
    2.8767552375793457,
    4.099587440490723,
    7.511358261108398,
    3.710165500640869
  ],
  "freq_entropy": [
    8.639097213745117,
    8.323648452758789,
    8.894956588745117,
    8.448155403137207
  ]
}