{
  "dominant_freq": [
    0.10275428571428571,
    1.0018542857142858
  ],
  "amp_mean_x": [
    0.05717310681939125,
    0.03015008196234703
  ],
  "amp_mean_y": [
    0.14962148666381836,
    0.07194904237985611
  ],
  "symmetry_ratio": [
    0.382118284702301,
    0.4190477132797241
  ],
  "energy_distribution": [
    0.20010493695735931,
    0.2750406861305237
  ],
  "motion_stability": [
    2.1670868396759033,
    1.4146335124969482
  ],
  "freq_entropy": [
    9.598944664001465,
    9.421562194824219
  ]
}