{
  "dominant_freq": [
    5.842572631578946,
    0.12632244467860904,
    2.1326021052631576
  ],
  "amp_mean_x": [
    0.7075310945510864,
    1.2706228494644165,
    0.8277472257614136
  ],
  "amp_mean_y": [
    0.774274468421936,
    1.4384359121322632,
    0.6306363344192505
  ],
  "symmetry_ratio": [
    0.9137988090515137,
    0.8833364248275757,
    1.3125587701797485
  ],
  "energy_distribution": [
    0.17940574884414673,
    0.31559276580810547,
    0.2102622240781784
  ],
  "motion_stability": [
    2.2440083026885986,
    2.114929437637329,
    2.206143856048584
  ],
  "freq_entropy": [
    8.97494888305664,
    8.914444923400879,
    9.056285858154297
  ]
}