{
  "dominant_freq": [
    1.1922802001429593,
    1.0542857142857143
  ],
  "amp_mean_x": [
    0.21375998854637146,
    0.21584700047969818
  ],
  "amp_mean_y": [
    0.5047235488891602,
    0.7242215275764465
  ],
  "symmetry_ratio": [
    0.42351895570755005,
    0.2980400323867798
  ],
  "energy_distribution": [
    0.29805606603622437,
    0.25112080574035645
  ],
  "motion_stability": [
    1.8737777471542358,
    1.7548224925994873
  ],
  "freq_entropy": [
    9.574256896972656,
    9.558505058288574
  ]
}