{
  "dominant_freq": [
    0.31407035175879394,
    1.6173520561685053
  ],
  "amp_mean_x": [
    0.4898902475833893,
    0.5021913051605225
  ],
  "amp_mean_y": [
    0.7125462293624878,
    0.8265239000320435
  ],
  "symmetry_ratio": [
    0.6875206232070923,
    0.6075944304466248
  ],
  "energy_distribution": [
    0.29849934577941895,
    0.2083425521850586
  ],
  "motion_stability": [
    2.4390416145324707,
    1.392542839050293
  ],
  "freq_entropy": [
    8.904796600341797,
    8.980257034301758
  ]
}