{
  "dominant_freq": [
    3.271751317175974,
    3.91599578503688,
    9.903679662802949
  ],
  "amp_mean_x": [
    0.5637404918670654,
    0.7660870552062988,
    0.5534353256225586
  ],
  "amp_mean_y": [
    0.8384211659431458,
    1.1376101970672607,
    0.9013912677764893
  ],
  "symmetry_ratio": [
    0.6723834276199341,
    0.673417866230011,
    0.6139790415763855
  ],
  "energy_distribution": [
    0.17983666062355042,
    0.19863566756248474,
    0.22743143141269684
  ],
  "motion_stability": [
    2.1295833587646484,
    3.2714929580688477,
    3.3758625984191895
  ],
  "freq_entropy": [
    9.111392974853516,
    9.047061920166016,
    9.250627517700195
  ]
}