{
  "dominant_freq": [
    2.9769531772575246,
    4.731291487532244
  ],
  "amp_mean_x": [
    0.3390893340110779,
    1.2798774242401123
  ],
  "amp_mean_y": [
    0.5160214900970459,
    2.3354740142822266
  ],
  "symmetry_ratio": [
    0.6571224927902222,
    0.5480161309242249
  ],
  "energy_distribution": [
    0.16765566170215607,
    0.2413145750761032
  ],
  "motion_stability": [
    2.523653507232666,
    3.7224390506744385
  ],
  "freq_entropy": [
    9.413689613342285,
    9.234342575073242
  ]
}