{
  "dominant_freq": [
    1.891304347826087,
    4.987341772151899,
    3.961783439490446
  ],
  "amp_mean_x": [
    0.660912275314331,
    1.1226255893707275,
    0.7960211634635925
  ],
  "amp_mean_y": [
    1.360852599143982,
    2.096295118331909,
    1.713391900062561
  ],
  "symmetry_ratio": [
    0.4856604337692261,
    0.5355284214019775,
    0.46458789706230164
  ],
  "energy_distribution": [
    0.18827952444553375,
    0.3059118390083313,
    0.24659739434719086
  ],
  "motion_stability": [
    3.4332404136657715,
    3.7903356552124023,
    1.6788793802261353
  ],
  "freq_entropy": [
    9.067593574523926,
    8.674458503723145,
    8.987101554870605
  ]
}