{
  "dominant_freq": [
    4.550127233738384,
    0.4623942857142857
  ],
  "amp_mean_x": [
    0.3650732636451721,
    0.4024021625518799
  ],
  "amp_mean_y": [
    0.42258116602897644,
    0.6102347373962402
  ],
  "symmetry_ratio": [
    0.8639127612113953,
    0.6594219207763672
  ],
  "energy_distribution": [
    0.22696545720100403,
    0.2045237272977829
  ],
  "motion_stability": [
    1.3335328102111816,
    1.292832612991333
  ],
  "freq_entropy": [
    9.519598007202148,
    9.530868530273438
  ]
}