{
  "dominant_freq": [
    7.342175290390708,
    0.15238983050847457,
    2.346587234042553
  ],
  "amp_mean_x": [
    0.8050116896629333,
    2.415548324584961,
    1.4082192182540894
  ],
  "amp_mean_y": [
    0.6280702948570251,
    1.5843783617019653,
    1.0635216236114502
  ],
  "symmetry_ratio": [
    1.2817223072052002,
    1.524603247642517,
    1.324109673500061
  ],
  "energy_distribution": [
    0.1579437106847763,
    0.24530184268951416,
    0.20364530384540558
  ],
  "motion_stability": [
    2.1021952629089355,
    2.17057466506958,
    2.100698232650757
  ],
  "freq_entropy": [
    9.043731689453125,
    8.956122398376465,
    9.004600524902344
  ]
}