{
  "dominant_freq": [
    4.889024019458802,
    0.49037124755140427
  ],
  "amp_mean_x": [
    0.42222294211387634,
    0.6045304536819458
  ],
  "amp_mean_y": [
    0.7448181509971619,
    0.4757862091064453
  ],
  "symmetry_ratio": [
    0.5668805837631226,
    1.2705926895141602
  ],
  "energy_distribution": [
    0.2550552785396576,
    0.22832977771759033
  ],
  "motion_stability": [
    1.4806303977966309,
    1.7358198165893555
  ],
  "freq_entropy": [
    9.213985443115234,
    9.262462615966797
  ]
}