{
  "dominant_freq": [
    0.45999999999999996,
    3.895
  ],
  "amp_mean_x": [
    0.32125064730644226,
    0.23003946244716644
  ],
  "amp_mean_y": [
    0.30872419476509094,
    0.2248680144548416
  ],
  "symmetry_ratio": [
    1.0405749082565308,
    1.0229977369308472
  ],
  "energy_distribution": [
    0.20213055610656738,
    0.20721295475959778
  ],
  "motion_stability": [
    2.257803201675415,
    3.528623580932617
  ],
  "freq_entropy": [
    10.365704536437988,
    10.56546688079834
  ]
}