{
  "dominant_freq": [
    2.0188519977490156,
    0.1111111111111111
  ],
  "amp_mean_x": [
    0.3846161365509033,
    0.27488088607788086
  ],
  "amp_mean_y": [
    0.7374037504196167,
    0.34160876274108887
  ],
  "symmetry_ratio": [
    0.5215814709663391,
    0.8046658039093018
  ],
  "energy_distribution": [
    0.36526617407798767,
    0.263821005821228
  ],
  "motion_stability": [
    4.204681396484375,
    1.6753991842269897
  ],
  "freq_entropy": [
    9.857769012451172,
    9.662020683288574
  ]
}