{
  "dominant_freq": [
    3.7443407656173613,
    4.8217269456207505
  ],
  "amp_mean_x": [
    0.13197873532772064,
    1.0064510919351493
  ],
  "amp_mean_y": [
    0.21757420897483826,
    1.4540129606702688
  ],
  "symmetry_ratio": [
    0.6065918207168579,
    0.6921885286849141
  ],
  "energy_distribution": [
    0.2663186490535736,
    0.28508045401950277
  ],
  "motion_stability": [
    3.040609359741211,
    5.660344566879642
  ],
  "freq_entropy": [
    10.367788314819336,
    10.175220204943466
  ]
}