{
  "dominant_freq": [
    2.5804195804195804,
    5.64923076923077,
    3.581538461538462,
    0.36923076923076925
  ],
  "amp_mean_x": [
    2.824758529663086,
    0.15501821041107178,
    0.21703268587589264,
    0.23088759183883667
  ],
  "amp_mean_y": [
    6.378628253936768,
    0.08512476831674576,
    0.08691062033176422,
    0.11858692020177841
  ],
  "symmetry_ratio": [
    0.442847341299057,
    1.8210705518722534,
    2.4971940517425537,
    1.9469903707504272
  ],
  "energy_distribution": [
    0.2299230694770813,
    0.20578591525554657,
    0.212643101811409,
    0.20668478310108185
  ],
  "motion_stability": [
    2.7179582118988037,
    1.5883448123931885,
    1.206832766532898,
    1.2466301918029785
  ],
  "freq_entropy": [
    8.259527206420898,
    8.550884246826172,
    8.423253059387207,
    8.425027847290039
  ]
}