{
  "dominant_freq": [
    7.062575941676792,
    5.657305657305657
  ],
  "amp_mean_x": [
    1.2868696451187134,
    1.4640424251556396
  ],
  "amp_mean_y": [
    0.9691454172134399,
    1.1177034378051758
  ],
  "symmetry_ratio": [
    1.3278396129608154,
    1.3098666667938232
  ],
  "energy_distribution": [
    0.1935093253850937,
    0.2270386517047882
  ],
  "motion_stability": [
    2.829411506652832,
    3.015925407409668
  ],
  "freq_entropy": [
    10.334134101867676,
    10.367012023925781
  ]
}