{
  "dominant_freq": [
    5.016208776063233,
    0.13222072045601457
  ],
  "amp_mean_x": [
    0.5139573812484741,
    0.44933050870895386
  ],
  "amp_mean_y": [
    0.3963368833065033,
    0.9102820754051208
  ],
  "symmetry_ratio": [
    1.2967690229415894,
    0.4936167895793915
  ],
  "energy_distribution": [
    0.17901873588562012,
    0.2879718840122223
  ],
  "motion_stability": [
    3.865278482437134,
    4.247272968292236
  ],
  "freq_entropy": [
    9.960443496704102,
    9.754022598266602
  ]
}