{
  "dominant_freq": [
    3.885,
    1.2715894868585733
  ],
  "amp_mean_x": [
    0.2361287623643875,
    0.5071080923080444
  ],
  "amp_mean_y": [
    0.3162032961845398,
    0.7015708088874817
  ],
  "symmetry_ratio": [
    0.7467625141143799,
    0.72281813621521
  ],
  "energy_distribution": [
    0.17284882068634033,
    0.224059596657753
  ],
  "motion_stability": [
    1.6096217632293701,
    2.2079451084136963
  ],
  "freq_entropy": [
    10.289648056030273,
    10.34650707244873
  ]
}