{
  "dominant_freq": [
    0.2652666482453716,
    1.7606914158638296
  ],
  "amp_mean_x": [
    0.18484172224998474,
    0.2595660984516144
  ],
  "amp_mean_y": [
    0.22892539203166962,
    0.3974992334842682
  ],
  "symmetry_ratio": [
    0.8074321746826172,
    0.6529977321624756
  ],
  "energy_distribution": [
    0.2773141860961914,
    0.2533192038536072
  ],
  "motion_stability": [
    2.4354465007781982,
    2.835326671600342
  ],
  "freq_entropy": [
    10.182591438293457,
    10.197017669677734
  ]
}