{
  "dominant_freq": [
    0.10008340283569643,
    0.14
  ],
  "amp_mean_x": [
    0.572220504283905,
    0.46431395411491394
  ],
  "amp_mean_y": [
    0.4694846570491791,
    0.5921797156333923
  ],
  "symmetry_ratio": [
    1.2188268899917603,
    0.7840760946273804
  ],
  "energy_distribution": [
    0.22881513833999634,
    0.24767088890075684
  ],
  "motion_stability": [
    1.9906527996063232,
    2.5260586738586426
  ],
  "freq_entropy": [
    9.373096466064453,
    9.289751052856445
  ]
}