{
  "dominant_freq": [
    0.10759611069558714,
    0.29113714285714287
  ],
  "amp_mean_x": [
    2.402221918106079,
    0.2736382484436035
  ],
  "amp_mean_y": [
    2.2255091667175293,
    0.2685123682022095
  ],
  "symmetry_ratio": [
    1.079403281211853,
    1.019089937210083
  ],
  "energy_distribution": [
    0.27965882420539856,
    0.3366052508354187
  ],
  "motion_stability": [
    3.927572727203369,
    1.4621962308883667
  ],
  "freq_entropy": [
    9.369548797607422,
    9.308238983154297
  ]
}