{
  "dominant_freq": [
    0.10202563394052755,
    3.0587827197996686
  ],
  "amp_mean_x": [
    0.11586311459541321,
    0.15004849433898926
  ],
  "amp_mean_y": [
    0.11057917028665543,
    0.15129119157791138
  ],
  "symmetry_ratio": [
    1.0477842092514038,
    0.9917860627174377
  ],
  "energy_distribution": [
    0.2833487093448639,
    0.159958615899086
  ],
  "motion_stability": [
    1.6834062337875366,
    3.088965654373169
  ],
  "freq_entropy": [
    10.206241607666016,
    10.243390083312988
  ]
}