{
  "dominant_freq": [
    0.4702989318373934,
    2.2408360869899333
  ],
  "amp_mean_x": [
    0.12121059745550156,
    0.18173176050186157
  ],
  "amp_mean_y": [
    0.2886776328086853,
    0.6651721000671387
  ],
  "symmetry_ratio": [
    0.4198821783065796,
    0.2732101380825043
  ],
  "energy_distribution": [
    0.2172050178050995,
    0.26086366176605225
  ],
  "motion_stability": [
    1.734320878982544,
    1.2860291004180908
  ],
  "freq_entropy": [
    9.392009735107422,
    9.424077033996582
  ]
}