{
  "dominant_freq": [
    0.25688597117168543,
    0.29113743399457687,
    0.20550877693734837,
    0.342514628228914
  ],
  "amp_mean_x": [
    0.10961760580539703,
    0.15916486084461212,
    0.38555628061294556,
    0.17089174687862396
  ],
  "amp_mean_y": [
    0.1988149732351303,
    0.366794615983963,
    0.7433934807777405,
    0.47362443804740906
  ],
  "symmetry_ratio": [
    0.5513548851013184,
    0.4339345693588257,
    0.5186436176300049,
    0.36081698536872864
  ],
  "energy_distribution": [
    0.3317001461982727,
    0.2477128505706787,
    0.5151950120925903,
    0.3206017017364502
  ],
  "motion_stability": [
    1.3426194190979004,
    1.0196259021759033,
    1.4082491397857666,
    1.3221678733825684
  ],
  "freq_entropy": [
    8.490320205688477,
    8.484931945800781,
    8.066792488098145,
    8.420621871948242
  ]
}