{
  "dominant_freq": [
    0.10714285714285712,
    0.11
  ],
  "amp_mean_x": [
    1.1305911540985107,
    0.34114769101142883
  ],
  "amp_mean_y": [
    1.8625959157943726,
    0.4605179727077484
  ],
  "symmetry_ratio": [
    0.606997549533844,
    0.7407912611961365
  ],
  "energy_distribution": [
    0.3624041974544525,
    0.3057379424571991
  ],
  "motion_stability": [
    5.2351226806640625,
    1.6582551002502441
  ],
  "freq_entropy": [
    10.153757095336914,
    10.220499992370605
  ]
}