{
  "dominant_freq": [
    0.14013602550478213,
    0.4931772151898734,
    4.382435706695004
  ],
  "amp_mean_x": [
    1.0400036573410034,
    1.6819342374801636,
    1.8704946041107178
  ],
  "amp_mean_y": [
    1.1443228721618652,
    1.737380862236023,
    2.557861566543579
  ],
  "symmetry_ratio": [
    0.908837616443634,
    0.9680860638618469,
    0.73127281665802
  ],
  "energy_distribution": [
    0.5401122570037842,
    0.34424257278442383,
    0.16741561889648438
  ],
  "motion_stability": [
    1.9641671180725098,
    1.963318109512329,
    3.214278221130371
  ],
  "freq_entropy": [
    8.303348541259766,
    8.946366310119629,
    9.15865707397461
  ]
}