{
  "dominant_freq": [
    0.30285473684210523,
    1.6404631578947366,
    4.7951999999999995
  ],
  "amp_mean_x": [
    0.13448193669319153,
    0.5229995250701904,
    0.39393535256385803
  ],
  "amp_mean_y": [
    0.19014091789722443,
    0.5808823108673096,
    0.329289048910141
  ],
  "symmetry_ratio": [
    0.7072750926017761,
    0.9003536701202393,
    1.19632089138031
  ],
  "energy_distribution": [
    0.3197043836116791,
    0.2508624196052551,
    0.2408263385295868
  ],
  "motion_stability": [
    1.7418241500854492,
    1.2965707778930664,
    1.324720859527588
  ],
  "freq_entropy": [
    9.009383201599121,
    8.789018630981445,
    8.721132278442383
  ]
}