{
  "dominant_freq": [
    4.845675789473684,
    5.397139830508475,
    1.4007031578947367
  ],
  "amp_mean_x": [
    0.04906073957681656,
    0.3377847969532013,
    0.2905730903148651
  ],
  "amp_mean_y": [
    0.29363903403282166,
    0.6734268665313721,
    0.47308704257011414
  ],
  "symmetry_ratio": [
    0.1670784056186676,
    0.5015909075737,
    0.6142063736915588
  ],
  "energy_distribution": [
    0.2361987680196762,
    0.2512478828430176,
    0.22637903690338135
  ],
  "motion_stability": [
    1.094876766204834,
    4.281044006347656,
    1.7433459758758545
  ],
  "freq_entropy": [
    8.925878524780273,
    9.079656600952148,
    8.96186637878418
  ]
}