{
  "dominant_freq": [
    3.022500000000001,
    0.12814070351758794
  ],
  "amp_mean_x": [
    0.3160558044910431,
    0.6991347074508667
  ],
  "amp_mean_y": [
    0.47301605343818665,
    1.0375579595565796
  ],
  "symmetry_ratio": [
    0.6681714057922363,
    0.6738271117210388
  ],
  "energy_distribution": [
    0.2389291226863861,
    0.3737798035144806
  ],
  "motion_stability": [
    2.2171266078948975,
    2.3328685760498047
  ],
  "freq_entropy": [
    9.639115333557129,
    9.208649635314941
  ]
}