{
  "dominant_freq": [
    5.737643212184964,
    3.5186234980261752
  ],
  "amp_mean_x": [
    0.7695289254188538,
    1.4859758615493774
  ],
  "amp_mean_y": [
    1.371282696723938,
    6.3312859535217285
  ],
  "symmetry_ratio": [
    0.5611745119094849,
    0.2347036451101303
  ],
  "energy_distribution": [
    0.20380297303199768,
    0.21786072850227356
  ],
  "motion_stability": [
    2.5375804901123047,
    1.34587824344635
  ],
  "freq_entropy": [
    9.056072235107422,
    9.086406707763672
  ]
}