{
  "dominant_freq": [
    0.938259670471831,
    0.1330262426868171
  ],
  "amp_mean_x": [
    0.3396218419075012,
    0.5449981093406677
  ],
  "amp_mean_y": [
    0.3747783601284027,
    0.8316855430603027
  ],
  "symmetry_ratio": [
    0.9061938524246216,
    0.6552934646606445
  ],
  "energy_distribution": [
    0.2677810788154602,
    0.2255764752626419
  ],
  "motion_stability": [
    4.257370471954346,
    4.265462875366211
  ],
  "freq_entropy": [
    9.662229537963867,
    9.723485946655273
  ]
}