{
  "dominant_freq": [
    4.189490526315788,
    5.050978448275862,
    4.340917894736841
  ],
  "amp_mean_x": [
    0.44155430793762207,
    0.45095038414001465,
    0.44470950961112976
  ],
  "amp_mean_y": [
    0.3432334363460541,
    0.49576595425605774,
    0.5716646313667297
  ],
  "symmetry_ratio": [
    1.2864547967910767,
    0.9096033573150635,
    0.7779203057289124
  ],
  "energy_distribution": [
    0.2703153192996979,
    0.20041167736053467,
    0.21838626265525818
  ],
  "motion_stability": [
    2.3434433937072754,
    5.875496864318848,
    5.247974872589111
  ],
  "freq_entropy": [
    9.053650856018066,
    9.272095680236816,
    9.277676582336426
  ]
}