{
  "dominant_freq": [
    6.109174668126633,
    1.4895742555317022
  ],
  "amp_mean_x": [
    0.21702121198177338,
    0.2266654074192047
  ],
  "amp_mean_y": [
    0.4169735312461853,
    0.2752390503883362
  ],
  "symmetry_ratio": [
    0.5204675793647766,
    0.8235219717025757
  ],
  "energy_distribution": [
    0.1560702621936798,
    0.24628444015979767
  ],
  "motion_stability": [
    4.9685959815979,
    2.140333652496338
  ],
  "freq_entropy": [
    10.395941734313965,
    10.234931945800781
  ]
}