{
  "dominant_freq": [
    4.101426382978723,
    0.7192799999999999
  ],
  "amp_mean_x": [
    0.3734319806098938,
    0.1712513417005539
  ],
  "amp_mean_y": [
    0.45975732803344727,
    0.24913111329078674
  ],
  "symmetry_ratio": [
    0.8122371435165405,
    0.6873944401741028
  ],
  "energy_distribution": [
    0.29888302087783813,
    0.2590228021144867
  ],
  "motion_stability": [
    1.7598974704742432,
    1.19905424118042
  ],
  "freq_entropy": [
    10.124080657958984,
    10.18065357208252
  ]
}