{
  "dominant_freq": [
    2.7571115973741795,
    0.21656050955414013,
    0.8535031847133758
  ],
  "amp_mean_x": [
    1.404546856880188,
    1.7994385957717896,
    1.0972850322723389
  ],
  "amp_mean_y": [
    2.242109775543213,
    1.084971308708191,
    0.8906944394111633
  ],
  "symmetry_ratio": [
    0.6264398097991943,
    1.6585125923156738,
    1.2319432497024536
  ],
  "energy_distribution": [
    0.2132491022348404,
    0.21822489798069,
    0.21102945506572723
  ],
  "motion_stability": [
    3.6094775199890137,
    2.739816427230835,
    3.8393070697784424
  ],
  "freq_entropy": [
    9.013509750366211,
    9.012943267822266,
    9.113798141479492
  ]
}