{
  "dominant_freq": [
    0.12631578947368421,
    0.12631578947368421,
    0.15157894736842106
  ],
  "amp_mean_x": [
    0.5724061727523804,
    0.4371201694011688,
    0.1665317863225937
  ],
  "amp_mean_y": [
    0.6197188496589661,
    0.5660354495048523,
    0.30776527523994446
  ],
  "symmetry_ratio": [
    0.9236546158790588,
    0.7722487449645996,
    0.5410999655723572
  ],
  "energy_distribution": [
    0.29330456256866455,
    0.35459455847740173,
    0.27269065380096436
  ],
  "motion_stability": [
    2.6936802864074707,
    2.768267869949341,
    2.366130828857422
  ],
  "freq_entropy": [
    8.87745189666748,
    8.768867492675781,
    8.889556884765625
  ]
}