{
  "dominant_freq": [
    0.7447863829787233,
    0.2601651063829787
  ],
  "amp_mean_x": [
    0.29158926010131836,
    0.10191647708415985
  ],
  "amp_mean_y": [
    0.42928627133369446,
    0.20774811506271362
  ],
  "symmetry_ratio": [
    0.6792420148849487,
    0.4905771315097809
  ],
  "energy_distribution": [
    0.18740610778331757,
    0.2592350244522095
  ],
  "motion_stability": [
    1.804626226425171,
    1.5381273031234741
  ],
  "freq_entropy": [
    10.323490142822266,
    10.086671829223633
  ]
}