{
  "dominant_freq": [
    0.46239428571428576,
    0.11131714285714286
  ],
  "amp_mean_x": [
    0.18287904560565948,
    0.16861052811145782
  ],
  "amp_mean_y": [
    0.21576084196567535,
    0.2542320787906647
  ],
  "symmetry_ratio": [
    0.8476006984710693,
    0.6632149815559387
  ],
  "energy_distribution": [
    0.2568874955177307,
    0.2755148708820343
  ],
  "motion_stability": [
    1.2090637683868408,
    1.2492456436157227
  ],
  "freq_entropy": [
    9.407471656799316,
    9.359724044799805
  ]
}