{
  "dominant_freq": [
    0.10330030159414044,
    5.142826439232408
  ],
  "amp_mean_x": [
    2.46370267868042,
    0.6787850260734558
  ],
  "amp_mean_y": [
    3.8601057529449463,
    0.620674192905426
  ],
  "symmetry_ratio": [
    0.6382474303245544,
    1.0936253070831299
  ],
  "energy_distribution": [
    0.300163596868515,
    0.18038146197795868
  ],
  "motion_stability": [
    3.648405075073242,
    3.206073760986328
  ],
  "freq_entropy": [
    10.058860778808594,
    10.441078186035156
  ]
}