{
  "dominant_freq": [
    1.4967010804321725,
    7.542022031823745,
    3.064388165680473
  ],
  "amp_mean_x": [
    1.1764646768569946,
    1.5741828680038452,
    0.6984716057777405
  ],
  "amp_mean_y": [
    2.5737738609313965,
    3.3198463916778564,
    1.6866084337234497
  ],
  "symmetry_ratio": [
    0.4570971429347992,
    0.4741733968257904,
    0.4141278862953186
  ],
  "energy_distribution": [
    0.19508807361125946,
    0.1946582794189453,
    0.19439944624900818
  ],
  "motion_stability": [
    2.688966751098633,
    3.912015438079834,
    3.0162301063537598
  ],
  "freq_entropy": [
    8.85985279083252,
    8.890026092529297,
    8.95048713684082
  ]
}