{
  "dominant_freq": [
    0.4744187234042553,
    0.47951999999999995,
    0.47951999999999995
  ],
  "amp_mean_x": [
    0.46031779050827026,
    0.20488236844539642,
    0.1397322565317154
  ],
  "amp_mean_y": [
    0.40269115567207336,
    0.2000415027141571,
    0.20370586216449738
  ],
  "symmetry_ratio": [
    1.143103837966919,
    1.024199366569519,
    0.6859510540962219
  ],
  "energy_distribution": [
    0.20141318440437317,
    0.2559262216091156,
    0.2622790038585663
  ],
  "motion_stability": [
    1.3883949518203735,
    1.3389816284179688,
    1.2596688270568848
  ],
  "freq_entropy": [
    10.263982772827148,
    10.087946891784668,
    10.08729362487793
  ]
}