{
  "dominant_freq": [
    4.135864135864136,
    2.865134865134865
  ],
  "amp_mean_x": [
    0.0588204562664032,
    0.05594110116362572
  ],
  "amp_mean_y": [
    0.17730964720249176,
    0.13757988810539246
  ],
  "symmetry_ratio": [
    0.3317386209964752,
    0.40660813450813293
  ],
  "energy_distribution": [
    0.2684363126754761,
    0.2113756537437439
  ],
  "motion_stability": [
    1.6564291715621948,
    1.0422930717468262
  ],
  "freq_entropy": [
    9.050138473510742,
    8.77408218383789
  ]
}