{
  "dominant_freq": [
    0.4666666666666667,
    0.48000000000000004,
    7.536748329621382
  ],
  "amp_mean_x": [
    0.05748276039958,
    0.032668083906173706,
    0.21788601577281952
  ],
  "amp_mean_y": [
    0.2570291757583618,
    0.1154794991016388,
    1.0083167552947998
  ],
  "symmetry_ratio": [
    0.22364294528961182,
    0.28289076685905457,
    0.21608886122703552
  ],
  "energy_distribution": [
    0.3111397624015808,
    0.21161583065986633,
    0.24093641340732574
  ],
  "motion_stability": [
    1.363352656364441,
    1.3471643924713135,
    5.730663776397705
  ],
  "freq_entropy": [
    8.507343292236328,
    8.806243896484375,
    8.981679916381836
  ]
}