{
  "dominant_freq": [
    0.1273963868225292,
    6.203314285714285,
    2.594805194805195
  ],
  "amp_mean_x": [
    0.654403030872345,
    0.723493218421936,
    2.2574923038482666
  ],
  "amp_mean_y": [
    0.7862073183059692,
    0.9655774831771851,
    2.5415570735931396
  ],
  "symmetry_ratio": [
    0.8323543071746826,
    0.7492855191230774,
    0.8882319927215576
  ],
  "energy_distribution": [
    0.3466450870037079,
    0.17507719993591309,
    0.2347538322210312
  ],
  "motion_stability": [
    3.2890586853027344,
    2.178095817565918,
    2.006486415863037
  ],
  "freq_entropy": [
    8.913053512573242,
    9.08363151550293,
    8.938126564025879
  ]
}