{
  "dominant_freq": [
    0.4897225531914893,
    0.7804953191489361
  ],
  "amp_mean_x": [
    0.2052627056837082,
    0.20682549476623535
  ],
  "amp_mean_y": [
    0.5192370414733887,
    0.4906325936317444
  ],
  "symmetry_ratio": [
    0.3953160047531128,
    0.42154863476753235
  ],
  "energy_distribution": [
    0.25421005487442017,
    0.25697752833366394
  ],
  "motion_stability": [
    1.2396371364593506,
    1.2380512952804565
  ],
  "freq_entropy": [
    10.224040985107422,
    10.096750259399414
  ]
}