{
  "dominant_freq": [
    0.10656,
    0.1332,
    0.50616,
    3.8628,
    2.45088,
    2.10456
  ],
  "amp_mean_x": [
    0.06634116172790527,
    0.07052063941955566,
    0.03700272738933563,
    0.04107575863599777,
    0.06406942009925842,
    0.03534930199384689
  ],
  "amp_mean_y": [
    0.08448231965303421,
    0.1806563436985016,
    0.13078278303146362,
    0.1522200107574463,
    0.19882363080978394,
    0.07756917923688889
  ],
  "symmetry_ratio": [
    0.7852668166160583,
    0.39035794138908386,
    0.28293269872665405,
    0.2698446810245514,
    0.32224246859550476,
    0.4557132422924042
  ],
  "energy_distribution": [
    0.3245047926902771,
    0.3061075806617737,
    0.2589031159877777,
    0.3579939305782318,
    0.6364926099777222,
    0.24708779156208038
  ],
  "motion_stability": [
    1.3019189834594727,
    1.6186318397521973,
    1.0163284540176392,
    1.2742187976837158,
    1.232973575592041,
    1.1960632801055908
  ],
  "freq_entropy": [
    7.727031707763672,
    8.001182556152344,
    7.844600677490234,
    7.726165771484375,
    6.963619232177734,
    7.852908611297607
  ]
}