{
  "dominant_freq": [
    5.85965978128797,
    2.073690621193666
  ],
  "amp_mean_x": [
    0.1397085040807724,
    0.5361400842666626
  ],
  "amp_mean_y": [
    0.2462465614080429,
    0.48048561811447144
  ],
  "symmetry_ratio": [
    0.5673521161079407,
    1.115829586982727
  ],
  "energy_distribution": [
    0.1534130871295929,
    0.2894625663757324
  ],
  "motion_stability": [
    7.120731353759766,
    7.081199645996094
  ],
  "freq_entropy": [
    9.72225570678711,
    9.180078506469727
  ]
}