{
  "dominant_freq": [
    3.9330842553191485,
    3.8799760888129797,
    0.9300153452685421
  ],
  "amp_mean_x": [
    0.1557922065258026,
    0.734911322593689,
    1.23955500125885
  ],
  "amp_mean_y": [
    0.16154177486896515,
    0.986957848072052,
    1.2289707660675049
  ],
  "symmetry_ratio": [
    0.9644081592559814,
    0.7446228265762329,
    1.0086122751235962
  ],
  "energy_distribution": [
    0.18332728743553162,
    0.13725076615810394,
    0.22572770714759827
  ],
  "motion_stability": [
    1.649716854095459,
    3.7981951236724854,
    1.4124219417572021
  ],
  "freq_entropy": [
    10.255790710449219,
    10.29675579071045,
    10.265531539916992
  ]
}