{
  "dominant_freq": [
    0.34984435797665364,
    0.12487499999999999
  ],
  "amp_mean_x": [
    0.11519312113523483,
    0.17217551171779633
  ],
  "amp_mean_y": [
    0.390928715467453,
    0.5646779537200928
  ],
  "symmetry_ratio": [
    0.29466527700424194,
    0.30490922927856445
  ],
  "energy_distribution": [
    0.2629357576370239,
    0.36471325159072876
  ],
  "motion_stability": [
    1.9502038955688477,
    1.4494128227233887
  ],
  "freq_entropy": [
    9.627115249633789,
    9.441839218139648
  ]
}