{
  "dominant_freq": [
    2.1017280591748677,
    0.2907730567305035
  ],
  "amp_mean_x": [
    0.30564209818840027,
    0.21838504076004028
  ],
  "amp_mean_y": [
    0.3717467784881592,
    0.3240407407283783
  ],
  "symmetry_ratio": [
    0.8221781849861145,
    0.6739431619644165
  ],
  "energy_distribution": [
    0.21065235137939453,
    0.24208249151706696
  ],
  "motion_stability": [
    1.907111644744873,
    1.2954752445220947
  ],
  "freq_entropy": [
    10.25269603729248,
    10.004213333129883
  ]
}