{
  "dominant_freq": [
    2.85525862803579,
    4.336085106382978
  ],
  "amp_mean_x": [
    0.32768478989601135,
    0.2738237679004669
  ],
  "amp_mean_y": [
    0.3660208582878113,
    0.354863703250885
  ],
  "symmetry_ratio": [
    0.895262598991394,
    0.7716308236122131
  ],
  "energy_distribution": [
    0.2389916479587555,
    0.37844401597976685
  ],
  "motion_stability": [
    3.600048542022705,
    2.1576783657073975
  ],
  "freq_entropy": [
    10.220368385314941,
    9.424358367919922
  ]
}