{
  "dominant_freq": [
    3.887172765957446,
    0.45911489361702124
  ],
  "amp_mean_x": [
    0.4512174427509308,
    0.5726030468940735
  ],
  "amp_mean_y": [
    0.46074509620666504,
    0.49659594893455505
  ],
  "symmetry_ratio": [
    0.9793211817741394,
    1.153056263923645
  ],
  "energy_distribution": [
    0.18206939101219177,
    0.28208932280540466
  ],
  "motion_stability": [
    2.6248221397399902,
    1.508857011795044
  ],
  "freq_entropy": [
    10.357048034667969,
    10.076027870178223
  ]
}