{
  "dominant_freq": [
    0.735,
    0.48
  ],
  "amp_mean_x": [
    0.13518540561199188,
    0.17011640965938568
  ],
  "amp_mean_y": [
    0.2201472669839859,
    0.2746128439903259
  ],
  "symmetry_ratio": [
    0.6140680909156799,
    0.6194772720336914
  ],
  "energy_distribution": [
    0.4136379063129425,
    0.28835493326187134
  ],
  "motion_stability": [
    1.3373205661773682,
    1.9290814399719238
  ],
  "freq_entropy": [
    9.894277572631836,
    10.282136917114258
  ]
}