{
  "dominant_freq": [
    2.5616463157894733,
    0.1009515789473684,
    0.5299957894736842
  ],
  "amp_mean_x": [
    0.06471522152423859,
    0.11217169463634491,
    0.10180815309286118
  ],
  "amp_mean_y": [
    0.12414734065532684,
    0.1989658772945404,
    0.22067925333976746
  ],
  "symmetry_ratio": [
    0.5212775468826294,
    0.563773512840271,
    0.46133995056152344
  ],
  "energy_distribution": [
    0.19364476203918457,
    0.44470924139022827,
    0.2835133969783783
  ],
  "motion_stability": [
    1.2770203351974487,
    0.7569707632064819,
    0.7464234232902527
  ],
  "freq_entropy": [
    8.938115119934082,
    8.153104782104492,
    8.67184066772461
  ]
}