{
  "dominant_freq": [
    4.932501220942366,
    0.4795204795204795,
    0.46690151953309844
  ],
  "amp_mean_x": [
    0.5737169981002808,
    0.34028658270835876,
    0.23894865810871124
  ],
  "amp_mean_y": [
    0.8344093561172485,
    1.0828659534454346,
    0.41405341029167175
  ],
  "symmetry_ratio": [
    0.6875725984573364,
    0.314246267080307,
    0.5770962238311768
  ],
  "energy_distribution": [
    0.23817257583141327,
    0.2529171407222748,
    0.20270361006259918
  ],
  "motion_stability": [
    2.7041358947753906,
    1.4548202753067017,
    1.5020999908447266
  ],
  "freq_entropy": [
    8.978492736816406,
    8.917224884033203,
    8.999197006225586
  ]
}