{
  "dominant_freq": [
    0.295
  ],
  "amp_mean_x": [
    0.2226923555135727
  ],
  "amp_mean_y": [
    0.2679658830165863
  ],
  "symmetry_ratio": [
    0.8310474157333374
  ],
  "energy_distribution": [
    0.2362312376499176
  ],
  "motion_stability": [
    1.6983201503753662
  ],
  "freq_entropy": [
    10.315637588500977
  ]
}