{
  "dominant_freq": [
    0.108,
    4.157540425531915
  ],
  "amp_mean_x": [
    0.6358367204666138,
    0.11738277226686478
  ],
  "amp_mean_y": [
    0.6876770853996277,
    0.23329542577266693
  ],
  "symmetry_ratio": [
    0.9246152639389038,
    0.5031507611274719
  ],
  "energy_distribution": [
    0.4260892868041992,
    0.21064496040344238
  ],
  "motion_stability": [
    8.314889907836914,
    2.2477097511291504
  ],
  "freq_entropy": [
    10.108258247375488,
    10.394890785217285
  ]
}