{
  "dominant_freq": [
    0.30431076923076916,
    2.270525331254871
  ],
  "amp_mean_x": [
    0.21015211939811707,
    1.0107667446136475
  ],
  "amp_mean_y": [
    0.3204302191734314,
    0.9955497980117798
  ],
  "symmetry_ratio": [
    0.6558436155319214,
    1.0152850151062012
  ],
  "energy_distribution": [
    0.3209848999977112,
    0.2950279414653778
  ],
  "motion_stability": [
    2.0441842079162598,
    5.055058479309082
  ],
  "freq_entropy": [
    9.281684875488281,
    9.232467651367188
  ]
}