{
  "dominant_freq": [
    3.324705882352941,
    0.2994652406417112
  ],
  "amp_mean_x": [
    0.14095814526081085,
    0.57660311460495
  ],
  "amp_mean_y": [
    0.3732442557811737,
    1.1025103330612183
  ],
  "symmetry_ratio": [
    0.37765657901763916,
    0.5229911208152771
  ],
  "energy_distribution": [
    0.2277664691209793,
    0.2064805030822754
  ],
  "motion_stability": [
    2.261058807373047,
    3.0553717613220215
  ],
  "freq_entropy": [
    9.758535385131836,
    9.690893173217773
  ]
}