{
  "dominant_freq": [
    0.1261895998738104,
    0.12632257100118005,
    0.10095167989904831
  ],
  "amp_mean_x": [
    0.3923338055610657,
    0.5701170563697815,
    0.42024195194244385
  ],
  "amp_mean_y": [
    0.6852889657020569,
    1.208083152770996,
    0.4801822602748871
  ],
  "symmetry_ratio": [
    0.5725085735321045,
    0.4719187319278717,
    0.8751717805862427
  ],
  "energy_distribution": [
    0.2529447674751282,
    0.26909729838371277,
    0.21889980137348175
  ],
  "motion_stability": [
    1.1952338218688965,
    1.2782015800476074,
    1.421769618988037
  ],
  "freq_entropy": [
    8.915192604064941,
    8.889230728149414,
    8.90877914428711
  ]
}