{
  "dominant_freq": [
    1.21875,
    4.015625,
    1.65625
  ],
  "amp_mean_x": [
    0.29116764664649963,
    0.3993479013442993,
    0.3212283253669739
  ],
  "amp_mean_y": [
    0.220287024974823,
    0.218988835811615,
    0.30306553840637207
  ],
  "symmetry_ratio": [
    1.3217648267745972,
    1.8235993385314941,
    1.0599302053451538
  ],
  "energy_distribution": [
    0.2332809418439865,
    0.22408908605575562,
    0.2611090838909149
  ],
  "motion_stability": [
    1.2745165824890137,
    1.0525516271591187,
    1.299726128578186
  ],
  "freq_entropy": [
    8.601617813110352,
    8.647178649902344,
    8.533836364746094
  ]
}