{
  "dominant_freq": [
    0.29333333333333333,
    0.5066666666666667,
    4.800000000000001,
    0.32,
    0.26666666666666666,
    3.2800000000000002
  ],
  "amp_mean_x": [
    0.032122403383255005,
    0.03328951448202133,
    0.05736008659005165,
    0.09527093172073364,
    0.15641258656978607,
    0.12584634125232697
  ],
  "amp_mean_y": [
    0.1842052936553955,
    0.20804999768733978,
    0.12081698328256607,
    0.1410609483718872,
    0.2455621212720871,
    0.19386234879493713
  ],
  "symmetry_ratio": [
    0.1743837147951126,
    0.1600072830915451,
    0.47476840019226074,
    0.6753883957862854,
    0.6369572877883911,
    0.6491530537605286
  ],
  "energy_distribution": [
    0.30008766055107117,
    0.32108020782470703,
    0.21537283062934875,
    0.26722919940948486,
    0.2942532002925873,
    0.17600922286510468
  ],
  "motion_stability": [
    1.3217086791992188,
    1.1494381427764893,
    1.3581664562225342,
    1.5480270385742188,
    2.4133386611938477,
    2.4782252311706543
  ],
  "freq_entropy": [
    7.751725196838379,
    7.8498992919921875,
    7.851261138916016,
    7.746986389160156,
    7.693609237670898,
    7.981961727142334
  ]
}