{
  "dominant_freq": [
    4.825812485386953,
    3.1135033270872654
  ],
  "amp_mean_x": [
    0.2526133358478546,
    0.13747985661029816
  ],
  "amp_mean_y": [
    0.3800019323825836,
    0.24575048685073853
  ],
  "symmetry_ratio": [
    0.6647685766220093,
    0.5594286322593689
  ],
  "energy_distribution": [
    0.20370015501976013,
    0.22243434190750122
  ],
  "motion_stability": [
    2.198970079421997,
    1.6223065853118896
  ],
  "freq_entropy": [
    10.325130462646484,
    10.383432388305664
  ]
}