{
  "dominant_freq": [
    2.706685837526959,
    0.1509705248023005
  ],
  "amp_mean_x": [
    0.3652855455875397,
    0.5666765570640564
  ],
  "amp_mean_y": [
    0.7376567721366882,
    1.1388955116271973
  ],
  "symmetry_ratio": [
    0.4951971769332886,
    0.49756675958633423
  ],
  "energy_distribution": [
    0.2869360148906708,
    0.3561044931411743
  ],
  "motion_stability": [
    3.1113810539245605,
    1.6930267810821533
  ],
  "freq_entropy": [
    9.197660446166992,
    9.092838287353516
  ]
}