{
  "dominant_freq": [
    5.065714285714286,
    2.0600858369098716
  ],
  "amp_mean_x": [
    0.36435744166374207,
    0.8374462723731995
  ],
  "amp_mean_y": [
    0.543950617313385,
    1.24647057056427
  ],
  "symmetry_ratio": [
    0.6698355078697205,
    0.6718540191650391
  ],
  "energy_distribution": [
    0.18510915338993073,
    0.21988961100578308
  ],
  "motion_stability": [
    1.6806559562683105,
    2.982546806335449
  ],
  "freq_entropy": [
    9.557586669921875,
    9.259123802185059
  ]
}