{
  "dominant_freq": [
    0.2664,
    0.10656,
    7.27272,
    4.68864,
    0.31968,
    1.01232
  ],
  "amp_mean_x": [
    0.03156892955303192,
    0.04093322902917862,
    0.14023494720458984,
    0.21932187676429749,
    0.12269850075244904,
    0.040019650012254715
  ],
  "amp_mean_y": [
    0.07579858601093292,
    0.12482140213251114,
    0.26008760929107666,
    0.44727614521980286,
    0.5374679565429688,
    0.107147216796875
  ],
  "symmetry_ratio": [
    0.41648441553115845,
    0.3279343843460083,
    0.539183497428894,
    0.49035003781318665,
    0.2282898873090744,
    0.3735015392303467
  ],
  "energy_distribution": [
    0.2510306239128113,
    0.3783716857433319,
    0.20621398091316223,
    0.23762933909893036,
    0.2720673680305481,
    0.2624717652797699
  ],
  "motion_stability": [
    1.4584399461746216,
    0.9499496221542358,
    1.02079176902771,
    1.0937879085540771,
    1.1624829769134521,
    1.3936727046966553
  ],
  "freq_entropy": [
    7.736085891723633,
    7.451015949249268,
    7.8460469245910645,
    7.872829914093018,
    7.895984649658203,
    7.7582106590271
  ]
}