{
  "dominant_freq": [
    4.6239474810903385,
    2.9113743399457688
  ],
  "amp_mean_x": [
    0.06430380791425705,
    0.11106305569410324
  ],
  "amp_mean_y": [
    0.08317400515079498,
    0.1265048086643219
  ],
  "symmetry_ratio": [
    0.7731238603591919,
    0.8779354691505432
  ],
  "energy_distribution": [
    0.1678728610277176,
    0.18173804879188538
  ],
  "motion_stability": [
    1.4917559623718262,
    1.533123254776001
  ],
  "freq_entropy": [
    9.534440994262695,
    9.542940139770508
  ]
}