{
  "dominant_freq": [
    0.5006589327146171,
    4.07592,
    0.29304,
    0.10656,
    4.821840000000001,
    4.98168
  ],
  "amp_mean_x": [
    0.1844324916601181,
    0.34107258915901184,
    0.6171533465385437,
    0.35988864302635193,
    0.5362940430641174,
    0.3352031707763672
  ],
  "amp_mean_y": [
    0.1913803368806839,
    0.41724297404289246,
    0.3096860647201538,
    0.1629936397075653,
    0.21473300457000732,
    0.16694040596485138
  ],
  "symmetry_ratio": [
    0.9636961221694946,
    0.8174435496330261,
    1.9928354024887085,
    2.2079918384552,
    2.4974923133850098,
    2.0079212188720703
  ],
  "energy_distribution": [
    0.24552230536937714,
    0.13382728397846222,
    0.25493791699409485,
    0.3777605891227722,
    0.3167598247528076,
    0.20727747678756714
  ],
  "motion_stability": [
    1.6028754711151123,
    1.7444039583206177,
    1.6927692890167236,
    1.2978179454803467,
    1.1280016899108887,
    1.0478408336639404
  ],
  "freq_entropy": [
    7.803599834442139,
    7.823856353759766,
    7.787540912628174,
    7.489445686340332,
    7.724971771240234,
    7.885817527770996
  ]
}