{
  "dominant_freq": [
    0.7042758620689654,
    0.4540136170212765,
    4.825807659574468
  ],
  "amp_mean_x": [
    0.18329192698001862,
    0.3069942593574524,
    0.7321383357048035
  ],
  "amp_mean_y": [
    0.5520793199539185,
    0.6550574898719788,
    0.7577031850814819
  ],
  "symmetry_ratio": [
    0.3320028781890869,
    0.4686523973941803,
    0.9662600755691528
  ],
  "energy_distribution": [
    0.1885771006345749,
    0.2026815265417099,
    0.21198923885822296
  ],
  "motion_stability": [
    1.436738133430481,
    1.5279898643493652,
    1.6109645366668701
  ],
  "freq_entropy": [
    10.237728118896484,
    10.199370384216309,
    10.291374206542969
  ]
}