{
  "dominant_freq": [
    0.1169004676018704,
    1.0110294117647056
  ],
  "amp_mean_x": [
    0.5913197994232178,
    1.0155742168426514
  ],
  "amp_mean_y": [
    1.1899129152297974,
    2.7263169288635254
  ],
  "symmetry_ratio": [
    0.49694377183914185,
    0.3725077509880066
  ],
  "energy_distribution": [
    0.2797499895095825,
    0.23632216453552246
  ],
  "motion_stability": [
    1.9871708154678345,
    2.1089210510253906
  ],
  "freq_entropy": [
    9.501921653747559,
    9.626129150390625
  ]
}