{
  "dominant_freq": [
    0.29113714285714287,
    0.11131714285714286
  ],
  "amp_mean_x": [
    0.11791881173849106,
    0.25246018171310425
  ],
  "amp_mean_y": [
    0.06664732843637466,
    0.1210407167673111
  ],
  "symmetry_ratio": [
    1.7692954540252686,
    2.0857458114624023
  ],
  "energy_distribution": [
    0.3194599449634552,
    0.8568342328071594
  ],
  "motion_stability": [
    2.1235647201538086,
    2.4128341674804688
  ],
  "freq_entropy": [
    9.425497055053711,
    7.028430938720703
  ]
}