{
  "dominant_freq": [
    0.4846217612175059,
    0.3477750918023955
  ],
  "amp_mean_x": [
    0.059202197939157486,
    0.2780546545982361
  ],
  "amp_mean_y": [
    0.1857726275920868,
    1.1160587072372437
  ],
  "symmetry_ratio": [
    0.31868094205856323,
    0.24913981556892395
  ],
  "energy_distribution": [
    0.2767265737056732,
    0.25034424662590027
  ],
  "motion_stability": [
    1.207358717918396,
    3.1630585193634033
  ],
  "freq_entropy": [
    9.952404022216797,
    10.368265151977539
  ]
}