{
  "dominant_freq": [
    0.5159827833572453,
    0.10290128755364807
  ],
  "amp_mean_x": [
    0.9126203656196594,
    0.336307168006897
  ],
  "amp_mean_y": [
    1.2962605953216553,
    0.2959294319152832
  ],
  "symmetry_ratio": [
    0.7040408253669739,
    1.136443853378296
  ],
  "energy_distribution": [
    0.23349714279174805,
    0.40748539566993713
  ],
  "motion_stability": [
    6.4347381591796875,
    4.283499717712402
  ],
  "freq_entropy": [
    9.53166389465332,
    9.200521469116211
  ]
}