{
  "dominant_freq": [
    0.9847285714285715,
    0.29113714285714287
  ],
  "amp_mean_x": [
    0.13643595576286316,
    0.1835552304983139
  ],
  "amp_mean_y": [
    0.2954355776309967,
    0.27550145983695984
  ],
  "symmetry_ratio": [
    0.4618128836154938,
    0.6662586331367493
  ],
  "energy_distribution": [
    0.28223916888237,
    0.4253344237804413
  ],
  "motion_stability": [
    1.1649599075317383,
    1.3196052312850952
  ],
  "freq_entropy": [
    9.467947006225586,
    9.11573600769043
  ]
}