{
  "dominant_freq": [
    0.15903237634128348,
    0.10602158422752231
  ],
  "amp_mean_x": [
    1.0861896276474,
    1.015706181526184
  ],
  "amp_mean_y": [
    1.0438092947006226,
    1.0659635066986084
  ],
  "symmetry_ratio": [
    1.0406016111373901,
    0.9528526663780212
  ],
  "energy_distribution": [
    0.38370147347450256,
    0.28038686513900757
  ],
  "motion_stability": [
    4.782482147216797,
    4.893012046813965
  ],
  "freq_entropy": [
    9.476970672607422,
    9.781205177307129
  ]
}