{
  "dominant_freq": [
    8.317966021893515,
    0.12000012000011998
  ],
  "amp_mean_x": [
    1.2603381872177124,
    0.6657335758209229
  ],
  "amp_mean_y": [
    1.6570292711257935,
    0.9221035838127136
  ],
  "symmetry_ratio": [
    0.7606010437011719,
    0.721972644329071
  ],
  "energy_distribution": [
    0.16049277782440186,
    0.21734747290611267
  ],
  "motion_stability": [
    2.223973512649536,
    2.5862298011779785
  ],
  "freq_entropy": [
    9.067150115966797,
    8.964488983154297
  ]
}