{
  "dominant_freq": [
    1.9294117647058822,
    0.79,
    1.6167364016736403,
    0.56
  ],
  "amp_mean_x": [
    3.3196969032287598,
    0.32891973853111267,
    0.6940994262695312,
    0.09529738128185272
  ],
  "amp_mean_y": [
    3.356745719909668,
    0.17139923572540283,
    1.377249002456665,
    0.09248523414134979
  ],
  "symmetry_ratio": [
    0.9889628887176514,
    1.9190268516540527,
    0.5039752721786499,
    1.0304064750671387
  ],
  "energy_distribution": [
    0.2600559890270233,
    0.22891837358474731,
    0.22735461592674255,
    0.4355788230895996
  ],
  "motion_stability": [
    2.820066213607788,
    1.8629920482635498,
    5.007630348205566,
    2.352524518966675
  ],
  "freq_entropy": [
    10.27501106262207,
    10.274447441101074,
    10.310090065002441,
    9.751813888549805
  ]
}