{
  "dominant_freq": [
    1.1584827586206896,
    1.4959384615384612
  ],
  "amp_mean_x": [
    0.6729511022567749,
    1.0754649639129639
  ],
  "amp_mean_y": [
    0.8363121747970581,
    1.7873940467834473
  ],
  "symmetry_ratio": [
    0.8046649694442749,
    0.6016944050788879
  ],
  "energy_distribution": [
    0.25922009348869324,
    0.1968318223953247
  ],
  "motion_stability": [
    2.3910903930664062,
    4.179580211639404
  ],
  "freq_entropy": [
    10.217185020446777,
    10.372024536132812
  ]
}