{
  "dominant_freq": [
    0.47294117647058825,
    0.49411764705882355
  ],
  "amp_mean_x": [
    0.19189628958702087,
    0.2948952913284302
  ],
  "amp_mean_y": [
    0.14396332204341888,
    0.2564031779766083
  ],
  "symmetry_ratio": [
    1.332952618598938,
    1.1501233577728271
  ],
  "energy_distribution": [
    0.2151036560535431,
    0.2041420340538025
  ],
  "motion_stability": [
    1.1040611267089844,
    1.0918266773223877
  ],
  "freq_entropy": [
    9.647085189819336,
    9.737105369567871
  ]
}