{
  "dominant_freq": [
    0.28285714285714286,
    2.622857142857143
  ],
  "amp_mean_x": [
    0.31815990805625916,
    0.4394112825393677
  ],
  "amp_mean_y": [
    0.40103796124458313,
    0.43288862705230713
  ],
  "symmetry_ratio": [
    0.7933411002159119,
    1.01506769657135
  ],
  "energy_distribution": [
    0.255312979221344,
    0.23508353531360626
  ],
  "motion_stability": [
    1.9149079322814941,
    1.402557611465454
  ],
  "freq_entropy": [
    9.470855712890625,
    9.490961074829102
  ]
}