{
  "dominant_freq": [
    0.4850340715502555,
    3.815320456540825
  ],
  "amp_mean_x": [
    0.27447012066841125,
    2.4466400146484375
  ],
  "amp_mean_y": [
    0.3060251772403717,
    4.2231125831604
  ],
  "symmetry_ratio": [
    0.8968873620033264,
    0.5793452262878418
  ],
  "energy_distribution": [
    0.19605356454849243,
    0.20102426409721375
  ],
  "motion_stability": [
    1.5818359851837158,
    2.169583797454834
  ],
  "freq_entropy": [
    10.274345397949219,
    10.30628490447998
  ]
}