{
  "dominant_freq": [
    4.0978260869565215,
    5.950826805918189
  ],
  "amp_mean_x": [
    0.6473300457000732,
    0.8555396199226379
  ],
  "amp_mean_y": [
    0.8247436881065369,
    0.9133281707763672
  ],
  "symmetry_ratio": [
    0.7848863005638123,
    0.9367275238037109
  ],
  "energy_distribution": [
    0.16157610714435577,
    0.21569161117076874
  ],
  "motion_stability": [
    3.203045606613159,
    2.6634957790374756
  ],
  "freq_entropy": [
    9.279375076293945,
    9.202567100524902
  ]
}