{
  "dominant_freq": [
    0.12890322580645158,
    0.10597127071823204,
    0.11817305585980285
  ],
  "amp_mean_x": [
    2.0968143939971924,
    2.95443058013916,
    1.1262314319610596
  ],
  "amp_mean_y": [
    4.428389072418213,
    5.615089416503906,
    3.6644084453582764
  ],
  "symmetry_ratio": [
    0.4734937250614166,
    0.5261591076850891,
    0.3073433041572571
  ],
  "energy_distribution": [
    0.24097411334514618,
    0.269895076751709,
    0.2522432208061218
  ],
  "motion_stability": [
    1.8993315696716309,
    1.836730718612671,
    1.7126834392547607
  ],
  "freq_entropy": [
    8.851006507873535,
    8.705339431762695,
    8.948817253112793
  ]
}