{
  "dominant_freq": [
    3.760446315789473,
    0.29023578947368417,
    2.952833684210526
  ],
  "amp_mean_x": [
    0.19483184814453125,
    0.2835550308227539,
    0.17038105428218842
  ],
  "amp_mean_y": [
    0.6362199783325195,
    0.8254745602607727,
    0.7241125106811523
  ],
  "symmetry_ratio": [
    0.3062334656715393,
    0.34350547194480896,
    0.23529638350009918
  ],
  "energy_distribution": [
    0.2285824418067932,
    0.2493923306465149,
    0.2577575445175171
  ],
  "motion_stability": [
    1.271287441253662,
    1.173662781715393,
    1.589411735534668
  ],
  "freq_entropy": [
    9.022560119628906,
    8.949670791625977,
    9.00228500366211
  ]
}