{
  "dominant_freq": [
    0.11142857142857143,
    0.11142857142857143
  ],
  "amp_mean_x": [
    0.22345605492591858,
    0.2655835449695587
  ],
  "amp_mean_y": [
    0.45379552245140076,
    0.530489444732666
  ],
  "symmetry_ratio": [
    0.49241572618484497,
    0.5006387233734131
  ],
  "energy_distribution": [
    0.4888152778148651,
    0.3678304851055145
  ],
  "motion_stability": [
    3.3793301582336426,
    1.24058198928833
  ],
  "freq_entropy": [
    9.122718811035156,
    9.256362915039062
  ]
}