{
  "dominant_freq": [
    0.5131578947368421,
    0.13421052631578947
  ],
  "amp_mean_x": [
    0.6331562995910645,
    0.8075381517410278
  ],
  "amp_mean_y": [
    0.6549069285392761,
    0.42304304242134094
  ],
  "symmetry_ratio": [
    0.9667882323265076,
    1.9088793992996216
  ],
  "energy_distribution": [
    0.20990131795406342,
    0.44610488414764404
  ],
  "motion_stability": [
    1.993218183517456,
    2.2385244369506836
  ],
  "freq_entropy": [
    9.638651847839355,
    9.295019149780273
  ]
}