{
  "dominant_freq": [
    1.9235759312320913,
    2.1013448275862068
  ],
  "amp_mean_x": [
    0.8944650292396545,
    0.6507703065872192
  ],
  "amp_mean_y": [
    0.6391687989234924,
    0.3391735255718231
  ],
  "symmetry_ratio": [
    1.3994190692901611,
    1.918694257736206
  ],
  "energy_distribution": [
    0.21684530377388,
    0.25953835248947144
  ],
  "motion_stability": [
    5.376513481140137,
    3.2840306758880615
  ],
  "freq_entropy": [
    9.790667533874512,
    9.187555313110352
  ]
}