{
  "dominant_freq": [
    2.8222097187614423,
    0.11251547087724562,
    0.29688501080473756,
    0.28201054719446506,
    5.274725274725274,
    2.805923216706272
  ],
  "amp_mean_x": [
    0.6185775995254517,
    0.6388366222381592,
    1.265771508216858,
    0.623817503452301,
    0.3605189919471741,
    1.0792778730392456
  ],
  "amp_mean_y": [
    0.5578988194465637,
    0.7786359190940857,
    1.520451307296753,
    1.3486900329589844,
    0.4418399930000305,
    2.876734733581543
  ],
  "symmetry_ratio": [
    1.1087630987167358,
    0.8204561471939087,
    0.832497239112854,
    0.4625358581542969,
    0.8159492015838623,
    0.3751746118068695
  ],
  "energy_distribution": [
    0.18240374326705933,
    0.21858260035514832,
    0.3921394646167755,
    0.22283504903316498,
    0.18475253880023956,
    0.18539147078990936
  ],
  "motion_stability": [
    1.432634711265564,
    3.0526373386383057,
    2.12954044342041,
    1.4828264713287354,
    1.3498899936676025,
    2.7727136611938477
  ],
  "freq_entropy": [
    10.384692192077637,
    10.242138862609863,
    9.585050582885742,
    10.210258483886719,
    10.263994216918945,
    10.194367408752441
  ]
}