{
  "dominant_freq": [
    0.494823829787234,
    0.2907727659574468,
    1.0100527659574468,
    0.7090774468085106,
    0.7205063938618925
  ],
  "amp_mean_x": [
    0.033677078783512115,
    0.0311963502317667,
    0.040532611310482025,
    0.085496686398983,
    0.06796960532665253
  ],
  "amp_mean_y": [
    0.052375197410583496,
    0.05642160028219223,
    0.08322237432003021,
    0.0871439129114151,
    0.19157323241233826
  ],
  "symmetry_ratio": [
    0.6429966688156128,
    0.5529150366783142,
    0.48703983426094055,
    0.9810976386070251,
    0.35479697585105896
  ],
  "energy_distribution": [
    0.3012475371360779,
    0.30662256479263306,
    0.22589369118213654,
    0.1858542114496231,
    0.2121075689792633
  ],
  "motion_stability": [
    1.4562712907791138,
    1.3872966766357422,
    1.3154716491699219,
    1.068859338760376,
    2.5538668632507324
  ],
  "freq_entropy": [
    9.909358978271484,
    9.931093215942383,
    10.233606338500977,
    10.194175720214844,
    10.323251724243164
  ]
}