{
  "dominant_freq": [
    4.033826638477802,
    4.054910242872229,
    8.598524762908324
  ],
  "amp_mean_x": [
    3.2471487522125244,
    0.8767237067222595,
    0.288664311170578
  ],
  "amp_mean_y": [
    1.9992501735687256,
    1.448441505432129,
    0.25400853157043457
  ],
  "symmetry_ratio": [
    1.6241832971572876,
    0.6052876114845276,
    1.1364355087280273
  ],
  "energy_distribution": [
    0.4200793206691742,
    0.23598812520503998,
    0.23112799227237701
  ],
  "motion_stability": [
    4.115859031677246,
    2.578622817993164,
    2.5434165000915527
  ],
  "freq_entropy": [
    8.514817237854004,
    9.049647331237793,
    9.14745044708252
  ]
}