{
  "dominant_freq": [
    1.8190432033719701,
    0.5316747624076029,
    5.696515311510032
  ],
  "amp_mean_x": [
    0.49252045154571533,
    0.34974220395088196,
    0.426043838262558
  ],
  "amp_mean_y": [
    0.574653148651123,
    0.6874476671218872,
    1.0161174535751343
  ],
  "symmetry_ratio": [
    0.8570743203163147,
    0.5087546706199646,
    0.41928601264953613
  ],
  "energy_distribution": [
    0.28474193811416626,
    0.30568087100982666,
    0.18259868025779724
  ],
  "motion_stability": [
    1.7580091953277588,
    2.1564462184906006,
    2.3596181869506836
  ],
  "freq_entropy": [
    8.820314407348633,
    8.657371520996094,
    8.996742248535156
  ]
}