{
  "dominant_freq": [
    0.11139671193709791,
    0.11996568977841314
  ],
  "amp_mean_x": [
    0.47184014320373535,
    0.1091325581073761
  ],
  "amp_mean_y": [
    0.4828948974609375,
    0.3287195861339569
  ],
  "symmetry_ratio": [
    0.9771073460578918,
    0.33199286460876465
  ],
  "energy_distribution": [
    0.5486452579498291,
    0.4005487263202667
  ],
  "motion_stability": [
    2.6556196212768555,
    1.7301898002624512
  ],
  "freq_entropy": [
    8.759994506835938,
    9.19996166229248
  ]
}