{
  "dominant_freq": [
    0.12029842931937174,
    2.7368625678119347
  ],
  "amp_mean_x": [
    1.2015845775604248,
    4.679128646850586
  ],
  "amp_mean_y": [
    2.504009246826172,
    4.940140724182129
  ],
  "symmetry_ratio": [
    0.4798642694950104,
    0.9471650719642639
  ],
  "energy_distribution": [
    0.24139340221881866,
    0.2581687569618225
  ],
  "motion_stability": [
    2.7388148307800293,
    2.6373486518859863
  ],
  "freq_entropy": [
    10.232987403869629,
    10.226740837097168
  ]
}