{
  "dominant_freq": [
    0.2776168421052631,
    0.7066610526315789,
    0.4669010526315789
  ],
  "amp_mean_x": [
    0.07623054832220078,
    0.04835790768265724,
    0.03907189890742302
  ],
  "amp_mean_y": [
    0.15294086933135986,
    0.1278526335954666,
    0.14456431567668915
  ],
  "symmetry_ratio": [
    0.4984315037727356,
    0.37823161482810974,
    0.27027347683906555
  ],
  "energy_distribution": [
    0.227935329079628,
    0.2519526481628418,
    0.37093597650527954
  ],
  "motion_stability": [
    1.5184526443481445,
    1.3322932720184326,
    1.2611758708953857
  ],
  "freq_entropy": [
    9.046442031860352,
    8.854755401611328,
    8.803739547729492
  ]
}