{
  "dominant_freq": [
    0.12243063829787233,
    0.10712680851063829
  ],
  "amp_mean_x": [
    0.3123718798160553,
    0.12134287506341934
  ],
  "amp_mean_y": [
    0.07861346006393433,
    0.08157751709222794
  ],
  "symmetry_ratio": [
    3.9735164642333984,
    1.487454891204834
  ],
  "energy_distribution": [
    0.8394952416419983,
    0.28293484449386597
  ],
  "motion_stability": [
    4.389159202575684,
    3.585247755050659
  ],
  "freq_entropy": [
    8.77049446105957,
    10.386262893676758
  ]
}