{
  "dominant_freq": [
    4.317269076305221,
    0.32521681120747165
  ],
  "amp_mean_x": [
    0.5079565048217773,
    0.5108172297477722
  ],
  "amp_mean_y": [
    0.9270625114440918,
    0.44690319895744324
  ],
  "symmetry_ratio": [
    0.5479204654693604,
    1.1430153846740723
  ],
  "energy_distribution": [
    0.17893394827842712,
    0.31464722752571106
  ],
  "motion_stability": [
    2.2467989921569824,
    2.128924608230591
  ],
  "freq_entropy": [
    9.693353652954102,
    9.022842407226562
  ]
}