{
  "dominant_freq": [
    0.5863636363636364,
    0.6000000000000001
  ],
  "amp_mean_x": [
    0.23734216392040253,
    0.331235408782959
  ],
  "amp_mean_y": [
    0.2669834792613983,
    0.30314192175865173
  ],
  "symmetry_ratio": [
    0.8889769911766052,
    1.0926743745803833
  ],
  "energy_distribution": [
    0.2823095917701721,
    0.2531406581401825
  ],
  "motion_stability": [
    1.6056907176971436,
    1.562675952911377
  ],
  "freq_entropy": [
    9.765920639038086,
    9.744768142700195
  ]
}