{
  "dominant_freq": [
    0.10275428571428571,
    0.5308971428571428
  ],
  "amp_mean_x": [
    0.08607275038957596,
    0.15504960715770721
  ],
  "amp_mean_y": [
    0.08810537308454514,
    0.12872162461280823
  ],
  "symmetry_ratio": [
    0.9769296646118164,
    1.2045342922210693
  ],
  "energy_distribution": [
    0.20705603063106537,
    0.2974490523338318
  ],
  "motion_stability": [
    2.119889497756958,
    1.3424618244171143
  ],
  "freq_entropy": [
    9.6436767578125,
    9.376500129699707
  ]
}