{
  "dominant_freq": [
    3.246352646936223,
    0.14
  ],
  "amp_mean_x": [
    0.2788902223110199,
    0.31428956985473633
  ],
  "amp_mean_y": [
    0.45591434836387634,
    0.34403592348098755
  ],
  "symmetry_ratio": [
    0.6117162704467773,
    0.9135370850563049
  ],
  "energy_distribution": [
    0.265155166387558,
    0.40250781178474426
  ],
  "motion_stability": [
    3.2206735610961914,
    1.7875452041625977
  ],
  "freq_entropy": [
    10.259207725524902,
    9.755818367004395
  ]
}