{
  "dominant_freq": [
    3.362930373360242,
    0.12012024048096191
  ],
  "amp_mean_x": [
    0.6566420197486877,
    0.8296137452125549
  ],
  "amp_mean_y": [
    0.5633032917976379,
    0.7457611560821533
  ],
  "symmetry_ratio": [
    1.1656988859176636,
    1.1124389171600342
  ],
  "energy_distribution": [
    0.20752736926078796,
    0.3940421938896179
  ],
  "motion_stability": [
    3.0809402465820312,
    1.9345729351043701
  ],
  "freq_entropy": [
    9.132645606994629,
    8.663308143615723
  ]
}