{
  "dominant_freq": [
    2.74100086281277,
    0.11747933532168725
  ],
  "amp_mean_x": [
    0.9527752995491028,
    0.7909938097000122
  ],
  "amp_mean_y": [
    1.475143313407898,
    1.2783180475234985
  ],
  "symmetry_ratio": [
    0.6458866000175476,
    0.6187769770622253
  ],
  "energy_distribution": [
    0.2109522670507431,
    0.2379179298877716
  ],
  "motion_stability": [
    3.191411018371582,
    3.2963345050811768
  ],
  "freq_entropy": [
    10.294437408447266,
    10.304092407226562
  ]
}