{
  "dominant_freq": [
    0.33395142857142857,
    2.2337352517985614
  ],
  "amp_mean_x": [
    0.21058951318264008,
    0.46348974108695984
  ],
  "amp_mean_y": [
    0.14409533143043518,
    0.43820738792419434
  ],
  "symmetry_ratio": [
    1.4614596366882324,
    1.057694911956787
  ],
  "energy_distribution": [
    0.5318226218223572,
    0.22933822870254517
  ],
  "motion_stability": [
    3.533292055130005,
    4.716431140899658
  ],
  "freq_entropy": [
    9.193095207214355,
    9.376483917236328
  ]
}