{
  "dominant_freq": [
    3.96338355522029,
    0.6747021822398707
  ],
  "amp_mean_x": [
    1.1656349897384644,
    1.1833876371383667
  ],
  "amp_mean_y": [
    1.52910578250885,
    1.1704951524734497
  ],
  "symmetry_ratio": [
    0.7622984647750854,
    1.0110145807266235
  ],
  "energy_distribution": [
    0.1950570046901703,
    0.3317161798477173
  ],
  "motion_stability": [
    3.556596517562866,
    2.8056581020355225
  ],
  "freq_entropy": [
    8.990067481994629,
    9.011022567749023
  ]
}