{
  "dominant_freq": [
    0.29023578947368417,
    0.9968968421052631,
    2.1452210526315785
  ],
  "amp_mean_x": [
    0.09194176644086838,
    0.1833665519952774,
    0.1319664865732193
  ],
  "amp_mean_y": [
    0.2704693377017975,
    0.4208599328994751,
    0.5402746796607971
  ],
  "symmetry_ratio": [
    0.33993417024612427,
    0.43569496273994446,
    0.24425813555717468
  ],
  "energy_distribution": [
    0.2745230793952942,
    0.2747633755207062,
    0.33784016966819763
  ],
  "motion_stability": [
    1.5641694068908691,
    1.3230490684509277,
    1.333037257194519
  ],
  "freq_entropy": [
    8.924463272094727,
    8.855205535888672,
    8.93384075164795
  ]
}