{
  "dominant_freq": [
    5.28733894736842,
    0.5299957894736842,
    0.9590399999999999
  ],
  "amp_mean_x": [
    0.09221585839986801,
    0.08302844315767288,
    0.09545019268989563
  ],
  "amp_mean_y": [
    0.12364749610424042,
    0.12080445885658264,
    0.12394441664218903
  ],
  "symmetry_ratio": [
    0.7457963824272156,
    0.6872961521148682,
    0.7701048254966736
  ],
  "energy_distribution": [
    0.17869678139686584,
    0.2357611209154129,
    0.21182101964950562
  ],
  "motion_stability": [
    1.345118522644043,
    1.2656311988830566,
    0.9728670716285706
  ],
  "freq_entropy": [
    8.931252479553223,
    8.906795501708984,
    8.885223388671875
  ]
}