{
  "dominant_freq": [
    4.6375,
    0.1
  ],
  "amp_mean_x": [
    0.17967145144939423,
    0.22718672454357147
  ],
  "amp_mean_y": [
    0.2980051040649414,
    0.33637067675590515
  ],
  "symmetry_ratio": [
    0.602914035320282,
    0.6754058599472046
  ],
  "energy_distribution": [
    0.3443545997142792,
    0.44782593846321106
  ],
  "motion_stability": [
    1.2451257705688477,
    1.1395001411437988
  ],
  "freq_entropy": [
    8.744309425354004,
    8.251289367675781
  ]
}