{
  "dominant_freq": [
    1.6389441100601891,
    0.15527110317105852,
    6.972777327935221
  ],
  "amp_mean_x": [
    1.136479139328003,
    2.460862159729004,
    2.600083112716675
  ],
  "amp_mean_y": [
    2.0759425163269043,
    6.685739994049072,
    4.747611045837402
  ],
  "symmetry_ratio": [
    0.5474521517753601,
    0.36807626485824585,
    0.5476613640785217
  ],
  "energy_distribution": [
    0.2088226079940796,
    0.22343817353248596,
    0.1773482710123062
  ],
  "motion_stability": [
    2.9048004150390625,
    2.4445483684539795,
    2.507467031478882
  ],
  "freq_entropy": [
    10.252948760986328,
    10.1607666015625,
    10.206110000610352
  ]
}