{
  "dominant_freq": [
    0.3,
    0.115,
    0.1,
    0.3
  ],
  "amp_mean_x": [
    0.1090269535779953,
    0.14341799914836884,
    0.20591218769550323,
    0.2748471200466156
  ],
  "amp_mean_y": [
    0.20118583738803864,
    0.22931459546089172,
    0.2400994598865509,
    0.22382666170597076
  ],
  "symmetry_ratio": [
    0.5419216156005859,
    0.6254202723503113,
    0.8576120138168335,
    1.2279462814331055
  ],
  "energy_distribution": [
    0.4373238682746887,
    0.4081587493419647,
    0.456903874874115,
    0.39964622259140015
  ],
  "motion_stability": [
    1.737046480178833,
    1.9668004512786865,
    1.9106014966964722,
    1.7465025186538696
  ],
  "freq_entropy": [
    9.768331527709961,
    9.849601745605469,
    9.524767875671387,
    10.037495613098145
  ]
}