{
  "dominant_freq": [
    1.2462238773186334,
    1.225294042973601
  ],
  "amp_mean_x": [
    1.074874997138977,
    0.9537396430969238
  ],
  "amp_mean_y": [
    3.9186532497406006,
    2.3247952461242676
  ],
  "symmetry_ratio": [
    0.2742970287799835,
    0.41024672985076904
  ],
  "energy_distribution": [
    0.22895154356956482,
    0.26395758986473083
  ],
  "motion_stability": [
    1.7486087083816528,
    1.7329137325286865
  ],
  "freq_entropy": [
    9.184063911437988,
    9.098701477050781
  ]
}