{
  "dominant_freq": [
    3.3514285714285714,
    0.46318799142244466
  ],
  "amp_mean_x": [
    0.22310283780097961,
    0.1471070498228073
  ],
  "amp_mean_y": [
    0.41409677267074585,
    0.2616342306137085
  ],
  "symmetry_ratio": [
    0.5387697815895081,
    0.562262237071991
  ],
  "energy_distribution": [
    0.20359137654304504,
    0.286081999540329
  ],
  "motion_stability": [
    1.9148776531219482,
    2.284116744995117
  ],
  "freq_entropy": [
    9.546645164489746,
    9.424354553222656
  ]
}