{
  "dominant_freq": [
    3.8487789473684204,
    2.713073684210526,
    5.779477894736841
  ],
  "amp_mean_x": [
    0.0361177958548069,
    0.06168985366821289,
    0.03251244127750397
  ],
  "amp_mean_y": [
    0.0879845842719078,
    0.12425996363162994,
    0.09361034631729126
  ],
  "symmetry_ratio": [
    0.4105014204978943,
    0.4964579939842224,
    0.3473167419433594
  ],
  "energy_distribution": [
    0.22066715359687805,
    0.1808943897485733,
    0.16076749563217163
  ],
  "motion_stability": [
    1.6395968198776245,
    1.3902190923690796,
    1.3914728164672852
  ],
  "freq_entropy": [
    8.969738960266113,
    8.929445266723633,
    8.964967727661133
  ]
}