{
  "dominant_freq": [
    0.7848101265822784,
    2.9557894736842107,
    5.828933474128828
  ],
  "amp_mean_x": [
    0.11011292785406113,
    3.858698606491089,
    0.38777774572372437
  ],
  "amp_mean_y": [
    0.4758385121822357,
    2.267085075378418,
    1.563819408416748
  ],
  "symmetry_ratio": [
    0.23140819370746613,
    1.7020528316497803,
    0.24796836078166962
  ],
  "energy_distribution": [
    0.23874442279338837,
    0.6153627038002014,
    0.16653060913085938
  ],
  "motion_stability": [
    1.2709360122680664,
    4.20966911315918,
    2.5298891067504883
  ],
  "freq_entropy": [
    9.013059616088867,
    7.957666397094727,
    9.05932331085205
  ]
}