{
  "dominant_freq": [
    0.10211243611584327,
    0.122691684434968
  ],
  "amp_mean_x": [
    0.1785251796245575,
    0.5506040453910828
  ],
  "amp_mean_y": [
    0.4179028570652008,
    1.1089849472045898
  ],
  "symmetry_ratio": [
    0.4271930158138275,
    0.49649369716644287
  ],
  "energy_distribution": [
    0.22713761031627655,
    0.2660468518733978
  ],
  "motion_stability": [
    1.59934401512146,
    1.6680911779403687
  ],
  "freq_entropy": [
    10.215526580810547,
    10.269407272338867
  ]
}