{
  "dominant_freq": [
    0.487012987012987,
    2.2852147852147855
  ],
  "amp_mean_x": [
    0.0567963570356369,
    0.08048959076404572
  ],
  "amp_mean_y": [
    0.11501183360815048,
    0.24788624048233032
  ],
  "symmetry_ratio": [
    0.4938305616378784,
    0.32470375299453735
  ],
  "energy_distribution": [
    0.23104627430438995,
    0.18834637105464935
  ],
  "motion_stability": [
    1.1058580875396729,
    1.4836366176605225
  ],
  "freq_entropy": [
    9.534116744995117,
    9.673789024353027
  ]
}