{
  "dominant_freq": [
    0.44598258883973174,
    0.4028831512027927
  ],
  "amp_mean_x": [
    0.42110055685043335,
    0.33417651057243347
  ],
  "amp_mean_y": [
    0.2976791262626648,
    0.44322699308395386
  ],
  "symmetry_ratio": [
    1.4146122932434082,
    0.7539624571800232
  ],
  "energy_distribution": [
    0.24792802333831787,
    0.2816532254219055
  ],
  "motion_stability": [
    3.590888023376465,
    3.3118932247161865
  ],
  "freq_entropy": [
    9.508184432983398,
    9.505504608154297
  ]
}