{
  "dominant_freq": [
    0.300240192153723,
    0.100080064051241,
    0.10504201680672268,
    0.11536918138041732
  ],
  "amp_mean_x": [
    0.42423468828201294,
    0.19749939441680908,
    0.175458163022995,
    0.766829788684845
  ],
  "amp_mean_y": [
    0.3290849030017853,
    0.15582308173179626,
    0.261025071144104,
    0.9591347575187683
  ],
  "symmetry_ratio": [
    1.2891345024108887,
    1.2674591541290283,
    0.672188937664032,
    0.7995015978813171
  ],
  "energy_distribution": [
    0.6455711126327515,
    0.8081968426704407,
    0.5481180548667908,
    0.24246448278427124
  ],
  "motion_stability": [
    3.043226718902588,
    2.5797934532165527,
    2.505511522293091,
    6.223354339599609
  ],
  "freq_entropy": [
    9.209808349609375,
    8.63173770904541,
    9.410140991210938,
    9.838726043701172
  ]
}