{
  "dominant_freq": [
    0.11357052631578946,
    0.2661183932346723,
    0.29023578947368417
  ],
  "amp_mean_x": [
    0.10586389899253845,
    0.11295691877603531,
    0.08084139227867126
  ],
  "amp_mean_y": [
    0.11460713297128677,
    0.13757741451263428,
    0.13074281811714172
  ],
  "symmetry_ratio": [
    0.9237112402915955,
    0.8210425972938538,
    0.6183237433433533
  ],
  "energy_distribution": [
    0.26482608914375305,
    0.21471354365348816,
    0.3112342953681946
  ],
  "motion_stability": [
    1.3924379348754883,
    1.1413547992706299,
    1.2048838138580322
  ],
  "freq_entropy": [
    8.967194557189941,
    8.913899421691895,
    8.787544250488281
  ]
}