{
  "dominant_freq": [
    0.10105263157894738,
    4.408421052631579,
    0.7705263157894737
  ],
  "amp_mean_x": [
    0.2033424973487854,
    0.10801436752080917,
    0.09435078501701355
  ],
  "amp_mean_y": [
    0.5844849944114685,
    0.161302387714386,
    0.22306880354881287
  ],
  "symmetry_ratio": [
    0.34790030121803284,
    0.669638991355896,
    0.42296719551086426
  ],
  "energy_distribution": [
    0.5928595066070557,
    0.3330847918987274,
    0.3339916169643402
  ],
  "motion_stability": [
    3.405830144882202,
    1.9436025619506836,
    1.2419567108154297
  ],
  "freq_entropy": [
    8.498770713806152,
    8.51700496673584,
    8.782743453979492
  ]
}