{
  "dominant_freq": [
    0.11732947903160669,
    0.10202563394052755
  ],
  "amp_mean_x": [
    0.24344711005687714,
    0.14336344599723816
  ],
  "amp_mean_y": [
    0.2435866892337799,
    0.38965940475463867
  ],
  "symmetry_ratio": [
    0.9994269609451294,
    0.3679198920726776
  ],
  "energy_distribution": [
    0.4596942663192749,
    0.3527710735797882
  ],
  "motion_stability": [
    3.074237823486328,
    1.9129531383514404
  ],
  "freq_entropy": [
    10.071758270263672,
    9.836146354675293
  ]
}