{
  "dominant_freq": [
    2.8947684021543987,
    5.6272297817715025
  ],
  "amp_mean_x": [
    1.1245644092559814,
    0.41821610927581787
  ],
  "amp_mean_y": [
    1.7165273427963257,
    0.8948705792427063
  ],
  "symmetry_ratio": [
    0.6551392078399658,
    0.4673481583595276
  ],
  "energy_distribution": [
    0.2082754224538803,
    0.1507863700389862
  ],
  "motion_stability": [
    2.1948065757751465,
    2.2761120796203613
  ],
  "freq_entropy": [
    10.269942283630371,
    10.336572647094727
  ]
}