{
  "dominant_freq": [
    1.1681923404255317,
    0.4540136170212765,
    0.47951999999999995
  ],
  "amp_mean_x": [
    0.16709215939044952,
    0.25250011682510376,
    0.13106027245521545
  ],
  "amp_mean_y": [
    0.21874555945396423,
    0.28943943977355957,
    0.18401972949504852
  ],
  "symmetry_ratio": [
    0.7638653516769409,
    0.8723763227462769,
    0.7122077345848083
  ],
  "energy_distribution": [
    0.2413569688796997,
    0.2124236673116684,
    0.20098553597927094
  ],
  "motion_stability": [
    1.2760756015777588,
    1.4632811546325684,
    4.055204391479492
  ],
  "freq_entropy": [
    10.305118560791016,
    10.289194107055664,
    10.444984436035156
  ]
}