{
  "dominant_freq": [
    1.5553213909378292,
    0.29083245521601686,
    1.970526315789474
  ],
  "amp_mean_x": [
    0.3794182538986206,
    0.35685431957244873,
    0.3139946162700653
  ],
  "amp_mean_y": [
    0.6643872261047363,
    0.9318408370018005,
    0.6599467992782593
  ],
  "symmetry_ratio": [
    0.5710799694061279,
    0.38295629620552063,
    0.4757877588272095
  ],
  "energy_distribution": [
    0.2274077981710434,
    0.2323886752128601,
    0.17259354889392853
  ],
  "motion_stability": [
    2.1863553524017334,
    1.3942606449127197,
    1.6347426176071167
  ],
  "freq_entropy": [
    9.003433227539062,
    8.894440650939941,
    8.946483612060547
  ]
}