{
  "dominant_freq": [
    4.4693225394120155,
    0.3063373083475298
  ],
  "amp_mean_x": [
    0.9233537912368774,
    0.6979531049728394
  ],
  "amp_mean_y": [
    1.342711329460144,
    0.8606972694396973
  ],
  "symmetry_ratio": [
    0.6876785755157471,
    0.8109158873558044
  ],
  "energy_distribution": [
    0.2506123483181,
    0.22171692550182343
  ],
  "motion_stability": [
    2.28806734085083,
    1.6829617023468018
  ],
  "freq_entropy": [
    10.194520950317383,
    10.292274475097656
  ]
}