{
  "dominant_freq": [
    0.26753267985999124,
    0.3151284640879383,
    0.5678531994321468
  ],
  "amp_mean_x": [
    0.16624288260936737,
    0.17484602332115173,
    0.10402852296829224
  ],
  "amp_mean_y": [
    0.20420929789543152,
    0.26835691928863525,
    0.23041938245296478
  ],
  "symmetry_ratio": [
    0.8140808939933777,
    0.6515428423881531,
    0.45147469639778137
  ],
  "energy_distribution": [
    0.40754595398902893,
    0.2835950553417206,
    0.2027459442615509
  ],
  "motion_stability": [
    1.1632139682769775,
    1.5671923160552979,
    1.5966200828552246
  ],
  "freq_entropy": [
    8.421133041381836,
    8.821462631225586,
    8.971860885620117
  ]
}