{
  "dominant_freq": [
    1.6716659712140667,
    0.11623799600528754
  ],
  "amp_mean_x": [
    0.4341135621070862,
    0.510775089263916
  ],
  "amp_mean_y": [
    0.965578556060791,
    0.6321292519569397
  ],
  "symmetry_ratio": [
    0.4495890736579895,
    0.8080231547355652
  ],
  "energy_distribution": [
    0.2245878279209137,
    0.29436779022216797
  ],
  "motion_stability": [
    1.9962767362594604,
    2.316293239593506
  ],
  "freq_entropy": [
    9.717694282531738,
    9.664081573486328
  ]
}