{
  "dominant_freq": [
    0.11666666666666667,
    0.1,
    0.1
  ],
  "amp_mean_x": [
    0.02941354550421238,
    0.07112058997154236,
    0.05795176327228546
  ],
  "amp_mean_y": [
    0.064121313393116,
    0.20136570930480957,
    0.043127041310071945
  ],
  "symmetry_ratio": [
    0.45871713757514954,
    0.35319116711616516,
    1.3437453508377075
  ],
  "energy_distribution": [
    0.35191166400909424,
    0.845287561416626,
    0.4477313458919525
  ],
  "motion_stability": [
    1.1650131940841675,
    3.0569651126861572,
    1.6369221210479736
  ],
  "freq_entropy": [
    8.38442325592041,
    6.430976390838623,
    7.597574710845947
  ]
}