{
  "dominant_freq": [
    1.3658558794404545,
    0.7906440454620327
  ],
  "amp_mean_x": [
    0.6937658190727234,
    0.5380651354789734
  ],
  "amp_mean_y": [
    1.5635604858398438,
    0.9733877182006836
  ],
  "symmetry_ratio": [
    0.44370898604393005,
    0.5527757406234741
  ],
  "energy_distribution": [
    0.20792928338050842,
    0.2366533875465393
  ],
  "motion_stability": [
    4.106110572814941,
    2.5643224716186523
  ],
  "freq_entropy": [
    10.242593765258789,
    10.202424049377441
  ]
}