{
  "dominant_freq": [
    4.149299232736572,
    5.683390149892934
  ],
  "amp_mean_x": [
    0.3646318316459656,
    0.8371307253837585
  ],
  "amp_mean_y": [
    0.5567770600318909,
    1.5113754272460938
  ],
  "symmetry_ratio": [
    0.6548973917961121,
    0.5538867115974426
  ],
  "energy_distribution": [
    0.1950797736644745,
    0.18238678574562073
  ],
  "motion_stability": [
    3.97202205657959,
    2.063744068145752
  ],
  "freq_entropy": [
    10.364328384399414,
    10.324844360351562
  ]
}