{
  "dominant_freq": [
    5.034965034965035,
    0.29970029970029965
  ],
  "amp_mean_x": [
    0.24254368245601654,
    0.39322179555892944
  ],
  "amp_mean_y": [
    0.3383861482143402,
    0.5794274806976318
  ],
  "symmetry_ratio": [
    0.7167659997940063,
    0.6786385178565979
  ],
  "energy_distribution": [
    0.2668645679950714,
    0.29625335335731506
  ],
  "motion_stability": [
    1.3840326070785522,
    1.1395418643951416
  ],
  "freq_entropy": [
    9.004531860351562,
    8.97418212890625
  ]
}