{
  "dominant_freq": [
    0.12658922914466736,
    0.12632244467860904,
    0.9590399999999999
  ],
  "amp_mean_x": [
    0.06368086487054825,
    0.16620008647441864,
    0.16555476188659668
  ],
  "amp_mean_y": [
    0.20837566256523132,
    0.27377593517303467,
    0.20185092091560364
  ],
  "symmetry_ratio": [
    0.30560606718063354,
    0.6070660948753357,
    0.8201833367347717
  ],
  "energy_distribution": [
    0.4043619632720947,
    0.5387194156646729,
    0.2011307030916214
  ],
  "motion_stability": [
    1.8054119348526,
    2.17915415763855,
    1.61228609085083
  ],
  "freq_entropy": [
    8.574575424194336,
    8.41092300415039,
    9.009355545043945
  ]
}