{
  "dominant_freq": [
    2.7229885714285715,
    2.45754
  ],
  "amp_mean_x": [
    0.23161175847053528,
    0.13777197897434235
  ],
  "amp_mean_y": [
    0.4295814335346222,
    0.25117024779319763
  ],
  "symmetry_ratio": [
    0.5391567945480347,
    0.5485203266143799
  ],
  "energy_distribution": [
    0.20951344072818756,
    0.17696651816368103
  ],
  "motion_stability": [
    1.5963380336761475,
    1.6217772960662842
  ],
  "freq_entropy": [
    9.622108459472656,
    9.4542236328125
  ]
}