{
  "dominant_freq": [
    0.7192799999999999,
    4.086122553191489
  ],
  "amp_mean_x": [
    0.06492643058300018,
    0.06546209752559662
  ],
  "amp_mean_y": [
    0.11534536629915237,
    0.1457720249891281
  ],
  "symmetry_ratio": [
    0.5628871917724609,
    0.4490717351436615
  ],
  "energy_distribution": [
    0.207766592502594,
    0.21416552364826202
  ],
  "motion_stability": [
    1.875091552734375,
    1.2453616857528687
  ],
  "freq_entropy": [
    10.363447189331055,
    10.192442893981934
  ]
}