{
  "dominant_freq": [
    6.79980733285406,
    0.14577682403433476
  ],
  "amp_mean_x": [
    0.5947150588035583,
    0.8479503989219666
  ],
  "amp_mean_y": [
    1.4763585329055786,
    2.071876287460327
  ],
  "symmetry_ratio": [
    0.40282562375068665,
    0.4092669188976288
  ],
  "energy_distribution": [
    0.19052502512931824,
    0.20870135724544525
  ],
  "motion_stability": [
    1.9592924118041992,
    2.3732657432556152
  ],
  "freq_entropy": [
    9.611531257629395,
    9.611014366149902
  ]
}