{
  "dominant_freq": [
    0.4744187234042553,
    0.48993103448275854
  ],
  "amp_mean_x": [
    0.26000237464904785,
    0.45075884461402893
  ],
  "amp_mean_y": [
    0.23695489764213562,
    0.32721105217933655
  ],
  "symmetry_ratio": [
    1.0972652435302734,
    1.3775782585144043
  ],
  "energy_distribution": [
    0.21900515258312225,
    0.20755377411842346
  ],
  "motion_stability": [
    1.3480818271636963,
    1.3536629676818848
  ],
  "freq_entropy": [
    10.115921020507812,
    10.275184631347656
  ]
}