{
  "dominant_freq": [
    6.7637557894736835,
    0.11357052631578946,
    0.5299957894736842
  ],
  "amp_mean_x": [
    0.08835291862487793,
    0.18698261678218842,
    0.19373683631420135
  ],
  "amp_mean_y": [
    0.20995695888996124,
    0.19233213365077972,
    0.18014830350875854
  ],
  "symmetry_ratio": [
    0.4208144247531891,
    0.9721860289573669,
    1.0754296779632568
  ],
  "energy_distribution": [
    0.23306022584438324,
    0.29917892813682556,
    0.216764897108078
  ],
  "motion_stability": [
    1.9250450134277344,
    1.3657362461090088,
    1.2627538442611694
  ],
  "freq_entropy": [
    9.014726638793945,
    8.814616203308105,
    8.982481956481934
  ]
}