{
  "dominant_freq": [
    3.1166666666666663,
    1.3175450300200133
  ],
  "amp_mean_x": [
    0.581947386264801,
    0.3842823803424835
  ],
  "amp_mean_y": [
    1.5305843353271484,
    1.0922091007232666
  ],
  "symmetry_ratio": [
    0.38021254539489746,
    0.3518395721912384
  ],
  "energy_distribution": [
    0.21716247498989105,
    0.2069614827632904
  ],
  "motion_stability": [
    2.932896137237549,
    1.6619224548339844
  ],
  "freq_entropy": [
    9.624794006347656,
    9.633461952209473
  ]
}