{
  "dominant_freq": [
    3.3091922005571033,
    3.9922048997772825
  ],
  "amp_mean_x": [
    0.39991119503974915,
    1.2215384244918823
  ],
  "amp_mean_y": [
    0.40931203961372375,
    0.7424337863922119
  ],
  "symmetry_ratio": [
    0.9770326018333435,
    1.6453163623809814
  ],
  "energy_distribution": [
    0.3342485725879669,
    0.5087900757789612
  ],
  "motion_stability": [
    3.2539281845092773,
    2.766401767730713
  ],
  "freq_entropy": [
    9.435747146606445,
    8.831860542297363
  ]
}