{
  "dominant_freq": [
    3.8582068965517236,
    2.0022564976565826
  ],
  "amp_mean_x": [
    0.28572991490364075,
    0.48737338185310364
  ],
  "amp_mean_y": [
    0.4760376811027527,
    0.7492884397506714
  ],
  "symmetry_ratio": [
    0.6002253890037537,
    0.6504482626914978
  ],
  "energy_distribution": [
    0.21356044709682465,
    0.19847874343395233
  ],
  "motion_stability": [
    2.4315919876098633,
    1.6590137481689453
  ],
  "freq_entropy": [
    10.32552719116211,
    10.279189109802246
  ]
}