{
  "dominant_freq": [
    0.10234541577825161,
    2.0864067439409903,
    0.5557894736842105
  ],
  "amp_mean_x": [
    1.024629831314087,
    1.5956087112426758,
    0.43775492906570435
  ],
  "amp_mean_y": [
    0.7740182280540466,
    0.7224838733673096,
    0.33680883049964905
  ],
  "symmetry_ratio": [
    1.3237799406051636,
    2.2085041999816895,
    1.299713373184204
  ],
  "energy_distribution": [
    0.39188021421432495,
    0.4465363621711731,
    0.20242685079574585
  ],
  "motion_stability": [
    4.317524433135986,
    5.845515251159668,
    1.8285200595855713
  ],
  "freq_entropy": [
    8.600044250488281,
    8.371849060058594,
    9.025835037231445
  ]
}