{
  "dominant_freq": [
    1.7154889267461668,
    3.7851472340425527
  ],
  "amp_mean_x": [
    0.2541063129901886,
    0.26671460270881653
  ],
  "amp_mean_y": [
    0.33701223134994507,
    0.3211915194988251
  ],
  "symmetry_ratio": [
    0.7539973258972168,
    0.8303911685943604
  ],
  "energy_distribution": [
    0.2558092772960663,
    0.2506241500377655
  ],
  "motion_stability": [
    3.8960094451904297,
    4.0373663902282715
  ],
  "freq_entropy": [
    10.291685104370117,
    10.31116008758545
  ]
}