{
  "dominant_freq": [
    2.244561702127659,
    0.4744187234042553
  ],
  "amp_mean_x": [
    0.33256399631500244,
    0.3379196524620056
  ],
  "amp_mean_y": [
    0.28332388401031494,
    0.30138272047042847
  ],
  "symmetry_ratio": [
    1.1737943887710571,
    1.121230959892273
  ],
  "energy_distribution": [
    0.20237192511558533,
    0.2177876979112625
  ],
  "motion_stability": [
    1.8477418422698975,
    1.2499475479125977
  ],
  "freq_entropy": [
    10.311506271362305,
    10.155728340148926
  ]
}