{
  "dominant_freq": [
    2.965319238900634,
    0.34071157894736837,
    1.1987999999999999
  ],
  "amp_mean_x": [
    0.399277925491333,
    0.24038784205913544,
    0.1524963229894638
  ],
  "amp_mean_y": [
    0.4271226227283478,
    0.439822793006897,
    0.39268022775650024
  ],
  "symmetry_ratio": [
    0.9348086714744568,
    0.5465561151504517,
    0.3883473575115204
  ],
  "energy_distribution": [
    0.2920847237110138,
    0.1976998746395111,
    0.23536327481269836
  ],
  "motion_stability": [
    3.274583578109741,
    1.9995965957641602,
    1.823997974395752
  ],
  "freq_entropy": [
    9.00791072845459,
    9.042337417602539,
    8.991300582885742
  ]
}