{
  "dominant_freq": [
    1.792189608021878,
    3.7249605866177817
  ],
  "amp_mean_x": [
    0.5654298663139343,
    0.5634307861328125
  ],
  "amp_mean_y": [
    1.671433448791504,
    1.4602210521697998
  ],
  "symmetry_ratio": [
    0.33829039335250854,
    0.3858530819416046
  ],
  "energy_distribution": [
    0.26039230823516846,
    0.2505432367324829
  ],
  "motion_stability": [
    2.7701079845428467,
    2.2686660289764404
  ],
  "freq_entropy": [
    9.217662811279297,
    8.886260986328125
  ]
}