{
  "dominant_freq": [
    0.10424358250445208,
    3.2484997519962553
  ],
  "amp_mean_x": [
    0.1358531415462494,
    0.4873119294643402
  ],
  "amp_mean_y": [
    0.2952251732349396,
    0.4170630872249603
  ],
  "symmetry_ratio": [
    0.46016788482666016,
    1.1684370040893555
  ],
  "energy_distribution": [
    0.2242981642484665,
    0.5146342515945435
  ],
  "motion_stability": [
    2.1679840087890625,
    3.2605879306793213
  ],
  "freq_entropy": [
    9.35377311706543,
    8.686342239379883
  ]
}