{
  "dominant_freq": [
    0.2907730567305035,
    0.40506969506114077
  ],
  "amp_mean_x": [
    0.27791327238082886,
    1.1314129829406738
  ],
  "amp_mean_y": [
    0.15590225160121918,
    1.1495012044906616
  ],
  "symmetry_ratio": [
    1.7826123237609863,
    0.9842643141746521
  ],
  "energy_distribution": [
    0.42369702458381653,
    0.27721714973449707
  ],
  "motion_stability": [
    1.4200940132141113,
    4.601755619049072
  ],
  "freq_entropy": [
    9.890753746032715,
    10.248420715332031
  ]
}