{
  "dominant_freq": [
    0.11732936170212764,
    0.11222808510638296
  ],
  "amp_mean_x": [
    0.12717215716838837,
    0.15420378744602203
  ],
  "amp_mean_y": [
    0.20146465301513672,
    0.41914477944374084
  ],
  "symmetry_ratio": [
    0.6312380433082581,
    0.3679009974002838
  ],
  "energy_distribution": [
    0.21430987119674683,
    0.43892788887023926
  ],
  "motion_stability": [
    1.9824037551879883,
    1.7344757318496704
  ],
  "freq_entropy": [
    10.342885971069336,
    10.201573371887207
  ]
}