{
  "dominant_freq": [
    2.917933130699088,
    0.13434841021047916
  ],
  "amp_mean_x": [
    0.2509556710720062,
    0.9597405791282654
  ],
  "amp_mean_y": [
    0.32403314113616943,
    1.1220036745071411
  ],
  "symmetry_ratio": [
    0.7744753360748291,
    0.8553809523582458
  ],
  "energy_distribution": [
    0.23123230040073395,
    0.2514602541923523
  ],
  "motion_stability": [
    1.6924617290496826,
    3.5318455696105957
  ],
  "freq_entropy": [
    10.302433013916016,
    10.297059059143066
  ]
}