{
  "dominant_freq": [
    3.9244926315789463,
    6.334711578947368,
    3.1487468354430375
  ],
  "amp_mean_x": [
    0.08421828597784042,
    0.15761831402778625,
    0.11046204715967178
  ],
  "amp_mean_y": [
    0.2710016369819641,
    0.3074289560317993,
    0.19501681625843048
  ],
  "symmetry_ratio": [
    0.31076669692993164,
    0.5126983523368835,
    0.5664231777191162
  ],
  "energy_distribution": [
    0.1923886388540268,
    0.16372983157634735,
    0.1752089112997055
  ],
  "motion_stability": [
    1.5876424312591553,
    1.676215648651123,
    1.7620277404785156
  ],
  "freq_entropy": [
    8.983342170715332,
    9.027928352355957,
    9.021599769592285
  ]
}