{
  "dominant_freq": [
    3.433162582098752,
    2.8922484165450912
  ],
  "amp_mean_x": [
    0.21199925243854523,
    0.38482099771499634
  ],
  "amp_mean_y": [
    0.10694072395563126,
    0.3256334662437439
  ],
  "symmetry_ratio": [
    1.982399582862854,
    1.1817612648010254
  ],
  "energy_distribution": [
    0.3656959533691406,
    0.3282054364681244
  ],
  "motion_stability": [
    1.5634851455688477,
    4.557217121124268
  ],
  "freq_entropy": [
    10.024477005004883,
    10.108083724975586
  ]
}