{
  "dominant_freq": [
    2.441053304904051,
    3.082628571428571,
    2.384981052631579
  ],
  "amp_mean_x": [
    0.9733184576034546,
    0.1357959508895874,
    0.08294542878866196
  ],
  "amp_mean_y": [
    1.4024897813796997,
    0.27007049322128296,
    0.16996562480926514
  ],
  "symmetry_ratio": [
    0.6939932703971863,
    0.5028166770935059,
    0.48801296949386597
  ],
  "energy_distribution": [
    0.21753932535648346,
    0.2120920866727829,
    0.19827663898468018
  ],
  "motion_stability": [
    4.200926780700684,
    3.6472134590148926,
    1.3772222995758057
  ],
  "freq_entropy": [
    8.950502395629883,
    8.975430488586426,
    8.968600273132324
  ]
}