{
  "dominant_freq": [
    6.833166833166834,
    4.49435091467424
  ],
  "amp_mean_x": [
    0.21493734419345856,
    0.3555239737033844
  ],
  "amp_mean_y": [
    0.5105621218681335,
    1.256496548652649
  ],
  "symmetry_ratio": [
    0.420981764793396,
    0.2829486131668091
  ],
  "energy_distribution": [
    0.20997801423072815,
    0.22279196977615356
  ],
  "motion_stability": [
    2.0029640197753906,
    1.3743820190429688
  ],
  "freq_entropy": [
    9.523038864135742,
    9.381714820861816
  ]
}