{
  "dominant_freq": [
    0.2905263157894737,
    0.3031578947368421,
    1.5679662802950474
  ],
  "amp_mean_x": [
    0.25171881914138794,
    0.48952579498291016,
    0.36952733993530273
  ],
  "amp_mean_y": [
    0.2020454853773117,
    0.2570320963859558,
    0.2654125392436981
  ],
  "symmetry_ratio": [
    1.2458522319793701,
    1.904531717300415,
    1.392275333404541
  ],
  "energy_distribution": [
    0.22366976737976074,
    0.2462187111377716,
    0.22496967017650604
  ],
  "motion_stability": [
    0.9550105333328247,
    0.9574234485626221,
    0.9747657775878906
  ],
  "freq_entropy": [
    8.894021034240723,
    8.561920166015625,
    8.810781478881836
  ]
}