{
  "dominant_freq": [
    0.6507771428571428,
    2.638219354838709
  ],
  "amp_mean_x": [
    1.3275936841964722,
    0.8254013061523438
  ],
  "amp_mean_y": [
    0.8500230312347412,
    1.0451850891113281
  ],
  "symmetry_ratio": [
    1.5618325471878052,
    0.7897178530693054
  ],
  "energy_distribution": [
    0.2616126239299774,
    0.20226803421974182
  ],
  "motion_stability": [
    2.0474681854248047,
    2.6846060752868652
  ],
  "freq_entropy": [
    9.453453063964844,
    9.451326370239258
  ]
}