{
  "dominant_freq": [
    0.10311493018259936,
    0.31578947368421056,
    0.328421052631579
  ],
  "amp_mean_x": [
    1.7558716535568237,
    0.2335621565580368,
    0.15624260902404785
  ],
  "amp_mean_y": [
    2.3394370079040527,
    0.33473607897758484,
    0.2369661033153534
  ],
  "symmetry_ratio": [
    0.7505530714988708,
    0.6977501511573792,
    0.659345805644989
  ],
  "energy_distribution": [
    0.4245091676712036,
    0.3755054771900177,
    0.2763388454914093
  ],
  "motion_stability": [
    5.8222246170043945,
    3.1129865646362305,
    1.396683692932129
  ],
  "freq_entropy": [
    8.490188598632812,
    8.71337890625,
    8.994600296020508
  ]
}