{
  "dominant_freq": [
    3.3346725592607473,
    4.964859437751004
  ],
  "amp_mean_x": [
    0.7618005871772766,
    1.0918282270431519
  ],
  "amp_mean_y": [
    0.95528644323349,
    1.672755479812622
  ],
  "symmetry_ratio": [
    0.797457754611969,
    0.6527124047279358
  ],
  "energy_distribution": [
    0.1985606700181961,
    0.257293701171875
  ],
  "motion_stability": [
    3.4398303031921387,
    3.854020118713379
  ],
  "freq_entropy": [
    10.404818534851074,
    10.34121322631836
  ]
}