{
  "dominant_freq": [
    4.569358159912377,
    5.646613277133824,
    4.7167974683544305
  ],
  "amp_mean_x": [
    4.002729892730713,
    0.3988487124443054,
    0.3171192407608032
  ],
  "amp_mean_y": [
    7.3284912109375,
    0.7407674789428711,
    0.503825843334198
  ],
  "symmetry_ratio": [
    0.5461874604225159,
    0.5384263396263123,
    0.6294223666191101
  ],
  "energy_distribution": [
    0.16945107281208038,
    0.16483765840530396,
    0.27967074513435364
  ],
  "motion_stability": [
    2.5870604515075684,
    3.9401402473449707,
    2.8094325065612793
  ],
  "freq_entropy": [
    8.947822570800781,
    9.107404708862305,
    9.094943046569824
  ]
}