{
  "dominant_freq": [
    6.2475096774193535,
    0.10304871060171919
  ],
  "amp_mean_x": [
    0.5300907492637634,
    0.9319409728050232
  ],
  "amp_mean_y": [
    0.3711201250553131,
    0.918699324131012
  ],
  "symmetry_ratio": [
    1.4283535480499268,
    1.0144134759902954
  ],
  "energy_distribution": [
    0.189237579703331,
    0.23905210196971893
  ],
  "motion_stability": [
    3.0491795539855957,
    2.735269069671631
  ],
  "freq_entropy": [
    9.618934631347656,
    9.426365852355957
  ]
}