{
  "dominant_freq": [
    0.10105263157894738,
    0.12644889357218125,
    1.856842105263158
  ],
  "amp_mean_x": [
    0.14462938904762268,
    0.1573013961315155,
    0.06653127819299698
  ],
  "amp_mean_y": [
    0.22675904631614685,
    0.28902727365493774,
    0.33074939250946045
  ],
  "symmetry_ratio": [
    0.6378108859062195,
    0.544244110584259,
    0.20115314424037933
  ],
  "energy_distribution": [
    0.42250004410743713,
    0.35762491822242737,
    0.2177148014307022
  ],
  "motion_stability": [
    3.727015733718872,
    1.9829301834106445,
    2.000413417816162
  ],
  "freq_entropy": [
    8.604411125183105,
    9.018302917480469,
    9.02952766418457
  ]
}