{
  "dominant_freq": [
    0.10290128755364807,
    3.8613978947368417,
    3.7099705263157885
  ],
  "amp_mean_x": [
    2.6962509155273438,
    0.24705085158348083,
    0.19878296554088593
  ],
  "amp_mean_y": [
    3.77266788482666,
    0.27046483755111694,
    0.44499266147613525
  ],
  "symmetry_ratio": [
    0.7146801948547363,
    0.9134305715560913,
    0.44671064615249634
  ],
  "energy_distribution": [
    0.5613117814064026,
    0.16240336000919342,
    0.2292582243680954
  ],
  "motion_stability": [
    4.006181240081787,
    3.3317573070526123,
    1.6139529943466187
  ],
  "freq_entropy": [
    8.38182258605957,
    9.086799621582031,
    9.030797958374023
  ]
}