{
  "dominant_freq": [
    0.7117339055793991,
    4.54480686695279
  ],
  "amp_mean_x": [
    0.4270377457141876,
    0.7019083499908447
  ],
  "amp_mean_y": [
    0.7144314646720886,
    0.8557677268981934
  ],
  "symmetry_ratio": [
    0.5977308750152588,
    0.8202089667320251
  ],
  "energy_distribution": [
    0.22094270586967468,
    0.21416151523590088
  ],
  "motion_stability": [
    1.5568346977233887,
    1.477686882019043
  ],
  "freq_entropy": [
    9.583257675170898,
    9.603296279907227
  ]
}