{
  "dominant_freq": [
    0.2905263157894737,
    2.253164556962025,
    3.1705263157894743
  ],
  "amp_mean_x": [
    0.11815302819013596,
    0.08898608386516571,
    0.06232181563973427
  ],
  "amp_mean_y": [
    0.39206671714782715,
    0.5665351152420044,
    0.20653076469898224
  ],
  "symmetry_ratio": [
    0.30135950446128845,
    0.15707072615623474,
    0.3017556071281433
  ],
  "energy_distribution": [
    0.5411198139190674,
    0.6600931286811829,
    0.23801548779010773
  ],
  "motion_stability": [
    3.2398719787597656,
    3.185899496078491,
    1.342740774154663
  ],
  "freq_entropy": [
    8.49881362915039,
    8.230480194091797,
    8.91469955444336
  ]
}