{
  "dominant_freq": [
    0.11131714285714286,
    0.11131714285714286
  ],
  "amp_mean_x": [
    0.09946369379758835,
    0.14882008731365204
  ],
  "amp_mean_y": [
    0.32389891147613525,
    0.383808434009552
  ],
  "symmetry_ratio": [
    0.30708253383636475,
    0.38774573802948
  ],
  "energy_distribution": [
    0.6621741056442261,
    0.3645191490650177
  ],
  "motion_stability": [
    2.4014110565185547,
    2.5133371353149414
  ],
  "freq_entropy": [
    8.07535171508789,
    9.250035285949707
  ]
}