{
  "dominant_freq": [
    3.0246105527638183,
    4.283222967309304
  ],
  "amp_mean_x": [
    0.2340344488620758,
    0.7677162885665894
  ],
  "amp_mean_y": [
    0.5136591196060181,
    1.1237775087356567
  ],
  "symmetry_ratio": [
    0.4556221067905426,
    0.6831568479537964
  ],
  "energy_distribution": [
    0.19029372930526733,
    0.27072861790657043
  ],
  "motion_stability": [
    4.230727195739746,
    4.953337669372559
  ],
  "freq_entropy": [
    9.111913681030273,
    8.680218696594238
  ]
}