{
  "dominant_freq": [
    0.984277894736842,
    2.046423603793466,
    0.5426147368421051
  ],
  "amp_mean_x": [
    0.07164771854877472,
    0.3784066140651703,
    0.12111622840166092
  ],
  "amp_mean_y": [
    0.20810244977474213,
    0.323172926902771,
    0.1327683925628662
  ],
  "symmetry_ratio": [
    0.3442906141281128,
    1.1709105968475342,
    0.9122369289398193
  ],
  "energy_distribution": [
    0.23077256977558136,
    0.2171093076467514,
    0.31027790904045105
  ],
  "motion_stability": [
    1.8526926040649414,
    1.3582426309585571,
    1.4187886714935303
  ],
  "freq_entropy": [
    9.054441452026367,
    8.955339431762695,
    8.83035659790039
  ]
}