{
  "dominant_freq": [
    5.611404255319148,
    2.6094238156209983
  ],
  "amp_mean_x": [
    0.23749937117099762,
    1.0771355628967285
  ],
  "amp_mean_y": [
    0.23220059275627136,
    0.8846303820610046
  ],
  "symmetry_ratio": [
    1.0228198766708374,
    1.2176108360290527
  ],
  "energy_distribution": [
    0.19921903312206268,
    0.4386370778083801
  ],
  "motion_stability": [
    2.1539855003356934,
    3.4030568599700928
  ],
  "freq_entropy": [
    10.331299781799316,
    9.98056411743164
  ]
}