{
  "dominant_freq": [
    4.751857142857143,
    5.114879999999999,
    0.10735522388059701
  ],
  "amp_mean_x": [
    0.6445407867431641,
    1.4388302564620972,
    1.0000463724136353
  ],
  "amp_mean_y": [
    1.8762770891189575,
    2.2073724269866943,
    1.3917690515518188
  ],
  "symmetry_ratio": [
    0.3435211181640625,
    0.6518294215202332,
    0.7185433506965637
  ],
  "energy_distribution": [
    0.2118011713027954,
    0.27015990018844604,
    0.3361908793449402
  ],
  "motion_stability": [
    4.04572868347168,
    2.9076550006866455,
    3.1715331077575684
  ],
  "freq_entropy": [
    10.325278282165527,
    10.315364837646484,
    10.267995834350586
  ]
}