{
  "dominant_freq": [
    0.5052085714285715,
    6.644777142857143
  ],
  "amp_mean_x": [
    0.051430489867925644,
    0.10726870596408844
  ],
  "amp_mean_y": [
    0.11362601071596146,
    0.1640942096710205
  ],
  "symmetry_ratio": [
    0.45262953639030457,
    0.6537019610404968
  ],
  "energy_distribution": [
    0.2345830202102661,
    0.18770794570446014
  ],
  "motion_stability": [
    1.4159491062164307,
    1.9112927913665771
  ],
  "freq_entropy": [
    9.496191024780273,
    9.516234397888184
  ]
}