{
  "dominant_freq": [
    0.4542821052631578,
    3.495448421052631,
    4.391393684210526
  ],
  "amp_mean_x": [
    0.07029297202825546,
    0.1996825486421585,
    0.25205981731414795
  ],
  "amp_mean_y": [
    0.2702065110206604,
    0.3275766670703888,
    0.47309255599975586
  ],
  "symmetry_ratio": [
    0.260145366191864,
    0.6095750331878662,
    0.532791793346405
  ],
  "energy_distribution": [
    0.21695707738399506,
    0.22190415859222412,
    0.1920119971036911
  ],
  "motion_stability": [
    1.280749797821045,
    1.750558853149414,
    1.3260860443115234
  ],
  "freq_entropy": [
    8.99325180053711,
    8.947546005249023,
    8.934825897216797
  ]
}