{
  "dominant_freq": [
    3.0463421617752324,
    1.379605432451751
  ],
  "amp_mean_x": [
    0.8202425241470337,
    0.9561976790428162
  ],
  "amp_mean_y": [
    1.175004243850708,
    0.7208040356636047
  ],
  "symmetry_ratio": [
    0.6980762481689453,
    1.326570987701416
  ],
  "energy_distribution": [
    0.19354532659053802,
    0.30194419622421265
  ],
  "motion_stability": [
    3.6984081268310547,
    1.7855198383331299
  ],
  "freq_entropy": [
    9.705320358276367,
    9.493585586547852
  ]
}