{
  "dominant_freq": [
    4.97000714796283,
    0.10275428571428571
  ],
  "amp_mean_x": [
    0.24629200994968414,
    0.20322079956531525
  ],
  "amp_mean_y": [
    0.5161857604980469,
    0.30892395973205566
  ],
  "symmetry_ratio": [
    0.47713834047317505,
    0.6578343510627747
  ],
  "energy_distribution": [
    0.23611533641815186,
    0.29506856203079224
  ],
  "motion_stability": [
    1.5618585348129272,
    1.4466567039489746
  ],
  "freq_entropy": [
    9.520916938781738,
    9.34807014465332
  ]
}