{
  "dominant_freq": [
    0.12685714285714284,
    0.20361783439490444,
    3.553405063291139
  ],
  "amp_mean_x": [
    1.0435500144958496,
    1.373006820678711,
    0.709349513053894
  ],
  "amp_mean_y": [
    0.6667450666427612,
    1.1067519187927246,
    0.7573845982551575
  ],
  "symmetry_ratio": [
    1.565140962600708,
    1.2405732870101929,
    0.9365776777267456
  ],
  "energy_distribution": [
    0.32751795649528503,
    0.4719773232936859,
    0.2323194295167923
  ],
  "motion_stability": [
    3.9606003761291504,
    2.0415215492248535,
    3.9230594635009766
  ],
  "freq_entropy": [
    8.612653732299805,
    8.619001388549805,
    9.061470031738281
  ]
}