{
  "dominant_freq": [
    3.60969387755102,
    2.066532258064516
  ],
  "amp_mean_x": [
    0.42140713334083557,
    0.9863850474357605
  ],
  "amp_mean_y": [
    1.0057196617126465,
    0.5983148217201233
  ],
  "symmetry_ratio": [
    0.4190105199813843,
    1.6486053466796875
  ],
  "energy_distribution": [
    0.3503894507884979,
    0.7200084924697876
  ],
  "motion_stability": [
    3.736668109893799,
    2.6605443954467773
  ],
  "freq_entropy": [
    9.020304679870605,
    7.608593940734863
  ]
}