{
  "dominant_freq": [
    1.0084033613445378,
    0.4871453634704518
  ],
  "amp_mean_x": [
    0.2938719391822815,
    1.0366485118865967
  ],
  "amp_mean_y": [
    0.3648749887943268,
    0.8802019953727722
  ],
  "symmetry_ratio": [
    0.8054044246673584,
    1.1777393817901611
  ],
  "energy_distribution": [
    0.30411335825920105,
    0.19539302587509155
  ],
  "motion_stability": [
    1.658677577972412,
    1.95151948928833
  ],
  "freq_entropy": [
    9.655816078186035,
    9.870521545410156
  ]
}