{
  "dominant_freq": [
    6.37,
    0.72
  ],
  "amp_mean_x": [
    0.09660879522562027,
    0.15641750395298004
  ],
  "amp_mean_y": [
    0.20622605085372925,
    0.35761842131614685
  ],
  "symmetry_ratio": [
    0.46846067905426025,
    0.4373866021633148
  ],
  "energy_distribution": [
    0.19014805555343628,
    0.24371345341205597
  ],
  "motion_stability": [
    2.5377397537231445,
    0.8875600099563599
  ],
  "freq_entropy": [
    10.401018142700195,
    10.248692512512207
  ]
}