{
  "dominant_freq": [
    3.2538889681746825,
    4.519507952002232
  ],
  "amp_mean_x": [
    0.30174434185028076,
    0.4581541419029236
  ],
  "amp_mean_y": [
    0.42115193605422974,
    0.7591612339019775
  ],
  "symmetry_ratio": [
    0.7164738178253174,
    0.6035004258155823
  ],
  "energy_distribution": [
    0.19859103858470917,
    0.22591760754585266
  ],
  "motion_stability": [
    2.48270320892334,
    2.5756311416625977
  ],
  "freq_entropy": [
    9.89319133758545,
    9.815006256103516
  ]
}