{
  "dominant_freq": [
    2.460694736842105,
    4.681629473684209,
    5.236863157894737
  ],
  "amp_mean_x": [
    0.08018121123313904,
    0.1604863554239273,
    0.08409193903207779
  ],
  "amp_mean_y": [
    0.10362521559000015,
    0.10675649344921112,
    0.11308533698320389
  ],
  "symmetry_ratio": [
    0.7737615704536438,
    1.5032936334609985,
    0.7436148524284363
  ],
  "energy_distribution": [
    0.2227366417646408,
    0.1949487179517746,
    0.22135935723781586
  ],
  "motion_stability": [
    1.3453469276428223,
    1.0951595306396484,
    1.5126168727874756
  ],
  "freq_entropy": [
    8.983144760131836,
    8.878929138183594,
    8.929811477661133
  ]
}