{
  "dominant_freq": [
    0.11349585798816567,
    0.284750593824228,
    7.131547445255473
  ],
  "amp_mean_x": [
    0.5226194262504578,
    0.6937354207038879,
    1.2146053314208984
  ],
  "amp_mean_y": [
    0.9376327395439148,
    1.572615146636963,
    2.4640016555786133
  ],
  "symmetry_ratio": [
    0.557381808757782,
    0.44113489985466003,
    0.49294015765190125
  ],
  "energy_distribution": [
    0.3150768578052521,
    0.23619772493839264,
    0.1662638932466507
  ],
  "motion_stability": [
    1.435373306274414,
    1.5858155488967896,
    3.6886684894561768
  ],
  "freq_entropy": [
    8.61629581451416,
    8.748510360717773,
    8.85859203338623
  ]
}