{
  "dominant_freq": [
    0.10180275715800637,
    0.2778947368421053,
    3.1181102362204727
  ],
  "amp_mean_x": [
    0.6269088983535767,
    0.3715369999408722,
    0.08143363147974014
  ],
  "amp_mean_y": [
    1.2723251581192017,
    0.30114296078681946,
    0.1800737977027893
  ],
  "symmetry_ratio": [
    0.4927269518375397,
    1.233756184577942,
    0.45222365856170654
  ],
  "energy_distribution": [
    0.35828617215156555,
    0.2053138166666031,
    0.32849523425102234
  ],
  "motion_stability": [
    3.602550983428955,
    1.3943700790405273,
    1.2338087558746338
  ],
  "freq_entropy": [
    8.514168739318848,
    9.009355545043945,
    8.63327693939209
  ]
}