{
  "dominant_freq": [
    0.3154736842105263,
    0.1009515789473684,
    3.6342568421052626
  ],
  "amp_mean_x": [
    0.0983462929725647,
    0.08779824525117874,
    0.08411247283220291
  ],
  "amp_mean_y": [
    0.03817687928676605,
    0.03446465730667114,
    0.032217614352703094
  ],
  "symmetry_ratio": [
    2.5760693550109863,
    2.5474863052368164,
    2.610760450363159
  ],
  "energy_distribution": [
    0.21548250317573547,
    0.22215136885643005,
    0.30605316162109375
  ],
  "motion_stability": [
    1.0822834968566895,
    1.1510982513427734,
    1.2858517169952393
  ],
  "freq_entropy": [
    8.961894989013672,
    8.90853500366211,
    8.847664833068848
  ]
}