{
  "dominant_freq": [
    0.3467336683417085,
    0.5365649811951525
  ],
  "amp_mean_x": [
    0.8618530035018921,
    0.4719090759754181
  ],
  "amp_mean_y": [
    1.0262696743011475,
    0.6001743674278259
  ],
  "symmetry_ratio": [
    0.8397919535636902,
    0.7862865924835205
  ],
  "energy_distribution": [
    0.3426855206489563,
    0.24756589531898499
  ],
  "motion_stability": [
    3.27085018157959,
    2.7552037239074707
  ],
  "freq_entropy": [
    9.857078552246094,
    10.36363410949707
  ]
}