{
  "dominant_freq": [
    0.1009515789473684,
    0.1009515789473684,
    0.9863544303797467
  ],
  "amp_mean_x": [
    0.07884702831506729,
    0.06785188615322113,
    0.6791388392448425
  ],
  "amp_mean_y": [
    0.23554113507270813,
    0.11385968327522278,
    1.2863959074020386
  ],
  "symmetry_ratio": [
    0.33474844694137573,
    0.5959254503250122,
    0.5279392004013062
  ],
  "energy_distribution": [
    0.5284009575843811,
    0.23417514562606812,
    0.2341877818107605
  ],
  "motion_stability": [
    1.4517650604248047,
    1.556673526763916,
    1.5275311470031738
  ],
  "freq_entropy": [
    7.995303153991699,
    8.940019607543945,
    8.933706283569336
  ]
}