{
  "dominant_freq": [
    0.2778947368421053,
    3.0821052631578953,
    2.035827186512118
  ],
  "amp_mean_x": [
    0.26056206226348877,
    0.19431598484516144,
    0.4566137492656708
  ],
  "amp_mean_y": [
    0.35466283559799194,
    0.47678816318511963,
    0.8426181674003601
  ],
  "symmetry_ratio": [
    0.734675407409668,
    0.407552033662796,
    0.541898787021637
  ],
  "energy_distribution": [
    0.33326032757759094,
    0.20900000631809235,
    0.21256586909294128
  ],
  "motion_stability": [
    1.27260422706604,
    1.2935518026351929,
    2.196950912475586
  ],
  "freq_entropy": [
    8.873497009277344,
    9.027137756347656,
    9.112445831298828
  ]
}