{
  "dominant_freq": [
    0.14406180257510728,
    0.1534955185659411
  ],
  "amp_mean_x": [
    0.6161444783210754,
    0.699785590171814
  ],
  "amp_mean_y": [
    0.8730484247207642,
    0.6560521125793457
  ],
  "symmetry_ratio": [
    0.7057392001152039,
    1.0666615962982178
  ],
  "energy_distribution": [
    0.33178237080574036,
    0.37761610746383667
  ],
  "motion_stability": [
    7.517866611480713,
    6.081474304199219
  ],
  "freq_entropy": [
    10.105018615722656,
    10.013185501098633
  ]
}