{
  "dominant_freq": [
    0.9
  ],
  "amp_mean_x": [
    0.08135604113340378
  ],
  "amp_mean_y": [
    0.10930660367012024
  ],
  "symmetry_ratio": [
    0.7442920804023743
  ],
  "energy_distribution": [
    0.19490203261375427
  ],
  "motion_stability": [
    2.191129446029663
  ],
  "freq_entropy": [
    10.392423629760742
  ]
}