{
  "dominant_freq": [
    3.8605423728813557,
    4.767379746835443,
    5.264571428571428
  ],
  "amp_mean_x": [
    1.2445567846298218,
    0.8725571036338806,
    0.4377468228340149
  ],
  "amp_mean_y": [
    2.1663196086883545,
    0.9157564043998718,
    0.9349023103713989
  ],
  "symmetry_ratio": [
    0.5745028257369995,
    0.9528266191482544,
    0.4682273268699646
  ],
  "energy_distribution": [
    0.16931770741939545,
    0.23004232347011566,
    0.14602239429950714
  ],
  "motion_stability": [
    2.9802565574645996,
    3.145158290863037,
    2.399405002593994
  ],
  "freq_entropy": [
    9.043004035949707,
    9.053577423095703,
    9.0241117477417
  ]
}