{
  "dominant_freq": [
    0.48808285714285715,
    3.5131259044862513
  ],
  "amp_mean_x": [
    0.5024340152740479,
    2.3594679832458496
  ],
  "amp_mean_y": [
    0.4977225065231323,
    2.324781656265259
  ],
  "symmetry_ratio": [
    1.0094661712646484,
    1.0149202346801758
  ],
  "energy_distribution": [
    0.24051740765571594,
    0.3229367136955261
  ],
  "motion_stability": [
    1.440680980682373,
    2.095452070236206
  ],
  "freq_entropy": [
    9.507390022277832,
    9.08071517944336
  ]
}