{
  "dominant_freq": [
    3.587368421052632,
    0.48000000000000004,
    3.006315789473685
  ],
  "amp_mean_x": [
    0.16497479379177094,
    0.28795164823532104,
    0.4686957895755768
  ],
  "amp_mean_y": [
    0.5068067312240601,
    0.5146604776382446,
    0.6750229597091675
  ],
  "symmetry_ratio": [
    0.3255181610584259,
    0.5594982504844666,
    0.6943405270576477
  ],
  "energy_distribution": [
    0.22791193425655365,
    0.3624458611011505,
    0.27196136116981506
  ],
  "motion_stability": [
    1.7471578121185303,
    1.161442756652832,
    2.2708849906921387
  ],
  "freq_entropy": [
    8.858438491821289,
    8.38417911529541,
    9.027116775512695
  ]
}