{
  "dominant_freq": [
    0.35000000000000003,
    0.6000000000000001,
    3.1963087248322144,
    3.0
  ],
  "amp_mean_x": [
    0.2272091656923294,
    0.09955846518278122,
    0.6432657837867737,
    0.15686064958572388
  ],
  "amp_mean_y": [
    0.19877992570400238,
    0.10739695280790329,
    0.7713938355445862,
    0.1551487296819687
  ],
  "symmetry_ratio": [
    1.1430187225341797,
    0.9270138740539551,
    0.8339006304740906,
    1.0110340118408203
  ],
  "energy_distribution": [
    0.27234238386154175,
    0.19043533504009247,
    0.30305027961730957,
    0.19994431734085083
  ],
  "motion_stability": [
    1.295654058456421,
    1.620482087135315,
    5.646204948425293,
    1.7538504600524902
  ],
  "freq_entropy": [
    7.93814754486084,
    7.948790073394775,
    7.801336288452148,
    8.001091957092285
  ]
}