{
  "dominant_freq": [
    0.12632244467860904,
    0.29023578947368417,
    0.30285473684210523
  ],
  "amp_mean_x": [
    0.23810306191444397,
    0.15928517282009125,
    0.09076333791017532
  ],
  "amp_mean_y": [
    0.2954462766647339,
    0.1790160983800888,
    0.1542961299419403
  ],
  "symmetry_ratio": [
    0.8059098124504089,
    0.8897812962532043,
    0.5882411599159241
  ],
  "energy_distribution": [
    0.2723860442638397,
    0.42150500416755676,
    0.29669198393821716
  ],
  "motion_stability": [
    2.7865283489227295,
    1.6176599264144897,
    1.5271687507629395
  ],
  "freq_entropy": [
    8.593086242675781,
    8.346285820007324,
    8.627296447753906
  ]
}