{
  "dominant_freq": [
    0.34375,
    4.697916666666666
  ],
  "amp_mean_x": [
    0.05525507777929306,
    0.07826867699623108
  ],
  "amp_mean_y": [
    0.07237664610147476,
    0.12456129491329193
  ],
  "symmetry_ratio": [
    0.7634379267692566,
    0.6283547282218933
  ],
  "energy_distribution": [
    0.20554997026920319,
    0.21001318097114563
  ],
  "motion_stability": [
    1.7145144939422607,
    5.565698146820068
  ],
  "freq_entropy": [
    9.286415100097656,
    9.477066040039062
  ]
}