{
  "dominant_freq": [
    0.11222808510638296,
    0.127531914893617,
    4.325882553191489
  ],
  "amp_mean_x": [
    0.1698671579360962,
    0.5183860659599304,
    0.339711457490921
  ],
  "amp_mean_y": [
    0.2941402494907379,
    0.6564516425132751,
    0.9824144244194031
  ],
  "symmetry_ratio": [
    0.5775039792060852,
    0.7896789908409119,
    0.34579241275787354
  ],
  "energy_distribution": [
    0.3125118017196655,
    0.3223162889480591,
    0.18682487308979034
  ],
  "motion_stability": [
    1.978391170501709,
    1.9182381629943848,
    2.1751790046691895
  ],
  "freq_entropy": [
    10.048788070678711,
    10.187410354614258,
    10.270904541015625
  ]
}