{
  "dominant_freq": [
    0.26155662519298883,
    0.4577240940877304
  ],
  "amp_mean_x": [
    0.29181724786758423,
    0.564720630645752
  ],
  "amp_mean_y": [
    0.4124061167240143,
    0.4418381154537201
  ],
  "symmetry_ratio": [
    0.7075967788696289,
    1.2781165838241577
  ],
  "energy_distribution": [
    0.25044578313827515,
    0.2902083992958069
  ],
  "motion_stability": [
    1.8854259252548218,
    1.9359409809112549
  ],
  "freq_entropy": [
    9.208948135375977,
    9.01231575012207
  ]
}