{
  "dominant_freq": [
    1.6741854636591478,
    0.2857142857142857
  ],
  "amp_mean_x": [
    0.1406896859407425,
    0.693607747554779
  ],
  "amp_mean_y": [
    0.36243394017219543,
    0.9144074320793152
  ],
  "symmetry_ratio": [
    0.3881802260875702,
    0.7585324645042419
  ],
  "energy_distribution": [
    0.21595631539821625,
    0.3951224982738495
  ],
  "motion_stability": [
    3.5285630226135254,
    4.414311408996582
  ],
  "freq_entropy": [
    9.379927635192871,
    9.339937210083008
  ]
}