{
  "dominant_freq": [
    6.133737423312883,
    0.329053025577043
  ],
  "amp_mean_x": [
    1.1571329832077026,
    1.5645240545272827
  ],
  "amp_mean_y": [
    2.165858745574951,
    3.06777024269104
  ],
  "symmetry_ratio": [
    0.5342605710029602,
    0.5099873542785645
  ],
  "energy_distribution": [
    0.19429701566696167,
    0.20021116733551025
  ],
  "motion_stability": [
    2.913033962249756,
    3.6437783241271973
  ],
  "freq_entropy": [
    9.836934089660645,
    9.816606521606445
  ]
}