{
  "dominant_freq": [
    3.456382553021208
  ],
  "amp_mean_x": [
    0.24461019039154053
  ],
  "amp_mean_y": [
    0.4000566005706787
  ],
  "symmetry_ratio": [
    0.6114389300346375
  ],
  "energy_distribution": [
    0.311651349067688
  ],
  "motion_stability": [
    3.5774543285369873
  ],
  "freq_entropy": [
    10.359521865844727
  ]
}