{
  "dominant_freq": [
    3.924515698062792,
    0.10833333333333334
  ],
  "amp_mean_x": [
    0.3153090178966522,
    0.30383381247520447
  ],
  "amp_mean_y": [
    0.7916951775550842,
    0.7266017198562622
  ],
  "symmetry_ratio": [
    0.39827072620391846,
    0.41815730929374695
  ],
  "energy_distribution": [
    0.18928074836730957,
    0.2755185663700104
  ],
  "motion_stability": [
    1.5863183736801147,
    1.270878791809082
  ],
  "freq_entropy": [
    9.472352981567383,
    9.473663330078125
  ]
}