{
  "dominant_freq": [
    3.6300000000000003,
    0.305,
    5.02
  ],
  "amp_mean_x": [
    0.5864788293838501,
    0.4228171408176422,
    0.23213928937911987
  ],
  "amp_mean_y": [
    0.6540024280548096,
    0.2900453209877014,
    0.25562307238578796
  ],
  "symmetry_ratio": [
    0.8967533111572266,
    1.457762360572815,
    0.9081311821937561
  ],
  "energy_distribution": [
    0.33372461795806885,
    0.3530157804489136,
    0.22970105707645416
  ],
  "motion_stability": [
    4.724580764770508,
    3.858513832092285,
    4.6090474128723145
  ],
  "freq_entropy": [
    9.872554779052734,
    9.332792282104492,
    10.355609893798828
  ]
}