{
  "dominant_freq": [
    1.4081142857142857,
    5.141323498419387,
    2.309267368421052
  ],
  "amp_mean_x": [
    0.5670060515403748,
    0.8576967716217041,
    0.38751065731048584
  ],
  "amp_mean_y": [
    0.3958512246608734,
    0.4876081943511963,
    0.2640823423862457
  ],
  "symmetry_ratio": [
    1.4323716163635254,
    1.7589876651763916,
    1.4673857688903809
  ],
  "energy_distribution": [
    0.24366579949855804,
    0.22732393443584442,
    0.21629148721694946
  ],
  "motion_stability": [
    2.6778602600097656,
    2.168231964111328,
    2.2984557151794434
  ],
  "freq_entropy": [
    9.074766159057617,
    9.01235580444336,
    9.040360450744629
  ]
}