{
  "dominant_freq": [
    0.44891234042553185,
    0.7804953191489361
  ],
  "amp_mean_x": [
    0.07174067199230194,
    0.17499114573001862
  ],
  "amp_mean_y": [
    0.09891407936811447,
    0.19779296219348907
  ],
  "symmetry_ratio": [
    0.7252827286720276,
    0.8847187757492065
  ],
  "energy_distribution": [
    0.20279888808727264,
    0.20492097735404968
  ],
  "motion_stability": [
    1.4717233180999756,
    1.4721555709838867
  ],
  "freq_entropy": [
    10.284540176391602,
    10.269401550292969
  ]
}