{
  "dominant_freq": [
    3.4197347368421047,
    0.13969067796610168,
    6.183284210526315
  ],
  "amp_mean_x": [
    0.4123266041278839,
    0.5628103613853455,
    0.40727975964546204
  ],
  "amp_mean_y": [
    0.33396369218826294,
    0.3500245213508606,
    0.9585784077644348
  ],
  "symmetry_ratio": [
    1.2346450090408325,
    1.6079169511795044,
    0.42487892508506775
  ],
  "energy_distribution": [
    0.3156795799732208,
    0.4849329888820648,
    0.2217826545238495
  ],
  "motion_stability": [
    2.236534595489502,
    1.654565691947937,
    2.557253122329712
  ],
  "freq_entropy": [
    8.995076179504395,
    8.571817398071289,
    9.138936042785645
  ]
}