{
  "dominant_freq": [
    4.933333333333334,
    1.6266666666666667,
    2.106666666666667,
    6.08,
    5.733333333333333,
    4.4
  ],
  "amp_mean_x": [
    0.11009743809700012,
    0.07951391488313675,
    0.06640800088644028,
    0.06523147225379944,
    0.08242189139127731,
    0.06717980653047562
  ],
  "amp_mean_y": [
    0.14587444067001343,
    0.1731637418270111,
    0.0952034443616867,
    0.06991883367300034,
    0.07981136441230774,
    0.09276022762060165
  ],
  "symmetry_ratio": [
    0.7547411322593689,
    0.45918339490890503,
    0.6975377798080444,
    0.9329599738121033,
    1.032708764076233,
    0.7242307066917419
  ],
  "energy_distribution": [
    0.20546594262123108,
    0.1823069155216217,
    0.19363951683044434,
    0.15131354331970215,
    0.21008232235908508,
    0.15409351885318756
  ],
  "motion_stability": [
    2.444857597351074,
    3.485686779022217,
    1.667619228363037,
    1.6133149862289429,
    1.9328362941741943,
    1.7255016565322876
  ],
  "freq_entropy": [
    8.02800464630127,
    8.090620040893555,
    7.891881942749023,
    7.945046424865723,
    7.903735637664795,
    7.992646217346191
  ]
}