{
  "dominant_freq": [
    9.596828873937307,
    6.329670329670329,
    0.959040959040959
  ],
  "amp_mean_x": [
    0.2700888514518738,
    0.239179328083992,
    0.16744467616081238
  ],
  "amp_mean_y": [
    0.5339507460594177,
    0.3684706687927246,
    0.38530758023262024
  ],
  "symmetry_ratio": [
    0.5058310031890869,
    0.6491135954856873,
    0.43457403779029846
  ],
  "energy_distribution": [
    0.22213511168956757,
    0.17552323639392853,
    0.2595128118991852
  ],
  "motion_stability": [
    2.4240212440490723,
    1.545241117477417,
    0.9583307504653931
  ],
  "freq_entropy": [
    8.668754577636719,
    8.627022743225098,
    8.549674034118652
  ]
}