{
  "dominant_freq": [
    1.0726105263157895,
    0.1751056179775281,
    2.4767539936102234
  ],
  "amp_mean_x": [
    0.8229149580001831,
    9.869070053100586,
    1.1367896795272827
  ],
  "amp_mean_y": [
    0.5571069121360779,
    8.305936813354492,
    0.7675554752349854
  ],
  "symmetry_ratio": [
    1.477122187614441,
    1.188194751739502,
    1.4810521602630615
  ],
  "energy_distribution": [
    0.22116991877555847,
    0.2589046061038971,
    0.25328123569488525
  ],
  "motion_stability": [
    1.7502739429473877,
    2.01092529296875,
    2.9497790336608887
  ],
  "freq_entropy": [
    8.987711906433105,
    8.867578506469727,
    9.015411376953125
  ]
}