{
  "dominant_freq": [
    0.3318654173764906,
    0.9645517241379309
  ],
  "amp_mean_x": [
    0.238894984126091,
    0.2817993760108948
  ],
  "amp_mean_y": [
    0.5376269817352295,
    0.4422106444835663
  ],
  "symmetry_ratio": [
    0.44435080885887146,
    0.6372514367103577
  ],
  "energy_distribution": [
    0.2161034345626831,
    0.20547422766685486
  ],
  "motion_stability": [
    1.7435468435287476,
    2.59114933013916
  ],
  "freq_entropy": [
    10.318370819091797,
    10.279870986938477
  ]
}