{
  "dominant_freq": [
    5.468571428571429,
    0.24892703862660942
  ],
  "amp_mean_x": [
    0.11995085328817368,
    0.05281802639365196
  ],
  "amp_mean_y": [
    0.12377303838729858,
    0.12367082387208939
  ],
  "symmetry_ratio": [
    0.9691194295883179,
    0.4270855784416199
  ],
  "energy_distribution": [
    0.190684512257576,
    0.19722822308540344
  ],
  "motion_stability": [
    3.5350499153137207,
    3.1757054328918457
  ],
  "freq_entropy": [
    10.041266441345215,
    9.872003555297852
  ]
}