{
  "dominant_freq": [
    0.281288677193114,
    0.2149856974792927
  ],
  "amp_mean_x": [
    0.4608408808708191,
    0.22530093789100647
  ],
  "amp_mean_y": [
    1.0089505910873413,
    0.7876522541046143
  ],
  "symmetry_ratio": [
    0.4567526876926422,
    0.28604114055633545
  ],
  "energy_distribution": [
    0.29214221239089966,
    0.2344656139612198
  ],
  "motion_stability": [
    2.6678719520568848,
    4.991029739379883
  ],
  "freq_entropy": [
    10.09913158416748,
    10.323261260986328
  ]
}