{
  "dominant_freq": [
    0.47095714285714285,
    0.43670571428571425
  ],
  "amp_mean_x": [
    0.2774263620376587,
    0.23445412516593933
  ],
  "amp_mean_y": [
    0.2662504017353058,
    0.42895081639289856
  ],
  "symmetry_ratio": [
    1.0419753789901733,
    0.5465757846832275
  ],
  "energy_distribution": [
    0.2691602408885956,
    0.3713555335998535
  ],
  "motion_stability": [
    1.5846998691558838,
    1.8951866626739502
  ],
  "freq_entropy": [
    9.309529304504395,
    9.479410171508789
  ]
}