{
  "dominant_freq": [
    0.10297494631352899,
    2.8191937097927084
  ],
  "amp_mean_x": [
    1.012899398803711,
    0.5202907919883728
  ],
  "amp_mean_y": [
    1.1595051288604736,
    0.9042546153068542
  ],
  "symmetry_ratio": [
    0.8735617995262146,
    0.5753808617591858
  ],
  "energy_distribution": [
    0.24775540828704834,
    0.26749539375305176
  ],
  "motion_stability": [
    2.9510393142700195,
    1.500580072402954
  ],
  "freq_entropy": [
    9.561649322509766,
    9.42813491821289
  ]
}