{
  "dominant_freq": [
    0.98568,
    4.58208,
    4.74192,
    0.55944,
    0.10656,
    0.95904
  ],
  "amp_mean_x": [
    0.08240106701850891,
    0.17851440608501434,
    0.269994854927063,
    0.20588038861751556,
    1.2187131643295288,
    0.2187124341726303
  ],
  "amp_mean_y": [
    0.16929487884044647,
    0.1964956521987915,
    0.18299910426139832,
    0.10656674206256866,
    0.3992973864078522,
    0.11798635125160217
  ],
  "symmetry_ratio": [
    0.48673102259635925,
    0.9084903597831726,
    1.4753888845443726,
    1.9319385290145874,
    3.0521440505981445,
    1.8537095785140991
  ],
  "energy_distribution": [
    0.25658175349235535,
    0.323902428150177,
    0.3435097634792328,
    0.3658924698829651,
    0.7648481726646423,
    0.24820156395435333
  ],
  "motion_stability": [
    1.4701766967773438,
    1.3048768043518066,
    0.9721875190734863,
    1.1075778007507324,
    2.154259443283081,
    1.1024622917175293
  ],
  "freq_entropy": [
    7.85575008392334,
    7.797025680541992,
    7.62311315536499,
    7.590207576751709,
    6.84340238571167,
    7.697003364562988
  ]
}