{
  "dominant_freq": [
    3.6000000000000005,
    2.0571428571428574,
    6.394285714285715,
    7.055793991416309
  ],
  "amp_mean_x": [
    0.39060840010643005,
    0.3410398066043854,
    0.6110454201698303,
    0.8787139654159546
  ],
  "amp_mean_y": [
    0.6979933977127075,
    0.6659826040267944,
    1.091227412223816,
    1.4993388652801514
  ],
  "symmetry_ratio": [
    0.559616208076477,
    0.5120851397514343,
    0.5599615573883057,
    0.5860676169395447
  ],
  "energy_distribution": [
    0.17323800921440125,
    0.21402068436145782,
    0.1565767377614975,
    0.24583901464939117
  ],
  "motion_stability": [
    3.339160442352295,
    2.708034038543701,
    3.787480115890503,
    3.2868971824645996
  ],
  "freq_entropy": [
    8.677427291870117,
    8.604350090026855,
    8.727313995361328,
    8.626928329467773
  ]
}