{
  "dominant_freq": [
    0.630158327279729,
    3.4490224604293047,
    2.073114855069742
  ],
  "amp_mean_x": [
    0.3346378803253174,
    0.502234935760498,
    0.38876599073410034
  ],
  "amp_mean_y": [
    0.6711262464523315,
    1.4261574745178223,
    1.3131321668624878
  ],
  "symmetry_ratio": [
    0.4986213445663452,
    0.3521595299243927,
    0.29606005549430847
  ],
  "energy_distribution": [
    0.2675890028476715,
    0.19160069525241852,
    0.17032144963741302
  ],
  "motion_stability": [
    2.004850387573242,
    2.9795427322387695,
    3.438340663909912
  ],
  "freq_entropy": [
    8.817436218261719,
    8.861781120300293,
    8.735260963439941
  ]
}