{
  "dominant_freq": [
    0.7636363636363637,
    0.15272727272727274,
    5.089579524680074,
    3.356489945155394,
    0.13090909090909092
  ],
  "amp_mean_x": [
    0.2505206763744354,
    0.4342060387134552,
    0.6340966820716858,
    1.0026748180389404,
    0.28096193075180054
  ],
  "amp_mean_y": [
    0.39860862493515015,
    0.8828977942466736,
    1.2430464029312134,
    1.837287425994873,
    0.5526134967803955
  ],
  "symmetry_ratio": [
    0.6284878253936768,
    0.49179649353027344,
    0.5101150274276733,
    0.5457364916801453,
    0.508423924446106
  ],
  "energy_distribution": [
    0.21801482141017914,
    0.21420788764953613,
    0.22884637117385864,
    0.2639800012111664,
    0.2435365617275238
  ],
  "motion_stability": [
    1.9191958904266357,
    2.1901302337646484,
    1.8961875438690186,
    3.785597801208496,
    1.8175127506256104
  ],
  "freq_entropy": [
    8.191545486450195,
    8.377530097961426,
    8.212926864624023,
    8.305980682373047,
    8.158276557922363
  ]
}