{
  "dominant_freq": [
    1.90231308077198,
    1.952134863701578
  ],
  "amp_mean_x": [
    0.40770968794822693,
    1.1701648235321045
  ],
  "amp_mean_y": [
    0.6805069446563721,
    0.9841058254241943
  ],
  "symmetry_ratio": [
    0.599126398563385,
    1.1890640258789062
  ],
  "energy_distribution": [
    0.24254000186920166,
    0.41324713826179504
  ],
  "motion_stability": [
    1.97946298122406,
    2.6851019859313965
  ],
  "freq_entropy": [
    9.572007179260254,
    9.342926025390625
  ]
}