{
  "dominant_freq": [
    4.7951999999999995,
    0.5299957894736842,
    0.971658947368421
  ],
  "amp_mean_x": [
    0.05495176091790199,
    0.08546590059995651,
    0.038188718259334564
  ],
  "amp_mean_y": [
    0.17470493912696838,
    0.16128607094287872,
    0.1681603640317917
  ],
  "symmetry_ratio": [
    0.31454038619995117,
    0.5299025774002075,
    0.2270970195531845
  ],
  "energy_distribution": [
    0.19592054188251495,
    0.2518216073513031,
    0.31700828671455383
  ],
  "motion_stability": [
    2.3228201866149902,
    1.340591311454773,
    1.2101280689239502
  ],
  "freq_entropy": [
    9.11888313293457,
    8.860547065734863,
    8.855138778686523
  ]
}