{
  "dominant_freq": [
    0.9539387234042552,
    1.948687659574468
  ],
  "amp_mean_x": [
    0.08899754285812378,
    0.07130442559719086
  ],
  "amp_mean_y": [
    0.09146864712238312,
    0.13071699440479279
  ],
  "symmetry_ratio": [
    0.9729841351509094,
    0.5454870462417603
  ],
  "energy_distribution": [
    0.1975877732038498,
    0.19995200634002686
  ],
  "motion_stability": [
    2.42536997795105,
    1.3845396041870117
  ],
  "freq_entropy": [
    10.380056381225586,
    10.253257751464844
  ]
}