{
  "dominant_freq": [
    0.11357052631578946,
    0.2776168421052631,
    2.3723621052631576
  ],
  "amp_mean_x": [
    0.5308024883270264,
    0.13331758975982666,
    0.13826985657215118
  ],
  "amp_mean_y": [
    0.4845137894153595,
    0.16845278441905975,
    0.16307957470417023
  ],
  "symmetry_ratio": [
    1.0955363512039185,
    0.7914240956306458,
    0.8478674292564392
  ],
  "energy_distribution": [
    0.3109559118747711,
    0.279163122177124,
    0.1912662535905838
  ],
  "motion_stability": [
    2.2589643001556396,
    1.2769923210144043,
    1.6328868865966797
  ],
  "freq_entropy": [
    8.911148071289062,
    8.760383605957031,
    8.982406616210938
  ]
}