{
  "dominant_freq": [
    2.2059191329720713,
    0.185
  ],
  "amp_mean_x": [
    0.10766369849443436,
    0.15665587782859802
  ],
  "amp_mean_y": [
    0.27732592821121216,
    0.22447295486927032
  ],
  "symmetry_ratio": [
    0.38822081685066223,
    0.6978830695152283
  ],
  "energy_distribution": [
    0.2528843581676483,
    0.2772239148616791
  ],
  "motion_stability": [
    2.7568068504333496,
    2.895876884460449
  ],
  "freq_entropy": [
    10.376508712768555,
    10.196745872497559
  ]
}