{
  "dominant_freq": [
    1.670156468918079,
    0.11108582537153965
  ],
  "amp_mean_x": [
    0.586325466632843,
    1.1501941680908203
  ],
  "amp_mean_y": [
    0.8356489539146423,
    1.1758534908294678
  ],
  "symmetry_ratio": [
    0.7016409039497375,
    0.9781781435012817
  ],
  "energy_distribution": [
    0.18665839731693268,
    0.5832521915435791
  ],
  "motion_stability": [
    1.8935695886611938,
    2.2907772064208984
  ],
  "freq_entropy": [
    9.46908950805664,
    8.402105331420898
  ]
}