{
  "dominant_freq": [
    0.1009515789473684,
    0.2649978947368421,
    0.4542821052631578
  ],
  "amp_mean_x": [
    0.12645991146564484,
    0.039014462381601334,
    0.061416126787662506
  ],
  "amp_mean_y": [
    0.18860483169555664,
    0.06974255293607712,
    0.10522141307592392
  ],
  "symmetry_ratio": [
    0.6705019474029541,
    0.5594068765640259,
    0.5836846828460693
  ],
  "energy_distribution": [
    0.46182745695114136,
    0.24373826384544373,
    0.3729725778102875
  ],
  "motion_stability": [
    1.8450918197631836,
    2.9493167400360107,
    1.5264122486114502
  ],
  "freq_entropy": [
    8.205833435058594,
    9.15634822845459,
    8.780241966247559
  ]
}