{
  "dominant_freq": [
    0.11009174311926606,
    0.36532769556025374
  ],
  "amp_mean_x": [
    0.2903006672859192,
    0.6495809555053711
  ],
  "amp_mean_y": [
    0.30921825766563416,
    1.3823286294937134
  ],
  "symmetry_ratio": [
    0.9388212561607361,
    0.469917893409729
  ],
  "energy_distribution": [
    0.21267713606357574,
    0.17183589935302734
  ],
  "motion_stability": [
    4.192784309387207,
    4.498381614685059
  ],
  "freq_entropy": [
    10.348888397216797,
    10.4830322265625
  ]
}