{
  "dominant_freq": [
    0.4714285714285714,
    0.4971428571428572
  ],
  "amp_mean_x": [
    0.28556978702545166,
    0.2900671064853668
  ],
  "amp_mean_y": [
    0.29212528467178345,
    0.3924964368343353
  ],
  "symmetry_ratio": [
    0.9775592684745789,
    0.739031195640564
  ],
  "energy_distribution": [
    0.2788642942905426,
    0.21428817510604858
  ],
  "motion_stability": [
    1.4517467021942139,
    0.8312627673149109
  ],
  "freq_entropy": [
    9.541081428527832,
    9.399989128112793
  ]
}