{
  "dominant_freq": [
    0.47952,
    0.8220342857142857
  ],
  "amp_mean_x": [
    0.05252290889620781,
    0.09304990619421005
  ],
  "amp_mean_y": [
    0.1162351444363594,
    0.15079167485237122
  ],
  "symmetry_ratio": [
    0.4518676996231079,
    0.6170758605003357
  ],
  "energy_distribution": [
    0.2824302315711975,
    0.2128705084323883
  ],
  "motion_stability": [
    1.8714081048965454,
    2.8149027824401855
  ],
  "freq_entropy": [
    9.454880714416504,
    9.608843803405762
  ]
}