{
  "dominant_freq": [
    0.5358620689655171,
    0.7702927659574468
  ],
  "amp_mean_x": [
    0.22166050970554352,
    0.18493278324604034
  ],
  "amp_mean_y": [
    0.3324485421180725,
    0.5102543234825134
  ],
  "symmetry_ratio": [
    0.6667513251304626,
    0.3624325692653656
  ],
  "energy_distribution": [
    0.24630923569202423,
    0.24901367723941803
  ],
  "motion_stability": [
    2.0286173820495605,
    1.1732707023620605
  ],
  "freq_entropy": [
    10.154166221618652,
    10.154712677001953
  ]
}