{
  "dominant_freq": [
    0.14793702127659575,
    0.11222808510638296
  ],
  "amp_mean_x": [
    0.11198794096708298,
    0.32481849193573
  ],
  "amp_mean_y": [
    0.3229767978191376,
    0.41385045647621155
  ],
  "symmetry_ratio": [
    0.3467367887496948,
    0.7848692536354065
  ],
  "energy_distribution": [
    0.26967498660087585,
    0.5402809977531433
  ],
  "motion_stability": [
    3.870948553085327,
    2.227100372314453
  ],
  "freq_entropy": [
    10.369590759277344,
    9.554040908813477
  ]
}