{
  "dominant_freq": [
    4.835
  ],
  "amp_mean_x": [
    0.07401387393474579
  ],
  "amp_mean_y": [
    0.13142520189285278
  ],
  "symmetry_ratio": [
    0.5631634593009949
  ],
  "energy_distribution": [
    0.19124402105808258
  ],
  "motion_stability": [
    3.148733615875244
  ],
  "freq_entropy": [
    10.493169784545898
  ]
}