{
  "dominant_freq": [
    0.11227597434493986,
    5.033428110351188
  ],
  "amp_mean_x": [
    0.3833492398262024,
    1.980176329612732
  ],
  "amp_mean_y": [
    0.6172914505004883,
    6.266046047210693
  ],
  "symmetry_ratio": [
    0.6210182309150696,
    0.31601688265800476
  ],
  "energy_distribution": [
    0.2147940844297409,
    0.23828765749931335
  ],
  "motion_stability": [
    5.3600664138793945,
    1.968930959701538
  ],
  "freq_entropy": [
    10.477424621582031,
    10.146953582763672
  ]
}