{
  "dominant_freq": [
    4.337142857142857,
    0.4885714285714286
  ],
  "amp_mean_x": [
    0.2020363062620163,
    0.20288844406604767
  ],
  "amp_mean_y": [
    0.08535996079444885,
    0.04460668936371803
  ],
  "symmetry_ratio": [
    2.3668744564056396,
    4.548386096954346
  ],
  "energy_distribution": [
    0.21154089272022247,
    0.2252545803785324
  ],
  "motion_stability": [
    0.7998643517494202,
    0.8760784864425659
  ],
  "freq_entropy": [
    9.534555435180664,
    9.466108322143555
  ]
}