{
  "dominant_freq": [
    0.8782742681047766,
    1.310769230769231
  ],
  "amp_mean_x": [
    0.4436679780483246,
    0.3613814115524292
  ],
  "amp_mean_y": [
    0.48690658807754517,
    0.5869978070259094
  ],
  "symmetry_ratio": [
    0.911197304725647,
    0.6156435608863831
  ],
  "energy_distribution": [
    0.2858215570449829,
    0.20720785856246948
  ],
  "motion_stability": [
    1.8747425079345703,
    1.9514440298080444
  ],
  "freq_entropy": [
    9.508526802062988,
    9.501924514770508
  ]
}