{
  "dominant_freq": [
    3.83616,
    0.29304,
    0.47952,
    0.47952,
    0.47952,
    0.29304
  ],
  "amp_mean_x": [
    0.14573103189468384,
    0.2239607572555542,
    0.314363956451416,
    0.2034912258386612,
    0.21116790175437927,
    0.12067504972219467
  ],
  "amp_mean_y": [
    0.18283683061599731,
    0.3591074049472809,
    0.31248974800109863,
    0.27830782532691956,
    0.26412221789360046,
    0.09350626915693283
  ],
  "symmetry_ratio": [
    0.7970551252365112,
    0.6236595511436462,
    1.005997657775879,
    0.7311732172966003,
    0.799508273601532,
    1.290555715560913
  ],
  "energy_distribution": [
    0.21179041266441345,
    0.23862281441688538,
    0.3013532757759094,
    0.27734532952308655,
    0.31182777881622314,
    0.39875173568725586
  ],
  "motion_stability": [
    2.1086084842681885,
    1.484033465385437,
    1.4176228046417236,
    2.608105421066284,
    1.3505911827087402,
    1.28350031375885
  ],
  "freq_entropy": [
    7.911054611206055,
    7.7576799392700195,
    7.775792598724365,
    8.216805458068848,
    7.6887617111206055,
    7.3695502281188965
  ]
}