{
  "dominant_freq": [
    0.2905263157894737,
    0.29083245521601686,
    0.2905263157894737
  ],
  "amp_mean_x": [
    0.21966251730918884,
    0.18770429491996765,
    0.2667488157749176
  ],
  "amp_mean_y": [
    0.3207826018333435,
    0.391105979681015,
    0.2309206873178482
  ],
  "symmetry_ratio": [
    0.6847706437110901,
    0.47993203997612,
    1.1551533937454224
  ],
  "energy_distribution": [
    0.2099108248949051,
    0.24370253086090088,
    0.2525129020214081
  ],
  "motion_stability": [
    1.0421336889266968,
    1.4862850904464722,
    1.632747769355774
  ],
  "freq_entropy": [
    8.796231269836426,
    8.792112350463867,
    8.92870044708252
  ]
}