{
  "dominant_freq": [
    3.848088531187123,
    7.036082474226804,
    0.1,
    0.325,
    0.175
  ],
  "amp_mean_x": [
    1.6622161865234375,
    3.01692533493042,
    0.5803186297416687,
    0.731742799282074,
    0.6019379496574402
  ],
  "amp_mean_y": [
    1.0787327289581299,
    3.001126766204834,
    0.2058553397655487,
    0.3013400435447693,
    0.2254960983991623
  ],
  "symmetry_ratio": [
    1.5408971309661865,
    1.005264163017273,
    2.8190603256225586,
    2.428295850753784,
    2.669394016265869
  ],
  "energy_distribution": [
    0.2888675928115845,
    0.19068658351898193,
    0.2921607196331024,
    0.3195594251155853,
    0.2802322208881378
  ],
  "motion_stability": [
    2.1641106605529785,
    3.2311527729034424,
    1.1086890697479248,
    1.070380687713623,
    1.2517309188842773
  ],
  "freq_entropy": [
    7.981897830963135,
    7.977520942687988,
    7.748104095458984,
    7.721673488616943,
    7.882332801818848
  ]
}