{
  "dominant_freq": [
    0.28
  ],
  "amp_mean_x": [
    0.07916588336229324
  ],
  "amp_mean_y": [
    0.18082070350646973
  ],
  "symmetry_ratio": [
    0.43781426548957825
  ],
  "energy_distribution": [
    0.2924671173095703
  ],
  "motion_stability": [
    1.763035774230957
  ],
  "freq_entropy": [
    10.321969032287598
  ]
}