{
  "dominant_freq": [
    3.1333714285714285,
    4.861026399155227,
    7.142324210526315
  ],
  "amp_mean_x": [
    0.48146146535873413,
    0.6148555874824524,
    1.6465388536453247
  ],
  "amp_mean_y": [
    0.9378724098205566,
    0.43947839736938477,
    0.9014493227005005
  ],
  "symmetry_ratio": [
    0.5133549571037292,
    1.3990576267242432,
    1.8265461921691895
  ],
  "energy_distribution": [
    0.20922233164310455,
    0.20499616861343384,
    0.17334872484207153
  ],
  "motion_stability": [
    4.901723861694336,
    2.6088173389434814,
    2.6961135864257812
  ],
  "freq_entropy": [
    9.135998725891113,
    8.976356506347656,
    9.053877830505371
  ]
}