{
  "dominant_freq": [
    2.5318193257124553,
    0.27995357436558443
  ],
  "amp_mean_x": [
    2.8067574501037598,
    0.6671571135520935
  ],
  "amp_mean_y": [
    2.9781711101531982,
    0.8193220496177673
  ],
  "symmetry_ratio": [
    0.942443311214447,
    0.8142794370651245
  ],
  "energy_distribution": [
    0.26434624195098877,
    0.2615380883216858
  ],
  "motion_stability": [
    2.0449681282043457,
    1.931291103363037
  ],
  "freq_entropy": [
    9.326284408569336,
    9.247774124145508
  ]
}