{
  "dominant_freq": [
    5.4802285714285714,
    3.1425685714285714
  ],
  "amp_mean_x": [
    0.10089824348688126,
    0.22034680843353271
  ],
  "amp_mean_y": [
    0.19600141048431396,
    0.6496611833572388
  ],
  "symmetry_ratio": [
    0.5147832632064819,
    0.3391718864440918
  ],
  "energy_distribution": [
    0.21738319098949432,
    0.2936919629573822
  ],
  "motion_stability": [
    1.2136259078979492,
    1.182624340057373
  ],
  "freq_entropy": [
    9.521866798400879,
    9.40188980102539
  ]
}