{
  "dominant_freq": [
    1.080507475437847,
    0.11742930153321976
  ],
  "amp_mean_x": [
    0.36584240198135376,
    0.4893495738506317
  ],
  "amp_mean_y": [
    1.0052235126495361,
    0.6540308594703674
  ],
  "symmetry_ratio": [
    0.36394134163856506,
    0.7482056617736816
  ],
  "energy_distribution": [
    0.247615784406662,
    0.4160105288028717
  ],
  "motion_stability": [
    2.578415870666504,
    1.9010646343231201
  ],
  "freq_entropy": [
    10.309368133544922,
    9.967364311218262
  ]
}