{
  "dominant_freq": [
    1.8372038919984128,
    7.699241632403586
  ],
  "amp_mean_x": [
    0.3468496799468994,
    0.8669184446334839
  ],
  "amp_mean_y": [
    0.5060893893241882,
    2.2437210083007812
  ],
  "symmetry_ratio": [
    0.685352623462677,
    0.3863753378391266
  ],
  "energy_distribution": [
    0.2044541835784912,
    0.19383187592029572
  ],
  "motion_stability": [
    7.105230331420898,
    4.915618896484375
  ],
  "freq_entropy": [
    10.363773345947266,
    10.319952964782715
  ]
}