{
  "dominant_freq": [
    6.799164179104476,
    3.310728510638297
  ],
  "amp_mean_x": [
    0.3818373382091522,
    0.21107979118824005
  ],
  "amp_mean_y": [
    0.6576533317565918,
    0.2829585671424866
  ],
  "symmetry_ratio": [
    0.5806058049201965,
    0.7459741830825806
  ],
  "energy_distribution": [
    0.13892844319343567,
    0.18052135407924652
  ],
  "motion_stability": [
    3.4694509506225586,
    1.3908108472824097
  ],
  "freq_entropy": [
    10.371374130249023,
    10.384082794189453
  ]
}