{
  "dominant_freq": [
    0.10666666666666667,
    0.16,
    0.10666666666666667,
    0.29333333333333333,
    0.7466666666666667,
    0.10666666666666667
  ],
  "amp_mean_x": [
    0.047395575791597366,
    0.10738334059715271,
    0.08796568214893341,
    0.08307566493749619,
    0.08533993363380432,
    0.12048649042844772
  ],
  "amp_mean_y": [
    0.16617146134376526,
    0.14759564399719238,
    0.294583261013031,
    0.23248299956321716,
    0.17847271263599396,
    0.10865488648414612
  ],
  "symmetry_ratio": [
    0.2852209210395813,
    0.7275508642196655,
    0.2986105978488922,
    0.35734081268310547,
    0.47816795110702515,
    1.1088916063308716
  ],
  "energy_distribution": [
    0.47049984335899353,
    0.7037605047225952,
    0.5700525045394897,
    0.2432219237089157,
    0.239699125289917,
    0.3092518448829651
  ],
  "motion_stability": [
    1.083880066871643,
    0.9966719150543213,
    0.6306270956993103,
    1.1400814056396484,
    0.9131463766098022,
    0.6369360089302063
  ],
  "freq_entropy": [
    7.070066452026367,
    6.739916801452637,
    6.95343017578125,
    7.860920429229736,
    7.858800411224365,
    7.348598480224609
  ]
}