{
  "dominant_freq": [
    1.89137819025522,
    3.7072348565356,
    1.1735621052631577
  ],
  "amp_mean_x": [
    2.1491174697875977,
    0.4011257290840149,
    0.1581437885761261
  ],
  "amp_mean_y": [
    3.1219725608825684,
    1.782118320465088,
    0.39107125997543335
  ],
  "symmetry_ratio": [
    0.688384473323822,
    0.22508366405963898,
    0.40438610315322876
  ],
  "energy_distribution": [
    0.29331573843955994,
    0.15391278266906738,
    0.23393917083740234
  ],
  "motion_stability": [
    4.524471282958984,
    5.193787574768066,
    1.6631306409835815
  ],
  "freq_entropy": [
    8.642544746398926,
    9.15809154510498,
    9.016459465026855
  ]
}