{
  "dominant_freq": [
    0.6270652424498578,
    0.44263428878813493,
    3.1353262122492893,
    0.258203335126412
  ],
  "amp_mean_x": [
    0.1867629587650299,
    0.17320816218852997,
    0.38907375931739807,
    0.257018506526947
  ],
  "amp_mean_y": [
    0.1882050335407257,
    0.21422483026981354,
    0.3329440653324127,
    0.4356907308101654
  ],
  "symmetry_ratio": [
    0.9923377633094788,
    0.8085345029830933,
    1.168586015701294,
    0.5899104475975037
  ],
  "energy_distribution": [
    0.44835156202316284,
    0.3408200144767761,
    0.30995720624923706,
    0.23830854892730713
  ],
  "motion_stability": [
    1.267270565032959,
    1.1925569772720337,
    3.2046709060668945,
    3.572906017303467
  ],
  "freq_entropy": [
    7.989096641540527,
    8.077510833740234,
    8.371469497680664,
    8.505999565124512
  ]
}