{
  "dominant_freq": [
    2.346222857142857,
    5.000020100502512
  ],
  "amp_mean_x": [
    0.6547759771347046,
    0.5653480887413025
  ],
  "amp_mean_y": [
    0.6099998354911804,
    1.2619295120239258
  ],
  "symmetry_ratio": [
    1.0734034776687622,
    0.4480029046535492
  ],
  "energy_distribution": [
    0.21545517444610596,
    0.19749890267848969
  ],
  "motion_stability": [
    1.632720708847046,
    4.521643161773682
  ],
  "freq_entropy": [
    9.477376937866211,
    9.580338478088379
  ]
}