{
  "dominant_freq": [
    1.5268926315789473,
    0.10170095440084835,
    2.208315789473684
  ],
  "amp_mean_x": [
    0.17203092575073242,
    0.5246761441230774,
    0.18921871483325958
  ],
  "amp_mean_y": [
    0.3839972913265228,
    1.6887940168380737,
    0.6046313047409058
  ],
  "symmetry_ratio": [
    0.44800037145614624,
    0.31068095564842224,
    0.31294891238212585
  ],
  "energy_distribution": [
    0.16616471111774445,
    0.4871363937854767,
    0.391036719083786
  ],
  "motion_stability": [
    1.9107646942138672,
    3.056469678878784,
    1.8049547672271729
  ],
  "freq_entropy": [
    8.846237182617188,
    8.747525215148926,
    8.981151580810547
  ]
}