{
  "dominant_freq": [
    2.085631578947368,
    2.78851304347826
  ],
  "amp_mean_x": [
    2.722106695175171,
    1.641114354133606
  ],
  "amp_mean_y": [
    5.951010704040527,
    3.1769933700561523
  ],
  "symmetry_ratio": [
    0.457419216632843,
    0.5165621042251587
  ],
  "energy_distribution": [
    0.19464896619319916,
    0.19566497206687927
  ],
  "motion_stability": [
    2.3570034503936768,
    2.9407711029052734
  ],
  "freq_entropy": [
    9.551088333129883,
    9.599445343017578
  ]
}