{
  "dominant_freq": [
    3.7336313794197165,
    0.15461752349112623
  ],
  "amp_mean_x": [
    1.3113515377044678,
    1.0103168487548828
  ],
  "amp_mean_y": [
    1.6941041946411133,
    1.967781662940979
  ],
  "symmetry_ratio": [
    0.7740678191184998,
    0.5134293437004089
  ],
  "energy_distribution": [
    0.23341912031173706,
    0.2762604355812073
  ],
  "motion_stability": [
    2.818974256515503,
    4.579288959503174
  ],
  "freq_entropy": [
    10.313191413879395,
    9.86932373046875
  ]
}