{
  "dominant_freq": [
    6.782367972742759,
    2.8156996587030716
  ],
  "amp_mean_x": [
    0.7750152945518494,
    2.2221391201019287
  ],
  "amp_mean_y": [
    1.3790634870529175,
    3.228630304336548
  ],
  "symmetry_ratio": [
    0.5619866847991943,
    0.6882606148719788
  ],
  "energy_distribution": [
    0.10343831032514572,
    0.20717693865299225
  ],
  "motion_stability": [
    5.183459281921387,
    3.396944522857666
  ],
  "freq_entropy": [
    9.248336791992188,
    9.213428497314453
  ]
}