{
  "dominant_freq": [
    0.10202553191489361,
    0.10211243611584327
  ],
  "amp_mean_x": [
    0.06688178330659866,
    0.6501424312591553
  ],
  "amp_mean_y": [
    0.1100974902510643,
    0.2713421881198883
  ],
  "symmetry_ratio": [
    0.6074778437614441,
    2.396024227142334
  ],
  "energy_distribution": [
    0.24324701726436615,
    0.6028472781181335
  ],
  "motion_stability": [
    3.6325795650482178,
    6.1635518074035645
  ],
  "freq_entropy": [
    10.290544509887695,
    9.651256561279297
  ]
}