{
  "dominant_freq": [
    0.47951999999999995,
    4.045312340425531
  ],
  "amp_mean_x": [
    0.08663465082645416,
    0.11862175166606903
  ],
  "amp_mean_y": [
    0.11768276989459991,
    0.1723378449678421
  ],
  "symmetry_ratio": [
    0.7361710667610168,
    0.688309371471405
  ],
  "energy_distribution": [
    0.31096744537353516,
    0.19179178774356842
  ],
  "motion_stability": [
    1.9236505031585693,
    2.174956798553467
  ],
  "freq_entropy": [
    10.216001510620117,
    10.306076049804688
  ]
}