{
  "dominant_freq": [
    4.817156393962091,
    1.832833832833833,
    0.11762981046257497
  ],
  "amp_mean_x": [
    5.633304595947266,
    3.325655937194824,
    1.0143970251083374
  ],
  "amp_mean_y": [
    14.426729202270508,
    8.11840534210205,
    2.0376834869384766
  ],
  "symmetry_ratio": [
    0.39047691226005554,
    0.4096439778804779,
    0.4978187382221222
  ],
  "energy_distribution": [
    0.25011304020881653,
    0.18293502926826477,
    0.3455408215522766
  ],
  "motion_stability": [
    2.0214478969573975,
    2.2065768241882324,
    1.9447964429855347
  ],
  "freq_entropy": [
    9.974467277526855,
    10.04636001586914,
    9.867431640625
  ]
}