{
  "dominant_freq": [
    5.04938681948424,
    4.964987124463519
  ],
  "amp_mean_x": [
    0.39999082684516907,
    0.38041797280311584
  ],
  "amp_mean_y": [
    1.2619450092315674,
    0.5948524475097656
  ],
  "symmetry_ratio": [
    0.3169637620449066,
    0.6395165324211121
  ],
  "energy_distribution": [
    0.252964049577713,
    0.2002205103635788
  ],
  "motion_stability": [
    2.396907329559326,
    3.7454190254211426
  ],
  "freq_entropy": [
    9.560120582580566,
    9.635826110839844
  ]
}