{
  "dominant_freq": [
    7.66,
    0.7333333333333334
  ],
  "amp_mean_x": [
    0.05072132870554924,
    0.06180797144770622
  ],
  "amp_mean_y": [
    0.11761210113763809,
    0.17618557810783386
  ],
  "symmetry_ratio": [
    0.4312594532966614,
    0.35081174969673157
  ],
  "energy_distribution": [
    0.19550225138664246,
    0.21492944657802582
  ],
  "motion_stability": [
    1.5610312223434448,
    1.4002375602722168
  ],
  "freq_entropy": [
    9.944684982299805,
    9.782806396484375
  ]
}