{
  "dominant_freq": [
    2.992887624466572,
    4.098610488570148,
    1.535759096612296,
    4.0443118875159785,
    5.153684210526316,
    2.7598989048020224,
    1.9429058372390289
  ],
  "amp_mean_x": [
    4.675386905670166,
    4.090240001678467,
    1.482371211051941,
    1.2596240043640137,
    0.6062521934509277,
    0.8201088309288025,
    0.7724981307983398
  ],
  "amp_mean_y": [
    10.502860069274902,
    7.44580078125,
    1.7096539735794067,
    3.3603477478027344,
    1.8245049715042114,
    2.3776729106903076,
    1.7405157089233398
  ],
  "symmetry_ratio": [
    0.44515368342399597,
    0.5493351221084595,
    0.8670592308044434,
    0.3748492896556854,
    0.3322831094264984,
    0.3449207842350006,
    0.4438329041004181
  ],
  "energy_distribution": [
    0.250600129365921,
    0.15562574565410614,
    0.19479520618915558,
    0.3860127329826355,
    0.21189887821674347,
    0.20558929443359375,
    0.20220734179019928
  ],
  "motion_stability": [
    2.2287139892578125,
    2.2424581050872803,
    2.445729970932007,
    3.503628730773926,
    1.9423654079437256,
    2.1388893127441406,
    1.9147799015045166
  ],
  "freq_entropy": [
    10.17293930053711,
    10.221829414367676,
    10.351539611816406,
    10.140731811523438,
    10.303434371948242,
    10.342998504638672,
    10.299830436706543
  ]
}