{
  "dominant_freq": [
    7.112500000000001,
    3.9282735613010837
  ],
  "amp_mean_x": [
    0.23133879899978638,
    0.7352438569068909
  ],
  "amp_mean_y": [
    0.25652673840522766,
    1.082085371017456
  ],
  "symmetry_ratio": [
    0.9018116593360901,
    0.6794693470001221
  ],
  "energy_distribution": [
    0.16004693508148193,
    0.45713570713996887
  ],
  "motion_stability": [
    1.8163352012634277,
    3.6921658515930176
  ],
  "freq_entropy": [
    8.962732315063477,
    8.473161697387695
  ]
}