{
  "dominant_freq": [
    0.13013473716904025,
    4.446257967384728
  ],
  "amp_mean_x": [
    1.056464433670044,
    0.2894595265388489
  ],
  "amp_mean_y": [
    1.2353240251541138,
    0.404164582490921
  ],
  "symmetry_ratio": [
    0.855212390422821,
    0.7161921858787537
  ],
  "energy_distribution": [
    0.6543889045715332,
    0.3039984107017517
  ],
  "motion_stability": [
    5.673908233642578,
    3.938464403152466
  ],
  "freq_entropy": [
    9.529680252075195,
    10.285002708435059
  ]
}