{
  "dominant_freq": [
    3.517654278305964,
    3.4236784950833683
  ],
  "amp_mean_x": [
    0.9170947670936584,
    0.8687351942062378
  ],
  "amp_mean_y": [
    1.4891687631607056,
    0.937523365020752
  ],
  "symmetry_ratio": [
    0.6158434152603149,
    0.9266277551651001
  ],
  "energy_distribution": [
    0.22341950237751007,
    0.3249439597129822
  ],
  "motion_stability": [
    5.40883731842041,
    4.270312309265137
  ],
  "freq_entropy": [
    10.458995819091797,
    10.153789520263672
  ]
}