{
  "dominant_freq": [
    0.5,
    2.963275643731533
  ],
  "amp_mean_x": [
    0.191745325922966,
    0.8159677982330322
  ],
  "amp_mean_y": [
    0.23556075990200043,
    1.7261435985565186
  ],
  "symmetry_ratio": [
    0.8139951825141907,
    0.4727114140987396
  ],
  "energy_distribution": [
    0.19169285893440247,
    0.23484575748443604
  ],
  "motion_stability": [
    1.5073199272155762,
    4.3850226402282715
  ],
  "freq_entropy": [
    10.308242797851562,
    10.075374603271484
  ]
}