{
  "dominant_freq": [
    0.30720000000000003,
    0.23040000000000002
  ],
  "amp_mean_x": [
    0.14744949340820312,
    0.45416495203971863
  ],
  "amp_mean_y": [
    0.48685428500175476,
    0.5559677481651306
  ],
  "symmetry_ratio": [
    0.30286166071891785,
    0.8168908357620239
  ],
  "energy_distribution": [
    0.29376187920570374,
    0.24897810816764832
  ],
  "motion_stability": [
    1.7613633871078491,
    2.1198906898498535
  ],
  "freq_entropy": [
    9.329212188720703,
    9.293327331542969
  ]
}