{
  "dominant_freq": [
    0.132890365448505,
    2.9336143308746045,
    0.2905263157894737
  ],
  "amp_mean_x": [
    0.9077954292297363,
    0.1713503748178482,
    0.10605992376804352
  ],
  "amp_mean_y": [
    4.018905162811279,
    0.2058800756931305,
    0.2477273792028427
  ],
  "symmetry_ratio": [
    0.22588127851486206,
    0.8322824835777283,
    0.4281316101551056
  ],
  "energy_distribution": [
    0.4279972314834595,
    0.23605643212795258,
    0.2576131522655487
  ],
  "motion_stability": [
    3.6448545455932617,
    3.0869245529174805,
    1.7814019918441772
  ],
  "freq_entropy": [
    8.576847076416016,
    9.186906814575195,
    9.018473625183105
  ]
}