{
  "dominant_freq": [
    3.0977931034482755,
    4.269768510638298
  ],
  "amp_mean_x": [
    0.05641638860106468,
    0.05586511641740799
  ],
  "amp_mean_y": [
    0.05740630626678467,
    0.09563429653644562
  ],
  "symmetry_ratio": [
    0.9827559590339661,
    0.5841535925865173
  ],
  "energy_distribution": [
    0.2599925398826599,
    0.1953865885734558
  ],
  "motion_stability": [
    5.262379169464111,
    4.0773773193359375
  ],
  "freq_entropy": [
    10.447009086608887,
    10.463700294494629
  ]
}