{
  "dominant_freq": [
    2.9649415692821366,
    2.6599999999999997
  ],
  "amp_mean_x": [
    0.7968778610229492,
    0.45202067494392395
  ],
  "amp_mean_y": [
    1.367882490158081,
    0.37041375041007996
  ],
  "symmetry_ratio": [
    0.5825631022453308,
    1.2203128337860107
  ],
  "energy_distribution": [
    0.21496117115020752,
    0.18830770254135132
  ],
  "motion_stability": [
    3.4020464420318604,
    1.3090893030166626
  ],
  "freq_entropy": [
    9.362152099609375,
    9.304086685180664
  ]
}