{
  "dominant_freq": [
    0.7192807192807192,
    3.9618355137807897
  ],
  "amp_mean_x": [
    0.1997736692428589,
    1.007280945777893
  ],
  "amp_mean_y": [
    0.2735861539840698,
    1.7509775161743164
  ],
  "symmetry_ratio": [
    0.7302038669586182,
    0.5752677917480469
  ],
  "energy_distribution": [
    0.21007530391216278,
    0.24652217328548431
  ],
  "motion_stability": [
    1.8513513803482056,
    4.600907325744629
  ],
  "freq_entropy": [
    10.282594680786133,
    10.359596252441406
  ]
}