{
  "dominant_freq": [
    1.3344000000000003,
    0.14400000000000002
  ],
  "amp_mean_x": [
    0.13263007998466492,
    0.06898827105760574
  ],
  "amp_mean_y": [
    0.09223991632461548,
    0.11578168720006943
  ],
  "symmetry_ratio": [
    1.437881588935852,
    0.5958478450775146
  ],
  "energy_distribution": [
    0.23478078842163086,
    0.20977436006069183
  ],
  "motion_stability": [
    1.4691050052642822,
    4.270978927612305
  ],
  "freq_entropy": [
    9.403215408325195,
    9.405509948730469
  ]
}