{
  "dominant_freq": [
    3.224775224775225,
    0.4675324675324675
  ],
  "amp_mean_x": [
    0.0532325841486454,
    0.031532589346170425
  ],
  "amp_mean_y": [
    0.09128832072019577,
    0.047968681901693344
  ],
  "symmetry_ratio": [
    0.5831258893013,
    0.6573578715324402
  ],
  "energy_distribution": [
    0.2696721851825714,
    0.39819568395614624
  ],
  "motion_stability": [
    2.7202837467193604,
    1.754589557647705
  ],
  "freq_entropy": [
    9.113021850585938,
    8.310018539428711
  ]
}