{
  "dominant_freq": [
    3.8485607008760954,
    0.2892432770481551
  ],
  "amp_mean_x": [
    0.4946877956390381,
    0.23663827776908875
  ],
  "amp_mean_y": [
    0.827104389667511,
    0.9015965461730957
  ],
  "symmetry_ratio": [
    0.5980959534645081,
    0.26246583461761475
  ],
  "energy_distribution": [
    0.2683790326118469,
    0.6061208844184875
  ],
  "motion_stability": [
    6.213942527770996,
    3.204413414001465
  ],
  "freq_entropy": [
    9.727067947387695,
    8.950809478759766
  ]
}