{
  "dominant_freq": [
    1.5664335664335665,
    4.7095761381475665
  ],
  "amp_mean_x": [
    0.2582118511199951,
    0.2977077066898346
  ],
  "amp_mean_y": [
    0.674765944480896,
    0.9095218181610107
  ],
  "symmetry_ratio": [
    0.38266876339912415,
    0.327323317527771
  ],
  "energy_distribution": [
    0.39712104201316833,
    0.3508011996746063
  ],
  "motion_stability": [
    2.205946445465088,
    2.3989920616149902
  ],
  "freq_entropy": [
    9.349947929382324,
    9.644647598266602
  ]
}