{
  "dominant_freq": [
    4.121092173913043,
    0.47951999999999995
  ],
  "amp_mean_x": [
    0.5968682765960693,
    0.2964995205402374
  ],
  "amp_mean_y": [
    0.9084221720695496,
    0.3396129906177521
  ],
  "symmetry_ratio": [
    0.6570384502410889,
    0.8730511665344238
  ],
  "energy_distribution": [
    0.2103772610425949,
    0.22702676057815552
  ],
  "motion_stability": [
    8.845479965209961,
    1.2397750616073608
  ],
  "freq_entropy": [
    9.973909378051758,
    9.809555053710938
  ]
}