{
  "dominant_freq": [
    0.2776168421052631,
    5.135911578947368,
    0.4669010526315789
  ],
  "amp_mean_x": [
    0.041634105145931244,
    0.0957336276769638,
    0.03869594261050224
  ],
  "amp_mean_y": [
    0.07037759572267532,
    0.17827796936035156,
    0.03677654638886452
  ],
  "symmetry_ratio": [
    0.5915818214416504,
    0.536990761756897,
    1.0521907806396484
  ],
  "energy_distribution": [
    0.19740445911884308,
    0.19394683837890625,
    0.33703601360321045
  ],
  "motion_stability": [
    1.5939886569976807,
    4.2273406982421875,
    1.7607569694519043
  ],
  "freq_entropy": [
    8.917486190795898,
    9.34135913848877,
    8.465436935424805
  ]
}