{
  "dominant_freq": [
    1.6383423264042458,
    1.184504258943782
  ],
  "amp_mean_x": [
    0.4007460056601874,
    0.14974503219127655
  ],
  "amp_mean_y": [
    0.4454225525820166,
    0.23918190598487854
  ],
  "symmetry_ratio": [
    0.8996985072649577,
    0.6260717511177063
  ],
  "energy_distribution": [
    0.19441067979011986,
    0.25863856077194214
  ],
  "motion_stability": [
    9.715235892080976,
    1.3420469760894775
  ],
  "freq_entropy": [
    10.391767966004466,
    10.208813667297363
  ]
}