{
  "dominant_freq": [
    2.2010418445772837,
    2.2292578723404253
  ],
  "amp_mean_x": [
    0.5441082119941711,
    0.20498666167259216
  ],
  "amp_mean_y": [
    0.7601991891860962,
    0.5151567459106445
  ],
  "symmetry_ratio": [
    0.7157442569732666,
    0.3979112505912781
  ],
  "energy_distribution": [
    0.25569459795951843,
    0.1499161422252655
  ],
  "motion_stability": [
    3.808720588684082,
    3.2291932106018066
  ],
  "freq_entropy": [
    9.924775123596191,
    10.23465347290039
  ]
}