{
  "dominant_freq": [
    0.29023578947368417,
    1.6909389473684209,
    4.067582718651211
  ],
  "amp_mean_x": [
    0.10542458295822144,
    0.15570585429668427,
    0.4955850839614868
  ],
  "amp_mean_y": [
    0.30535101890563965,
    0.4555685222148895,
    1.1750224828720093
  ],
  "symmetry_ratio": [
    0.3452570140361786,
    0.3417836129665375,
    0.421766459941864
  ],
  "energy_distribution": [
    0.21423479914665222,
    0.22531165182590485,
    0.17612098157405853
  ],
  "motion_stability": [
    1.4160690307617188,
    1.2757686376571655,
    2.405844211578369
  ],
  "freq_entropy": [
    9.008871078491211,
    8.988677024841309,
    9.076929092407227
  ]
}