{
  "dominant_freq": [
    0.5785714285714286,
    1.3714285714285714
  ],
  "amp_mean_x": [
    0.1595974564552307,
    0.13265003263950348
  ],
  "amp_mean_y": [
    0.3350794017314911,
    0.16239070892333984
  ],
  "symmetry_ratio": [
    0.47629743814468384,
    0.8168572783470154
  ],
  "energy_distribution": [
    0.23845146596431732,
    0.1736026257276535
  ],
  "motion_stability": [
    1.5513195991516113,
    2.252908945083618
  ],
  "freq_entropy": [
    9.174995422363281,
    9.282726287841797
  ]
}