{
  "dominant_freq": [
    1.3743455497382198,
    0.3205128205128205,
    0.38152610441767065
  ],
  "amp_mean_x": [
    0.4943618178367615,
    0.24553444981575012,
    0.398855984210968
  ],
  "amp_mean_y": [
    1.0084651708602905,
    0.5277775526046753,
    0.6457984447479248
  ],
  "symmetry_ratio": [
    0.490212082862854,
    0.46522337198257446,
    0.6176168322563171
  ],
  "energy_distribution": [
    0.2369467169046402,
    0.223402738571167,
    0.20279860496520996
  ],
  "motion_stability": [
    3.0581085681915283,
    2.179189682006836,
    5.34913969039917
  ],
  "freq_entropy": [
    10.343831062316895,
    10.411388397216797,
    10.610397338867188
  ]
}