{
  "dominant_freq": [
    3.9771428571428573,
    3.0771428571428574
  ],
  "amp_mean_x": [
    0.1545628160238266,
    0.08886076509952545
  ],
  "amp_mean_y": [
    0.19151881337165833,
    0.25577256083488464
  ],
  "symmetry_ratio": [
    0.8070372343063354,
    0.3474210202693939
  ],
  "energy_distribution": [
    0.18916049599647522,
    0.281558632850647
  ],
  "motion_stability": [
    1.5742088556289673,
    1.4107792377471924
  ],
  "freq_entropy": [
    9.591636657714844,
    9.537702560424805
  ]
}