{
  "dominant_freq": [
    3.9240506329113924,
    0.10158730158730159,
    0.10105263157894738
  ],
  "amp_mean_x": [
    0.41294756531715393,
    0.9370501041412354,
    0.709611177444458
  ],
  "amp_mean_y": [
    0.4734583795070648,
    2.7920145988464355,
    0.5531885027885437
  ],
  "symmetry_ratio": [
    0.8721939921379089,
    0.33561789989471436,
    1.2827656269073486
  ],
  "energy_distribution": [
    0.24194778501987457,
    0.24052928388118744,
    0.2627462148666382
  ],
  "motion_stability": [
    3.253143310546875,
    2.539705276489258,
    1.6296885013580322
  ],
  "freq_entropy": [
    9.088337898254395,
    8.897533416748047,
    8.881609916687012
  ]
}