{
  "dominant_freq": [
    0.11357052631578946,
    0.11369020021074813,
    1.4133221052631577
  ],
  "amp_mean_x": [
    0.15599310398101807,
    0.326536625623703,
    0.31425154209136963
  ],
  "amp_mean_y": [
    0.20893898606300354,
    0.5448736548423767,
    0.3976703882217407
  ],
  "symmetry_ratio": [
    0.7465964555740356,
    0.5992887020111084,
    0.7902311682701111
  ],
  "energy_distribution": [
    0.3144490420818329,
    0.4733372926712036,
    0.25829172134399414
  ],
  "motion_stability": [
    1.5677180290222168,
    1.9739617109298706,
    1.269593358039856
  ],
  "freq_entropy": [
    8.826369285583496,
    8.367430686950684,
    8.822662353515625
  ]
}