{
  "dominant_freq": [
    2.511170526315789,
    0.7697557894736842,
    1.1987999999999999
  ],
  "amp_mean_x": [
    0.08874507248401642,
    0.14244845509529114,
    0.15921832621097565
  ],
  "amp_mean_y": [
    0.14419199526309967,
    0.4437996745109558,
    0.4884379506111145
  ],
  "symmetry_ratio": [
    0.6154646277427673,
    0.3209746778011322,
    0.3259745240211487
  ],
  "energy_distribution": [
    0.19633018970489502,
    0.23836944997310638,
    0.23454990983009338
  ],
  "motion_stability": [
    1.4773352146148682,
    3.739980459213257,
    2.2684412002563477
  ],
  "freq_entropy": [
    9.047508239746094,
    9.049076080322266,
    8.993162155151367
  ]
}