{
  "dominant_freq": [
    0.29500000000000004,
    2.2116174055829227
  ],
  "amp_mean_x": [
    0.11916812509298325,
    0.9494987726211548
  ],
  "amp_mean_y": [
    0.16834822297096252,
    1.1895251274108887
  ],
  "symmetry_ratio": [
    0.7078668475151062,
    0.7982166409492493
  ],
  "energy_distribution": [
    0.2015097588300705,
    0.17722387611865997
  ],
  "motion_stability": [
    1.8041167259216309,
    1.82896089553833
  ],
  "freq_entropy": [
    10.217020034790039,
    10.23272705078125
  ]
}