{
  "dominant_freq": [
    2.1578421578421576,
    0.3356643356643356,
    0.36181122700237384,
    0.22109038502481126,
    4.867859413313959
  ],
  "amp_mean_x": [
    0.4751887619495392,
    0.6529555320739746,
    0.8388025760650635,
    1.106424331665039,
    0.9734592437744141
  ],
  "amp_mean_y": [
    0.43754467368125916,
    0.6987453103065491,
    0.545942485332489,
    1.2457382678985596,
    0.6075048446655273
  ],
  "symmetry_ratio": [
    1.086034893989563,
    0.9344685673713684,
    1.5364302396774292,
    0.8881675601005554,
    1.6023892164230347
  ],
  "energy_distribution": [
    0.1886809915304184,
    0.19927474856376648,
    0.2382141351699829,
    0.36180734634399414,
    0.19842788577079773
  ],
  "motion_stability": [
    2.735753059387207,
    2.4979705810546875,
    1.7735028266906738,
    2.8803443908691406,
    2.1334950923919678
  ],
  "freq_entropy": [
    8.143068313598633,
    8.1571626663208,
    8.121354103088379,
    7.910976886749268,
    8.126169204711914
  ]
}