{
  "dominant_freq": [
    0.11222819733458031,
    0.16379862665088968
  ],
  "amp_mean_x": [
    0.11374755948781967,
    0.300157755613327
  ],
  "amp_mean_y": [
    0.15002228319644928,
    0.395280659198761
  ],
  "symmetry_ratio": [
    0.7582044005393982,
    0.759353518486023
  ],
  "energy_distribution": [
    0.24411576986312866,
    0.2836388945579529
  ],
  "motion_stability": [
    2.067279815673828,
    3.3776326179504395
  ],
  "freq_entropy": [
    10.149913787841797,
    10.074129104614258
  ]
}