{
  "dominant_freq": [
    0.5328,
    0.2664,
    0.29304,
    0.29304,
    0.10656,
    0.10656
  ],
  "amp_mean_x": [
    0.11009273678064346,
    0.12818270921707153,
    0.13850177824497223,
    0.12115544825792313,
    0.14780396223068237,
    0.06621749699115753
  ],
  "amp_mean_y": [
    0.08437066525220871,
    0.16746540367603302,
    0.2463131695985794,
    0.16097766160964966,
    0.29115140438079834,
    0.10498970001935959
  ],
  "symmetry_ratio": [
    1.3048698902130127,
    0.7654280066490173,
    0.5622995495796204,
    0.7526227235794067,
    0.5076532959938049,
    0.6307047009468079
  ],
  "energy_distribution": [
    0.3073292374610901,
    0.30502060055732727,
    0.339015930891037,
    0.22790059447288513,
    0.4158490002155304,
    0.4805833101272583
  ],
  "motion_stability": [
    1.2752044200897217,
    0.9778616428375244,
    0.8988141417503357,
    1.089868187904358,
    1.1567968130111694,
    1.1241285800933838
  ],
  "freq_entropy": [
    7.615414619445801,
    7.6557512283325195,
    7.409984588623047,
    7.4561357498168945,
    7.63917875289917,
    7.082018852233887
  ]
}