{
  "dominant_freq": [
    3.212787212787213,
    0.3356643356643356,
    0.3596403596403596,
    0.4795204795204795,
    0.6006018030066127
  ],
  "amp_mean_x": [
    0.0792081281542778,
    0.15567465126514435,
    0.16900232434272766,
    0.25179123878479004,
    0.4971654713153839
  ],
  "amp_mean_y": [
    0.2932800352573395,
    0.25100839138031006,
    0.25582820177078247,
    0.4075796902179718,
    0.5648722052574158
  ],
  "symmetry_ratio": [
    0.27007678151130676,
    0.6201969981193542,
    0.6606086492538452,
    0.6177718043327332,
    0.8801379799842834
  ],
  "energy_distribution": [
    0.29845812916755676,
    0.3291343152523041,
    0.2757709324359894,
    0.25845858454704285,
    0.27122434973716736
  ],
  "motion_stability": [
    1.0453674793243408,
    0.8283162117004395,
    0.9421958327293396,
    1.1537282466888428,
    1.6461950540542603
  ],
  "freq_entropy": [
    8.026786804199219,
    7.994086742401123,
    8.02083683013916,
    7.9947028160095215,
    8.064847946166992
  ]
}