{
  "dominant_freq": [
    9.321177966101695,
    0.1146567481402763,
    0.7787731629392971
  ],
  "amp_mean_x": [
    0.592783510684967,
    1.499733328819275,
    1.0303133726119995
  ],
  "amp_mean_y": [
    1.7959250211715698,
    2.52641224861145,
    1.9791193008422852
  ],
  "symmetry_ratio": [
    0.33007141947746277,
    0.5936217904090881,
    0.5205918550491333
  ],
  "energy_distribution": [
    0.2197326123714447,
    0.3225499391555786,
    0.17400604486465454
  ],
  "motion_stability": [
    1.697049617767334,
    3.0951619148254395,
    1.9681034088134766
  ],
  "freq_entropy": [
    9.057571411132812,
    8.383098602294922,
    9.002552032470703
  ]
}