{
  "dominant_freq": [
    0.6940421052631578,
    0.12618947368421052,
    0.13880842105263158
  ],
  "amp_mean_x": [
    0.3369235396385193,
    0.3994261920452118,
    0.3591211438179016
  ],
  "amp_mean_y": [
    0.22114679217338562,
    0.22861014306545258,
    0.22148321568965912
  ],
  "symmetry_ratio": [
    1.5235289335250854,
    1.747193694114685,
    1.6214373111724854
  ],
  "energy_distribution": [
    0.22151215374469757,
    0.3154280483722687,
    0.28498250246047974
  ],
  "motion_stability": [
    1.847887396812439,
    1.3056880235671997,
    1.318186640739441
  ],
  "freq_entropy": [
    9.169065475463867,
    8.743337631225586,
    8.856826782226562
  ]
}