{
  "dominant_freq": [
    0.10712680851063829,
    0.28628059701492536
  ],
  "amp_mean_x": [
    0.14964477717876434,
    0.23398052155971527
  ],
  "amp_mean_y": [
    0.1873837113380432,
    0.23808762431144714
  ],
  "symmetry_ratio": [
    0.7986007928848267,
    0.9827496409416199
  ],
  "energy_distribution": [
    0.2412092089653015,
    0.21456177532672882
  ],
  "motion_stability": [
    2.6115012168884277,
    4.094921588897705
  ],
  "freq_entropy": [
    10.166583061218262,
    10.42617130279541
  ]
}