{
  "dominant_freq": [
    0.77256,
    0.10656,
    0.55944,
    3.22344,
    0.15984,
    1.62504
  ],
  "amp_mean_x": [
    0.08997173607349396,
    0.12329912930727005,
    0.13665072619915009,
    0.20276522636413574,
    0.40004023909568787,
    0.3015791177749634
  ],
  "amp_mean_y": [
    0.13574419915676117,
    0.1220431700348854,
    0.1751808375120163,
    0.23751896619796753,
    0.5268788933753967,
    0.1197395920753479
  ],
  "symmetry_ratio": [
    0.6628035306930542,
    1.0102910995483398,
    0.7800552248954773,
    0.8536801338195801,
    0.7592641115188599,
    2.518624782562256
  ],
  "energy_distribution": [
    0.3110436797142029,
    0.2829243838787079,
    0.22322429716587067,
    0.21831901371479034,
    0.17413648962974548,
    0.21378228068351746
  ],
  "motion_stability": [
    1.0259130001068115,
    0.9465676546096802,
    0.8788797855377197,
    0.8304024934768677,
    3.820857048034668,
    0.8660522699356079
  ],
  "freq_entropy": [
    7.65664529800415,
    7.512398719787598,
    7.945794105529785,
    7.863946437835693,
    7.967436790466309,
    7.976646423339844
  ]
}