{
  "dominant_freq": [
    6.196375971295586,
    7.163920416932465
  ],
  "amp_mean_x": [
    0.9015287160873413,
    0.6167752742767334
  ],
  "amp_mean_y": [
    1.9045740365982056,
    0.8478584289550781
  ],
  "symmetry_ratio": [
    0.47334927320480347,
    0.7274507880210876
  ],
  "energy_distribution": [
    0.20828698575496674,
    0.2216147780418396
  ],
  "motion_stability": [
    2.2861218452453613,
    3.5593278408050537
  ],
  "freq_entropy": [
    9.394546508789062,
    9.576454162597656
  ]
}