{
  "dominant_freq": [
    6.37659574468085,
    0.3060765957446808
  ],
  "amp_mean_x": [
    0.24556055665016174,
    0.2544384300708771
  ],
  "amp_mean_y": [
    0.2528730630874634,
    0.21264977753162384
  ],
  "symmetry_ratio": [
    0.971082329750061,
    1.1965140104293823
  ],
  "energy_distribution": [
    0.18947501480579376,
    0.2843666672706604
  ],
  "motion_stability": [
    1.8572821617126465,
    1.2181708812713623
  ],
  "freq_entropy": [
    10.332564353942871,
    10.076253890991211
  ]
}