{
  "dominant_freq": [
    4.7,
    2.945
  ],
  "amp_mean_x": [
    0.10504642128944397,
    0.3019556403160095
  ],
  "amp_mean_y": [
    0.20532917976379395,
    0.49594661593437195
  ],
  "symmetry_ratio": [
    0.5116000771522522,
    0.6088470816612244
  ],
  "energy_distribution": [
    0.17434725165367126,
    0.21460136771202087
  ],
  "motion_stability": [
    1.844376564025879,
    1.7851513624191284
  ],
  "freq_entropy": [
    10.36751937866211,
    10.328657150268555
  ]
}