{
  "dominant_freq": [
    4.132212057222708,
    0.11246748986621054,
    0.11757964849649283,
    0.10215604591403483,
    0.12253504587405781
  ],
  "amp_mean_x": [
    0.9459018707275391,
    2.1324760913848877,
    1.2868051528930664,
    0.986083984375,
    1.627975344657898
  ],
  "amp_mean_y": [
    1.709299087524414,
    1.2772339582443237,
    0.8250269293785095,
    0.5269054174423218,
    1.0667411088943481
  ],
  "symmetry_ratio": [
    0.5533857941627502,
    1.6696048974990845,
    1.5597128868103027,
    1.8714629411697388,
    1.5261204242706299
  ],
  "energy_distribution": [
    0.23847685754299164,
    0.38620254397392273,
    0.4907272458076477,
    0.5664474368095398,
    0.18614016473293304
  ],
  "motion_stability": [
    3.989717483520508,
    2.6536524295806885,
    3.410470724105835,
    3.0851516723632812,
    3.100834369659424
  ],
  "freq_entropy": [
    9.411531448364258,
    9.710959434509277,
    9.55439567565918,
    9.39183521270752,
    10.285661697387695
  ]
}