{
  "dominant_freq": [
    0.9590399999999999,
    1.8160544680851063
  ],
  "amp_mean_x": [
    0.06950083374977112,
    0.1078532263636589
  ],
  "amp_mean_y": [
    0.10509290546178818,
    0.11366179585456848
  ],
  "symmetry_ratio": [
    0.6613275408744812,
    0.948896050453186
  ],
  "energy_distribution": [
    0.1959182173013687,
    0.17886613309383392
  ],
  "motion_stability": [
    1.7204310894012451,
    2.889847755432129
  ],
  "freq_entropy": [
    10.233226776123047,
    10.460261344909668
  ]
}