{
  "dominant_freq": [
    0.12631578947368421,
    0.12671594508975711,
    0.3529411764705882
  ],
  "amp_mean_x": [
    0.16148701310157776,
    0.6083515286445618,
    1.4555343389511108
  ],
  "amp_mean_y": [
    0.5800522565841675,
    1.3643743991851807,
    3.3282761573791504
  ],
  "symmetry_ratio": [
    0.27840080857276917,
    0.4458831250667572,
    0.43732377886772156
  ],
  "energy_distribution": [
    0.20601384341716766,
    0.26291242241859436,
    0.2205931395292282
  ],
  "motion_stability": [
    1.4913549423217773,
    0.9488012790679932,
    2.2186059951782227
  ],
  "freq_entropy": [
    8.66684341430664,
    8.503179550170898,
    8.634026527404785
  ]
}