{
  "dominant_freq": [
    3.0785214785214783,
    0.29897696832531906
  ],
  "amp_mean_x": [
    0.5881533026695251,
    0.6044354438781738
  ],
  "amp_mean_y": [
    0.7613826394081116,
    0.809016764163971
  ],
  "symmetry_ratio": [
    0.7724806070327759,
    0.7471234798431396
  ],
  "energy_distribution": [
    0.2112741470336914,
    0.2380387783050537
  ],
  "motion_stability": [
    3.1004223823547363,
    3.0259792804718018
  ],
  "freq_entropy": [
    9.471044540405273,
    9.510843276977539
  ]
}