{
  "dominant_freq": [
    0.5634359999999999,
    3.0449519999999994
  ],
  "amp_mean_x": [
    0.09364090859889984,
    0.089365154504776
  ],
  "amp_mean_y": [
    0.14615149796009064,
    0.15222248435020447
  ],
  "symmetry_ratio": [
    0.64071124792099,
    0.5870693325996399
  ],
  "energy_distribution": [
    0.2135595679283142,
    0.2126046121120453
  ],
  "motion_stability": [
    2.24560809135437,
    1.5391192436218262
  ],
  "freq_entropy": [
    9.289023399353027,
    9.047276496887207
  ]
}