{
  "dominant_freq": [
    0.8157286342743314,
    3.1808191808191806
  ],
  "amp_mean_x": [
    0.3273237645626068,
    0.5213560461997986
  ],
  "amp_mean_y": [
    1.170803427696228,
    2.2711832523345947
  ],
  "symmetry_ratio": [
    0.27957192063331604,
    0.22955261170864105
  ],
  "energy_distribution": [
    0.2826903760433197,
    0.21929211914539337
  ],
  "motion_stability": [
    2.9743237495422363,
    1.8503005504608154
  ],
  "freq_entropy": [
    9.683984756469727,
    9.662056922912598
  ]
}