{
  "dominant_freq": [
    3.7907444668008052,
    1.656,
    0.48,
    2.7203389830508473,
    0.744
  ],
  "amp_mean_x": [
    1.0518463850021362,
    0.016926750540733337,
    0.02192935161292553,
    1.4542502164840698,
    0.03873525932431221
  ],
  "amp_mean_y": [
    1.5477510690689087,
    0.014654853381216526,
    0.02143063023686409,
    1.9658117294311523,
    0.04050571471452713
  ],
  "symmetry_ratio": [
    0.6795966029167175,
    1.155026912689209,
    1.0232714414596558,
    0.7397708296775818,
    0.9562911987304688
  ],
  "energy_distribution": [
    0.1960722804069519,
    0.20818552374839783,
    0.23634077608585358,
    0.22083520889282227,
    0.2090197056531906
  ],
  "motion_stability": [
    3.8790955543518066,
    2.2718334197998047,
    2.164797782897949,
    5.414690971374512,
    1.8124537467956543
  ],
  "freq_entropy": [
    8.098066329956055,
    7.834756851196289,
    7.742607593536377,
    8.036008834838867,
    8.039688110351562
  ]
}