{
  "dominant_freq": [
    0.7192799999999999,
    0.4430347826086956,
    9.59798734177215
  ],
  "amp_mean_x": [
    0.037353307008743286,
    1.6512070894241333,
    0.15620863437652588
  ],
  "amp_mean_y": [
    0.06909386813640594,
    0.63353031873703,
    0.12940844893455505
  ],
  "symmetry_ratio": [
    0.5406168103218079,
    2.606358528137207,
    1.2070976495742798
  ],
  "energy_distribution": [
    0.26581767201423645,
    0.4136993885040283,
    0.17803408205509186
  ],
  "motion_stability": [
    1.4406466484069824,
    8.39271068572998,
    6.890736103057861
  ],
  "freq_entropy": [
    8.719417572021484,
    9.000992774963379,
    9.259845733642578
  ]
}