{
  "dominant_freq": [
    5.576696202531645,
    3.886635789473684,
    5.64066947368421
  ],
  "amp_mean_x": [
    0.1431497186422348,
    0.21784788370132446,
    0.14606091380119324
  ],
  "amp_mean_y": [
    0.1612933874130249,
    0.21488846838474274,
    0.1228235736489296
  ],
  "symmetry_ratio": [
    0.8875113725662231,
    1.013771891593933,
    1.1891928911209106
  ],
  "energy_distribution": [
    0.18971174955368042,
    0.2062222808599472,
    0.19952411949634552
  ],
  "motion_stability": [
    2.469801902770996,
    3.2233827114105225,
    5.7304158210754395
  ],
  "freq_entropy": [
    9.076817512512207,
    9.174656867980957,
    9.19624137878418
  ]
}