{
  "dominant_freq": [
    4.1728442553191485,
    0.29089655172413786
  ],
  "amp_mean_x": [
    0.17299756407737732,
    0.3324022889137268
  ],
  "amp_mean_y": [
    0.23336152732372284,
    0.4259188175201416
  ],
  "symmetry_ratio": [
    0.7413285374641418,
    0.7804358005523682
  ],
  "energy_distribution": [
    0.2178611308336258,
    0.28517502546310425
  ],
  "motion_stability": [
    1.6937953233718872,
    2.090651035308838
  ],
  "freq_entropy": [
    10.322806358337402,
    10.272851943969727
  ]
}