{
  "dominant_freq": [
    0.1207157242447715,
    0.4334123076923076
  ],
  "amp_mean_x": [
    1.3044060468673706,
    0.32522860169410706
  ],
  "amp_mean_y": [
    2.5217385292053223,
    1.1657874584197998
  ],
  "symmetry_ratio": [
    0.5172646045684814,
    0.2789776027202606
  ],
  "energy_distribution": [
    0.304463654756546,
    0.329427570104599
  ],
  "motion_stability": [
    4.165239334106445,
    1.1563315391540527
  ],
  "freq_entropy": [
    9.345386505126953,
    9.33984088897705
  ]
}