{
  "dominant_freq": [
    2.2083157894736836,
    0.4669010526315789,
    0.5052897787144361
  ],
  "amp_mean_x": [
    0.6562695503234863,
    0.5578520894050598,
    0.5661512017250061
  ],
  "amp_mean_y": [
    1.1185572147369385,
    2.0604336261749268,
    0.646733283996582
  ],
  "symmetry_ratio": [
    0.5867107510566711,
    0.2707449793815613,
    0.8754013776779175
  ],
  "energy_distribution": [
    0.22075636684894562,
    0.36190372705459595,
    0.1774621605873108
  ],
  "motion_stability": [
    2.0442147254943848,
    1.484068512916565,
    1.958601713180542
  ],
  "freq_entropy": [
    9.031588554382324,
    8.70326042175293,
    9.13202953338623
  ]
}