{
  "dominant_freq": [
    3.53646,
    1.7639485714285716
  ],
  "amp_mean_x": [
    0.07388560473918915,
    0.2775404453277588
  ],
  "amp_mean_y": [
    0.21959228813648224,
    0.736430287361145
  ],
  "symmetry_ratio": [
    0.3364672064781189,
    0.3768726587295532
  ],
  "energy_distribution": [
    0.2463270127773285,
    0.19542451202869415
  ],
  "motion_stability": [
    1.9319913387298584,
    2.249788999557495
  ],
  "freq_entropy": [
    9.556544303894043,
    9.497745513916016
  ]
}