{
  "dominant_freq": [
    0.975767441860465,
    6.460901052631578,
    4.618534736842105
  ],
  "amp_mean_x": [
    1.2415903806686401,
    0.44598427414894104,
    0.699953556060791
  ],
  "amp_mean_y": [
    0.6313318014144897,
    0.16928112506866455,
    0.1852925717830658
  ],
  "symmetry_ratio": [
    1.9666210412979126,
    2.634577751159668,
    3.7775585651397705
  ],
  "energy_distribution": [
    0.23683643341064453,
    0.20480313897132874,
    0.227690652012825
  ],
  "motion_stability": [
    5.443392753601074,
    2.1050596237182617,
    1.5368772745132446
  ],
  "freq_entropy": [
    9.122658729553223,
    9.028083801269531,
    9.034933090209961
  ]
}