{
  "dominant_freq": [
    5.406593406593407,
    5.644957452186368
  ],
  "amp_mean_x": [
    0.19510744512081146,
    0.2760883569717407
  ],
  "amp_mean_y": [
    0.466034859418869,
    0.6417849063873291
  ],
  "symmetry_ratio": [
    0.4186541736125946,
    0.43018829822540283
  ],
  "energy_distribution": [
    0.22341778874397278,
    0.1696709841489792
  ],
  "motion_stability": [
    1.560723900794983,
    1.9007270336151123
  ],
  "freq_entropy": [
    9.035194396972656,
    9.102323532104492
  ]
}