{
  "dominant_freq": [
    4.829190871369295,
    3.1558224363386094
  ],
  "amp_mean_x": [
    1.2138160467147827,
    1.3322525024414062
  ],
  "amp_mean_y": [
    2.589905261993408,
    2.6549265384674072
  ],
  "symmetry_ratio": [
    0.468671977519989,
    0.5018038749694824
  ],
  "energy_distribution": [
    0.16775891184806824,
    0.2310403734445572
  ],
  "motion_stability": [
    2.2622275352478027,
    1.9512600898742676
  ],
  "freq_entropy": [
    10.263315200805664,
    10.331685066223145
  ]
}