{
  "dominant_freq": [
    0.7949936842105263,
    0.17666526315789471,
    0.2649978947368421
  ],
  "amp_mean_x": [
    0.5832445621490479,
    0.41366147994995117,
    0.18983806669712067
  ],
  "amp_mean_y": [
    0.1918976604938507,
    0.23059692978858948,
    0.17532695829868317
  ],
  "symmetry_ratio": [
    3.0393521785736084,
    1.7938724756240845,
    1.0827659368515015
  ],
  "energy_distribution": [
    0.6225079298019409,
    0.5133435726165771,
    0.23262953758239746
  ],
  "motion_stability": [
    2.5481600761413574,
    2.478850841522217,
    1.2930692434310913
  ],
  "freq_entropy": [
    8.43917465209961,
    8.113637924194336,
    8.939169883728027
  ]
}