{
  "dominant_freq": [
    3.4618670478913507,
    0.24044699140401143
  ],
  "amp_mean_x": [
    0.5718459486961365,
    0.5379042029380798
  ],
  "amp_mean_y": [
    0.8020339608192444,
    0.8724632859230042
  ],
  "symmetry_ratio": [
    0.7129946947097778,
    0.6165350675582886
  ],
  "energy_distribution": [
    0.20599670708179474,
    0.2600693702697754
  ],
  "motion_stability": [
    2.3597264289855957,
    1.919925570487976
  ],
  "freq_entropy": [
    9.574610710144043,
    9.385705947875977
  ]
}