{
  "dominant_freq": [
    1.2624451266748917,
    0.12596860232587026
  ],
  "amp_mean_x": [
    0.531592845916748,
    0.5977497696876526
  ],
  "amp_mean_y": [
    0.8254990577697754,
    1.191480040550232
  ],
  "symmetry_ratio": [
    0.6439654231071472,
    0.5016867518424988
  ],
  "energy_distribution": [
    0.16516569256782532,
    0.36366140842437744
  ],
  "motion_stability": [
    1.858487606048584,
    1.7559725046157837
  ],
  "freq_entropy": [
    9.274572372436523,
    8.976546287536621
  ]
}