{
  "dominant_freq": [
    5.668611428571428,
    0.9419142857142857,
    0.29281034482758617,
    0.8439827586206895
  ],
  "amp_mean_x": [
    0.16657289862632751,
    0.19059771299362183,
    0.6033759117126465,
    0.7498148679733276
  ],
  "amp_mean_y": [
    0.3696344792842865,
    0.5147122740745544,
    1.112305998802185,
    1.669650673866272
  ],
  "symmetry_ratio": [
    0.4506421983242035,
    0.3702995181083679,
    0.5424549579620361,
    0.4490848779678345
  ],
  "energy_distribution": [
    0.1822660118341446,
    0.2212391048669815,
    0.3085927665233612,
    0.21006923913955688
  ],
  "motion_stability": [
    2.0567567348480225,
    2.0161070823669434,
    2.0383248329162598,
    2.3087220191955566
  ],
  "freq_entropy": [
    8.617531776428223,
    8.74776840209961,
    8.489763259887695,
    8.57079792022705
  ]
}