{
  "dominant_freq": [
    7.230879199428164,
    0.27906976744186046
  ],
  "amp_mean_x": [
    0.3954441547393799,
    1.4031460285186768
  ],
  "amp_mean_y": [
    0.9081394076347351,
    2.7927308082580566
  ],
  "symmetry_ratio": [
    0.43544432520866394,
    0.5024279356002808
  ],
  "energy_distribution": [
    0.1642729640007019,
    0.19520670175552368
  ],
  "motion_stability": [
    2.692201614379883,
    1.8451261520385742
  ],
  "freq_entropy": [
    9.619169235229492,
    9.560444831848145
  ]
}