{
  "dominant_freq": [
    0.115,
    0.145
  ],
  "amp_mean_x": [
    0.3561785817146301,
    0.19166910648345947
  ],
  "amp_mean_y": [
    0.4004793167114258,
    0.3928714990615845
  ],
  "symmetry_ratio": [
    0.889380693435669,
    0.48786717653274536
  ],
  "energy_distribution": [
    0.24119360744953156,
    0.37937861680984497
  ],
  "motion_stability": [
    1.6803224086761475,
    1.7193057537078857
  ],
  "freq_entropy": [
    10.255867958068848,
    9.976029396057129
  ]
}