{
  "dominant_freq": [
    4.940372127872129,
    1.3707223009548593
  ],
  "amp_mean_x": [
    1.0759159326553345,
    0.956264317035675
  ],
  "amp_mean_y": [
    1.4107298851013184,
    1.1898373365402222
  ],
  "symmetry_ratio": [
    0.7626661658287048,
    0.8036932945251465
  ],
  "energy_distribution": [
    0.21951337158679962,
    0.227671816945076
  ],
  "motion_stability": [
    2.763092041015625,
    2.493194103240967
  ],
  "freq_entropy": [
    9.755885124206543,
    9.686112403869629
  ]
}