{
  "dominant_freq": [
    3.2025085714285715,
    1.67832
  ],
  "amp_mean_x": [
    0.5139901041984558,
    0.6795194745063782
  ],
  "amp_mean_y": [
    0.5988189578056335,
    0.8657034635543823
  ],
  "symmetry_ratio": [
    0.8583397269248962,
    0.7849332690238953
  ],
  "energy_distribution": [
    0.21784502267837524,
    0.1947600096464157
  ],
  "motion_stability": [
    2.245875358581543,
    2.6510753631591797
  ],
  "freq_entropy": [
    9.554645538330078,
    9.561264038085938
  ]
}