{
  "dominant_freq": [
    0.13342808219178082,
    0.30123168654173765
  ],
  "amp_mean_x": [
    0.48957160115242004,
    0.16580408811569214
  ],
  "amp_mean_y": [
    1.3380193710327148,
    0.49465927481651306
  ],
  "symmetry_ratio": [
    0.36589276790618896,
    0.33518847823143005
  ],
  "energy_distribution": [
    0.20855295658111572,
    0.25617802143096924
  ],
  "motion_stability": [
    4.933413982391357,
    1.3161134719848633
  ],
  "freq_entropy": [
    10.343664169311523,
    10.189387321472168
  ]
}