{
  "dominant_freq": [
    0.36015450643776825,
    0.7465683607730852
  ],
  "amp_mean_x": [
    0.4270283281803131,
    0.5599304437637329
  ],
  "amp_mean_y": [
    0.42615723609924316,
    0.6170600652694702
  ],
  "symmetry_ratio": [
    1.0020440816879272,
    0.9074164628982544
  ],
  "energy_distribution": [
    0.2614433169364929,
    0.2825203537940979
  ],
  "motion_stability": [
    1.8295719623565674,
    4.133462905883789
  ],
  "freq_entropy": [
    9.611241340637207,
    9.525197982788086
  ]
}