{
  "dominant_freq": [
    0.10500000000000001,
    0.47599164926931115,
    0.46636021730045973
  ],
  "amp_mean_x": [
    0.16425201296806335,
    0.4802229404449463,
    0.8510785698890686
  ],
  "amp_mean_y": [
    0.3042023181915283,
    1.0519869327545166,
    1.35121488571167
  ],
  "symmetry_ratio": [
    0.5399433374404907,
    0.4564913511276245,
    0.6298617720603943
  ],
  "energy_distribution": [
    0.24421030282974243,
    0.21710017323493958,
    0.2917250692844391
  ],
  "motion_stability": [
    1.1650253534317017,
    1.7469146251678467,
    1.6988533735275269
  ],
  "freq_entropy": [
    10.238422393798828,
    10.303165435791016,
    10.047178268432617
  ]
}