{
  "dominant_freq": [
    0.3627947368421052,
    0.8990999999999999,
    0.12618947368421052
  ],
  "amp_mean_x": [
    0.05922560393810272,
    0.042127035558223724,
    0.039322417229413986
  ],
  "amp_mean_y": [
    0.17724284529685974,
    0.24461184442043304,
    0.11562474071979523
  ],
  "symmetry_ratio": [
    0.33414947986602783,
    0.17221993207931519,
    0.34008651971817017
  ],
  "energy_distribution": [
    0.2715628743171692,
    0.27452704310417175,
    0.24394357204437256
  ],
  "motion_stability": [
    0.8442100882530212,
    0.9469460248947144,
    1.2017734050750732
  ],
  "freq_entropy": [
    8.561768531799316,
    8.515579223632812,
    8.703243255615234
  ]
}