{
  "dominant_freq": [
    0.17873482428115015,
    1.508512249443207,
    4.9915432525951555
  ],
  "amp_mean_x": [
    1.0138705968856812,
    2.0689234733581543,
    2.098292827606201
  ],
  "amp_mean_y": [
    1.0799479484558105,
    3.9906766414642334,
    7.378023147583008
  ],
  "symmetry_ratio": [
    0.9388143420219421,
    0.5184392929077148,
    0.284397691488266
  ],
  "energy_distribution": [
    0.2750329077243805,
    0.28455597162246704,
    0.2553212642669678
  ],
  "motion_stability": [
    2.577120304107666,
    2.183229923248291,
    2.916303873062134
  ],
  "freq_entropy": [
    8.949289321899414,
    8.719619750976562,
    8.510194778442383
  ]
}