{
  "dominant_freq": [
    2.66,
    0.495
  ],
  "amp_mean_x": [
    0.11040829122066498,
    0.06686774641275406
  ],
  "amp_mean_y": [
    0.28442931175231934,
    0.2145415097475052
  ],
  "symmetry_ratio": [
    0.38817480206489563,
    0.3116774260997772
  ],
  "energy_distribution": [
    0.2105599045753479,
    0.2129916399717331
  ],
  "motion_stability": [
    1.6640182733535767,
    1.4746129512786865
  ],
  "freq_entropy": [
    10.315896987915039,
    10.266153335571289
  ]
}