{
  "dominant_freq": [
    3.2731958762886597,
    0.2528445006321112
  ],
  "amp_mean_x": [
    1.9546834230422974,
    8.66801643371582
  ],
  "amp_mean_y": [
    1.2084397077560425,
    11.91910171508789
  ],
  "symmetry_ratio": [
    1.617526650428772,
    0.7272374033927917
  ],
  "energy_distribution": [
    0.2057647556066513,
    0.36003053188323975
  ],
  "motion_stability": [
    4.476954936981201,
    2.173173427581787
  ],
  "freq_entropy": [
    9.156718254089355,
    8.572526931762695
  ]
}