{
  "dominant_freq": [
    4.946460189426941,
    0.12753204242565944,
    4.943774174543405
  ],
  "amp_mean_x": [
    0.46830642223358154,
    0.2722490429878235,
    0.755597710609436
  ],
  "amp_mean_y": [
    0.6119452118873596,
    0.6703253984451294,
    1.3637291193008423
  ],
  "symmetry_ratio": [
    0.7652750611305237,
    0.4061445891857147,
    0.5540673136711121
  ],
  "energy_distribution": [
    0.2186998426914215,
    0.20019765198230743,
    0.1463964879512787
  ],
  "motion_stability": [
    2.170903444290161,
    1.6400704383850098,
    2.3169665336608887
  ],
  "freq_entropy": [
    10.29816722869873,
    10.289813041687012,
    10.313581466674805
  ]
}