{
  "dominant_freq": [
    2.4746681889539035,
    3.3943002242714058
  ],
  "amp_mean_x": [
    0.8165183663368225,
    0.9743729829788208
  ],
  "amp_mean_y": [
    0.8021072745323181,
    0.9795714020729065
  ],
  "symmetry_ratio": [
    1.0179665088653564,
    0.9946931600570679
  ],
  "energy_distribution": [
    0.184968501329422,
    0.2375970333814621
  ],
  "motion_stability": [
    4.428885459899902,
    4.182910919189453
  ],
  "freq_entropy": [
    9.64658260345459,
    9.53171157836914
  ]
}