{
  "dominant_freq": [
    3.5712216030861548,
    0.14927093173035635
  ],
  "amp_mean_x": [
    1.0945327281951904,
    0.47996795177459717
  ],
  "amp_mean_y": [
    1.022074580192566,
    1.3940235376358032
  ],
  "symmetry_ratio": [
    1.0708931684494019,
    0.34430405497550964
  ],
  "energy_distribution": [
    0.23533093929290771,
    0.447010338306427
  ],
  "motion_stability": [
    3.38481068611145,
    7.300680160522461
  ],
  "freq_entropy": [
    10.069095611572266,
    9.775766372680664
  ]
}