{
  "dominant_freq": [
    1.7368977272727273,
    6.526236786469344,
    3.974968421052631
  ],
  "amp_mean_x": [
    6.4502339363098145,
    0.8522443175315857,
    0.5128536820411682
  ],
  "amp_mean_y": [
    6.1291046142578125,
    0.6781293749809265,
    0.796718418598175
  ],
  "symmetry_ratio": [
    1.052394151687622,
    1.2567577362060547,
    0.6437075734138489
  ],
  "energy_distribution": [
    0.38863709568977356,
    0.18063707649707794,
    0.2143905758857727
  ],
  "motion_stability": [
    2.6674418449401855,
    2.576904773712158,
    2.5917677879333496
  ],
  "freq_entropy": [
    7.58354377746582,
    9.064266204833984,
    9.036519050598145
  ]
}