{
  "dominant_freq": [
    0.3416666666666667,
    7.643581081081081
  ],
  "amp_mean_x": [
    0.07849527150392532,
    0.6764453649520874
  ],
  "amp_mean_y": [
    0.09317047894001007,
    0.8611090779304504
  ],
  "symmetry_ratio": [
    0.8424907922744751,
    0.7855513095855713
  ],
  "energy_distribution": [
    0.22444923222064972,
    0.21358175575733185
  ],
  "motion_stability": [
    2.1882505416870117,
    4.591401100158691
  ],
  "freq_entropy": [
    9.598777770996094,
    9.626094818115234
  ]
}