{
  "dominant_freq": [
    2.8599499568593614,
    1.016465034965035
  ],
  "amp_mean_x": [
    0.9661934971809387,
    0.9506717324256897
  ],
  "amp_mean_y": [
    1.946948766708374,
    3.0364251136779785
  ],
  "symmetry_ratio": [
    0.4962603747844696,
    0.31308913230895996
  ],
  "energy_distribution": [
    0.1871100664138794,
    0.2651463747024536
  ],
  "motion_stability": [
    4.128109931945801,
    3.4212911128997803
  ],
  "freq_entropy": [
    10.372932434082031,
    10.261981964111328
  ]
}