{
  "dominant_freq": [
    0.7445186392554812,
    0.4542825595457174,
    0.4542825595457174
  ],
  "amp_mean_x": [
    0.34134599566459656,
    0.22988785803318024,
    0.2642548084259033
  ],
  "amp_mean_y": [
    0.23674090206623077,
    0.2654040455818176,
    0.1878693848848343
  ],
  "symmetry_ratio": [
    1.44185471534729,
    0.8661806583404541,
    1.4065879583358765
  ],
  "energy_distribution": [
    0.24546028673648834,
    0.36231768131256104,
    0.33109909296035767
  ],
  "motion_stability": [
    1.7343804836273193,
    1.4490916728973389,
    1.7912981510162354
  ],
  "freq_entropy": [
    9.067354202270508,
    8.212804794311523,
    8.800228118896484
  ]
}