{
  "dominant_freq": [
    0.8830446428571428,
    4.71528,
    2.71728,
    0.15984,
    0.2943482142857142,
    2.149572413793103
  ],
  "amp_mean_x": [
    0.6744425892829895,
    0.45735910534858704,
    0.2931722104549408,
    0.28567707538604736,
    0.7396421432495117,
    0.6409534215927124
  ],
  "amp_mean_y": [
    1.2157715559005737,
    0.5518200993537903,
    0.26752933859825134,
    0.8755064606666565,
    0.860576331615448,
    1.8795578479766846
  ],
  "symmetry_ratio": [
    0.5547444820404053,
    0.828819215297699,
    1.0958507061004639,
    0.3262992203235626,
    0.8594730496406555,
    0.3410128653049469
  ],
  "energy_distribution": [
    0.27641138434410095,
    0.20443323254585266,
    0.21490958333015442,
    0.3332875072956085,
    0.32809340953826904,
    0.2650122344493866
  ],
  "motion_stability": [
    2.135284423828125,
    1.4879179000854492,
    1.302093505859375,
    0.9815825819969177,
    1.8844279050827026,
    2.1360979080200195
  ],
  "freq_entropy": [
    7.888830184936523,
    7.882700443267822,
    7.934700012207031,
    7.714511871337891,
    7.797090530395508,
    7.8860063552856445
  ]
}