{
  "dominant_freq": [
    0.2649978947368421,
    0.29023578947368417,
    0.29023578947368417
  ],
  "amp_mean_x": [
    0.061029743403196335,
    0.06214200332760811,
    0.061741117388010025
  ],
  "amp_mean_y": [
    0.10639951378107071,
    0.07024648785591125,
    0.07251735031604767
  ],
  "symmetry_ratio": [
    0.5735904574394226,
    0.8846278786659241,
    0.8513978719711304
  ],
  "energy_distribution": [
    0.30951493978500366,
    0.25843143463134766,
    0.3885023593902588
  ],
  "motion_stability": [
    1.2869406938552856,
    0.9686472415924072,
    1.1832268238067627
  ],
  "freq_entropy": [
    8.740887641906738,
    8.757041931152344,
    8.147014617919922
  ]
}