{
  "dominant_freq": [
    4.666952661009124,
    4.922052612067516
  ],
  "amp_mean_x": [
    1.0755469799041748,
    1.5523924827575684
  ],
  "amp_mean_y": [
    1.8693923950195312,
    3.0989632606506348
  ],
  "symmetry_ratio": [
    0.5753457546234131,
    0.5009393095970154
  ],
  "energy_distribution": [
    0.22890529036521912,
    0.1665286421775818
  ],
  "motion_stability": [
    3.818294048309326,
    1.8996453285217285
  ],
  "freq_entropy": [
    9.64090633392334,
    9.554154396057129
  ]
}