{
  "dominant_freq": [
    0.29023578947368417,
    0.29023578947368417,
    9.073023157894735
  ],
  "amp_mean_x": [
    0.1151980608701706,
    0.12606346607208252,
    0.15116560459136963
  ],
  "amp_mean_y": [
    0.3493627905845642,
    0.3912332355976105,
    0.45172619819641113
  ],
  "symmetry_ratio": [
    0.3297376334667206,
    0.32222074270248413,
    0.33463987708091736
  ],
  "energy_distribution": [
    0.3422606289386749,
    0.21358254551887512,
    0.19222134351730347
  ],
  "motion_stability": [
    1.2245945930480957,
    1.5848524570465088,
    1.637865662574768
  ],
  "freq_entropy": [
    8.784844398498535,
    8.966218948364258,
    8.961669921875
  ]
}