{
  "dominant_freq": [
    4.38869546436285,
    1.1987999999999999,
    1.1987999999999999
  ],
  "amp_mean_x": [
    2.0848944187164307,
    0.0347290001809597,
    0.0420285165309906
  ],
  "amp_mean_y": [
    2.1956560611724854,
    0.08231696486473083,
    0.08064816147089005
  ],
  "symmetry_ratio": [
    0.9495542049407959,
    0.4218935966491699,
    0.5211341977119446
  ],
  "energy_distribution": [
    0.2221681922674179,
    0.1617765575647354,
    0.2724156081676483
  ],
  "motion_stability": [
    6.100581645965576,
    1.1964284181594849,
    1.9897878170013428
  ],
  "freq_entropy": [
    9.130463600158691,
    8.810640335083008,
    8.998873710632324
  ]
}