{
  "dominant_freq": [
    0.47952047952047955,
    0.1319653695088226
  ],
  "amp_mean_x": [
    0.3712361752986908,
    1.213309407234192
  ],
  "amp_mean_y": [
    0.6095166206359863,
    2.150527238845825
  ],
  "symmetry_ratio": [
    0.6090665459632874,
    0.5641915798187256
  ],
  "energy_distribution": [
    0.26501697301864624,
    0.4036342203617096
  ],
  "motion_stability": [
    1.7991833686828613,
    4.526960372924805
  ],
  "freq_entropy": [
    9.752094268798828,
    9.559998512268066
  ]
}