{
  "dominant_freq": [
    0.95904,
    2.51748
  ],
  "amp_mean_x": [
    0.15640927851200104,
    0.43617701530456543
  ],
  "amp_mean_y": [
    0.3935603201389313,
    0.5291802287101746
  ],
  "symmetry_ratio": [
    0.39742136001586914,
    0.8242504000663757
  ],
  "energy_distribution": [
    0.22890867292881012,
    0.19926171004772186
  ],
  "motion_stability": [
    1.1997249126434326,
    1.9371280670166016
  ],
  "freq_entropy": [
    9.549428939819336,
    9.576566696166992
  ]
}