{
  "dominant_freq": [
    0.3031578947368421,
    0.10105263157894738,
    0.5178947368421053
  ],
  "amp_mean_x": [
    0.13986551761627197,
    0.06834708154201508,
    0.0947016030550003
  ],
  "amp_mean_y": [
    0.08202261477708817,
    0.08262420445680618,
    0.14117200672626495
  ],
  "symmetry_ratio": [
    1.7052067518234253,
    0.8272041082382202,
    0.6708242297172546
  ],
  "energy_distribution": [
    0.2748645544052124,
    0.5649808049201965,
    0.24945561587810516
  ],
  "motion_stability": [
    1.2344105243682861,
    1.5100284814834595,
    1.3417096138000488
  ],
  "freq_entropy": [
    8.911155700683594,
    8.035402297973633,
    8.937394142150879
  ]
}