{
  "dominant_freq": [
    0.9641412765957446,
    2.428207659574468,
    4.4381106382978714
  ],
  "amp_mean_x": [
    0.16366402804851532,
    0.25170689821243286,
    0.3834629952907562
  ],
  "amp_mean_y": [
    0.1083092987537384,
    0.11242852360010147,
    0.1972258985042572
  ],
  "symmetry_ratio": [
    1.5110801458358765,
    2.238816976547241,
    1.944283127784729
  ],
  "energy_distribution": [
    0.1798744797706604,
    0.20839782059192657,
    0.18888896703720093
  ],
  "motion_stability": [
    1.179819107055664,
    1.1835843324661255,
    1.1036531925201416
  ],
  "freq_entropy": [
    10.283689498901367,
    10.201634407043457,
    10.209579467773438
  ]
}