{
  "dominant_freq": [
    0.3333333333333333,
    0.3
  ],
  "amp_mean_x": [
    0.16722172498703003,
    0.3825792670249939
  ],
  "amp_mean_y": [
    0.35368812084198,
    0.30150988698005676
  ],
  "symmetry_ratio": [
    0.4727942943572998,
    1.2688779830932617
  ],
  "energy_distribution": [
    0.3077901005744934,
    0.2843073904514313
  ],
  "motion_stability": [
    1.6191349029541016,
    1.2461799383163452
  ],
  "freq_entropy": [
    9.495092391967773,
    9.44168472290039
  ]
}