{
  "dominant_freq": [
    4.893310282531839,
    0.5228416443369714
  ],
  "amp_mean_x": [
    0.3595253527164459,
    0.5837293863296509
  ],
  "amp_mean_y": [
    0.7773706912994385,
    1.1960079669952393
  ],
  "symmetry_ratio": [
    0.46248894929885864,
    0.48806479573249817
  ],
  "energy_distribution": [
    0.19027608633041382,
    0.23490363359451294
  ],
  "motion_stability": [
    2.678178071975708,
    3.0076687335968018
  ],
  "freq_entropy": [
    9.159097671508789,
    9.06937026977539
  ]
}