{
  "dominant_freq": [
    4.266038820992091,
    3.2093858267716535
  ],
  "amp_mean_x": [
    0.7832587361335754,
    0.32281216979026794
  ],
  "amp_mean_y": [
    1.5389868021011353,
    0.6163322925567627
  ],
  "symmetry_ratio": [
    0.5089443922042847,
    0.5237631797790527
  ],
  "energy_distribution": [
    0.19149748980998993,
    0.27675727009773254
  ],
  "motion_stability": [
    2.5947680473327637,
    2.3007259368896484
  ],
  "freq_entropy": [
    9.562528610229492,
    9.620026588439941
  ]
}