{
  "dominant_freq": [
    6.114221724524077,
    1.5066666666666668,
    0.32579185520362
  ],
  "amp_mean_x": [
    0.5734072923660278,
    0.4296165704727173,
    0.46399304270744324
  ],
  "amp_mean_y": [
    1.223386526107788,
    0.7367451786994934,
    1.4215272665023804
  ],
  "symmetry_ratio": [
    0.4687049388885498,
    0.5831277370452881,
    0.3264046013355255
  ],
  "energy_distribution": [
    0.17968851327896118,
    0.2100856602191925,
    0.16866445541381836
  ],
  "motion_stability": [
    3.7045602798461914,
    1.2925522327423096,
    2.4961395263671875
  ],
  "freq_entropy": [
    8.935216903686523,
    8.964649200439453,
    8.959905624389648
  ]
}