{
  "dominant_freq": [
    2.0898659653885305,
    0.11270769230769229
  ],
  "amp_mean_x": [
    0.30738508701324463,
    0.5264730453491211
  ],
  "amp_mean_y": [
    0.3804174065589905,
    0.6034806370735168
  ],
  "symmetry_ratio": [
    0.8080205917358398,
    0.8723942637443542
  ],
  "energy_distribution": [
    0.14155972003936768,
    0.25745829939842224
  ],
  "motion_stability": [
    3.8544297218322754,
    2.836989402770996
  ],
  "freq_entropy": [
    10.401764869689941,
    10.282175064086914
  ]
}