{
  "dominant_freq": [
    4.0673571428571424,
    3.841747997086671
  ],
  "amp_mean_x": [
    0.3623649775981903,
    1.538269281387329
  ],
  "amp_mean_y": [
    0.30442553758621216,
    1.866409182548523
  ],
  "symmetry_ratio": [
    1.190323829650879,
    0.8241865038871765
  ],
  "energy_distribution": [
    0.19479046761989594,
    0.25101566314697266
  ],
  "motion_stability": [
    1.852874755859375,
    3.1710267066955566
  ],
  "freq_entropy": [
    9.58877944946289,
    9.598779678344727
  ]
}