{
  "dominant_freq": [
    0.13280272688538558,
    0.11737931034482757
  ],
  "amp_mean_x": [
    0.5860822796821594,
    0.7332930564880371
  ],
  "amp_mean_y": [
    0.7960717678070068,
    1.55790376663208
  ],
  "symmetry_ratio": [
    0.7362179160118103,
    0.47069212794303894
  ],
  "energy_distribution": [
    0.23485919833183289,
    0.3244158923625946
  ],
  "motion_stability": [
    2.2180275917053223,
    1.872725486755371
  ],
  "freq_entropy": [
    10.22714900970459,
    10.021937370300293
  ]
}