{
  "dominant_freq": [
    0.1,
    0.15,
    2.3757225433526012
  ],
  "amp_mean_x": [
    0.2698070704936981,
    0.6082242727279663,
    1.0117816925048828
  ],
  "amp_mean_y": [
    0.8649088740348816,
    1.5931929349899292,
    2.1399030685424805
  ],
  "symmetry_ratio": [
    0.3119485378265381,
    0.38176435232162476,
    0.4728165864944458
  ],
  "energy_distribution": [
    0.488137811422348,
    0.2706330120563507,
    0.20274503529071808
  ],
  "motion_stability": [
    1.850121259689331,
    2.201634645462036,
    2.181534767150879
  ],
  "freq_entropy": [
    8.021347045898438,
    8.438621520996094,
    8.570308685302734
  ]
}