{
  "dominant_freq": [
    5.115176151761518,
    0.9839893262174784
  ],
  "amp_mean_x": [
    1.967604398727417,
    0.3413048982620239
  ],
  "amp_mean_y": [
    2.9711220264434814,
    0.49866315722465515
  ],
  "symmetry_ratio": [
    0.6622428894042969,
    0.6844397783279419
  ],
  "energy_distribution": [
    0.24483120441436768,
    0.2079755663871765
  ],
  "motion_stability": [
    4.075289726257324,
    1.4785325527191162
  ],
  "freq_entropy": [
    9.59642219543457,
    9.506285667419434
  ]
}