{
  "dominant_freq": [
    0.8076126315789474,
    0.5299957894736842,
    0.5426147368421051
  ],
  "amp_mean_x": [
    0.26287364959716797,
    0.3062037229537964,
    0.1389179825782776
  ],
  "amp_mean_y": [
    0.3544381558895111,
    0.4365822970867157,
    0.1956564486026764
  ],
  "symmetry_ratio": [
    0.7416629791259766,
    0.7013654112815857,
    0.710009753704071
  ],
  "energy_distribution": [
    0.28969067335128784,
    0.2902284860610962,
    0.28683486580848694
  ],
  "motion_stability": [
    1.3620827198028564,
    2.2898221015930176,
    1.6238317489624023
  ],
  "freq_entropy": [
    8.811966896057129,
    8.93089771270752,
    8.89462661743164
  ]
}