{
  "dominant_freq": [
    3.156360205831904,
    3.877561855670103
  ],
  "amp_mean_x": [
    1.1443815231323242,
    0.5722265243530273
  ],
  "amp_mean_y": [
    0.609557032585144,
    0.6259278655052185
  ],
  "symmetry_ratio": [
    1.8773986101150513,
    0.9142052531242371
  ],
  "energy_distribution": [
    0.43624404072761536,
    0.2183246612548828
  ],
  "motion_stability": [
    6.928129196166992,
    7.0094075202941895
  ],
  "freq_entropy": [
    9.989740371704102,
    10.26801872253418
  ]
}