{
  "dominant_freq": [
    1.2602769230769229,
    1.4417828086310576
  ],
  "amp_mean_x": [
    0.08897849917411804,
    0.6640928387641907
  ],
  "amp_mean_y": [
    0.17084141075611115,
    2.1083109378814697
  ],
  "symmetry_ratio": [
    0.5208251476287842,
    0.31498807668685913
  ],
  "energy_distribution": [
    0.2970178723335266,
    0.2720184922218323
  ],
  "motion_stability": [
    2.5197274684906006,
    3.3239712715148926
  ],
  "freq_entropy": [
    10.268728256225586,
    10.210253715515137
  ]
}