{
  "dominant_freq": [
    0.2314205079962371
  ],
  "amp_mean_x": [
    5.3238970774698124
  ],
  "amp_mean_y": [
    6.834866577123317
  ],
  "symmetry_ratio": [
    0.7789321148256494
  ],
  "energy_distribution": [
    0.28464875357189817
  ],
  "motion_stability": [
    2.1383068082053116
  ],
  "freq_entropy": [
    10.093992179524523
  ]
}