{
  "dominant_freq": [
    3.0658702999128526,
    0.46931791612642676,
    5.198206049269879
  ],
  "amp_mean_x": [
    0.09733647853136063,
    0.21458816528320312,
    0.1356465369462967
  ],
  "amp_mean_y": [
    0.09260597079992294,
    0.17199912667274475,
    0.14045195281505585
  ],
  "symmetry_ratio": [
    1.0510821342468262,
    1.2476119995117188,
    0.9657860398292542
  ],
  "energy_distribution": [
    0.20426221191883087,
    0.1989375799894333,
    0.19140593707561493
  ],
  "motion_stability": [
    2.1115643978118896,
    1.5048727989196777,
    2.5426652431488037
  ],
  "freq_entropy": [
    10.334287643432617,
    10.240279197692871,
    10.391036987304688
  ]
}