{
  "dominant_freq": [
    0.71928,
    0.10275428571428571
  ],
  "amp_mean_x": [
    0.3388613760471344,
    0.28522706031799316
  ],
  "amp_mean_y": [
    0.19540724158287048,
    0.17826995253562927
  ],
  "symmetry_ratio": [
    1.7341290712356567,
    1.5999727249145508
  ],
  "energy_distribution": [
    0.2415255606174469,
    0.44238173961639404
  ],
  "motion_stability": [
    1.1169037818908691,
    1.6685688495635986
  ],
  "freq_entropy": [
    9.423332214355469,
    9.13764762878418
  ]
}