{
  "dominant_freq": [
    0.11222808510638296,
    0.9029259574468085
  ],
  "amp_mean_x": [
    0.09838137775659561,
    0.11194711178541183
  ],
  "amp_mean_y": [
    0.1399088054895401,
    0.21786166727542877
  ],
  "symmetry_ratio": [
    0.7031821608543396,
    0.513844907283783
  ],
  "energy_distribution": [
    0.23453018069267273,
    0.22934088110923767
  ],
  "motion_stability": [
    3.4063544273376465,
    1.4521393775939941
  ],
  "freq_entropy": [
    10.359901428222656,
    10.278314590454102
  ]
}