{
  "dominant_freq": [
    6.301647562018819,
    3.700509028374892
  ],
  "amp_mean_x": [
    0.8285438418388367,
    1.9238485097885132
  ],
  "amp_mean_y": [
    1.068650484085083,
    1.3849976062774658
  ],
  "symmetry_ratio": [
    0.775317907333374,
    1.3890626430511475
  ],
  "energy_distribution": [
    0.16659028828144073,
    0.22952131927013397
  ],
  "motion_stability": [
    2.7866086959838867,
    2.754558563232422
  ],
  "freq_entropy": [
    10.302486419677734,
    10.313891410827637
  ]
}