{
  "dominant_freq": [
    0.5031446540880503,
    0.203125,
    1.3819095477386933
  ],
  "amp_mean_x": [
    0.7021462917327881,
    1.1219313144683838,
    1.3943102359771729
  ],
  "amp_mean_y": [
    1.3636016845703125,
    2.1068837642669678,
    2.4820945262908936
  ],
  "symmetry_ratio": [
    0.5149203538894653,
    0.5325074791908264,
    0.5617474317550659
  ],
  "energy_distribution": [
    0.24910327792167664,
    0.27566102147102356,
    0.2716907262802124
  ],
  "motion_stability": [
    2.239192485809326,
    2.090837001800537,
    2.202383518218994
  ],
  "freq_entropy": [
    8.680742263793945,
    8.65803337097168,
    8.737131118774414
  ]
}