{
  "dominant_freq": [
    8.474057142857141,
    4.313142857142856,
    4.590341772151898
  ],
  "amp_mean_x": [
    0.34141165018081665,
    1.1577214002609253,
    0.9732884764671326
  ],
  "amp_mean_y": [
    0.35393425822257996,
    0.8710667490959167,
    0.7619099617004395
  ],
  "symmetry_ratio": [
    0.9646188020706177,
    1.3290846347808838,
    1.2774324417114258
  ],
  "energy_distribution": [
    0.2410738468170166,
    0.22989581525325775,
    0.2116679698228836
  ],
  "motion_stability": [
    3.280609607696533,
    2.9808478355407715,
    1.9113798141479492
  ],
  "freq_entropy": [
    9.029233932495117,
    9.026948928833008,
    9.060188293457031
  ]
}