{
  "dominant_freq": [
    5.092338461538461,
    1.0791245733788393
  ],
  "amp_mean_x": [
    1.0858712196350098,
    0.9394564628601074
  ],
  "amp_mean_y": [
    1.425476312637329,
    1.182773470878601
  ],
  "symmetry_ratio": [
    0.7617602944374084,
    0.7942826747894287
  ],
  "energy_distribution": [
    0.16502657532691956,
    0.2573058307170868
  ],
  "motion_stability": [
    3.1569628715515137,
    2.4888482093811035
  ],
  "freq_entropy": [
    10.332355499267578,
    10.191251754760742
  ]
}