{
  "dominant_freq": [
    5.488973617021276,
    4.591148936170212
  ],
  "amp_mean_x": [
    0.07233293354511261,
    0.21837568283081055
  ],
  "amp_mean_y": [
    0.17543235421180725,
    0.5596089363098145
  ],
  "symmetry_ratio": [
    0.412312388420105,
    0.39022907614707947
  ],
  "energy_distribution": [
    0.20378108322620392,
    0.1929185390472412
  ],
  "motion_stability": [
    1.4378448724746704,
    1.6500883102416992
  ],
  "freq_entropy": [
    10.378959655761719,
    10.312358856201172
  ]
}