{
  "dominant_freq": [
    2.5588235294117645,
    3.3793820558526435
  ],
  "amp_mean_x": [
    0.2850956916809082,
    1.261763334274292
  ],
  "amp_mean_y": [
    0.6974670886993408,
    2.329357862472534
  ],
  "symmetry_ratio": [
    0.40875864028930664,
    0.5416786074638367
  ],
  "energy_distribution": [
    0.27556881308555603,
    0.19922584295272827
  ],
  "motion_stability": [
    2.578390598297119,
    2.4226794242858887
  ],
  "freq_entropy": [
    9.80345630645752,
    9.741766929626465
  ]
}