{
  "dominant_freq": [
    0.48750000000000004,
    0.5125
  ],
  "amp_mean_x": [
    0.2890379726886749,
    0.3539459705352783
  ],
  "amp_mean_y": [
    0.13419632613658905,
    0.31098732352256775
  ],
  "symmetry_ratio": [
    2.153844118118286,
    1.138136386871338
  ],
  "energy_distribution": [
    0.3474288880825043,
    0.4929116666316986
  ],
  "motion_stability": [
    1.3965294361114502,
    1.5330263376235962
  ],
  "freq_entropy": [
    8.511333465576172,
    7.790160655975342
  ]
}