{
  "dominant_freq": [
    5.105442211055276,
    1.024100502512563,
    1.7851193838254171
  ],
  "amp_mean_x": [
    0.6462153792381287,
    0.7706304788589478,
    2.102078437805176
  ],
  "amp_mean_y": [
    1.551778793334961,
    1.1332963705062866,
    4.99729585647583
  ],
  "symmetry_ratio": [
    0.41643524169921875,
    0.6799902319908142,
    0.4206431806087494
  ],
  "energy_distribution": [
    0.2534504532814026,
    0.27327898144721985,
    0.22149142622947693
  ],
  "motion_stability": [
    2.7020998001098633,
    1.4219757318496704,
    3.8965044021606445
  ],
  "freq_entropy": [
    8.750967025756836,
    8.66171646118164,
    8.83884048461914
  ]
}