{
  "dominant_freq": [
    0.11546184738955823,
    0.11003667889296431,
    1.56
  ],
  "amp_mean_x": [
    0.5021915435791016,
    0.20722708106040955,
    0.10188274830579758
  ],
  "amp_mean_y": [
    0.6580572724342346,
    0.3275490701198578,
    0.20550677180290222
  ],
  "symmetry_ratio": [
    0.7631425857543945,
    0.6326596736907959,
    0.4957634508609772
  ],
  "energy_distribution": [
    0.5118923187255859,
    0.4534255862236023,
    0.20707941055297852
  ],
  "motion_stability": [
    7.981684684753418,
    1.5867621898651123,
    1.328110694885254
  ],
  "freq_entropy": [
    9.812808990478516,
    9.766756057739258,
    10.27406120300293
  ]
}