{
  "dominant_freq": [
    3.2198815884476533,
    1.221484716157205
  ],
  "amp_mean_x": [
    1.7681536674499512,
    1.316123604774475
  ],
  "amp_mean_y": [
    2.307145118713379,
    1.9073193073272705
  ],
  "symmetry_ratio": [
    0.7663816213607788,
    0.6900384426116943
  ],
  "energy_distribution": [
    0.2877691388130188,
    0.32973960041999817
  ],
  "motion_stability": [
    3.065572738647461,
    3.192780017852783
  ],
  "freq_entropy": [
    9.599996566772461,
    9.467267990112305
  ]
}