{
  "dominant_freq": [
    4.644137931034482,
    0.11222808510638296,
    0.2601651063829787
  ],
  "amp_mean_x": [
    0.6178566217422485,
    0.17365813255310059,
    0.24512134492397308
  ],
  "amp_mean_y": [
    0.5499898195266724,
    0.19146084785461426,
    0.20379796624183655
  ],
  "symmetry_ratio": [
    1.1233965158462524,
    0.907016396522522,
    1.2027664184570312
  ],
  "energy_distribution": [
    0.22395049035549164,
    0.35805389285087585,
    0.28624093532562256
  ],
  "motion_stability": [
    4.067320823669434,
    1.2790757417678833,
    2.832336902618408
  ],
  "freq_entropy": [
    10.306833267211914,
    9.983757019042969,
    10.421672821044922
  ]
}