{
  "dominant_freq": [
    0.492138947368421,
    3.8361599999999996,
    3.318783157894736
  ],
  "amp_mean_x": [
    0.09582234919071198,
    0.0853612944483757,
    0.043846484273672104
  ],
  "amp_mean_y": [
    0.08418221026659012,
    0.09337421506643295,
    0.06441078335046768
  ],
  "symmetry_ratio": [
    1.1382731199264526,
    0.9141848683357239,
    0.6807320713996887
  ],
  "energy_distribution": [
    0.1921108514070511,
    0.18985183537006378,
    0.1873561590909958
  ],
  "motion_stability": [
    1.6992263793945312,
    1.683632493019104,
    1.724245548248291
  ],
  "freq_entropy": [
    8.939376831054688,
    8.8873291015625,
    8.985679626464844
  ]
}