{
  "dominant_freq": [
    7.027747826086955,
    0.1131764705882353
  ],
  "amp_mean_x": [
    1.7554131746292114,
    2.6308374404907227
  ],
  "amp_mean_y": [
    1.5692307949066162,
    2.322303295135498
  ],
  "symmetry_ratio": [
    1.1186456680297852,
    1.1328569650650024
  ],
  "energy_distribution": [
    0.21119721233844757,
    0.5079939961433411
  ],
  "motion_stability": [
    3.290314197540283,
    4.207656383514404
  ],
  "freq_entropy": [
    9.616207122802734,
    9.10604476928711
  ]
}