{
  "dominant_freq": [
    2.472010747872817,
    0.11574632264287436
  ],
  "amp_mean_x": [
    0.4041236340999603,
    0.43112295866012573
  ],
  "amp_mean_y": [
    0.3940415382385254,
    0.4739570915699005
  ],
  "symmetry_ratio": [
    1.0255863666534424,
    0.909624457359314
  ],
  "energy_distribution": [
    0.18513129651546478,
    0.22721250355243683
  ],
  "motion_stability": [
    2.0153098106384277,
    1.4503555297851562
  ],
  "freq_entropy": [
    9.609834671020508,
    9.570436477661133
  ]
}