{
  "dominant_freq": [
    4.062313232618909,
    3.012694112170552
  ],
  "amp_mean_x": [
    1.1339112520217896,
    1.3712345361709595
  ],
  "amp_mean_y": [
    2.0936014652252197,
    1.8774394989013672
  ],
  "symmetry_ratio": [
    0.5416079759597778,
    0.730374813079834
  ],
  "energy_distribution": [
    0.1171199381351471,
    0.16144640743732452
  ],
  "motion_stability": [
    2.4274392127990723,
    2.206061363220215
  ],
  "freq_entropy": [
    9.33685302734375,
    9.288308143615723
  ]
}