{
  "dominant_freq": [
    0.4795204795204795,
    1.1579909452249877
  ],
  "amp_mean_x": [
    0.05620380863547325,
    0.08716168999671936
  ],
  "amp_mean_y": [
    0.14583471417427063,
    0.3086322546005249
  ],
  "symmetry_ratio": [
    0.385393887758255,
    0.2824127674102783
  ],
  "energy_distribution": [
    0.22284722328186035,
    0.21880190074443817
  ],
  "motion_stability": [
    1.1466983556747437,
    1.4521559476852417
  ],
  "freq_entropy": [
    10.16808032989502,
    10.194366455078125
  ]
}