{
  "dominant_freq": [
    7.8217821782178225,
    0.9806295399515739
  ],
  "amp_mean_x": [
    2.2326228618621826,
    2.6443638801574707
  ],
  "amp_mean_y": [
    2.0835976600646973,
    2.153989791870117
  ],
  "symmetry_ratio": [
    1.0715230703353882,
    1.2276585102081299
  ],
  "energy_distribution": [
    0.2308332622051239,
    0.23472782969474792
  ],
  "motion_stability": [
    2.570868968963623,
    2.3150217533111572
  ],
  "freq_entropy": [
    9.104354858398438,
    9.063563346862793
  ]
}