{
  "dominant_freq": [
    1.5994301708587422,
    0.10813928339701537,
    0.11304597674079028
  ],
  "amp_mean_x": [
    1.004184603691101,
    0.8755832314491272,
    0.6915748119354248
  ],
  "amp_mean_y": [
    1.14158296585083,
    0.8100956678390503,
    1.2397207021713257
  ],
  "symmetry_ratio": [
    0.8796422481536865,
    1.0808392763137817,
    0.557847261428833
  ],
  "energy_distribution": [
    0.1817813664674759,
    0.2578253746032715,
    0.31517964601516724
  ],
  "motion_stability": [
    3.826131820678711,
    3.450979709625244,
    3.1168410778045654
  ],
  "freq_entropy": [
    10.387561798095703,
    10.278240203857422,
    10.084861755371094
  ]
}