{
  "dominant_freq": [
    1.19,
    0.485
  ],
  "amp_mean_x": [
    0.17440935969352722,
    0.1141204982995987
  ],
  "amp_mean_y": [
    0.21108582615852356,
    0.23055411875247955
  ],
  "symmetry_ratio": [
    0.8262485861778259,
    0.4949835538864136
  ],
  "energy_distribution": [
    0.209443598985672,
    0.21773555874824524
  ],
  "motion_stability": [
    2.2062132358551025,
    1.239319086074829
  ],
  "freq_entropy": [
    10.487932205200195,
    10.28060531616211
  ]
}