{
  "dominant_freq": [
    0.11567476948868399
  ],
  "amp_mean_x": [
    0.7077800035476685
  ],
  "amp_mean_y": [
    1.474894404411316
  ],
  "symmetry_ratio": [
    0.47988519072532654
  ],
  "energy_distribution": [
    0.20686420798301697
  ],
  "motion_stability": [
    4.11234188079834
  ],
  "freq_entropy": [
    10.356399536132812
  ]
}