{
  "dominant_freq": [
    2.1818159999999995,
    2.2057919999999998,
    0.31168799999999997,
    1.9180799999999998,
    0.47951999999999995
  ],
  "amp_mean_x": [
    0.25039929151535034,
    0.23375751078128815,
    0.1479821652173996,
    0.11470687389373779,
    0.07166696339845657
  ],
  "amp_mean_y": [
    0.44970378279685974,
    0.3900284767150879,
    0.28311222791671753,
    0.1980748325586319,
    0.12592260539531708
  ],
  "symmetry_ratio": [
    0.5568094253540039,
    0.5993344783782959,
    0.5226978659629822,
    0.5791087746620178,
    0.5691350102424622
  ],
  "energy_distribution": [
    0.204327791929245,
    0.25980710983276367,
    0.20516610145568848,
    0.15806572139263153,
    0.23086290061473846
  ],
  "motion_stability": [
    2.1951236724853516,
    2.3698840141296387,
    1.5494883060455322,
    1.0163081884384155,
    1.2766014337539673
  ],
  "freq_entropy": [
    8.181733131408691,
    8.0446138381958,
    7.973404407501221,
    7.989988803863525,
    7.979514122009277
  ]
}