{
  "dominant_freq": [
    0.48000000000000004,
    0.2905263157894737,
    5.696842105263158
  ],
  "amp_mean_x": [
    0.07903790473937988,
    0.13943253457546234,
    0.11459792405366898
  ],
  "amp_mean_y": [
    0.036509834229946136,
    0.05339697003364563,
    0.07383070141077042
  ],
  "symmetry_ratio": [
    2.1648387908935547,
    2.6112442016601562,
    1.5521717071533203
  ],
  "energy_distribution": [
    0.3105255663394928,
    0.22275413572788239,
    0.20630918443202972
  ],
  "motion_stability": [
    1.1678006649017334,
    1.0566380023956299,
    1.4316741228103638
  ],
  "freq_entropy": [
    8.734047889709473,
    8.935870170593262,
    9.03318977355957
  ]
}