{
  "dominant_freq": [
    2.9433129610115905,
    0.49213894736842095,
    0.47951999999999995
  ],
  "amp_mean_x": [
    0.196560338139534,
    0.2772221565246582,
    0.25109776854515076
  ],
  "amp_mean_y": [
    0.3179483413696289,
    0.29625874757766724,
    0.21039973199367523
  ],
  "symmetry_ratio": [
    0.6182147264480591,
    0.9357433915138245,
    1.1934319734573364
  ],
  "energy_distribution": [
    0.35024917125701904,
    0.34450605511665344,
    0.3832574188709259
  ],
  "motion_stability": [
    3.3605599403381348,
    1.922576665878296,
    1.5311079025268555
  ],
  "freq_entropy": [
    9.111725807189941,
    8.748678207397461,
    8.525343894958496
  ]
}