{
  "dominant_freq": [
    4.577142857142857,
    6.145714285714286
  ],
  "amp_mean_x": [
    0.10635141283273697,
    0.1125730648636818
  ],
  "amp_mean_y": [
    0.1599884033203125,
    0.16559410095214844
  ],
  "symmetry_ratio": [
    0.66474449634552,
    0.6798132658004761
  ],
  "energy_distribution": [
    0.1751440316438675,
    0.16232703626155853
  ],
  "motion_stability": [
    1.5977661609649658,
    1.5841163396835327
  ],
  "freq_entropy": [
    9.5534029006958,
    9.56287956237793
  ]
}