{
  "dominant_freq": [
    0.4744191978234531,
    0.4797246176556521,
    0.7147877675986705
  ],
  "amp_mean_x": [
    0.4009900689125061,
    0.6932974457740784,
    0.4161226451396942
  ],
  "amp_mean_y": [
    0.4674595892429352,
    0.4902081787586212,
    0.5745157599449158
  ],
  "symmetry_ratio": [
    0.857806921005249,
    1.4142918586730957,
    0.7243015170097351
  ],
  "energy_distribution": [
    0.3314351439476013,
    0.2087356299161911,
    0.2825165092945099
  ],
  "motion_stability": [
    2.1732563972473145,
    2.3188257217407227,
    1.4801440238952637
  ],
  "freq_entropy": [
    10.195962905883789,
    10.165260314941406,
    10.078776359558105
  ]
}