{
  "dominant_freq": [
    0.29023578947368417,
    0.5299957894736842,
    5.429485714285714
  ],
  "amp_mean_x": [
    0.4029475152492523,
    0.5114662051200867,
    0.6903061866760254
  ],
  "amp_mean_y": [
    0.47629469633102417,
    0.8597866892814636,
    0.9519068598747253
  ],
  "symmetry_ratio": [
    0.8460046052932739,
    0.594875693321228,
    0.7251824736595154
  ],
  "energy_distribution": [
    0.21851074695587158,
    0.25603488087654114,
    0.21295660734176636
  ],
  "motion_stability": [
    1.2836718559265137,
    2.354301929473877,
    2.26637864112854
  ],
  "freq_entropy": [
    9.000442504882812,
    8.988977432250977,
    9.016974449157715
  ]
}