{
  "dominant_freq": [
    0.2669491525423729,
    2.3694267515923566,
    5.777306468716861
  ],
  "amp_mean_x": [
    0.5965585112571716,
    0.9329705238342285,
    1.2066025733947754
  ],
  "amp_mean_y": [
    1.1165083646774292,
    2.1600894927978516,
    2.42690372467041
  ],
  "symmetry_ratio": [
    0.5343072414398193,
    0.431912899017334,
    0.49717777967453003
  ],
  "energy_distribution": [
    0.30655962228775024,
    0.22823598980903625,
    0.2417038530111313
  ],
  "motion_stability": [
    3.8192553520202637,
    3.248086929321289,
    2.3586156368255615
  ],
  "freq_entropy": [
    9.091414451599121,
    9.058876037597656,
    8.99033260345459
  ]
}