{
  "dominant_freq": [
    0.11,
    0.11003667889296431,
    0.9600000000000001,
    1.2654218072690897
  ],
  "amp_mean_x": [
    0.21091149747371674,
    0.2508264482021332,
    0.1721550077199936,
    0.18835601210594177
  ],
  "amp_mean_y": [
    0.31039685010910034,
    0.5224745869636536,
    0.4094220697879791,
    0.30467963218688965
  ],
  "symmetry_ratio": [
    0.67948979139328,
    0.4800739586353302,
    0.42048296332359314,
    0.6182100772857666
  ],
  "energy_distribution": [
    0.22914212942123413,
    0.4135816693305969,
    0.2365906536579132,
    0.2634328603744507
  ],
  "motion_stability": [
    2.460259437561035,
    1.7295782566070557,
    1.4925429821014404,
    1.8248250484466553
  ],
  "freq_entropy": [
    10.382579803466797,
    9.453271865844727,
    10.191031455993652,
    10.154921531677246
  ]
}