{
  "dominant_freq": [
    0.6880733944954128,
    0.12552301255230125
  ],
  "amp_mean_x": [
    0.2437952160835266,
    0.2412392646074295
  ],
  "amp_mean_y": [
    0.5843836665153503,
    0.4904055893421173
  ],
  "symmetry_ratio": [
    0.4171834886074066,
    0.49191784858703613
  ],
  "energy_distribution": [
    0.18142613768577576,
    0.45634347200393677
  ],
  "motion_stability": [
    2.7237629890441895,
    1.7590410709381104
  ],
  "freq_entropy": [
    9.022451400756836,
    8.363972663879395
  ]
}