{
  "dominant_freq": [
    4.594127388535032,
    2.9177142857142857,
    4.017053740779767
  ],
  "amp_mean_x": [
    0.5663549304008484,
    0.9989216923713684,
    0.7376266121864319
  ],
  "amp_mean_y": [
    0.8378885388374329,
    1.265945315361023,
    1.6183233261108398
  ],
  "symmetry_ratio": [
    0.6759310960769653,
    0.7890717387199402,
    0.4557968080043793
  ],
  "energy_distribution": [
    0.21190626919269562,
    0.2687145173549652,
    0.20182636380195618
  ],
  "motion_stability": [
    3.465841770172119,
    2.663762092590332,
    2.5322184562683105
  ],
  "freq_entropy": [
    8.99846363067627,
    8.92357063293457,
    9.016914367675781
  ]
}