{
  "dominant_freq": [
    3.6984292303441237,
    0.4897230429145323
  ],
  "amp_mean_x": [
    0.2174256443977356,
    0.09265262633562088
  ],
  "amp_mean_y": [
    0.3712504506111145,
    0.1333528757095337
  ],
  "symmetry_ratio": [
    0.5856575965881348,
    0.6947928667068481
  ],
  "energy_distribution": [
    0.18526017665863037,
    0.20993556082248688
  ],
  "motion_stability": [
    1.550441026687622,
    1.3892842531204224
  ],
  "freq_entropy": [
    10.291399002075195,
    10.110021591186523
  ]
}