{
  "dominant_freq": [
    0.7484143763213531,
    3.5152792413066383,
    0.24000000000000005
  ],
  "amp_mean_x": [
    0.40797948837280273,
    0.5748473405838013,
    0.33175593614578247
  ],
  "amp_mean_y": [
    0.6153354644775391,
    0.43659070134162903,
    0.3207259476184845
  ],
  "symmetry_ratio": [
    0.663019597530365,
    1.3166733980178833,
    1.0343906879425049
  ],
  "energy_distribution": [
    0.2993437647819519,
    0.4088868796825409,
    0.3918275535106659
  ],
  "motion_stability": [
    4.652946472167969,
    3.594170570373535,
    5.455150604248047
  ],
  "freq_entropy": [
    9.090742111206055,
    8.54116439819336,
    8.925092697143555
  ]
}