{
  "dominant_freq": [
    0.6741933216168716,
    4.8696403622250966
  ],
  "amp_mean_x": [
    2.7705652713775635,
    1.534217119216919
  ],
  "amp_mean_y": [
    5.057600021362305,
    3.3472461700439453
  ],
  "symmetry_ratio": [
    0.5478023886680603,
    0.4583520293235779
  ],
  "energy_distribution": [
    0.1931685209274292,
    0.19579626619815826
  ],
  "motion_stability": [
    2.164904832839966,
    1.6876976490020752
  ],
  "freq_entropy": [
    10.260741233825684,
    10.276603698730469
  ]
}