{
  "dominant_freq": [
    6.355187948350071,
    0.14556857142857144
  ],
  "amp_mean_x": [
    0.6554942727088928,
    1.106059193611145
  ],
  "amp_mean_y": [
    1.105755090713501,
    0.944915771484375
  ],
  "symmetry_ratio": [
    0.5928024053573608,
    1.1705373525619507
  ],
  "energy_distribution": [
    0.22014069557189941,
    0.43510618805885315
  ],
  "motion_stability": [
    2.6070733070373535,
    2.978976011276245
  ],
  "freq_entropy": [
    9.558908462524414,
    9.257648468017578
  ]
}