{
  "dominant_freq": [
    8.094901287553649,
    0.18865236051502146
  ],
  "amp_mean_x": [
    0.8770980834960938,
    1.1404078006744385
  ],
  "amp_mean_y": [
    0.617612898349762,
    0.8491286039352417
  ],
  "symmetry_ratio": [
    1.4201420545578003,
    1.3430330753326416
  ],
  "energy_distribution": [
    0.17235656082630157,
    0.2522030174732208
  ],
  "motion_stability": [
    1.882911205291748,
    2.9493398666381836
  ],
  "freq_entropy": [
    9.642574310302734,
    9.568836212158203
  ]
}