{
  "dominant_freq": [
    3.804886956521738,
    4.190130696474634
  ],
  "amp_mean_x": [
    0.8370646834373474,
    0.64286208152771
  ],
  "amp_mean_y": [
    3.1312971115112305,
    1.8145860433578491
  ],
  "symmetry_ratio": [
    0.26732203364372253,
    0.35427477955818176
  ],
  "energy_distribution": [
    0.21515047550201416,
    0.21559666097164154
  ],
  "motion_stability": [
    4.194444179534912,
    3.4067649841308594
  ],
  "freq_entropy": [
    10.350238800048828,
    10.320796966552734
  ]
}