{
  "dominant_freq": [
    0.27831126397248496,
    1.3598328358208953
  ],
  "amp_mean_x": [
    0.7908737063407898,
    0.7479006052017212
  ],
  "amp_mean_y": [
    0.5758158564567566,
    0.3780815899372101
  ],
  "symmetry_ratio": [
    1.3734837770462036,
    1.9781460762023926
  ],
  "energy_distribution": [
    0.3421297073364258,
    0.5770081281661987
  ],
  "motion_stability": [
    4.558570861816406,
    3.132645606994629
  ],
  "freq_entropy": [
    10.162216186523438,
    9.24289321899414
  ]
}