{
  "dominant_freq": [
    5.685737142857143,
    3.9817285714285715
  ],
  "amp_mean_x": [
    0.06297748535871506,
    0.09957142174243927
  ],
  "amp_mean_y": [
    0.09003571420907974,
    0.22269552946090698
  ],
  "symmetry_ratio": [
    0.6994722485542297,
    0.4471190869808197
  ],
  "energy_distribution": [
    0.23163872957229614,
    0.1672450304031372
  ],
  "motion_stability": [
    1.37189519405365,
    0.8114945888519287
  ],
  "freq_entropy": [
    9.543882369995117,
    9.509159088134766
  ]
}