{
  "dominant_freq": [
    4.293887930251566,
    0.12009848075421846
  ],
  "amp_mean_x": [
    0.31774842739105225,
    0.6121036410331726
  ],
  "amp_mean_y": [
    0.3723263740539551,
    0.7812102437019348
  ],
  "symmetry_ratio": [
    0.8534137010574341,
    0.7835325598716736
  ],
  "energy_distribution": [
    0.2622235119342804,
    0.2605677843093872
  ],
  "motion_stability": [
    2.645205497741699,
    2.616880416870117
  ],
  "freq_entropy": [
    9.261290550231934,
    9.109050750732422
  ]
}