{
  "dominant_freq": [
    0.690140724946695,
    0.2912685421994885
  ],
  "amp_mean_x": [
    0.5191574692726135,
    0.4273998737335205
  ],
  "amp_mean_y": [
    0.49713724851608276,
    0.5610311031341553
  ],
  "symmetry_ratio": [
    1.044293999671936,
    0.761811375617981
  ],
  "energy_distribution": [
    0.23205503821372986,
    0.32940474152565
  ],
  "motion_stability": [
    2.7279748916625977,
    1.5735743045806885
  ],
  "freq_entropy": [
    10.335424423217773,
    10.106178283691406
  ]
}