{
  "dominant_freq": [
    2.8679245283018866,
    0.4623200677392041
  ],
  "amp_mean_x": [
    0.6636249423027039,
    0.4154652953147888
  ],
  "amp_mean_y": [
    0.985489547252655,
    1.0742542743682861
  ],
  "symmetry_ratio": [
    0.6733962297439575,
    0.3867476284503937
  ],
  "energy_distribution": [
    0.18401987850666046,
    0.46260011196136475
  ],
  "motion_stability": [
    4.500410079956055,
    3.6156110763549805
  ],
  "freq_entropy": [
    10.369684219360352,
    10.124381065368652
  ]
}