{
  "dominant_freq": [
    4.048920863309352,
    4.7701317715959
  ],
  "amp_mean_x": [
    0.8408418893814087,
    1.418459415435791
  ],
  "amp_mean_y": [
    1.3705021142959595,
    2.8232595920562744
  ],
  "symmetry_ratio": [
    0.6135283708572388,
    0.5024190545082092
  ],
  "energy_distribution": [
    0.17500874400138855,
    0.272739976644516
  ],
  "motion_stability": [
    2.7413625717163086,
    2.072075366973877
  ],
  "freq_entropy": [
    9.53082275390625,
    9.523346900939941
  ]
}