{
  "dominant_freq": [
    3.237774030354132,
    2.521775898520085
  ],
  "amp_mean_x": [
    1.686335802078247,
    2.2320094108581543
  ],
  "amp_mean_y": [
    2.3084781169891357,
    2.350741147994995
  ],
  "symmetry_ratio": [
    0.7304967641830444,
    0.9494917988777161
  ],
  "energy_distribution": [
    0.20737111568450928,
    0.19509795308113098
  ],
  "motion_stability": [
    2.9389700889587402,
    1.9820096492767334
  ],
  "freq_entropy": [
    10.304913520812988,
    10.277761459350586
  ]
}