{
  "dominant_freq": [
    0.13909209572153733,
    3.1712441860465117
  ],
  "amp_mean_x": [
    2.0149693489074707,
    1.3623020648956299
  ],
  "amp_mean_y": [
    3.595217704772949,
    2.489794969558716
  ],
  "symmetry_ratio": [
    0.560458242893219,
    0.5471543073654175
  ],
  "energy_distribution": [
    0.23630276322364807,
    0.24756990373134613
  ],
  "motion_stability": [
    3.2339391708374023,
    2.9175705909729004
  ],
  "freq_entropy": [
    9.558826446533203,
    9.51034164428711
  ]
}