{
  "dominant_freq": [
    0.5581805157593123,
    0.7963148014440432
  ],
  "amp_mean_x": [
    1.0291897058486938,
    1.0855146646499634
  ],
  "amp_mean_y": [
    1.8977241516113281,
    2.4220635890960693
  ],
  "symmetry_ratio": [
    0.542328417301178,
    0.44817760586738586
  ],
  "energy_distribution": [
    0.23396530747413635,
    0.3129452168941498
  ],
  "motion_stability": [
    2.11997389793396,
    3.496546983718872
  ],
  "freq_entropy": [
    9.55313777923584,
    9.62823486328125
  ]
}