{
  "dominant_freq": [
    6.375839999999999,
    1.521861915367483
  ],
  "amp_mean_x": [
    0.949894368648529,
    0.9973706603050232
  ],
  "amp_mean_y": [
    1.2004841566085815,
    0.8483205437660217
  ],
  "symmetry_ratio": [
    0.7912594079971313,
    1.1757001876831055
  ],
  "energy_distribution": [
    0.1543457806110382,
    0.17433416843414307
  ],
  "motion_stability": [
    2.099947929382324,
    2.27598237991333
  ],
  "freq_entropy": [
    9.527122497558594,
    9.501476287841797
  ]
}