{
  "dominant_freq": [
    0.11737609648836803,
    4.369102779860725
  ],
  "amp_mean_x": [
    3.344623327255249,
    2.734142303466797
  ],
  "amp_mean_y": [
    8.178640365600586,
    4.512930393218994
  ],
  "symmetry_ratio": [
    0.40894612669944763,
    0.6058463454246521
  ],
  "energy_distribution": [
    0.2875653803348541,
    0.21067555248737335
  ],
  "motion_stability": [
    2.477609634399414,
    2.35916805267334
  ],
  "freq_entropy": [
    9.327498435974121,
    9.463279724121094
  ]
}