{
  "dominant_freq": [
    1.57,
    7.002288329519451
  ],
  "amp_mean_x": [
    0.34388819336891174,
    4.699494361877441
  ],
  "amp_mean_y": [
    0.5044272541999817,
    4.379425525665283
  ],
  "symmetry_ratio": [
    0.6817399263381958,
    1.0730847120285034
  ],
  "energy_distribution": [
    0.17953288555145264,
    0.22631721198558807
  ],
  "motion_stability": [
    2.87393856048584,
    1.727258324623108
  ],
  "freq_entropy": [
    10.342187881469727,
    10.154611587524414
  ]
}