{
  "dominant_freq": [
    0.2781875658587987,
    0.1517386722866175,
    0.10105263157894738
  ],
  "amp_mean_x": [
    0.30924585461616516,
    0.4181404113769531,
    0.2340877205133438
  ],
  "amp_mean_y": [
    0.5158963203430176,
    0.9463928937911987,
    0.3086830973625183
  ],
  "symmetry_ratio": [
    0.5994341373443604,
    0.44182538986206055,
    0.7583431601524353
  ],
  "energy_distribution": [
    0.24046854674816132,
    0.21522776782512665,
    0.2892782688140869
  ],
  "motion_stability": [
    1.5200767517089844,
    1.5526174306869507,
    1.1653685569763184
  ],
  "freq_entropy": [
    8.969015121459961,
    8.94647216796875,
    8.896465301513672
  ]
}