{
  "dominant_freq": [
    0.12195332642942003,
    0.28771228771228774
  ],
  "amp_mean_x": [
    1.0875309705734253,
    0.4787205755710602
  ],
  "amp_mean_y": [
    2.339324951171875,
    0.8220514059066772
  ],
  "symmetry_ratio": [
    0.4648909270763397,
    0.5823487043380737
  ],
  "energy_distribution": [
    0.25861504673957825,
    0.27002349495887756
  ],
  "motion_stability": [
    4.790358543395996,
    1.6431849002838135
  ],
  "freq_entropy": [
    9.162674903869629,
    8.918140411376953
  ]
}