{
  "dominant_freq": [
    0.4693174468085106,
    0.490766737739872
  ],
  "amp_mean_x": [
    0.050112150609493256,
    0.23804937303066254
  ],
  "amp_mean_y": [
    0.11336313933134079,
    0.3319181799888611
  ],
  "symmetry_ratio": [
    0.4420497715473175,
    0.7171929478645325
  ],
  "energy_distribution": [
    0.2500564157962799,
    0.5608034133911133
  ],
  "motion_stability": [
    2.3741393089294434,
    4.97337532043457
  ],
  "freq_entropy": [
    10.400557518005371,
    10.238521575927734
  ]
}