{
  "dominant_freq": [
    6.370772085057799,
    1.1873840445269015
  ],
  "amp_mean_x": [
    0.2602657973766327,
    0.2540096640586853
  ],
  "amp_mean_y": [
    0.33271247148513794,
    0.27794134616851807
  ],
  "symmetry_ratio": [
    0.7822543978691101,
    0.9138966202735901
  ],
  "energy_distribution": [
    0.18985971808433533,
    0.25569552183151245
  ],
  "motion_stability": [
    2.0290768146514893,
    2.124083995819092
  ],
  "freq_entropy": [
    9.20974063873291,
    9.150103569030762
  ]
}