{
  "dominant_freq": [
    4.771228771228771,
    0.13186813186813187
  ],
  "amp_mean_x": [
    0.2579418122768402,
    0.22892068326473236
  ],
  "amp_mean_y": [
    0.3733532130718231,
    0.33443915843963623
  ],
  "symmetry_ratio": [
    0.6908788084983826,
    0.6844912767410278
  ],
  "energy_distribution": [
    0.19837196171283722,
    0.28256532549858093
  ],
  "motion_stability": [
    0.9756515622138977,
    1.5486079454421997
  ],
  "freq_entropy": [
    9.031739234924316,
    8.952942848205566
  ]
}