{
  "dominant_freq": [
    3.511763962065331,
    0.12632244467860904,
    1.211418947368421
  ],
  "amp_mean_x": [
    0.7130457758903503,
    1.0049307346343994,
    0.32485419511795044
  ],
  "amp_mean_y": [
    0.738932728767395,
    0.7372280359268188,
    0.8598855137825012
  ],
  "symmetry_ratio": [
    0.9649671316146851,
    1.363120675086975,
    0.3777877390384674
  ],
  "energy_distribution": [
    0.21632453799247742,
    0.2884976863861084,
    0.25154656171798706
  ],
  "motion_stability": [
    2.4409074783325195,
    2.404737710952759,
    1.4746053218841553
  ],
  "freq_entropy": [
    9.139528274536133,
    8.916520118713379,
    8.969849586486816
  ]
}