{
  "dominant_freq": [
    2.6373626373626373,
    0.10627670202138287
  ],
  "amp_mean_x": [
    0.08028005808591843,
    1.4237245321273804
  ],
  "amp_mean_y": [
    0.3558613359928131,
    2.5183749198913574
  ],
  "symmetry_ratio": [
    0.2255936563014984,
    0.5653346180915833
  ],
  "energy_distribution": [
    0.16199059784412384,
    0.39973214268684387
  ],
  "motion_stability": [
    0.9833961725234985,
    5.839632987976074
  ],
  "freq_entropy": [
    9.231679916381836,
    8.809653282165527
  ]
}