{
  "dominant_freq": [
    5.703437836401825,
    4.69744491859212
  ],
  "amp_mean_x": [
    0.7071084976196289,
    0.750436544418335
  ],
  "amp_mean_y": [
    1.3433440923690796,
    0.8819248676300049
  ],
  "symmetry_ratio": [
    0.5263792872428894,
    0.850907564163208
  ],
  "energy_distribution": [
    0.23759199678897858,
    0.22046634554862976
  ],
  "motion_stability": [
    1.8138178586959839,
    1.3559863567352295
  ],
  "freq_entropy": [
    9.626285552978516,
    9.640719413757324
  ]
}