{
  "dominant_freq": [
    5.010162251541561,
    0.12409950298149056
  ],
  "amp_mean_x": [
    0.11241690069437027,
    0.32357823848724365
  ],
  "amp_mean_y": [
    0.16202551126480103,
    0.23493026196956635
  ],
  "symmetry_ratio": [
    0.6938222050666809,
    1.3773374557495117
  ],
  "energy_distribution": [
    0.21863073110580444,
    0.41743600368499756
  ],
  "motion_stability": [
    1.2411690950393677,
    2.1708545684814453
  ],
  "freq_entropy": [
    9.559839248657227,
    9.142446517944336
  ]
}