{
  "dominant_freq": [
    0.4977122405153901,
    2.5129188801148596
  ],
  "amp_mean_x": [
    0.1978605091571808,
    0.47864916920661926
  ],
  "amp_mean_y": [
    0.45766475796699524,
    0.5925308465957642
  ],
  "symmetry_ratio": [
    0.4323262870311737,
    0.8078046441078186
  ],
  "energy_distribution": [
    0.2297012358903885,
    0.204017773270607
  ],
  "motion_stability": [
    1.4379847049713135,
    2.0433053970336914
  ],
  "freq_entropy": [
    9.481204986572266,
    9.623993873596191
  ]
}