{
  "dominant_freq": [
    0.5359961739460104,
    1.7558837369164026,
    0.7571375992428624
  ],
  "amp_mean_x": [
    1.5569767951965332,
    0.3695569336414337,
    0.2100069373846054
  ],
  "amp_mean_y": [
    2.3918516635894775,
    0.2103746086359024,
    0.134660005569458
  ],
  "symmetry_ratio": [
    0.6509503722190857,
    1.756661295890808,
    1.5595345497131348
  ],
  "energy_distribution": [
    0.3008679151535034,
    0.25770607590675354,
    0.31550881266593933
  ],
  "motion_stability": [
    5.421102523803711,
    3.748286724090576,
    1.4321197271347046
  ],
  "freq_entropy": [
    8.847180366516113,
    8.50394058227539,
    8.952299118041992
  ]
}