{
  "dominant_freq": [
    4.847299531316574,
    4.0028424657534245
  ],
  "amp_mean_x": [
    0.2949982285499573,
    0.9672263264656067
  ],
  "amp_mean_y": [
    0.39523568749427795,
    1.533042550086975
  ],
  "symmetry_ratio": [
    0.7463856339454651,
    0.6309193968772888
  ],
  "energy_distribution": [
    0.29525142908096313,
    0.27447259426116943
  ],
  "motion_stability": [
    1.4564555883407593,
    3.431405544281006
  ],
  "freq_entropy": [
    10.22035026550293,
    10.206042289733887
  ]
}