{
  "dominant_freq": [
    0.26544883687740833,
    3.3566433566433567
  ],
  "amp_mean_x": [
    0.18323621153831482,
    0.2063792198896408
  ],
  "amp_mean_y": [
    0.35764989256858826,
    0.493073046207428
  ],
  "symmetry_ratio": [
    0.5123340487480164,
    0.4185570776462555
  ],
  "energy_distribution": [
    0.258637398481369,
    0.22572165727615356
  ],
  "motion_stability": [
    1.4309251308441162,
    1.5463224649429321
  ],
  "freq_entropy": [
    9.520256996154785,
    9.529271125793457
  ]
}