{
  "dominant_freq": [
    0.2776168421052631,
    0.11357052631578946,
    0.4669010526315789
  ],
  "amp_mean_x": [
    0.4135444164276123,
    0.46454840898513794,
    0.4416782855987549
  ],
  "amp_mean_y": [
    0.49318403005599976,
    0.3459932804107666,
    0.34930548071861267
  ],
  "symmetry_ratio": [
    0.8385194540023804,
    1.3426514863967896,
    1.2644470930099487
  ],
  "energy_distribution": [
    0.27401161193847656,
    0.3581230640411377,
    0.3386768400669098
  ],
  "motion_stability": [
    1.5923304557800293,
    1.4426531791687012,
    1.4514405727386475
  ],
  "freq_entropy": [
    8.79684829711914,
    8.624004364013672,
    8.643428802490234
  ]
}