{
  "dominant_freq": [
    0.2583620689655172,
    0.22467469879518073,
    4.980929577464789
  ],
  "amp_mean_x": [
    0.9298974275588989,
    1.8386512994766235,
    0.4879414439201355
  ],
  "amp_mean_y": [
    1.9638217687606812,
    2.6836864948272705,
    0.6058018803596497
  ],
  "symmetry_ratio": [
    0.4735141694545746,
    0.685121476650238,
    0.8054472208023071
  ],
  "energy_distribution": [
    0.2875326871871948,
    0.19828224182128906,
    0.2781137526035309
  ],
  "motion_stability": [
    4.808443069458008,
    3.6860742568969727,
    3.6259264945983887
  ],
  "freq_entropy": [
    9.089097023010254,
    8.646188735961914,
    8.69094181060791
  ]
}