{
  "dominant_freq": [
    0.23053846153846153,
    0.11381012658227847,
    0.9863544303797467
  ],
  "amp_mean_x": [
    0.24930226802825928,
    0.7080085277557373,
    0.636210024356842
  ],
  "amp_mean_y": [
    0.39731377363204956,
    0.6506838202476501,
    0.8077297210693359
  ],
  "symmetry_ratio": [
    0.6274694800376892,
    1.0880991220474243,
    0.7876521348953247
  ],
  "energy_distribution": [
    0.6224475502967834,
    0.2835315763950348,
    0.2943034768104553
  ],
  "motion_stability": [
    3.0263824462890625,
    1.350456714630127,
    1.3470040559768677
  ],
  "freq_entropy": [
    8.788167953491211,
    8.924786567687988,
    8.887773513793945
  ]
}