{
  "dominant_freq": [
    0.11131725417439703,
    0.33395176252319114
  ],
  "amp_mean_x": [
    0.17588962614536285,
    0.1737581044435501
  ],
  "amp_mean_y": [
    0.46863430738449097,
    0.4088614881038666
  ],
  "symmetry_ratio": [
    0.3753238320350647,
    0.42498037219047546
  ],
  "energy_distribution": [
    0.18457524478435516,
    0.28764066100120544
  ],
  "motion_stability": [
    1.300580382347107,
    1.3569703102111816
  ],
  "freq_entropy": [
    9.54012680053711,
    9.39787483215332
  ]
}