{
  "dominant_freq": [
    2.661818181818182,
    4.66909090909091,
    4.625454545454546,
    4.90909090909091,
    0.2836363636363637
  ],
  "amp_mean_x": [
    0.01785404607653618,
    0.04063889756798744,
    0.09218381345272064,
    0.18058957159519196,
    0.13288499414920807
  ],
  "amp_mean_y": [
    0.038166344165802,
    0.12211836129426956,
    0.14255958795547485,
    0.20898570120334625,
    0.09200213849544525
  ],
  "symmetry_ratio": [
    0.46779555082321167,
    0.3327828645706177,
    0.6466335654258728,
    0.864124059677124,
    1.4443684816360474
  ],
  "energy_distribution": [
    0.26208433508872986,
    0.19041211903095245,
    0.20929327607154846,
    0.20263268053531647,
    0.24317920207977295
  ],
  "motion_stability": [
    1.383504033088684,
    1.0145223140716553,
    0.9841687679290771,
    0.7285976409912109,
    1.0117853879928589
  ],
  "freq_entropy": [
    8.207643508911133,
    8.103833198547363,
    8.175029754638672,
    8.144817352294922,
    8.16016960144043
  ]
}