{
  "dominant_freq": [
    0.46736842105263166,
    3.410526315789474,
    0.48000000000000004
  ],
  "amp_mean_x": [
    0.125387042760849,
    0.06579742580652237,
    0.09345310926437378
  ],
  "amp_mean_y": [
    0.45263874530792236,
    0.3288494348526001,
    0.44131338596343994
  ],
  "symmetry_ratio": [
    0.27701351046562195,
    0.20008374750614166,
    0.21176132559776306
  ],
  "energy_distribution": [
    0.17458397150039673,
    0.19605866074562073,
    0.24528543651103973
  ],
  "motion_stability": [
    1.8332210779190063,
    2.005930185317993,
    1.3972539901733398
  ],
  "freq_entropy": [
    8.982877731323242,
    8.931792259216309,
    8.928881645202637
  ]
}