{
  "dominant_freq": [
    7.167293617021276,
    4.5809463829787225
  ],
  "amp_mean_x": [
    0.35739317536354065,
    0.28916776180267334
  ],
  "amp_mean_y": [
    0.4999864995479584,
    0.21085382997989655
  ],
  "symmetry_ratio": [
    0.7148056626319885,
    1.3714133501052856
  ],
  "energy_distribution": [
    0.16567668318748474,
    0.20008011162281036
  ],
  "motion_stability": [
    2.6039652824401855,
    1.410294532775879
  ],
  "freq_entropy": [
    10.294891357421875,
    10.294816970825195
  ]
}