{
  "dominant_freq": [
    0.16404631578947365,
    0.10116455696202531,
    6.536614736842104
  ],
  "amp_mean_x": [
    0.133367121219635,
    0.3125526010990143,
    0.21098732948303223
  ],
  "amp_mean_y": [
    0.2254837453365326,
    1.0504319667816162,
    0.29695120453834534
  ],
  "symmetry_ratio": [
    0.5914711356163025,
    0.29754674434661865,
    0.7105118036270142
  ],
  "energy_distribution": [
    0.29163113236427307,
    0.6706765294075012,
    0.18882624804973602
  ],
  "motion_stability": [
    1.565124750137329,
    3.747098922729492,
    1.7332873344421387
  ],
  "freq_entropy": [
    8.85073471069336,
    8.088817596435547,
    9.035103797912598
  ]
}