{
  "dominant_freq": [
    4.107256379983652,
    0.2114408122601113
  ],
  "amp_mean_x": [
    0.47633445262908936,
    0.440396785736084
  ],
  "amp_mean_y": [
    0.3036511242389679,
    0.2423095405101776
  ],
  "symmetry_ratio": [
    1.5686899423599243,
    1.817496657371521
  ],
  "energy_distribution": [
    0.6404505968093872,
    0.35933414101600647
  ],
  "motion_stability": [
    5.565861701965332,
    4.740250587463379
  ],
  "freq_entropy": [
    9.117462158203125,
    9.815439224243164
  ]
}