{
  "dominant_freq": [
    0.30349367088607593,
    0.10137843551797039,
    1.703557894736842
  ],
  "amp_mean_x": [
    0.3364280164241791,
    0.3468446433544159,
    0.11588812619447708
  ],
  "amp_mean_y": [
    0.2630246579647064,
    0.25095969438552856,
    0.14717650413513184
  ],
  "symmetry_ratio": [
    1.2790740728378296,
    1.3820730447769165,
    0.7874091267585754
  ],
  "energy_distribution": [
    0.5804522633552551,
    0.46645551919937134,
    0.24841377139091492
  ],
  "motion_stability": [
    3.209341526031494,
    5.017640113830566,
    4.936948299407959
  ],
  "freq_entropy": [
    7.9082417488098145,
    8.273818969726562,
    9.020383834838867
  ]
}