{
  "dominant_freq": [
    5.548696586432435,
    6.71809039516759
  ],
  "amp_mean_x": [
    0.3627159595489502,
    0.4609846770763397
  ],
  "amp_mean_y": [
    0.4458799660205841,
    0.4208681285381317
  ],
  "symmetry_ratio": [
    0.8134834170341492,
    1.0953185558319092
  ],
  "energy_distribution": [
    0.21058772504329681,
    0.21377213299274445
  ],
  "motion_stability": [
    2.7021632194519043,
    2.3853201866149902
  ],
  "freq_entropy": [
    9.92723274230957,
    9.839200973510742
  ]
}