{
  "dominant_freq": [
    0.10116455696202531,
    0.1280769230769231,
    5.222620253164556
  ],
  "amp_mean_x": [
    0.21699310839176178,
    0.4134364426136017,
    0.4235045909881592
  ],
  "amp_mean_y": [
    0.4059726297855377,
    2.693408966064453,
    0.8706833124160767
  ],
  "symmetry_ratio": [
    0.5345017910003662,
    0.1534993201494217,
    0.4864048659801483
  ],
  "energy_distribution": [
    0.42049258947372437,
    0.851456344127655,
    0.23120707273483276
  ],
  "motion_stability": [
    2.0949997901916504,
    2.762239933013916,
    2.9108529090881348
  ],
  "freq_entropy": [
    8.730107307434082,
    7.79316520690918,
    9.01974105834961
  ]
}