{
  "dominant_freq": [
    0.30136003408606726,
    0.45931034482758615
  ],
  "amp_mean_x": [
    0.31726595759391785,
    0.1727408617734909
  ],
  "amp_mean_y": [
    0.3924635052680969,
    0.11915886402130127
  ],
  "symmetry_ratio": [
    0.8083961009979248,
    1.449668526649475
  ],
  "energy_distribution": [
    0.18596374988555908,
    0.587374746799469
  ],
  "motion_stability": [
    3.9993033409118652,
    2.8901472091674805
  ],
  "freq_entropy": [
    10.277090072631836,
    9.608214378356934
  ]
}