{
  "dominant_freq": [
    0.6937743107955874,
    0.10712691563755393,
    0.4821879019568365
  ],
  "amp_mean_x": [
    0.29104915261268616,
    0.25029778480529785,
    1.189461588859558
  ],
  "amp_mean_y": [
    0.32887035608291626,
    0.29336604475975037,
    2.234698534011841
  ],
  "symmetry_ratio": [
    0.8849965929985046,
    0.8531927466392517,
    0.5322693586349487
  ],
  "energy_distribution": [
    0.2842559516429901,
    0.3614886999130249,
    0.19046029448509216
  ],
  "motion_stability": [
    1.459207534790039,
    1.2591183185577393,
    1.519494891166687
  ],
  "freq_entropy": [
    10.26331615447998,
    10.08603286743164,
    10.348705291748047
  ]
}