{
  "dominant_freq": [
    3.6126315789473686,
    1.490526315789474,
    4.623157894736842
  ],
  "amp_mean_x": [
    0.04629956930875778,
    0.09204808622598648,
    0.03877072036266327
  ],
  "amp_mean_y": [
    0.08316300809383392,
    0.10515977442264557,
    0.05104513093829155
  ],
  "symmetry_ratio": [
    0.556732714176178,
    0.8753165006637573,
    0.7595380544662476
  ],
  "energy_distribution": [
    0.22478218376636505,
    0.22894033789634705,
    0.1767130196094513
  ],
  "motion_stability": [
    1.5647681951522827,
    1.0048291683197021,
    1.5300555229187012
  ],
  "freq_entropy": [
    8.946335792541504,
    8.957798957824707,
    8.987882614135742
  ]
}