{
  "dominant_freq": [
    2.637962401455427,
    0.4708097928436912
  ],
  "amp_mean_x": [
    0.31704333424568176,
    0.3493419693314049
  ],
  "amp_mean_y": [
    0.3201298713684082,
    0.8596058352818222
  ],
  "symmetry_ratio": [
    0.9903584718704224,
    0.4063978570095129
  ],
  "energy_distribution": [
    0.19021134078502655,
    0.3416384886861073
  ],
  "motion_stability": [
    2.208129405975342,
    5.250085599777194
  ],
  "freq_entropy": [
    9.692342758178711,
    9.732296065118746
  ]
}