{
  "dominant_freq": [
    0.7141794375836928,
    0.4795204795204795,
    0.4795204795204795
  ],
  "amp_mean_x": [
    0.18611615896224976,
    0.10130822658538818,
    0.09927035868167877
  ],
  "amp_mean_y": [
    0.24697628617286682,
    0.16012370586395264,
    0.11125802248716354
  ],
  "symmetry_ratio": [
    0.7535790801048279,
    0.6326872706413269,
    0.8922535181045532
  ],
  "energy_distribution": [
    0.2509056627750397,
    0.2533372938632965,
    0.18080052733421326
  ],
  "motion_stability": [
    1.892892599105835,
    1.3550258874893188,
    1.3379062414169312
  ],
  "freq_entropy": [
    10.284878730773926,
    9.834939956665039,
    10.15304946899414
  ]
}