{
  "dominant_freq": [
    2.106827234042553,
    3.1504300341296925
  ],
  "amp_mean_x": [
    0.23747605085372925,
    0.3446974456310272
  ],
  "amp_mean_y": [
    0.40447407960891724,
    0.5438486337661743
  ],
  "symmetry_ratio": [
    0.5871230363845825,
    0.633811354637146
  ],
  "energy_distribution": [
    0.1623813509941101,
    0.20480413734912872
  ],
  "motion_stability": [
    3.8139538764953613,
    2.0131185054779053
  ],
  "freq_entropy": [
    10.275571823120117,
    10.325775146484375
  ]
}