{
  "dominant_freq": [
    6.020060869565216,
    2.9215902228612505
  ],
  "amp_mean_x": [
    0.40135568380355835,
    0.7921274304389954
  ],
  "amp_mean_y": [
    1.2677584886550903,
    2.0863213539123535
  ],
  "symmetry_ratio": [
    0.31658685207366943,
    0.37967661023139954
  ],
  "energy_distribution": [
    0.21930909156799316,
    0.22998808324337006
  ],
  "motion_stability": [
    2.8255438804626465,
    2.4532272815704346
  ],
  "freq_entropy": [
    9.637046813964844,
    9.606945037841797
  ]
}