{
  "dominant_freq": [
    0.29969999999999997,
    0.46952999999999995
  ],
  "amp_mean_x": [
    0.22134017944335938,
    0.28351154923439026
  ],
  "amp_mean_y": [
    0.201981782913208,
    0.219648078083992
  ],
  "symmetry_ratio": [
    1.0958422422409058,
    1.2907536029815674
  ],
  "energy_distribution": [
    0.2822667956352234,
    0.26785382628440857
  ],
  "motion_stability": [
    1.9949312210083008,
    1.556027889251709
  ],
  "freq_entropy": [
    9.233011245727539,
    9.22512435913086
  ]
}