{
  "dominant_freq": [
    2.0695073684210525,
    4.012825263157894,
    2.460694736842105
  ],
  "amp_mean_x": [
    0.5101279020309448,
    0.25211381912231445,
    0.16309873759746552
  ],
  "amp_mean_y": [
    0.28938475251197815,
    0.29626742005348206,
    0.21489839255809784
  ],
  "symmetry_ratio": [
    1.7628016471862793,
    0.8509670495986938,
    0.7589574456214905
  ],
  "energy_distribution": [
    0.24227428436279297,
    0.21631182730197906,
    0.21201224625110626
  ],
  "motion_stability": [
    1.3369557857513428,
    1.476642370223999,
    1.5717408657073975
  ],
  "freq_entropy": [
    9.06168270111084,
    8.941911697387695,
    8.975618362426758
  ]
}