{
  "dominant_freq": [
    0.10105795574288723,
    5.274719999999999,
    2.8645010526315784
  ],
  "amp_mean_x": [
    0.18723145127296448,
    0.19193769991397858,
    0.17780564725399017
  ],
  "amp_mean_y": [
    0.11812229454517365,
    0.24294626712799072,
    0.251247763633728
  ],
  "symmetry_ratio": [
    1.58506441116333,
    0.7900417447090149,
    0.7076904773712158
  ],
  "energy_distribution": [
    0.37300172448158264,
    0.23281779885292053,
    0.20494148135185242
  ],
  "motion_stability": [
    2.096905469894409,
    4.052423000335693,
    1.7390868663787842
  ],
  "freq_entropy": [
    8.828642845153809,
    9.227601051330566,
    9.021169662475586
  ]
}