{
  "dominant_freq": [
    6.008571428571429,
    4.93953488372093
  ],
  "amp_mean_x": [
    0.22684267163276672,
    1.5844060182571411
  ],
  "amp_mean_y": [
    0.536547839641571,
    2.555100917816162
  ],
  "symmetry_ratio": [
    0.4227818250656128,
    0.6200952529907227
  ],
  "energy_distribution": [
    0.21140171587467194,
    0.2138279527425766
  ],
  "motion_stability": [
    2.3530287742614746,
    2.5692286491394043
  ],
  "freq_entropy": [
    9.699678421020508,
    9.461889266967773
  ]
}