{
  "dominant_freq": [
    3.4875739814152964,
    4.330429184549356
  ],
  "amp_mean_x": [
    0.11021361500024796,
    0.3509543240070343
  ],
  "amp_mean_y": [
    0.17518797516822815,
    0.337833434343338
  ],
  "symmetry_ratio": [
    0.6291162967681885,
    1.0388383865356445
  ],
  "energy_distribution": [
    0.23108336329460144,
    0.20935817062854767
  ],
  "motion_stability": [
    1.8954603672027588,
    2.6300911903381348
  ],
  "freq_entropy": [
    9.59768295288086,
    9.554078102111816
  ]
}