{
  "dominant_freq": [
    1.495647209932924,
    0.5506455267220818
  ],
  "amp_mean_x": [
    0.6493642926216125,
    0.865997850894928
  ],
  "amp_mean_y": [
    0.7688305377960205,
    1.429492712020874
  ],
  "symmetry_ratio": [
    0.8446130156517029,
    0.6058078408241272
  ],
  "energy_distribution": [
    0.19557224214076996,
    0.20130711793899536
  ],
  "motion_stability": [
    2.207294464111328,
    2.0820584297180176
  ],
  "freq_entropy": [
    9.223663330078125,
    9.156820297241211
  ]
}