{
  "dominant_freq": [
    3.33,
    0.47952,
    0.2936926503340757,
    0.29304,
    8.524799999999999,
    2.29104
  ],
  "amp_mean_x": [
    1.5073820352554321,
    0.2884335219860077,
    0.3121657371520996,
    0.5134352445602417,
    0.46454304456710815,
    0.21978315711021423
  ],
  "amp_mean_y": [
    3.1301703453063965,
    0.12357935309410095,
    0.15514175593852997,
    0.5021712183952332,
    0.8374401926994324,
    0.23799525201320648
  ],
  "symmetry_ratio": [
    0.4815655052661896,
    2.3339943885803223,
    2.012132406234741,
    1.022430658340454,
    0.5547178983688354,
    0.923477053642273
  ],
  "energy_distribution": [
    0.3454205095767975,
    0.3440311849117279,
    0.21769291162490845,
    0.2901860177516937,
    0.19914884865283966,
    0.19587717950344086
  ],
  "motion_stability": [
    3.9563636779785156,
    1.2638325691223145,
    1.366504192352295,
    0.7428423166275024,
    3.982191562652588,
    5.633866310119629
  ],
  "freq_entropy": [
    7.884584903717041,
    7.428535461425781,
    7.992761611938477,
    7.778436660766602,
    8.03133773803711,
    8.262166976928711
  ]
}