{
  "dominant_freq": [
    2.8167994052855456,
    3.8667715263459943
  ],
  "amp_mean_x": [
    1.1803181171417236,
    0.6414530277252197
  ],
  "amp_mean_y": [
    1.4008365869522095,
    0.5026687979698181
  ],
  "symmetry_ratio": [
    0.8425808548927307,
    1.2760947942733765
  ],
  "energy_distribution": [
    0.216556578874588,
    0.32022199034690857
  ],
  "motion_stability": [
    3.522617816925049,
    3.5207467079162598
  ],
  "freq_entropy": [
    10.235912322998047,
    9.499993324279785
  ]
}