{
  "dominant_freq": [
    4.912529361702127,
    4.749288510638298
  ],
  "amp_mean_x": [
    0.06663426756858826,
    0.08087937533855438
  ],
  "amp_mean_y": [
    0.07488036155700684,
    0.11018859595060349
  ],
  "symmetry_ratio": [
    0.8898764252662659,
    0.7340086102485657
  ],
  "energy_distribution": [
    0.2181883305311203,
    0.14673268795013428
  ],
  "motion_stability": [
    8.178207397460938,
    3.3024096488952637
  ],
  "freq_entropy": [
    10.43576717376709,
    10.452171325683594
  ]
}