{
  "dominant_freq": [
    3.814036600921847,
    0.1311758150663926
  ],
  "amp_mean_x": [
    0.7181911468505859,
    0.7854058146476746
  ],
  "amp_mean_y": [
    0.6418750286102295,
    0.8727260231971741
  ],
  "symmetry_ratio": [
    1.1188956499099731,
    0.8999454379081726
  ],
  "energy_distribution": [
    0.215173602104187,
    0.25522562861442566
  ],
  "motion_stability": [
    2.2203996181488037,
    2.4314632415771484
  ],
  "freq_entropy": [
    9.797994613647461,
    9.797513008117676
  ]
}