{
  "dominant_freq": [
    1.6300000000000001,
    1.965
  ],
  "amp_mean_x": [
    0.15030664205551147,
    0.19854196906089783
  ],
  "amp_mean_y": [
    0.2564588785171509,
    0.2642173767089844
  ],
  "symmetry_ratio": [
    0.58608478307724,
    0.7514342069625854
  ],
  "energy_distribution": [
    0.2661706209182739,
    0.1903117448091507
  ],
  "motion_stability": [
    1.9379122257232666,
    1.490960717201233
  ],
  "freq_entropy": [
    10.249375343322754,
    10.318016052246094
  ]
}