{
  "dominant_freq": [
    4.661016949152542,
    2.8653846153846154,
    1.6730769230769231,
    2.0961538461538463
  ],
  "amp_mean_x": [
    0.05825997143983841,
    0.20034876465797424,
    0.19713686406612396,
    0.1377468705177307
  ],
  "amp_mean_y": [
    0.13051804900169373,
    0.17373284697532654,
    0.21882808208465576,
    0.23131446540355682
  ],
  "symmetry_ratio": [
    0.4463748335838318,
    1.1532002687454224,
    0.9008755087852478,
    0.5954961180686951
  ],
  "energy_distribution": [
    0.1729363352060318,
    0.1717555671930313,
    0.22060297429561615,
    0.2855953574180603
  ],
  "motion_stability": [
    1.3814674615859985,
    1.471397876739502,
    2.0673935413360596,
    2.5534448623657227
  ],
  "freq_entropy": [
    8.399733543395996,
    8.349906921386719,
    8.461390495300293,
    8.526857376098633
  ]
}