{
  "dominant_freq": [
    2.246808510638298,
    5.785263157894738,
    0.10105263157894738
  ],
  "amp_mean_x": [
    0.2852376103401184,
    0.4052286446094513,
    0.23215587437152863
  ],
  "amp_mean_y": [
    0.5621427893638611,
    0.5530627965927124,
    0.29358649253845215
  ],
  "symmetry_ratio": [
    0.5074113011360168,
    0.7326991558074951,
    0.7907580137252808
  ],
  "energy_distribution": [
    0.17551979422569275,
    0.3077975809574127,
    0.3354587256908417
  ],
  "motion_stability": [
    4.419447422027588,
    3.6890506744384766,
    4.548915863037109
  ],
  "freq_entropy": [
    9.1781587600708,
    9.020219802856445,
    9.025522232055664
  ]
}