{
  "dominant_freq": [
    0.5052085714285715,
    7.509625714285715
  ],
  "amp_mean_x": [
    0.2880614101886749,
    0.5189568996429443
  ],
  "amp_mean_y": [
    0.7215288281440735,
    1.6313722133636475
  ],
  "symmetry_ratio": [
    0.39923757314682007,
    0.3181106746196747
  ],
  "energy_distribution": [
    0.18476152420043945,
    0.20973291993141174
  ],
  "motion_stability": [
    2.821099281311035,
    1.8584507703781128
  ],
  "freq_entropy": [
    9.623167991638184,
    9.558286666870117
  ]
}