{
  "dominant_freq": [
    6.019344608879492,
    3.489044776119403,
    3.845451022604951
  ],
  "amp_mean_x": [
    0.7590913772583008,
    1.2366753816604614,
    1.1405869722366333
  ],
  "amp_mean_y": [
    1.6020840406417847,
    2.6345295906066895,
    3.1770660877227783
  ],
  "symmetry_ratio": [
    0.4738149642944336,
    0.46941033005714417,
    0.3590063750743866
  ],
  "energy_distribution": [
    0.18683381378650665,
    0.285487562417984,
    0.2300632894039154
  ],
  "motion_stability": [
    2.345536470413208,
    3.41290020942688,
    2.391462802886963
  ],
  "freq_entropy": [
    9.08293342590332,
    9.012404441833496,
    9.03219223022461
  ]
}