{
  "dominant_freq": [
    2.091523404255319,
    3.693324255319148,
    0.47951999999999995
  ],
  "amp_mean_x": [
    0.17724986374378204,
    0.22598259150981903,
    0.19481602311134338
  ],
  "amp_mean_y": [
    0.05595726519823074,
    0.05700189992785454,
    0.06860508769750595
  ],
  "symmetry_ratio": [
    3.167593479156494,
    3.964474678039551,
    2.8396730422973633
  ],
  "energy_distribution": [
    0.2155182659626007,
    0.3263075351715088,
    0.2554898262023926
  ],
  "motion_stability": [
    1.0721828937530518,
    1.05107843875885,
    0.9734566807746887
  ],
  "freq_entropy": [
    10.255475044250488,
    10.062850952148438,
    10.069379806518555
  ]
}