{
  "dominant_freq": [
    3.5,
    0.5800000000000001
  ],
  "amp_mean_x": [
    0.08404437452554703,
    0.24705779552459717
  ],
  "amp_mean_y": [
    0.057211603969335556,
    0.13488435745239258
  ],
  "symmetry_ratio": [
    1.469009280204773,
    1.8316267728805542
  ],
  "energy_distribution": [
    0.09746447205543518,
    0.3728633522987366
  ],
  "motion_stability": [
    5.940032482147217,
    2.091397523880005
  ],
  "freq_entropy": [
    10.543128967285156,
    9.969659805297852
  ]
}