{
  "dominant_freq": [
    1.4759742304939154,
    0.9247885714285714
  ],
  "amp_mean_x": [
    0.492965966463089,
    0.5060508251190186
  ],
  "amp_mean_y": [
    0.8427582383155823,
    0.9121463298797607
  ],
  "symmetry_ratio": [
    0.5849435329437256,
    0.554791271686554
  ],
  "energy_distribution": [
    0.19575881958007812,
    0.2200005203485489
  ],
  "motion_stability": [
    1.5152316093444824,
    1.3316688537597656
  ],
  "freq_entropy": [
    9.496277809143066,
    9.526019096374512
  ]
}