{
  "dominant_freq": [
    4.139014736842105,
    0.1009515789473684,
    0.1009515789473684
  ],
  "amp_mean_x": [
    0.11639411002397537,
    0.07693670690059662,
    0.12712158262729645
  ],
  "amp_mean_y": [
    0.18975184857845306,
    0.2793285548686981,
    0.42642998695373535
  ],
  "symmetry_ratio": [
    0.6134017109870911,
    0.2754344642162323,
    0.2981065809726715
  ],
  "energy_distribution": [
    0.21576060354709625,
    0.42048242688179016,
    0.3989047408103943
  ],
  "motion_stability": [
    1.1726696491241455,
    1.2130615711212158,
    0.9279266595840454
  ],
  "freq_entropy": [
    8.947223663330078,
    8.569504737854004,
    8.547343254089355
  ]
}