{
  "dominant_freq": [
    0.10778443113772454,
    1.9941176470588236,
    1.3120567375886525
  ],
  "amp_mean_x": [
    1.2797889709472656,
    0.4107748568058014,
    1.2623943090438843
  ],
  "amp_mean_y": [
    1.7122337818145752,
    0.5034399628639221,
    1.8156123161315918
  ],
  "symmetry_ratio": [
    0.7474381923675537,
    0.8159361481666565,
    0.695299506187439
  ],
  "energy_distribution": [
    0.5828484892845154,
    0.20701220631599426,
    0.20679709315299988
  ],
  "motion_stability": [
    4.382312774658203,
    1.5038342475891113,
    2.1985065937042236
  ],
  "freq_entropy": [
    7.662038326263428,
    8.440153121948242,
    8.588899612426758
  ]
}