{
  "dominant_freq": [
    0.3096903096903097,
    4.94631419001167
  ],
  "amp_mean_x": [
    0.21143773198127747,
    0.5724892020225525
  ],
  "amp_mean_y": [
    0.20694711804389954,
    0.7840885519981384
  ],
  "symmetry_ratio": [
    1.02169930934906,
    0.7301333546638489
  ],
  "energy_distribution": [
    0.3375519812107086,
    0.1736816167831421
  ],
  "motion_stability": [
    1.8125019073486328,
    2.300483226776123
  ],
  "freq_entropy": [
    8.82064437866211,
    9.353641510009766
  ]
}