{
  "dominant_freq": [
    1.2997909516380655,
    3.6694323922734027
  ],
  "amp_mean_x": [
    3.8717663288116455,
    2.5948081016540527
  ],
  "amp_mean_y": [
    6.019568920135498,
    4.115298748016357
  ],
  "symmetry_ratio": [
    0.6431965827941895,
    0.6305272579193115
  ],
  "energy_distribution": [
    0.2150118499994278,
    0.20917141437530518
  ],
  "motion_stability": [
    2.1237475872039795,
    1.7859845161437988
  ],
  "freq_entropy": [
    9.38850212097168,
    9.530207633972168
  ]
}