{
  "dominant_freq": [
    4.527935064935066,
    7.2332658227848095,
    0.30285473684210523
  ],
  "amp_mean_x": [
    1.514313817024231,
    0.15131326019763947,
    0.08195473253726959
  ],
  "amp_mean_y": [
    1.4333970546722412,
    0.35477349162101746,
    0.08858799934387207
  ],
  "symmetry_ratio": [
    1.0564510822296143,
    0.4265066683292389,
    0.9251222610473633
  ],
  "energy_distribution": [
    0.40881824493408203,
    0.1939687579870224,
    0.2557971179485321
  ],
  "motion_stability": [
    5.491157531738281,
    5.335932731628418,
    1.781470775604248
  ],
  "freq_entropy": [
    8.591474533081055,
    9.128470420837402,
    8.795594215393066
  ]
}