{
  "dominant_freq": [
    5.175788350377945,
    2.6893231939163496,
    0.765191489361702
  ],
  "amp_mean_x": [
    2.351673126220703,
    3.866358995437622,
    0.577320396900177
  ],
  "amp_mean_y": [
    1.866126298904419,
    2.6490678787231445,
    0.4972091019153595
  ],
  "symmetry_ratio": [
    1.2601896524429321,
    1.4595167636871338,
    1.1611219644546509
  ],
  "energy_distribution": [
    0.1931687891483307,
    0.3081863820552826,
    0.2558544874191284
  ],
  "motion_stability": [
    3.3568520545959473,
    3.8288021087646484,
    1.8789445161819458
  ],
  "freq_entropy": [
    10.284337997436523,
    9.95720100402832,
    10.187546730041504
  ]
}