{
  "dominant_freq": [
    0.5299957894736842,
    0.48053164556962025,
    4.265204210526315
  ],
  "amp_mean_x": [
    0.19152185320854187,
    0.23032057285308838,
    0.11355753988027573
  ],
  "amp_mean_y": [
    0.6979921460151672,
    1.2932507991790771,
    0.7078388333320618
  ],
  "symmetry_ratio": [
    0.27438968420028687,
    0.178094282746315,
    0.16042852401733398
  ],
  "energy_distribution": [
    0.23046573996543884,
    0.23512321710586548,
    0.17449305951595306
  ],
  "motion_stability": [
    1.3143161535263062,
    1.0340616703033447,
    1.1463959217071533
  ],
  "freq_entropy": [
    8.865772247314453,
    8.831697463989258,
    8.925264358520508
  ]
}