{
  "dominant_freq": [
    6.453273642977057,
    0.12680756395995552
  ],
  "amp_mean_x": [
    1.2685307264328003,
    0.8123230338096619
  ],
  "amp_mean_y": [
    2.257930278778076,
    1.2252429723739624
  ],
  "symmetry_ratio": [
    0.5618112683296204,
    0.6629893183708191
  ],
  "energy_distribution": [
    0.22248806059360504,
    0.23117999732494354
  ],
  "motion_stability": [
    2.988434314727783,
    2.7184317111968994
  ],
  "freq_entropy": [
    9.907991409301758,
    9.844975471496582
  ]
}