{
  "dominant_freq": [
    0.492138947368421,
    0.9590399999999999,
    2.0821263157894734
  ],
  "amp_mean_x": [
    0.04857531189918518,
    0.10408474504947662,
    0.11305274069309235
  ],
  "amp_mean_y": [
    0.08679146319627762,
    0.09636859595775604,
    0.0851617157459259
  ],
  "symmetry_ratio": [
    0.5596784353256226,
    1.0800690650939941,
    1.3275066614151
  ],
  "energy_distribution": [
    0.27048259973526,
    0.19768360257148743,
    0.1650071144104004
  ],
  "motion_stability": [
    1.3549933433532715,
    2.0288710594177246,
    2.3198752403259277
  ],
  "freq_entropy": [
    8.797563552856445,
    8.892509460449219,
    8.975074768066406
  ]
}