{
  "dominant_freq": [
    9.011044176706825,
    0.7250000000000001
  ],
  "amp_mean_x": [
    0.6000152230262756,
    0.15608948469161987
  ],
  "amp_mean_y": [
    1.593242883682251,
    0.22749045491218567
  ],
  "symmetry_ratio": [
    0.3765999674797058,
    0.6861364245414734
  ],
  "energy_distribution": [
    0.18851421773433685,
    0.24535690248012543
  ],
  "motion_stability": [
    3.651750087738037,
    1.7106499671936035
  ],
  "freq_entropy": [
    9.051182746887207,
    8.843828201293945
  ]
}