{
  "dominant_freq": [
    1.4923878205128203,
    0.14505802320928368
  ],
  "amp_mean_x": [
    0.9419761896133423,
    0.6239237189292908
  ],
  "amp_mean_y": [
    1.2686752080917358,
    0.5986666083335876
  ],
  "symmetry_ratio": [
    0.7424880862236023,
    1.0421888828277588
  ],
  "energy_distribution": [
    0.21489043533802032,
    0.3771666884422302
  ],
  "motion_stability": [
    2.8129169940948486,
    2.191103458404541
  ],
  "freq_entropy": [
    10.304046630859375,
    9.559494018554688
  ]
}