{
  "dominant_freq": [
    1.3037974683544304,
    0.10126582278481013,
    1.4147368421052633
  ],
  "amp_mean_x": [
    0.5579004287719727,
    0.5691547989845276,
    0.49009549617767334
  ],
  "amp_mean_y": [
    0.7055703401565552,
    0.5977294445037842,
    0.3937464952468872
  ],
  "symmetry_ratio": [
    0.7907084226608276,
    0.9521946907043457,
    1.2446980476379395
  ],
  "energy_distribution": [
    0.2869759202003479,
    0.4062129557132721,
    0.2292947918176651
  ],
  "motion_stability": [
    1.9085813760757446,
    1.9192209243774414,
    4.264148712158203
  ],
  "freq_entropy": [
    9.049098014831543,
    8.669366836547852,
    9.24152946472168
  ]
}