{
  "dominant_freq": [
    0.33096531550355207,
    0.125
  ],
  "amp_mean_x": [
    0.16331633925437927,
    0.5030845403671265
  ],
  "amp_mean_y": [
    0.3450962007045746,
    0.49812763929367065
  ],
  "symmetry_ratio": [
    0.4732487201690674,
    1.009951114654541
  ],
  "energy_distribution": [
    0.3090508282184601,
    0.37348681688308716
  ],
  "motion_stability": [
    3.7812726497650146,
    2.30026912689209
  ],
  "freq_entropy": [
    10.481143951416016,
    9.921436309814453
  ]
}