{
  "dominant_freq": [
    4.2186660951564505,
    1.1197869925796595,
    1.2082559158632777,
    0.2833433605500644
  ],
  "amp_mean_x": [
    1.7289294004440308,
    2.023808479309082,
    3.4846105575561523,
    1.86923086643219
  ],
  "amp_mean_y": [
    1.1565651893615723,
    1.4609016180038452,
    1.2744498252868652,
    1.024043321609497
  ],
  "symmetry_ratio": [
    1.4948828220367432,
    1.385314702987671,
    2.7342076301574707,
    1.8253434896469116
  ],
  "energy_distribution": [
    0.26516780257225037,
    0.2390683889389038,
    0.19367192685604095,
    0.3012557625770569
  ],
  "motion_stability": [
    2.174128293991089,
    1.9093211889266968,
    2.725590705871582,
    2.2879645824432373
  ],
  "freq_entropy": [
    10.16988754272461,
    10.179805755615234,
    10.299983978271484,
    10.237741470336914
  ]
}