{
  "dominant_freq": [
    0.7625418060200668,
    4.321070234113712,
    2.6755852842809364
  ],
  "amp_mean_x": [
    0.5131837725639343,
    0.34286603331565857,
    0.5697757005691528
  ],
  "amp_mean_y": [
    1.1240465641021729,
    1.2753926515579224,
    0.8248324394226074
  ],
  "symmetry_ratio": [
    0.456550270318985,
    0.2688317596912384,
    0.6907775402069092
  ],
  "energy_distribution": [
    0.22614629566669464,
    0.24583642184734344,
    0.19537702202796936
  ],
  "motion_stability": [
    4.2499189376831055,
    3.3929734230041504,
    4.421347618103027
  ],
  "freq_entropy": [
    9.042695999145508,
    9.033462524414062,
    9.013599395751953
  ]
}