{
  "dominant_freq": [
    4.425000000000001,
    0.1
  ],
  "amp_mean_x": [
    0.40586432814598083,
    0.3778350353240967
  ],
  "amp_mean_y": [
    0.7299665808677673,
    0.683829665184021
  ],
  "symmetry_ratio": [
    0.556003987789154,
    0.5525280237197876
  ],
  "energy_distribution": [
    0.1970730870962143,
    0.23832149803638458
  ],
  "motion_stability": [
    1.5599150657653809,
    1.4688047170639038
  ],
  "freq_entropy": [
    9.039304733276367,
    8.967100143432617
  ]
}