{
  "dominant_freq": [
    7.46121768140117,
    0.30012505210504375,
    1.435,
    3.4707846410684473
  ],
  "amp_mean_x": [
    0.467742383480072,
    0.24979567527770996,
    0.14684194326400757,
    0.5153375267982483
  ],
  "amp_mean_y": [
    0.48664745688438416,
    0.6183578372001648,
    0.5022576451301575,
    0.9340354800224304
  ],
  "symmetry_ratio": [
    0.9611524343490601,
    0.4039662182331085,
    0.2923637926578522,
    0.5517323017120361
  ],
  "energy_distribution": [
    0.2413386106491089,
    0.21929363906383514,
    0.22964750230312347,
    0.2348034828901291
  ],
  "motion_stability": [
    4.5778489112854,
    1.7960041761398315,
    1.396859049797058,
    4.467171669006348
  ],
  "freq_entropy": [
    10.358840942382812,
    10.309419631958008,
    10.277776718139648,
    10.364587783813477
  ]
}