{
  "dominant_freq": [
    0.1009515789473684,
    2.271410526315789,
    0.29023578947368417
  ],
  "amp_mean_x": [
    0.21420088410377502,
    0.10522232949733734,
    0.03317158669233322
  ],
  "amp_mean_y": [
    0.4154753088951111,
    0.13213393092155457,
    0.08273595571517944
  ],
  "symmetry_ratio": [
    0.5155562162399292,
    0.7963308691978455,
    0.4009331464767456
  ],
  "energy_distribution": [
    0.30404749512672424,
    0.21381835639476776,
    0.22892135381698608
  ],
  "motion_stability": [
    2.1680097579956055,
    1.063192367553711,
    1.368057370185852
  ],
  "freq_entropy": [
    8.917749404907227,
    8.917961120605469,
    8.904722213745117
  ]
}