{
  "dominant_freq": [
    0.11156186612576065,
    8.138209697472027,
    0.1061463809138698
  ],
  "amp_mean_x": [
    0.6054549217224121,
    1.2102161645889282,
    1.010609745979309
  ],
  "amp_mean_y": [
    2.1047203540802,
    3.402132511138916,
    2.079155206680298
  ],
  "symmetry_ratio": [
    0.2876652479171753,
    0.3557228147983551,
    0.4860674738883972
  ],
  "energy_distribution": [
    0.23945187032222748,
    0.1900271773338318,
    0.26607951521873474
  ],
  "motion_stability": [
    2.32902193069458,
    2.519312620162964,
    2.856895923614502
  ],
  "freq_entropy": [
    10.314002990722656,
    10.31363582611084,
    10.294096946716309
  ]
}