{
  "dominant_freq": [
    0.7672319999999999,
    5.79509596412556,
    6.194233405639912
  ],
  "amp_mean_x": [
    1.213965654373169,
    0.48787036538124084,
    0.5334471464157104
  ],
  "amp_mean_y": [
    1.3251006603240967,
    0.8100210428237915,
    0.6852123737335205
  ],
  "symmetry_ratio": [
    0.9161309003829956,
    0.6022934317588806,
    0.7785136103630066
  ],
  "energy_distribution": [
    0.25311198830604553,
    0.2071956843137741,
    0.14663507044315338
  ],
  "motion_stability": [
    4.832520008087158,
    4.32321310043335,
    3.3998146057128906
  ],
  "freq_entropy": [
    10.298303604125977,
    10.279504776000977,
    10.330249786376953
  ]
}