{
  "dominant_freq": [
    0.13259668508287292
  ],
  "amp_mean_x": [
    1.8225650787353516
  ],
  "amp_mean_y": [
    1.2092804908752441
  ],
  "symmetry_ratio": [
    1.5071483850479126
  ],
  "energy_distribution": [
    0.42971840500831604
  ],
  "motion_stability": [
    3.5422425270080566
  ],
  "freq_entropy": [
    9.90353775024414
  ]
}