{
  "dominant_freq": [
    0.2915536480686695,
    3.5904017155110792
  ],
  "amp_mean_x": [
    0.2673565149307251,
    0.9828876256942749
  ],
  "amp_mean_y": [
    0.5243255496025085,
    0.6599065065383911
  ],
  "symmetry_ratio": [
    0.5099055767059326,
    1.4894347190856934
  ],
  "energy_distribution": [
    0.2745964825153351,
    0.6396223902702332
  ],
  "motion_stability": [
    2.6952967643737793,
    2.409682273864746
  ],
  "freq_entropy": [
    9.510490417480469,
    8.311713218688965
  ]
}