{
  "dominant_freq": [
    7.032032032032031,
    0.5125
  ],
  "amp_mean_x": [
    0.45049965381622314,
    0.11222946643829346
  ],
  "amp_mean_y": [
    1.4552735090255737,
    0.928321361541748
  ],
  "symmetry_ratio": [
    0.3095635771751404,
    0.12089505791664124
  ],
  "energy_distribution": [
    0.17406155169010162,
    0.22973358631134033
  ],
  "motion_stability": [
    3.477827548980713,
    1.1813539266586304
  ],
  "freq_entropy": [
    9.126442909240723,
    8.842341423034668
  ]
}