{
  "dominant_freq": [
    3.7166666666666663,
    5.113636363636362
  ],
  "amp_mean_x": [
    0.1291043609380722,
    0.20156113803386688
  ],
  "amp_mean_y": [
    0.3381318747997284,
    0.42350903153419495
  ],
  "symmetry_ratio": [
    0.3818165957927704,
    0.4759311378002167
  ],
  "energy_distribution": [
    0.22601386904716492,
    0.17886149883270264
  ],
  "motion_stability": [
    3.4088692665100098,
    3.169154644012451
  ],
  "freq_entropy": [
    9.763604164123535,
    9.711198806762695
  ]
}