{
  "dominant_freq": [
    0.14462042223179664,
    0.1844307692307692
  ],
  "amp_mean_x": [
    1.1308401823043823,
    1.5668455362319946
  ],
  "amp_mean_y": [
    1.9866024255752563,
    1.538759708404541
  ],
  "symmetry_ratio": [
    0.569233238697052,
    1.0182522535324097
  ],
  "energy_distribution": [
    0.2850733995437622,
    0.36515340209007263
  ],
  "motion_stability": [
    3.7078146934509277,
    3.000471353530884
  ],
  "freq_entropy": [
    10.050339698791504,
    9.862934112548828
  ]
}