{
  "dominant_freq": [
    0.10105263157894738,
    4.00421052631579,
    0.10105263157894738
  ],
  "amp_mean_x": [
    0.17635668814182281,
    0.10774065554141998,
    0.05771132558584213
  ],
  "amp_mean_y": [
    0.2066081464290619,
    0.10067790746688843,
    0.06711173057556152
  ],
  "symmetry_ratio": [
    0.8535805344581604,
    1.070151925086975,
    0.8599290251731873
  ],
  "energy_distribution": [
    0.3696480989456177,
    0.3150762915611267,
    0.2575374245643616
  ],
  "motion_stability": [
    3.503148078918457,
    2.1231861114501953,
    1.441779375076294
  ],
  "freq_entropy": [
    8.692439079284668,
    8.774819374084473,
    8.874613761901855
  ]
}