{
  "dominant_freq": [
    0.13548387096774195,
    0.13548387096774195
  ],
  "amp_mean_x": [
    0.24403510987758636,
    0.31218788027763367
  ],
  "amp_mean_y": [
    0.18059390783309937,
    0.14220362901687622
  ],
  "symmetry_ratio": [
    1.3512920141220093,
    2.1953580379486084
  ],
  "energy_distribution": [
    0.37067410349845886,
    0.46074599027633667
  ],
  "motion_stability": [
    1.7817344665527344,
    1.173736810684204
  ],
  "freq_entropy": [
    8.996355056762695,
    8.704328536987305
  ]
}