{
  "dominant_freq": [
    0.13125788809423644,
    1.220508545227178
  ],
  "amp_mean_x": [
    0.8387189507484436,
    0.8803254961967468
  ],
  "amp_mean_y": [
    1.463099718093872,
    1.1372010707855225
  ],
  "symmetry_ratio": [
    0.5732479691505432,
    0.7741159796714783
  ],
  "energy_distribution": [
    0.21998129785060883,
    0.2794080078601837
  ],
  "motion_stability": [
    3.0196659564971924,
    2.4504523277282715
  ],
  "freq_entropy": [
    10.174213409423828,
    10.020181655883789
  ]
}