{
  "dominant_freq": [
    3.877894736842106,
    4.231578947368421,
    5.3178947368421055
  ],
  "amp_mean_x": [
    0.09567022323608398,
    0.14426718652248383,
    0.15675339102745056
  ],
  "amp_mean_y": [
    0.20086483657360077,
    0.5212360620498657,
    0.20986633002758026
  ],
  "symmetry_ratio": [
    0.4762915372848511,
    0.2767789959907532,
    0.7469201683998108
  ],
  "energy_distribution": [
    0.1698129028081894,
    0.20672084391117096,
    0.20409491658210754
  ],
  "motion_stability": [
    1.4705088138580322,
    2.1554336547851562,
    1.3581552505493164
  ],
  "freq_entropy": [
    8.994560241699219,
    9.210566520690918,
    9.05770492553711
  ]
}