{
  "dominant_freq": [
    0.29969999999999997,
    0.45953999999999995
  ],
  "amp_mean_x": [
    0.12759415805339813,
    0.0665869489312172
  ],
  "amp_mean_y": [
    0.13650266826152802,
    0.07475309073925018
  ],
  "symmetry_ratio": [
    0.9347374439239502,
    0.8907584547996521
  ],
  "energy_distribution": [
    0.3828712999820709,
    0.25947949290275574
  ],
  "motion_stability": [
    1.9956713914871216,
    1.334653377532959
  ],
  "freq_entropy": [
    9.02340030670166,
    8.998588562011719
  ]
}