{
  "dominant_freq": [
    3.9538925184404627,
    2.248539515279241,
    0.10127138331573389
  ],
  "amp_mean_x": [
    0.29090580344200134,
    0.4735983610153198,
    0.37545046210289
  ],
  "amp_mean_y": [
    0.4422200918197632,
    0.7996330857276917,
    0.7057361602783203
  ],
  "symmetry_ratio": [
    0.6578303575515747,
    0.5922695994377136,
    0.531998336315155
  ],
  "energy_distribution": [
    0.1968313455581665,
    0.19395485520362854,
    0.30303505063056946
  ],
  "motion_stability": [
    1.679951548576355,
    3.039214611053467,
    4.243902683258057
  ],
  "freq_entropy": [
    9.046808242797852,
    8.4918794631958,
    8.828208923339844
  ]
}