{
  "dominant_freq": [
    1.9081272084805654,
    3.626918536009445,
    0.8125755743651755
  ],
  "amp_mean_x": [
    0.9168515205383301,
    0.66463702917099,
    0.8920397758483887
  ],
  "amp_mean_y": [
    0.5898680090904236,
    0.6820797324180603,
    1.2948404550552368
  ],
  "symmetry_ratio": [
    1.5543333292007446,
    0.9744271636009216,
    0.6889186501502991
  ],
  "energy_distribution": [
    0.20527203381061554,
    0.15609689056873322,
    0.38340869545936584
  ],
  "motion_stability": [
    2.264535903930664,
    3.2986011505126953,
    4.384094715118408
  ],
  "freq_entropy": [
    8.788660049438477,
    9.006181716918945,
    8.981359481811523
  ]
}