{
  "dominant_freq": [
    0.10554089709762533,
    1.9854881266490767
  ],
  "amp_mean_x": [
    0.40781453251838684,
    0.8215632438659668
  ],
  "amp_mean_y": [
    0.6180331707000732,
    0.6596450209617615
  ],
  "symmetry_ratio": [
    0.6598586440086365,
    1.2454626560211182
  ],
  "energy_distribution": [
    0.1930413544178009,
    0.29559457302093506
  ],
  "motion_stability": [
    2.8838300704956055,
    3.8983571529388428
  ],
  "freq_entropy": [
    9.995473861694336,
    9.877581596374512
  ]
}