{
  "dominant_freq": [
    0.11357052631578946,
    6.057094736842105,
    0.29023578947368417
  ],
  "amp_mean_x": [
    0.1611105054616928,
    0.17921997606754303,
    0.10984238237142563
  ],
  "amp_mean_y": [
    0.22117052972316742,
    0.2041175663471222,
    0.1378444880247116
  ],
  "symmetry_ratio": [
    0.7284446954727173,
    0.8780232667922974,
    0.7968572974205017
  ],
  "energy_distribution": [
    0.34601134061813354,
    0.2429739236831665,
    0.25454187393188477
  ],
  "motion_stability": [
    3.795417308807373,
    2.0310564041137695,
    1.8704382181167603
  ],
  "freq_entropy": [
    8.915729522705078,
    9.041024208068848,
    9.072748184204102
  ]
}