{
  "dominant_freq": [
    1.092201166180758,
    0.10538901098901099
  ],
  "amp_mean_x": [
    0.5155435800552368,
    1.0630476474761963
  ],
  "amp_mean_y": [
    0.9211617708206177,
    1.5597294569015503
  ],
  "symmetry_ratio": [
    0.5596666932106018,
    0.6815590262413025
  ],
  "energy_distribution": [
    0.257796049118042,
    0.24474796652793884
  ],
  "motion_stability": [
    5.631635665893555,
    3.4593348503112793
  ],
  "freq_entropy": [
    9.471663475036621,
    9.412850379943848
  ]
}