{
  "dominant_freq": [
    0.1083444976076555,
    0.10688503050211168
  ],
  "amp_mean_x": [
    0.46196234226226807,
    0.6409940719604492
  ],
  "amp_mean_y": [
    1.423919677734375,
    2.591975450515747
  ],
  "symmetry_ratio": [
    0.32443004846572876,
    0.2472994327545166
  ],
  "energy_distribution": [
    0.17415620386600494,
    0.7176192998886108
  ],
  "motion_stability": [
    3.174593210220337,
    5.374597549438477
  ],
  "freq_entropy": [
    9.942886352539062,
    8.823073387145996
  ]
}