{
  "dominant_freq": [
    4.190720338983051,
    3.522900634249471,
    5.043577167019027
  ],
  "amp_mean_x": [
    1.1729792356491089,
    0.31066790223121643,
    0.16192258894443512
  ],
  "amp_mean_y": [
    1.0916650295257568,
    0.41238486766815186,
    0.4072956442832947
  ],
  "symmetry_ratio": [
    1.0744863748550415,
    0.7533445954322815,
    0.397555410861969
  ],
  "energy_distribution": [
    0.2826525866985321,
    0.40588587522506714,
    0.20205795764923096
  ],
  "motion_stability": [
    5.632628440856934,
    3.4485220909118652,
    2.3641717433929443
  ],
  "freq_entropy": [
    9.068011283874512,
    8.926910400390625,
    9.117292404174805
  ]
}