{
  "dominant_freq": [
    0.1,
    0.1
  ],
  "amp_mean_x": [
    0.14536160230636597,
    0.35262319445610046
  ],
  "amp_mean_y": [
    0.10296205431222916,
    0.14592359960079193
  ],
  "symmetry_ratio": [
    1.4117977619171143,
    2.416491985321045
  ],
  "energy_distribution": [
    0.4117945432662964,
    0.5059964656829834
  ],
  "motion_stability": [
    2.117806911468506,
    2.8926191329956055
  ],
  "freq_entropy": [
    8.704638481140137,
    8.489893913269043
  ]
}