{
  "dominant_freq": [
    3.015928421052631,
    3.5837810526315783,
    0.1009515789473684
  ],
  "amp_mean_x": [
    0.14859379827976227,
    0.12542666494846344,
    0.11035490781068802
  ],
  "amp_mean_y": [
    0.28855860233306885,
    0.4495159089565277,
    0.2543959319591522
  ],
  "symmetry_ratio": [
    0.5149518847465515,
    0.2790260910987854,
    0.43379196524620056
  ],
  "energy_distribution": [
    0.19165335595607758,
    0.17825259268283844,
    0.22811754047870636
  ],
  "motion_stability": [
    2.035597085952759,
    1.2595994472503662,
    1.216806411743164
  ],
  "freq_entropy": [
    9.006683349609375,
    8.99498176574707,
    8.917281150817871
  ]
}