{
  "dominant_freq": [
    0.1826245919477693,
    4.623401475237091,
    4.340917894736841
  ],
  "amp_mean_x": [
    0.9331565499305725,
    0.43390029668807983,
    0.40327441692352295
  ],
  "amp_mean_y": [
    1.609336256980896,
    0.47252488136291504,
    0.2761859595775604
  ],
  "symmetry_ratio": [
    0.5798394083976746,
    0.9182591438293457,
    1.4601553678512573
  ],
  "energy_distribution": [
    0.40778064727783203,
    0.20834483206272125,
    0.1953338086605072
  ],
  "motion_stability": [
    3.57076358795166,
    2.5110063552856445,
    1.6679444313049316
  ],
  "freq_entropy": [
    8.670270919799805,
    9.010772705078125,
    9.028074264526367
  ]
}