{
  "dominant_freq": [
    2.6373599999999997,
    2.8238799699924977
  ],
  "amp_mean_x": [
    0.08915309607982635,
    0.8407530784606934
  ],
  "amp_mean_y": [
    0.413787841796875,
    1.879103183746338
  ],
  "symmetry_ratio": [
    0.2154560536146164,
    0.44742250442504883
  ],
  "energy_distribution": [
    0.28300270438194275,
    0.1693049669265747
  ],
  "motion_stability": [
    1.2457671165466309,
    4.540133953094482
  ],
  "freq_entropy": [
    9.54721450805664,
    9.470596313476562
  ]
}