{
  "dominant_freq": [
    2.8146485325697923,
    4.862085836909871
  ],
  "amp_mean_x": [
    0.21386836469173431,
    0.31042352318763733
  ],
  "amp_mean_y": [
    0.6767391562461853,
    0.8293165564537048
  ],
  "symmetry_ratio": [
    0.31602776050567627,
    0.37431246042251587
  ],
  "energy_distribution": [
    0.22865578532218933,
    0.20592369139194489
  ],
  "motion_stability": [
    1.5027644634246826,
    2.4985568523406982
  ],
  "freq_entropy": [
    9.535907745361328,
    9.614011764526367
  ]
}