{
  "dominant_freq": [
    0.5227272727272727,
    0.13953488372093023
  ],
  "amp_mean_x": [
    0.07761333137750626,
    0.827308714389801
  ],
  "amp_mean_y": [
    0.20880462229251862,
    0.9950441718101501
  ],
  "symmetry_ratio": [
    0.3717031180858612,
    0.831429123878479
  ],
  "energy_distribution": [
    0.27482280135154724,
    0.46868953108787537
  ],
  "motion_stability": [
    2.0396642684936523,
    5.732867240905762
  ],
  "freq_entropy": [
    8.926344871520996,
    8.796786308288574
  ]
}