{
  "dominant_freq": [
    0.3060765957446808,
    0.7192799999999999
  ],
  "amp_mean_x": [
    0.22863338887691498,
    0.25154322385787964
  ],
  "amp_mean_y": [
    0.2175699770450592,
    0.25259312987327576
  ],
  "symmetry_ratio": [
    1.0508499145507812,
    0.9958434700965881
  ],
  "energy_distribution": [
    0.2547440230846405,
    0.2941707372665405
  ],
  "motion_stability": [
    2.222912073135376,
    1.6533260345458984
  ],
  "freq_entropy": [
    10.309175491333008,
    10.052848815917969
  ]
}