{
  "dominant_freq": [
    3.1853828571428573,
    0.10275428571428571,
    0.6679028571428571,
    1.2844285714285715
  ],
  "amp_mean_x": [
    0.042225491255521774,
    0.0683547779917717,
    0.05600535869598389,
    0.028110699728131294
  ],
  "amp_mean_y": [
    0.0745452269911766,
    0.13049666583538055,
    0.23466867208480835,
    0.12693481147289276
  ],
  "symmetry_ratio": [
    0.5664412379264832,
    0.523804783821106,
    0.2386571615934372,
    0.22145776450634003
  ],
  "energy_distribution": [
    0.2584146559238434,
    0.3631972074508667,
    0.39854729175567627,
    0.3808351159095764
  ],
  "motion_stability": [
    1.1247632503509521,
    1.3980066776275635,
    0.9387607574462891,
    1.1642546653747559
  ],
  "freq_entropy": [
    8.510869979858398,
    8.072563171386719,
    8.38430404663086,
    8.341205596923828
  ]
}