{
  "dominant_freq": [
    0.12632244467860904,
    0.11369020021074813,
    0.1009515789473684
  ],
  "amp_mean_x": [
    0.11385328322649002,
    0.3740307688713074,
    0.12656313180923462
  ],
  "amp_mean_y": [
    0.20427250862121582,
    0.5534567832946777,
    0.19449475407600403
  ],
  "symmetry_ratio": [
    0.5573598146438599,
    0.6758084297180176,
    0.6507277488708496
  ],
  "energy_distribution": [
    0.22206325829029083,
    0.29004061222076416,
    0.38644275069236755
  ],
  "motion_stability": [
    2.7349886894226074,
    4.305579662322998,
    3.056009292602539
  ],
  "freq_entropy": [
    9.159613609313965,
    8.732421875,
    8.811614036560059
  ]
}