{
  "dominant_freq": [
    2.941058941058941,
    6.216305609427659
  ],
  "amp_mean_x": [
    0.6167839169502258,
    0.639262855052948
  ],
  "amp_mean_y": [
    1.7418020963668823,
    1.8117274045944214
  ],
  "symmetry_ratio": [
    0.3541067838668823,
    0.352847158908844
  ],
  "energy_distribution": [
    0.23733359575271606,
    0.15346404910087585
  ],
  "motion_stability": [
    2.1392173767089844,
    2.28839373588562
  ],
  "freq_entropy": [
    9.692244529724121,
    9.631341934204102
  ]
}