{
  "dominant_freq": [
    4.944417721518987,
    3.1014361140443505,
    1.5899873684210524
  ],
  "amp_mean_x": [
    0.348759263753891,
    0.6204007863998413,
    0.46148720383644104
  ],
  "amp_mean_y": [
    0.8784247636795044,
    0.8677573800086975,
    0.5461899638175964
  ],
  "symmetry_ratio": [
    0.39702802896499634,
    0.7149472832679749,
    0.8449206948280334
  ],
  "energy_distribution": [
    0.2097875326871872,
    0.18190547823905945,
    0.2330794334411621
  ],
  "motion_stability": [
    2.0422310829162598,
    2.3143646717071533,
    2.1125848293304443
  ],
  "freq_entropy": [
    9.071179389953613,
    8.959338188171387,
    9.082983016967773
  ]
}