{
  "dominant_freq": [
    5.065567659574468,
    0.4132034042553191
  ],
  "amp_mean_x": [
    0.10662844032049179,
    0.10473199188709259
  ],
  "amp_mean_y": [
    0.09883283823728561,
    0.10050329566001892
  ],
  "symmetry_ratio": [
    1.0788766145706177,
    1.0420751571655273
  ],
  "energy_distribution": [
    0.20197099447250366,
    0.22091470658779144
  ],
  "motion_stability": [
    3.0088109970092773,
    1.8310729265213013
  ],
  "freq_entropy": [
    10.450958251953125,
    10.292335510253906
  ]
}