{
  "dominant_freq": [
    7.995474782608694,
    4.555439999999999
  ],
  "amp_mean_x": [
    0.5565215349197388,
    0.7749087810516357
  ],
  "amp_mean_y": [
    0.6682819128036499,
    1.0811493396759033
  ],
  "symmetry_ratio": [
    0.8327646255493164,
    0.7167453765869141
  ],
  "energy_distribution": [
    0.19126875698566437,
    0.24434532225131989
  ],
  "motion_stability": [
    1.682041049003601,
    1.7006181478500366
  ],
  "freq_entropy": [
    9.289916038513184,
    9.299789428710938
  ]
}