{
  "dominant_freq": [
    0.4965140905209222,
    0.14199908883826878
  ],
  "amp_mean_x": [
    0.3058810234069824,
    2.472794532775879
  ],
  "amp_mean_y": [
    1.027463436126709,
    4.258152008056641
  ],
  "symmetry_ratio": [
    0.2977050244808197,
    0.5807201266288757
  ],
  "energy_distribution": [
    0.23543387651443481,
    0.298151433467865
  ],
  "motion_stability": [
    1.90462064743042,
    3.4058566093444824
  ],
  "freq_entropy": [
    10.30051040649414,
    10.119014739990234
  ]
}