{
  "dominant_freq": [
    2.0502615694164987,
    3.5039999999999996
  ],
  "amp_mean_x": [
    0.40608441829681396,
    0.19980104267597198
  ],
  "amp_mean_y": [
    0.9322852492332458,
    0.41674670577049255
  ],
  "symmetry_ratio": [
    0.4355795681476593,
    0.4794304072856903
  ],
  "energy_distribution": [
    0.1968696117401123,
    0.2240714728832245
  ],
  "motion_stability": [
    1.9660158157348633,
    2.2582077980041504
  ],
  "freq_entropy": [
    9.047977447509766,
    8.956867218017578
  ]
}