{
  "dominant_freq": [
    3.4901772151898736,
    0.11526923076923078,
    0.11429237288135594
  ],
  "amp_mean_x": [
    0.43885311484336853,
    0.437527060508728,
    0.2515339255332947
  ],
  "amp_mean_y": [
    0.4994337856769562,
    0.5306797027587891,
    0.3586580455303192
  ],
  "symmetry_ratio": [
    0.8787012696266174,
    0.8244653940200806,
    0.7013196349143982
  ],
  "energy_distribution": [
    0.2613454759120941,
    0.25212574005126953,
    0.20483806729316711
  ],
  "motion_stability": [
    3.5903351306915283,
    2.519338607788086,
    3.108242988586426
  ],
  "freq_entropy": [
    8.995868682861328,
    9.06121826171875,
    8.868410110473633
  ]
}