{
  "dominant_freq": [
    0.12618947368421052,
    3.255688421052631,
    7.7227957894736825
  ],
  "amp_mean_x": [
    0.1005871444940567,
    0.11057046055793762,
    0.08234793692827225
  ],
  "amp_mean_y": [
    0.20499877631664276,
    0.21641245484352112,
    0.11524204909801483
  ],
  "symmetry_ratio": [
    0.49067193269729614,
    0.5109246373176575,
    0.7145650386810303
  ],
  "energy_distribution": [
    0.2414674311876297,
    0.32405322790145874,
    0.1849602907896042
  ],
  "motion_stability": [
    1.7887558937072754,
    1.9387314319610596,
    1.9084479808807373
  ],
  "freq_entropy": [
    9.038843154907227,
    8.956995010375977,
    9.09135913848877
  ]
}