{
  "dominant_freq": [
    0.10202553191489361,
    0.2907727659574468,
    2.662866382978723
  ],
  "amp_mean_x": [
    0.10217148810625076,
    0.0873151421546936,
    0.13404712080955505
  ],
  "amp_mean_y": [
    0.0890464261174202,
    0.11275110393762589,
    0.12040254473686218
  ],
  "symmetry_ratio": [
    1.1473957300186157,
    0.7744060754776001,
    1.1133246421813965
  ],
  "energy_distribution": [
    0.3390977382659912,
    0.2623838484287262,
    0.2859439551830292
  ],
  "motion_stability": [
    1.8218814134597778,
    1.5707086324691772,
    1.7227033376693726
  ],
  "freq_entropy": [
    9.947847366333008,
    10.212015151977539,
    9.99181842803955
  ]
}