{
  "dominant_freq": [
    4.7,
    4.803843074459568,
    0.13
  ],
  "amp_mean_x": [
    0.1569484919309616,
    0.29947492480278015,
    0.2575998902320862
  ],
  "amp_mean_y": [
    0.3271263539791107,
    0.32253724336624146,
    0.4192143678665161
  ],
  "symmetry_ratio": [
    0.4797794222831726,
    0.9284971952438354,
    0.6144825220108032
  ],
  "energy_distribution": [
    0.28808364272117615,
    0.3016584813594818,
    0.3006744384765625
  ],
  "motion_stability": [
    2.0354092121124268,
    1.8141453266143799,
    1.8458256721496582
  ],
  "freq_entropy": [
    10.3223876953125,
    10.046002388000488,
    10.23777961730957
  ]
}