{
  "dominant_freq": [
    0.29404309252217997
  ],
  "amp_mean_x": [
    1.0206842422485352
  ],
  "amp_mean_y": [
    2.934201240539551
  ],
  "symmetry_ratio": [
    0.34785762429237366
  ],
  "energy_distribution": [
    0.22605204582214355
  ],
  "motion_stability": [
    2.2483787536621094
  ],
  "freq_entropy": [
    10.235471725463867
  ]
}