{
  "dominant_freq": [
    2.6373599999999997,
    0.7201802252816019
  ],
  "amp_mean_x": [
    0.18617185950279236,
    0.691573441028595
  ],
  "amp_mean_y": [
    0.46553274989128113,
    1.2809442281723022
  ],
  "symmetry_ratio": [
    0.39991140365600586,
    0.5398935079574585
  ],
  "energy_distribution": [
    0.2603127062320709,
    0.20030641555786133
  ],
  "motion_stability": [
    1.9889934062957764,
    1.8733314275741577
  ],
  "freq_entropy": [
    9.599635124206543,
    9.699716567993164
  ]
}