{
  "dominant_freq": [
    9.119897959183673,
    7.566889632107023,
    0.5,
    0.5
  ],
  "amp_mean_x": [
    1.073498010635376,
    0.591639518737793,
    0.7273009419441223,
    0.841255784034729
  ],
  "amp_mean_y": [
    2.8365111351013184,
    0.9595178961753845,
    1.2012932300567627,
    1.2126935720443726
  ],
  "symmetry_ratio": [
    0.3784571886062622,
    0.6166008114814758,
    0.6054316759109497,
    0.6937084794044495
  ],
  "energy_distribution": [
    0.202795147895813,
    0.1765655279159546,
    0.3094230890274048,
    0.2541453540325165
  ],
  "motion_stability": [
    2.168919563293457,
    1.8654272556304932,
    1.024545431137085,
    0.9434303641319275
  ],
  "freq_entropy": [
    8.318182945251465,
    8.348243713378906,
    8.154783248901367,
    8.160065650939941
  ]
}