{
  "dominant_freq": [
    0.11177622377622376,
    3.224240343347639
  ],
  "amp_mean_x": [
    3.589017391204834,
    0.4974045753479004
  ],
  "amp_mean_y": [
    5.649684429168701,
    0.9542801380157471
  ],
  "symmetry_ratio": [
    0.6352598071098328,
    0.5212354063987732
  ],
  "energy_distribution": [
    0.3019562065601349,
    0.30129024386405945
  ],
  "motion_stability": [
    2.6452341079711914,
    3.854119300842285
  ],
  "freq_entropy": [
    9.339059829711914,
    9.607364654541016
  ]
}