{
  "dominant_freq": [
    2.8298971759594496,
    3.851388478581979
  ],
  "amp_mean_x": [
    0.6597055196762085,
    1.8876675367355347
  ],
  "amp_mean_y": [
    0.7823846340179443,
    4.242857933044434
  ],
  "symmetry_ratio": [
    0.8431984782218933,
    0.44490471482276917
  ],
  "energy_distribution": [
    0.18824714422225952,
    0.4561237096786499
  ],
  "motion_stability": [
    4.532171726226807,
    5.5193376541137695
  ],
  "freq_entropy": [
    9.521598815917969,
    9.124446868896484
  ]
}