{
  "dominant_freq": [
    0.48993103448275854,
    3.0739777397260273
  ],
  "amp_mean_x": [
    0.3283083140850067,
    0.5468431115150452
  ],
  "amp_mean_y": [
    0.5204717516899109,
    1.1925067901611328
  ],
  "symmetry_ratio": [
    0.6307898759841919,
    0.4585660398006439
  ],
  "energy_distribution": [
    0.21097366511821747,
    0.24580059945583344
  ],
  "motion_stability": [
    2.560936689376831,
    1.9811639785766602
  ],
  "freq_entropy": [
    10.302117347717285,
    10.369844436645508
  ]
}