{
  "dominant_freq": [
    8.738088607594936,
    5.110673684210526,
    0.4542821052631578
  ],
  "amp_mean_x": [
    0.10695628821849823,
    0.056092582643032074,
    0.06650025397539139
  ],
  "amp_mean_y": [
    0.09948909282684326,
    0.08025386929512024,
    0.07378837466239929
  ],
  "symmetry_ratio": [
    1.0750553607940674,
    0.6989392638206482,
    0.9012294411659241
  ],
  "energy_distribution": [
    0.2110721319913864,
    0.18895550072193146,
    0.22360140085220337
  ],
  "motion_stability": [
    2.848722219467163,
    3.032927989959717,
    3.2603323459625244
  ],
  "freq_entropy": [
    9.012214660644531,
    9.098028182983398,
    9.011056900024414
  ]
}