{
  "dominant_freq": [
    1.4914926046825019,
    2.9505590125462504
  ],
  "amp_mean_x": [
    0.78746497631073,
    1.17669677734375
  ],
  "amp_mean_y": [
    1.4055557250976562,
    1.581838846206665
  ],
  "symmetry_ratio": [
    0.5602517127990723,
    0.7438790202140808
  ],
  "energy_distribution": [
    0.2419772744178772,
    0.19905699789524078
  ],
  "motion_stability": [
    4.458706855773926,
    2.061697006225586
  ],
  "freq_entropy": [
    9.006580352783203,
    9.185676574707031
  ]
}