{
  "dominant_freq": [
    2.335014383207154,
    0.4830629410884616
  ],
  "amp_mean_x": [
    0.384710431098938,
    1.3975822925567627
  ],
  "amp_mean_y": [
    0.9423493146896362,
    1.6243860721588135
  ],
  "symmetry_ratio": [
    0.40824609994888306,
    0.860375702381134
  ],
  "energy_distribution": [
    0.21165943145751953,
    0.20286644995212555
  ],
  "motion_stability": [
    4.93634033203125,
    1.6012518405914307
  ],
  "freq_entropy": [
    9.847493171691895,
    9.63408088684082
  ]
}