{
  "dominant_freq": [
    0.7192799999999999,
    0.7039761702127658,
    2.9599999999999995,
    0.5305327659574467
  ],
  "amp_mean_x": [
    0.0965423732995987,
    0.06813996285200119,
    0.4286670386791229,
    0.19699867069721222
  ],
  "amp_mean_y": [
    0.1993429958820343,
    0.10394658893346786,
    0.7123975157737732,
    0.46667999029159546
  ],
  "symmetry_ratio": [
    0.484302818775177,
    0.6555286049842834,
    0.6017245054244995,
    0.42212796211242676
  ],
  "energy_distribution": [
    0.20803964138031006,
    0.18454286456108093,
    0.16089202463626862,
    0.3551486134529114
  ],
  "motion_stability": [
    0.8673697710037231,
    1.2572226524353027,
    7.00370979309082,
    1.2464890480041504
  ],
  "freq_entropy": [
    10.24199104309082,
    10.272354125976562,
    10.315962791442871,
    9.963140487670898
  ]
}