{
  "dominant_freq": [
    3.4625060803071275,
    6.925012160614255
  ],
  "amp_mean_x": [
    0.7270050644874573,
    1.8987525701522827
  ],
  "amp_mean_y": [
    0.46418482065200806,
    1.5603400468826294
  ],
  "symmetry_ratio": [
    1.566197395324707,
    1.2168837785720825
  ],
  "energy_distribution": [
    0.22509078681468964,
    0.14532209932804108
  ],
  "motion_stability": [
    1.9317450523376465,
    2.856576681137085
  ],
  "freq_entropy": [
    9.25840950012207,
    9.219223022460938
  ]
}