{
  "dominant_freq": [
    0.13683010262257697,
    4.923312883435583
  ],
  "amp_mean_x": [
    1.590405821800232,
    1.9254701137542725
  ],
  "amp_mean_y": [
    1.810160756111145,
    4.205257415771484
  ],
  "symmetry_ratio": [
    0.878599226474762,
    0.4578721225261688
  ],
  "energy_distribution": [
    0.36953917145729065,
    0.23827047646045685
  ],
  "motion_stability": [
    4.001350402832031,
    2.2050976753234863
  ],
  "freq_entropy": [
    9.23765754699707,
    9.451391220092773
  ]
}