{
  "dominant_freq": [
    1.2959448416751784,
    3.2281515957446807
  ],
  "amp_mean_x": [
    0.578827977180481,
    0.7071428298950195
  ],
  "amp_mean_y": [
    0.7545512318611145,
    1.7615089416503906
  ],
  "symmetry_ratio": [
    0.7671155333518982,
    0.4014415144920349
  ],
  "energy_distribution": [
    0.40655243396759033,
    0.25053921341896057
  ],
  "motion_stability": [
    3.466647148132324,
    3.1491408348083496
  ],
  "freq_entropy": [
    9.815991401672363,
    9.45088005065918
  ]
}