{
  "dominant_freq": [
    0.9792000000000001,
    1.9469879518072293
  ],
  "amp_mean_x": [
    0.3663487732410431,
    0.9566801190376282
  ],
  "amp_mean_y": [
    0.39555081725120544,
    1.4619882106781006
  ],
  "symmetry_ratio": [
    0.926173746585846,
    0.6543692350387573
  ],
  "energy_distribution": [
    0.23592928051948547,
    0.18025057017803192
  ],
  "motion_stability": [
    1.979366421699524,
    4.500940322875977
  ],
  "freq_entropy": [
    9.485662460327148,
    9.145211219787598
  ]
}