{
  "dominant_freq": [
    0.2914285714285715,
    0.48000000000000004
  ],
  "amp_mean_x": [
    0.0816248431801796,
    0.13558389246463776
  ],
  "amp_mean_y": [
    0.10934832692146301,
    0.5273659229278564
  ],
  "symmetry_ratio": [
    0.746466338634491,
    0.25709640979766846
  ],
  "energy_distribution": [
    0.25678762793540955,
    0.3119669556617737
  ],
  "motion_stability": [
    1.114781141281128,
    0.9636275172233582
  ],
  "freq_entropy": [
    9.482149124145508,
    9.29081916809082
  ]
}