{
  "dominant_freq": [
    0.12987012987012986,
    1.489752949302574
  ],
  "amp_mean_x": [
    0.17133530974388123,
    0.158584326505661
  ],
  "amp_mean_y": [
    0.1081535816192627,
    0.1879022866487503
  ],
  "symmetry_ratio": [
    1.584185242652893,
    0.8439723253250122
  ],
  "energy_distribution": [
    0.20707865059375763,
    0.2524127960205078
  ],
  "motion_stability": [
    2.6939311027526855,
    1.6269452571868896
  ],
  "freq_entropy": [
    9.354338645935059,
    9.185785293579102
  ]
}