{
  "dominant_freq": [
    0.12631578947368421,
    3.6025641025641026,
    3.718849840255591
  ],
  "amp_mean_x": [
    0.19177672266960144,
    0.3183843791484833,
    0.46197056770324707
  ],
  "amp_mean_y": [
    0.7652705311775208,
    1.1409786939620972,
    0.8011325597763062
  ],
  "symmetry_ratio": [
    0.2505998909473419,
    0.2790449857711792,
    0.5766468644142151
  ],
  "energy_distribution": [
    0.4516417384147644,
    0.4279386103153229,
    0.20066606998443604
  ],
  "motion_stability": [
    1.9652044773101807,
    3.6438329219818115,
    2.739778995513916
  ],
  "freq_entropy": [
    8.78221607208252,
    8.667630195617676,
    9.05044174194336
  ]
}