{
  "dominant_freq": [
    2.3715391304347824,
    2.143549668874172,
    0.11357052631578946
  ],
  "amp_mean_x": [
    1.4138517379760742,
    1.158831238746643,
    0.5705630779266357
  ],
  "amp_mean_y": [
    3.091931104660034,
    3.334062099456787,
    1.6939857006072998
  ],
  "symmetry_ratio": [
    0.45727142691612244,
    0.3475733697414398,
    0.3368169367313385
  ],
  "energy_distribution": [
    0.2045167088508606,
    0.20896080136299133,
    0.29590851068496704
  ],
  "motion_stability": [
    2.1313164234161377,
    1.813578724861145,
    1.932724952697754
  ],
  "freq_entropy": [
    8.913941383361816,
    8.949901580810547,
    8.958223342895508
  ]
}