{
  "dominant_freq": [
    0.29281034482758617,
    0.2915536480686695
  ],
  "amp_mean_x": [
    0.7200781106948853,
    0.8583343625068665
  ],
  "amp_mean_y": [
    0.8991004824638367,
    0.6971569657325745
  ],
  "symmetry_ratio": [
    0.8008872270584106,
    1.2311923503875732
  ],
  "energy_distribution": [
    0.30188754200935364,
    0.49598270654678345
  ],
  "motion_stability": [
    2.7798593044281006,
    2.102586269378662
  ],
  "freq_entropy": [
    9.443460464477539,
    8.84189510345459
  ]
}