{
  "dominant_freq": [
    1.0827572183814558,
    4.097615198059822
  ],
  "amp_mean_x": [
    1.254462718963623,
    0.6678767800331116
  ],
  "amp_mean_y": [
    2.4882593154907227,
    1.636307716369629
  ],
  "symmetry_ratio": [
    0.5041527152061462,
    0.40816086530685425
  ],
  "energy_distribution": [
    0.17740599811077118,
    0.23306363821029663
  ],
  "motion_stability": [
    2.8482565879821777,
    2.1503570079803467
  ],
  "freq_entropy": [
    10.314194679260254,
    10.201166152954102
  ]
}