{
  "dominant_freq": [
    0.1326331914893617,
    0.10202553191489361
  ],
  "amp_mean_x": [
    0.1499732881784439,
    0.0713857039809227
  ],
  "amp_mean_y": [
    0.16955944895744324,
    0.15508921444416046
  ],
  "symmetry_ratio": [
    0.8844879269599915,
    0.46028798818588257
  ],
  "energy_distribution": [
    0.5200438499450684,
    0.2888806164264679
  ],
  "motion_stability": [
    4.852719306945801,
    1.3943694829940796
  ],
  "freq_entropy": [
    9.319276809692383,
    9.984519004821777
  ]
}