{
  "dominant_freq": [
    0.12618947368421052,
    1.1230863157894735,
    2.76354947368421
  ],
  "amp_mean_x": [
    0.2468900829553604,
    0.1543416827917099,
    0.14328472316265106
  ],
  "amp_mean_y": [
    0.2542125880718231,
    0.20503705739974976,
    0.09442511200904846
  ],
  "symmetry_ratio": [
    0.9711953401565552,
    0.7527501583099365,
    1.5174429416656494
  ],
  "energy_distribution": [
    0.3509237468242645,
    0.5223884582519531,
    0.23755504190921783
  ],
  "motion_stability": [
    2.434157371520996,
    2.672759771347046,
    2.117434024810791
  ],
  "freq_entropy": [
    8.92006778717041,
    8.80159854888916,
    9.113079071044922
  ]
}