{
  "dominant_freq": [
    2.275324675324675,
    0.29549248747913187
  ],
  "amp_mean_x": [
    1.4610700607299805,
    0.28658202290534973
  ],
  "amp_mean_y": [
    2.7967138290405273,
    0.5051053762435913
  ],
  "symmetry_ratio": [
    0.5224238634109497,
    0.5673707723617554
  ],
  "energy_distribution": [
    0.20001228153705597,
    0.22086040675640106
  ],
  "motion_stability": [
    3.833409309387207,
    3.182575225830078
  ],
  "freq_entropy": [
    10.310169219970703,
    10.383437156677246
  ]
}