{
  "dominant_freq": [
    0.2905263157894737,
    2.1852631578947372,
    3.8652631578947374
  ],
  "amp_mean_x": [
    0.05226217955350876,
    0.039246056228876114,
    0.19301660358905792
  ],
  "amp_mean_y": [
    0.09871750324964523,
    0.07089662551879883,
    0.36877167224884033
  ],
  "symmetry_ratio": [
    0.5294114947319031,
    0.5535673499107361,
    0.5234041213989258
  ],
  "energy_distribution": [
    0.2827390730381012,
    0.2209641933441162,
    0.22114980220794678
  ],
  "motion_stability": [
    1.2299652099609375,
    1.2784984111785889,
    1.8457539081573486
  ],
  "freq_entropy": [
    8.819564819335938,
    8.865266799926758,
    8.963743209838867
  ]
}