{
  "dominant_freq": [
    4.008,
    0.72,
    0.96,
    1.4908350305498983,
    4.656000000000001
  ],
  "amp_mean_x": [
    0.14156606793403625,
    0.13822202384471893,
    0.11557921022176743,
    1.9493504762649536,
    0.10849310457706451
  ],
  "amp_mean_y": [
    0.2275620549917221,
    0.16925424337387085,
    0.1677398383617401,
    3.4482929706573486,
    0.1783074587583542
  ],
  "symmetry_ratio": [
    0.6220987439155579,
    0.8166532516479492,
    0.6890385150909424,
    0.5653088092803955,
    0.6084608435630798
  ],
  "energy_distribution": [
    0.2363518476486206,
    0.20786458253860474,
    0.25831493735313416,
    0.19762219488620758,
    0.22088879346847534
  ],
  "motion_stability": [
    1.7359343767166138,
    1.1207199096679688,
    1.250054121017456,
    3.2764158248901367,
    1.0146855115890503
  ],
  "freq_entropy": [
    8.03707504272461,
    7.831180095672607,
    7.922597885131836,
    7.876708984375,
    7.987850666046143
  ]
}