{
  "dominant_freq": [
    0.35571142284569135
  ],
  "amp_mean_x": [
    0.219268336892128
  ],
  "amp_mean_y": [
    0.5571274161338806
  ],
  "symmetry_ratio": [
    0.3935694694519043
  ],
  "energy_distribution": [
    0.27032145857810974
  ],
  "motion_stability": [
    1.6673986911773682
  ],
  "freq_entropy": [
    10.269065856933594
  ]
}