{
  "dominant_freq": [
    1.963911036508603
  ],
  "amp_mean_x": [
    0.427830308675766
  ],
  "amp_mean_y": [
    0.3653915524482727
  ],
  "symmetry_ratio": [
    1.170881748199463
  ],
  "energy_distribution": [
    0.15581677854061127
  ],
  "motion_stability": [
    6.6446027755737305
  ],
  "freq_entropy": [
    10.248153686523438
  ]
}