{
  "dominant_freq": [
    5.852842809364549,
    0.3137720488466757
  ],
  "amp_mean_x": [
    0.3942190408706665,
    1.6317296028137207
  ],
  "amp_mean_y": [
    0.34278634190559387,
    2.1333742141723633
  ],
  "symmetry_ratio": [
    1.15004301071167,
    0.764858603477478
  ],
  "energy_distribution": [
    0.20868566632270813,
    0.30850809812545776
  ],
  "motion_stability": [
    2.3435044288635254,
    3.395360231399536
  ],
  "freq_entropy": [
    9.618963241577148,
    9.526372909545898
  ]
}