{
  "dominant_freq": [
    0.1009515789473684,
    0.29023578947368417,
    1.716176842105263
  ],
  "amp_mean_x": [
    0.09044785052537918,
    0.0708729475736618,
    0.048135530203580856
  ],
  "amp_mean_y": [
    0.09652241319417953,
    0.22707556188106537,
    0.12780843675136566
  ],
  "symmetry_ratio": [
    0.9370657801628113,
    0.3121117353439331,
    0.3766224682331085
  ],
  "energy_distribution": [
    0.23574304580688477,
    0.20622247457504272,
    0.2266729325056076
  ],
  "motion_stability": [
    1.1469433307647705,
    1.3150196075439453,
    1.6119928359985352
  ],
  "freq_entropy": [
    8.943784713745117,
    8.952655792236328,
    9.017376899719238
  ]
}