{
  "dominant_freq": [
    5.115679771265189,
    5.373332367849384
  ],
  "amp_mean_x": [
    0.26315152645111084,
    0.891023576259613
  ],
  "amp_mean_y": [
    0.19215711951255798,
    0.89291912317276
  ],
  "symmetry_ratio": [
    1.3694602251052856,
    0.9978771209716797
  ],
  "energy_distribution": [
    0.1734137386083603,
    0.1973823457956314
  ],
  "motion_stability": [
    1.7549159526824951,
    2.6477599143981934
  ],
  "freq_entropy": [
    9.629731178283691,
    9.49125862121582
  ]
}