{
  "dominant_freq": [
    1.7337164750957856,
    3.5006273525721454
  ],
  "amp_mean_x": [
    1.175688624382019,
    0.21055011451244354
  ],
  "amp_mean_y": [
    1.5924263000488281,
    0.5065475106239319
  ],
  "symmetry_ratio": [
    0.7383002042770386,
    0.4156571924686432
  ],
  "energy_distribution": [
    0.3061155676841736,
    0.21259035170078278
  ],
  "motion_stability": [
    6.9967827796936035,
    2.341963768005371
  ],
  "freq_entropy": [
    9.419878005981445,
    9.113243103027344
  ]
}