{
  "dominant_freq": [
    0.10833333333333334,
    0.475
  ],
  "amp_mean_x": [
    0.24077969789505005,
    0.28245946764945984
  ],
  "amp_mean_y": [
    0.38042953610420227,
    0.37990641593933105
  ],
  "symmetry_ratio": [
    0.6329153776168823,
    0.7434974908828735
  ],
  "energy_distribution": [
    0.3276822566986084,
    0.23412545025348663
  ],
  "motion_stability": [
    1.981100082397461,
    1.7914619445800781
  ],
  "freq_entropy": [
    9.284147262573242,
    9.562398910522461
  ]
}