{
  "dominant_freq": [
    3.8583833198736137,
    3.1246948540181623
  ],
  "amp_mean_x": [
    0.34418508410453796,
    0.31640514731407166
  ],
  "amp_mean_y": [
    0.6951412558555603,
    0.5671338438987732
  ],
  "symmetry_ratio": [
    0.49512970447540283,
    0.5579020977020264
  ],
  "energy_distribution": [
    0.20761865377426147,
    0.28041088581085205
  ],
  "motion_stability": [
    3.5036838054656982,
    2.4934659004211426
  ],
  "freq_entropy": [
    9.783124923706055,
    9.463302612304688
  ]
}