{
  "dominant_freq": [
    0.42472375690607733,
    0.11387163561076605
  ],
  "amp_mean_x": [
    0.16788282990455627,
    0.19895954430103302
  ],
  "amp_mean_y": [
    0.9155562520027161,
    0.6600814461708069
  ],
  "symmetry_ratio": [
    0.1833670288324356,
    0.30141666531562805
  ],
  "energy_distribution": [
    0.23259446024894714,
    0.3557269275188446
  ],
  "motion_stability": [
    1.774062156677246,
    1.466569185256958
  ],
  "freq_entropy": [
    9.201725006103516,
    9.073043823242188
  ]
}