{
  "dominant_freq": [
    2.657767764150743,
    0.11222819733458031
  ],
  "amp_mean_x": [
    0.22926031053066254,
    0.14581847190856934
  ],
  "amp_mean_y": [
    0.20908235013484955,
    0.18363836407661438
  ],
  "symmetry_ratio": [
    1.09650719165802,
    0.7940523624420166
  ],
  "energy_distribution": [
    0.26231861114501953,
    0.3828645646572113
  ],
  "motion_stability": [
    2.1343815326690674,
    2.451199531555176
  ],
  "freq_entropy": [
    10.276585578918457,
    9.983075141906738
  ]
}