{
  "dominant_freq": [
    0.30097531914893616,
    0.2603867120954003,
    5.171994889267462
  ],
  "amp_mean_x": [
    0.18338364362716675,
    0.32645776867866516,
    0.14567579329013824
  ],
  "amp_mean_y": [
    0.21068702638149261,
    0.2758149802684784,
    0.18984311819076538
  ],
  "symmetry_ratio": [
    0.8704078793525696,
    1.1836113929748535,
    0.7673482894897461
  ],
  "energy_distribution": [
    0.245655357837677,
    0.24336585402488708,
    0.23026040196418762
  ],
  "motion_stability": [
    1.7007390260696411,
    3.757321357727051,
    1.988839030265808
  ],
  "freq_entropy": [
    10.194730758666992,
    10.160459518432617,
    10.24064826965332
  ]
}