{
  "dominant_freq": [
    0.11309445271709422,
    0.8189690168488755,
    0.6205915296824388
  ],
  "amp_mean_x": [
    0.6750981211662292,
    1.0961613655090332,
    4.545928955078125
  ],
  "amp_mean_y": [
    1.1080572605133057,
    2.267141819000244,
    9.685916900634766
  ],
  "symmetry_ratio": [
    0.6092628240585327,
    0.4834992587566376,
    0.4693338871002197
  ],
  "energy_distribution": [
    0.2116631269454956,
    0.21616007387638092,
    0.23377420008182526
  ],
  "motion_stability": [
    2.832853317260742,
    1.9863052368164062,
    1.9808728694915771
  ],
  "freq_entropy": [
    8.869644165039062,
    8.847311019897461,
    8.770410537719727
  ]
}