{
  "dominant_freq": [
    0.138379239229786,
    0.5803020508902862
  ],
  "amp_mean_x": [
    2.3755085468292236,
    2.79075288772583
  ],
  "amp_mean_y": [
    3.2407569885253906,
    5.39329719543457
  ],
  "symmetry_ratio": [
    0.7330104112625122,
    0.517448365688324
  ],
  "energy_distribution": [
    0.2915940582752228,
    0.24380555748939514
  ],
  "motion_stability": [
    2.744565010070801,
    2.387695550918579
  ],
  "freq_entropy": [
    9.279510498046875,
    9.754823684692383
  ]
}