{
  "dominant_freq": [
    4.0199281437125745,
    2.5940742637644045
  ],
  "amp_mean_x": [
    1.0960783958435059,
    1.5715659856796265
  ],
  "amp_mean_y": [
    1.745568037033081,
    1.4385859966278076
  ],
  "symmetry_ratio": [
    0.6279207468032837,
    1.092437982559204
  ],
  "energy_distribution": [
    0.18955419957637787,
    0.4162425100803375
  ],
  "motion_stability": [
    2.336163282394409,
    2.6531543731689453
  ],
  "freq_entropy": [
    10.337787628173828,
    9.345640182495117
  ]
}