{
  "dominant_freq": [
    0.11222808510638296,
    0.11222808510638296
  ],
  "amp_mean_x": [
    0.10869655013084412,
    0.11460671573877335
  ],
  "amp_mean_y": [
    0.11713681370019913,
    0.1168748065829277
  ],
  "symmetry_ratio": [
    0.9279452562332153,
    0.9805938601493835
  ],
  "energy_distribution": [
    0.26126036047935486,
    0.31898531317710876
  ],
  "motion_stability": [
    1.4990921020507812,
    1.628153681755066
  ],
  "freq_entropy": [
    10.189074516296387,
    10.095580101013184
  ]
}