{
  "dominant_freq": [
    0.5142862285719427,
    0.923742637044402
  ],
  "amp_mean_x": [
    0.45073401927948,
    0.8147968053817749
  ],
  "amp_mean_y": [
    0.6358941793441772,
    1.074815034866333
  ],
  "symmetry_ratio": [
    0.7088192105293274,
    0.7580809593200684
  ],
  "energy_distribution": [
    0.2578585147857666,
    0.24817772209644318
  ],
  "motion_stability": [
    4.916285037994385,
    4.120648384094238
  ],
  "freq_entropy": [
    10.24138355255127,
    10.338401794433594
  ]
}