{
  "dominant_freq": [
    0.47952,
    0.71928
  ],
  "amp_mean_x": [
    0.08669991791248322,
    0.12108493596315384
  ],
  "amp_mean_y": [
    0.08659977465867996,
    0.1014723852276802
  ],
  "symmetry_ratio": [
    1.0011564493179321,
    1.19327974319458
  ],
  "energy_distribution": [
    0.2372657209634781,
    0.24671970307826996
  ],
  "motion_stability": [
    1.3428971767425537,
    1.2884485721588135
  ],
  "freq_entropy": [
    9.170735359191895,
    9.219246864318848
  ]
}