{
  "dominant_freq": [
    0.7605633802816902,
    4.614671814671816
  ],
  "amp_mean_x": [
    2.9419946670532227,
    3.343323230743408
  ],
  "amp_mean_y": [
    5.30230188369751,
    4.931469440460205
  ],
  "symmetry_ratio": [
    0.5548523664474487,
    0.6779568195343018
  ],
  "energy_distribution": [
    0.2628481388092041,
    0.1643068790435791
  ],
  "motion_stability": [
    2.2955167293548584,
    2.853334426879883
  ],
  "freq_entropy": [
    9.43436050415039,
    9.457282066345215
  ]
}