{
  "dominant_freq": [
    0.1009515789473684,
    4.435306553911205,
    5.84749415515409
  ],
  "amp_mean_x": [
    0.31587234139442444,
    0.36443471908569336,
    0.3139908015727997
  ],
  "amp_mean_y": [
    0.39923393726348877,
    0.5820522308349609,
    0.5206582546234131
  ],
  "symmetry_ratio": [
    0.7911961078643799,
    0.6261203289031982,
    0.6030650734901428
  ],
  "energy_distribution": [
    0.2965869605541229,
    0.2806730270385742,
    0.2031509280204773
  ],
  "motion_stability": [
    2.301792860031128,
    2.684605598449707,
    2.9263193607330322
  ],
  "freq_entropy": [
    8.915365219116211,
    9.03126335144043,
    9.062479019165039
  ]
}