{
  "dominant_freq": [
    0.1375,
    0.12537612838515544
  ],
  "amp_mean_x": [
    0.8572816848754883,
    0.4357526898384094
  ],
  "amp_mean_y": [
    1.1623528003692627,
    0.7584043741226196
  ],
  "symmetry_ratio": [
    0.7375400066375732,
    0.5745651125907898
  ],
  "energy_distribution": [
    0.23026257753372192,
    0.27658551931381226
  ],
  "motion_stability": [
    2.2906546592712402,
    1.8120670318603516
  ],
  "freq_entropy": [
    9.060651779174805,
    8.898998260498047
  ]
}