{
  "dominant_freq": [
    3.841666666666667,
    0.1
  ],
  "amp_mean_x": [
    0.13888515532016754,
    0.12960229814052582
  ],
  "amp_mean_y": [
    0.2825990319252014,
    0.45413118600845337
  ],
  "symmetry_ratio": [
    0.4914565980434418,
    0.2853851616382599
  ],
  "energy_distribution": [
    0.23819078505039215,
    0.31913477182388306
  ],
  "motion_stability": [
    1.3597325086593628,
    1.2318624258041382
  ],
  "freq_entropy": [
    9.703150749206543,
    9.446712493896484
  ]
}