{
  "dominant_freq": [
    5.454,
    2.111013874066168,
    2.072156945917285
  ],
  "amp_mean_x": [
    1.753014326095581,
    1.7042794227600098,
    0.6839238405227661
  ],
  "amp_mean_y": [
    2.4604804515838623,
    3.20102596282959,
    1.1623263359069824
  ],
  "symmetry_ratio": [
    0.7124683260917664,
    0.5324166417121887,
    0.5884094834327698
  ],
  "energy_distribution": [
    0.2213384509086609,
    0.22150751948356628,
    0.16513638198375702
  ],
  "motion_stability": [
    2.2841482162475586,
    2.116375207901001,
    3.8453476428985596
  ],
  "freq_entropy": [
    8.945541381835938,
    8.989320755004883,
    9.126642227172852
  ]
}