{
  "dominant_freq": [
    0.13333333333333333,
    7.73489932885906,
    0.1
  ],
  "amp_mean_x": [
    0.22865329682826996,
    0.19161544740200043,
    0.27422991394996643
  ],
  "amp_mean_y": [
    0.12231536209583282,
    0.31784483790397644,
    0.12139542400836945
  ],
  "symmetry_ratio": [
    1.8693751096725464,
    0.6028584241867065,
    2.2589807510375977
  ],
  "energy_distribution": [
    0.2877911329269409,
    0.21402207016944885,
    0.39244234561920166
  ],
  "motion_stability": [
    1.0664987564086914,
    3.076447010040283,
    0.9017093777656555
  ],
  "freq_entropy": [
    8.496337890625,
    8.67460823059082,
    7.942213535308838
  ]
}