{
  "dominant_freq": [
    0.26526638297872335,
    0.10712680851063829,
    0.27036765957446807
  ],
  "amp_mean_x": [
    0.1291840672492981,
    0.14430180191993713,
    0.16645534336566925
  ],
  "amp_mean_y": [
    0.30233168601989746,
    0.2883857786655426,
    0.3490142524242401
  ],
  "symmetry_ratio": [
    0.42729252576828003,
    0.5003776550292969,
    0.4769299328327179
  ],
  "energy_distribution": [
    0.4061078131198883,
    0.3525282144546509,
    0.3764287233352661
  ],
  "motion_stability": [
    1.5531805753707886,
    1.4619953632354736,
    1.3182296752929688
  ],
  "freq_entropy": [
    10.01240062713623,
    9.895805358886719,
    9.827386856079102
  ]
}