{
  "dominant_freq": [
    3.8061252699784007,
    0.11601290322580643,
    0.22834285714285713
  ],
  "amp_mean_x": [
    1.6240627765655518,
    1.1170320510864258,
    0.7471210956573486
  ],
  "amp_mean_y": [
    0.7897530198097229,
    0.3413539230823517,
    0.48833730816841125
  ],
  "symmetry_ratio": [
    2.0564186573028564,
    3.27235746383667,
    1.5299283266067505
  ],
  "energy_distribution": [
    0.19117486476898193,
    0.4970621168613434,
    0.261224627494812
  ],
  "motion_stability": [
    3.6875956058502197,
    0.8076291084289551,
    2.143655300140381
  ],
  "freq_entropy": [
    8.994773864746094,
    8.187487602233887,
    8.934590339660645
  ]
}