{
  "dominant_freq": [
    5.009722105263157,
    1.224037894736842,
    2.6247410526315784
  ],
  "amp_mean_x": [
    0.03545365110039711,
    0.030856307595968246,
    0.05469044670462608
  ],
  "amp_mean_y": [
    0.029163705185055733,
    0.16465051472187042,
    0.16405372321605682
  ],
  "symmetry_ratio": [
    1.2156771421432495,
    0.18740487098693848,
    0.3333691358566284
  ],
  "energy_distribution": [
    0.17031727731227875,
    0.2312588393688202,
    0.24538449943065643
  ],
  "motion_stability": [
    2.2637643814086914,
    1.4254043102264404,
    1.6225372552871704
  ],
  "freq_entropy": [
    9.058122634887695,
    8.879024505615234,
    8.933072090148926
  ]
}