{
  "dominant_freq": [
    0.10105263157894738,
    0.12631578947368421,
    2.7915789473684214
  ],
  "amp_mean_x": [
    0.05899510532617569,
    0.050199463963508606,
    0.08777640759944916
  ],
  "amp_mean_y": [
    0.18289823830127716,
    0.14865747094154358,
    0.26359498500823975
  ],
  "symmetry_ratio": [
    0.3225570023059845,
    0.3376854360103607,
    0.33299726247787476
  ],
  "energy_distribution": [
    0.4684047996997833,
    0.3612554371356964,
    0.2551921308040619
  ],
  "motion_stability": [
    1.194899320602417,
    1.2284497022628784,
    0.9954943656921387
  ],
  "freq_entropy": [
    8.416247367858887,
    8.646722793579102,
    8.95531177520752
  ]
}