{
  "dominant_freq": [
    0.29970029970029965,
    3.0319874677851333
  ],
  "amp_mean_x": [
    0.0919271931052208,
    0.5490068793296814
  ],
  "amp_mean_y": [
    0.1292482316493988,
    0.3040870130062103
  ],
  "symmetry_ratio": [
    0.7112452387809753,
    1.8054269552230835
  ],
  "energy_distribution": [
    0.26760366559028625,
    0.26048943400382996
  ],
  "motion_stability": [
    1.3314836025238037,
    2.2487096786499023
  ],
  "freq_entropy": [
    9.667597770690918,
    9.866268157958984
  ]
}