{
  "dominant_freq": [
    3.470436025732666,
    0.1456726233023588
  ],
  "amp_mean_x": [
    0.22309662401676178,
    0.4349699318408966
  ],
  "amp_mean_y": [
    0.4702177345752716,
    0.5395682454109192
  ],
  "symmetry_ratio": [
    0.474453866481781,
    0.8061444163322449
  ],
  "energy_distribution": [
    0.23999181389808655,
    0.5661436319351196
  ],
  "motion_stability": [
    2.0738699436187744,
    2.0381572246551514
  ],
  "freq_entropy": [
    9.591261863708496,
    8.708184242248535
  ]
}