{
  "dominant_freq": [
    5.139208617469487,
    0.10735533123592825
  ],
  "amp_mean_x": [
    1.9291280508041382,
    0.7391390204429626
  ],
  "amp_mean_y": [
    2.891242265701294,
    0.996636152267456
  ],
  "symmetry_ratio": [
    0.667231559753418,
    0.7416337728500366
  ],
  "energy_distribution": [
    0.18308797478675842,
    0.6057714223861694
  ],
  "motion_stability": [
    2.8851423263549805,
    2.4277963638305664
  ],
  "freq_entropy": [
    10.300297737121582,
    8.97509765625
  ]
}