{
  "dominant_freq": [
    4.508530434782608,
    4.83420205479452,
    4.251498721227621
  ],
  "amp_mean_x": [
    0.9638095498085022,
    0.668571412563324,
    0.2780486047267914
  ],
  "amp_mean_y": [
    2.893704891204834,
    1.6072232723236084,
    0.7470574378967285
  ],
  "symmetry_ratio": [
    0.33307111263275146,
    0.41597917675971985,
    0.37219172716140747
  ],
  "energy_distribution": [
    0.15680982172489166,
    0.20924964547157288,
    0.1677006185054779
  ],
  "motion_stability": [
    2.8652353286743164,
    2.586409568786621,
    3.676142692565918
  ],
  "freq_entropy": [
    10.288466453552246,
    10.242072105407715,
    10.333780288696289
  ]
}