{
  "dominant_freq": [
    3.635,
    1.2
  ],
  "amp_mean_x": [
    0.1274183690547943,
    0.11118075251579285
  ],
  "amp_mean_y": [
    0.18678508698940277,
    0.17041386663913727
  ],
  "symmetry_ratio": [
    0.6821656227111816,
    0.6524161100387573
  ],
  "energy_distribution": [
    0.21584373712539673,
    0.18430101871490479
  ],
  "motion_stability": [
    2.1196999549865723,
    0.7369788885116577
  ],
  "freq_entropy": [
    10.337371826171875,
    10.263508796691895
  ]
}