{
  "dominant_freq": [
    0.10105263157894738,
    0.42947368421052634,
    0.26526315789473687
  ],
  "amp_mean_x": [
    0.10112866759300232,
    0.08900011330842972,
    0.06935911625623703
  ],
  "amp_mean_y": [
    0.061932291835546494,
    0.05568476766347885,
    0.060951605439186096
  ],
  "symmetry_ratio": [
    1.6328908205032349,
    1.5982847213745117,
    1.1379374265670776
  ],
  "energy_distribution": [
    0.2794860303401947,
    0.2748156785964966,
    0.26114141941070557
  ],
  "motion_stability": [
    1.4082801342010498,
    1.3709887266159058,
    1.4053637981414795
  ],
  "freq_entropy": [
    8.857362747192383,
    8.91006851196289,
    8.883056640625
  ]
}