{
  "dominant_freq": [
    0.12422797927461139,
    3.033121233605104,
    0.3571501532175688
  ],
  "amp_mean_x": [
    1.0956531763076782,
    0.6124505996704102,
    0.46450650691986084
  ],
  "amp_mean_y": [
    1.4748210906982422,
    0.6509959697723389,
    1.0323989391326904
  ],
  "symmetry_ratio": [
    0.7429057955741882,
    0.9407901763916016,
    0.44992926716804504
  ],
  "energy_distribution": [
    0.2841641306877136,
    0.1733437180519104,
    0.2742749750614166
  ],
  "motion_stability": [
    3.7396044731140137,
    2.4801185131073,
    2.5165910720825195
  ],
  "freq_entropy": [
    10.280733108520508,
    10.169462203979492,
    10.2194185256958
  ]
}