{
  "dominant_freq": [
    4.1137768421052625,
    3.8235410526315787,
    1.8297473684210523
  ],
  "amp_mean_x": [
    0.22457054257392883,
    0.11402814090251923,
    0.09900613874197006
  ],
  "amp_mean_y": [
    0.1156441941857338,
    0.15004010498523712,
    0.1019521951675415
  ],
  "symmetry_ratio": [
    1.9419093132019043,
    0.7599844336509705,
    0.9711035490036011
  ],
  "energy_distribution": [
    0.3644941449165344,
    0.276565819978714,
    0.2180408388376236
  ],
  "motion_stability": [
    0.9983038306236267,
    1.5050331354141235,
    1.1519944667816162
  ],
  "freq_entropy": [
    8.46258544921875,
    8.888822555541992,
    8.922273635864258
  ]
}