{
  "dominant_freq": [
    3.375382132897163,
    0.12072519625389716
  ],
  "amp_mean_x": [
    0.7220191359519958,
    0.4670611023902893
  ],
  "amp_mean_y": [
    1.2738286256790161,
    0.8158512115478516
  ],
  "symmetry_ratio": [
    0.5668102502822876,
    0.5724831819534302
  ],
  "energy_distribution": [
    0.16193291544914246,
    0.3010510802268982
  ],
  "motion_stability": [
    3.157156467437744,
    1.5670275688171387
  ],
  "freq_entropy": [
    9.099547386169434,
    8.865745544433594
  ]
}