{
  "dominant_freq": [
    0.4915084915084915,
    2.3856143856143857
  ],
  "amp_mean_x": [
    0.07381834089756012,
    0.15060827136039734
  ],
  "amp_mean_y": [
    0.11378183215856552,
    0.16242913901805878
  ],
  "symmetry_ratio": [
    0.6487708687782288,
    0.9272244572639465
  ],
  "energy_distribution": [
    0.25539782643318176,
    0.25101131200790405
  ],
  "motion_stability": [
    1.0369572639465332,
    1.1212265491485596
  ],
  "freq_entropy": [
    9.038558006286621,
    9.024214744567871
  ]
}