{
  "dominant_freq": [
    2.3406990291262133,
    1.6278442105263156,
    4.504964210526315
  ],
  "amp_mean_x": [
    0.4444256126880646,
    0.7522156238555908,
    0.7465348839759827
  ],
  "amp_mean_y": [
    0.6310647130012512,
    0.8006110191345215,
    0.5908892750740051
  ],
  "symmetry_ratio": [
    0.7042472958564758,
    0.9395519495010376,
    1.26340913772583
  ],
  "energy_distribution": [
    0.17340050637722015,
    0.20206953585147858,
    0.22163212299346924
  ],
  "motion_stability": [
    5.050560474395752,
    2.437455654144287,
    1.3100976943969727
  ],
  "freq_entropy": [
    8.997732162475586,
    9.272709846496582,
    8.966350555419922
  ]
}