{
  "dominant_freq": [
    1.7142857142857142,
    2.4285714285714284
  ],
  "amp_mean_x": [
    0.026461299508810043,
    0.1646047830581665
  ],
  "amp_mean_y": [
    0.041205994784832,
    0.12913651764392853
  ],
  "symmetry_ratio": [
    0.6421710848808289,
    1.274657130241394
  ],
  "energy_distribution": [
    0.2065049111843109,
    0.39152419567108154
  ],
  "motion_stability": [
    1.556019902229309,
    3.850775718688965
  ],
  "freq_entropy": [
    9.091175079345703,
    9.25242805480957
  ]
}