{
  "dominant_freq": [
    5.023909967845659,
    4.0807507953340405,
    0.18046451612903222
  ],
  "amp_mean_x": [
    1.8545951843261719,
    0.7367576360702515,
    0.6423300504684448
  ],
  "amp_mean_y": [
    3.3489015102386475,
    2.7584033012390137,
    0.7024508714675903
  ],
  "symmetry_ratio": [
    0.5537921190261841,
    0.267095685005188,
    0.914412796497345
  ],
  "energy_distribution": [
    0.3036707639694214,
    0.5633023381233215,
    0.2587801516056061
  ],
  "motion_stability": [
    4.220884323120117,
    4.421415328979492,
    6.61928653717041
  ],
  "freq_entropy": [
    8.889226913452148,
    8.63399600982666,
    9.228429794311523
  ]
}