{
  "dominant_freq": [
    0.48000000000000004,
    3.941052631578948,
    4.143157894736842
  ],
  "amp_mean_x": [
    0.07270580530166626,
    0.22683387994766235,
    0.13757935166358948
  ],
  "amp_mean_y": [
    0.1470479518175125,
    0.17499491572380066,
    0.12742094695568085
  ],
  "symmetry_ratio": [
    0.49443602561950684,
    1.2962312698364258,
    1.0797232389450073
  ],
  "energy_distribution": [
    0.2626945972442627,
    0.24751287698745728,
    0.24777746200561523
  ],
  "motion_stability": [
    1.3044042587280273,
    0.9786797761917114,
    1.1144810914993286
  ],
  "freq_entropy": [
    8.833892822265625,
    8.580482482910156,
    8.521678924560547
  ]
}