{
  "dominant_freq": [
    3.6714868250539956,
    3.1225287958115184
  ],
  "amp_mean_x": [
    0.8255554437637329,
    0.9889124631881714
  ],
  "amp_mean_y": [
    2.3128886222839355,
    3.1118435859680176
  ],
  "symmetry_ratio": [
    0.3569369614124298,
    0.3177899122238159
  ],
  "energy_distribution": [
    0.19929948449134827,
    0.14264467358589172
  ],
  "motion_stability": [
    4.894630432128906,
    2.79585337638855
  ],
  "freq_entropy": [
    10.221739768981934,
    10.287983894348145
  ]
}