{
  "dominant_freq": [
    0.29389964873835844,
    0.14694982436917922
  ],
  "amp_mean_x": [
    0.09514375030994415,
    0.1823122501373291
  ],
  "amp_mean_y": [
    0.17015719413757324,
    0.32103484869003296
  ],
  "symmetry_ratio": [
    0.5591520667076111,
    0.5678892731666565
  ],
  "energy_distribution": [
    0.2658931016921997,
    0.23666596412658691
  ],
  "motion_stability": [
    1.5947446823120117,
    1.6202294826507568
  ],
  "freq_entropy": [
    9.652819633483887,
    9.667709350585938
  ]
}