{
  "dominant_freq": [
    4.98168,
    3.38328,
    0.2664,
    0.47952,
    1.8660566037735848,
    0.29304
  ],
  "amp_mean_x": [
    0.2363741099834442,
    0.2760082185268402,
    0.22498148679733276,
    0.19719627499580383,
    6.30108642578125,
    0.10507561266422272
  ],
  "amp_mean_y": [
    0.07396271079778671,
    0.07164949178695679,
    0.06945676356554031,
    0.14915591478347778,
    2.8234353065490723,
    0.09518606960773468
  ],
  "symmetry_ratio": [
    3.195855140686035,
    3.852200746536255,
    3.239158868789673,
    1.322081446647644,
    2.2317092418670654,
    1.103896975517273
  ],
  "energy_distribution": [
    0.36542627215385437,
    0.3296908736228943,
    0.41646575927734375,
    0.3431409001350403,
    0.4478774070739746,
    0.3308316469192505
  ],
  "motion_stability": [
    1.030187964439392,
    0.9959456324577332,
    0.8642365336418152,
    1.0460008382797241,
    4.495997428894043,
    1.0519421100616455
  ],
  "freq_entropy": [
    7.56016206741333,
    7.613218307495117,
    7.432600021362305,
    7.308164596557617,
    7.639676094055176,
    7.726829528808594
  ]
}