{
  "dominant_freq": [
    0.14307928388746802,
    2.975310344827586
  ],
  "amp_mean_x": [
    0.3415360450744629,
    0.16456542909145355
  ],
  "amp_mean_y": [
    0.2984198331832886,
    0.11269489675760269
  ],
  "symmetry_ratio": [
    1.1444817781448364,
    1.4602739810943604
  ],
  "energy_distribution": [
    0.3296840190887451,
    0.31751760840415955
  ],
  "motion_stability": [
    6.213686943054199,
    3.849231719970703
  ],
  "freq_entropy": [
    10.037307739257812,
    10.064115524291992
  ]
}