{
  "dominant_freq": [
    4.322884808013355,
    0.2612640402347024
  ],
  "amp_mean_x": [
    0.36654841899871826,
    1.1672368049621582
  ],
  "amp_mean_y": [
    0.6740475296974182,
    2.685931921005249
  ],
  "symmetry_ratio": [
    0.54380202293396,
    0.4345742464065552
  ],
  "energy_distribution": [
    0.2865521311759949,
    0.34357455372810364
  ],
  "motion_stability": [
    2.4995803833007812,
    4.4928388595581055
  ],
  "freq_entropy": [
    9.343896865844727,
    9.22557258605957
  ]
}