{
  "dominant_freq": [
    0.11988011988011987,
    4.215784215784216
  ],
  "amp_mean_x": [
    0.59420245885849,
    0.48386916518211365
  ],
  "amp_mean_y": [
    0.3809577524662018,
    0.19713523983955383
  ],
  "symmetry_ratio": [
    1.559759497642517,
    2.4545035362243652
  ],
  "energy_distribution": [
    0.5437991619110107,
    0.5333530306816101
  ],
  "motion_stability": [
    4.382071495056152,
    2.6431336402893066
  ],
  "freq_entropy": [
    8.849126815795898,
    8.924861907958984
  ]
}