{
  "dominant_freq": [
    2.5231910946196656,
    0.21733991199640057
  ],
  "amp_mean_x": [
    0.2759718596935272,
    0.18941660225391388
  ],
  "amp_mean_y": [
    0.5644561648368835,
    0.3084240257740021
  ],
  "symmetry_ratio": [
    0.4889163672924042,
    0.6141434907913208
  ],
  "energy_distribution": [
    0.19811926782131195,
    0.28903064131736755
  ],
  "motion_stability": [
    2.287973403930664,
    2.698406934738159
  ],
  "freq_entropy": [
    9.171477317810059,
    9.000249862670898
  ]
}