{
  "dominant_freq": [
    0.2654485714285714,
    0.2740114285714286
  ],
  "amp_mean_x": [
    0.08819765597581863,
    0.17937277257442474
  ],
  "amp_mean_y": [
    0.16680188477039337,
    0.246491476893425
  ],
  "symmetry_ratio": [
    0.5287569761276245,
    0.7277037501335144
  ],
  "energy_distribution": [
    0.2129797488451004,
    0.2598024606704712
  ],
  "motion_stability": [
    1.2283716201782227,
    1.38108229637146
  ],
  "freq_entropy": [
    9.529213905334473,
    9.509675979614258
  ]
}