{
  "dominant_freq": [
    0.13333333333333333,
    0.29333333333333333,
    0.48000000000000004,
    0.7200000000000001,
    1.6533333333333333,
    4.346666666666668
  ],
  "amp_mean_x": [
    0.1947251409292221,
    0.08892212063074112,
    0.07537385821342468,
    0.08797469735145569,
    0.40367186069488525,
    0.056288205087184906
  ],
  "amp_mean_y": [
    0.3590192198753357,
    0.17058758437633514,
    0.0842583179473877,
    0.09423795342445374,
    0.33839789032936096,
    0.1350063681602478
  ],
  "symmetry_ratio": [
    0.5423808097839355,
    0.5212696194648743,
    0.8945568799972534,
    0.9335378408432007,
    1.192891240119934,
    0.4169299900531769
  ],
  "energy_distribution": [
    0.3234312832355499,
    0.4759620428085327,
    0.3269062638282776,
    0.3473849892616272,
    0.34073954820632935,
    0.18666715919971466
  ],
  "motion_stability": [
    0.6664310693740845,
    0.9200805425643921,
    0.8802466988563538,
    0.9620100259780884,
    3.1411657333374023,
    1.7497388124465942
  ],
  "freq_entropy": [
    7.655740737915039,
    7.251622676849365,
    7.528665542602539,
    7.4381561279296875,
    7.151797294616699,
    7.9369001388549805
  ]
}