{
  "dominant_freq": [
    4.041668571428572,
    0.1035680345572354
  ],
  "amp_mean_x": [
    0.5758984088897705,
    2.074791193008423
  ],
  "amp_mean_y": [
    0.41945353150367737,
    2.023463249206543
  ],
  "symmetry_ratio": [
    1.372973084449768,
    1.0253664255142212
  ],
  "energy_distribution": [
    0.18768425285816193,
    0.24320517480373383
  ],
  "motion_stability": [
    1.7225754261016846,
    3.153294563293457
  ],
  "freq_entropy": [
    9.560644149780273,
    9.582645416259766
  ]
}