{
  "dominant_freq": [
    1.3143160599571735,
    0.10202553191489361
  ],
  "amp_mean_x": [
    0.4029344320297241,
    0.2698725163936615
  ],
  "amp_mean_y": [
    0.6003649830818176,
    0.2890999913215637
  ],
  "symmetry_ratio": [
    0.6711491346359253,
    0.9334919452667236
  ],
  "energy_distribution": [
    0.28902944922447205,
    0.3194349408149719
  ],
  "motion_stability": [
    8.164835929870605,
    2.20622181892395
  ],
  "freq_entropy": [
    10.291311264038086,
    10.072461128234863
  ]
}