{
  "dominant_freq": [
    3.250793650793651,
    1.3004291845493563,
    5.632925472747498
  ],
  "amp_mean_x": [
    0.7064718008041382,
    2.6817028522491455,
    1.9078896045684814
  ],
  "amp_mean_y": [
    1.1998133659362793,
    4.203906536102295,
    5.43891716003418
  ],
  "symmetry_ratio": [
    0.5888180732727051,
    0.6379073262214661,
    0.3507848381996155
  ],
  "energy_distribution": [
    0.1340000480413437,
    0.31791090965270996,
    0.23137518763542175
  ],
  "motion_stability": [
    3.5887093544006348,
    2.2649967670440674,
    2.361924648284912
  ],
  "freq_entropy": [
    9.039020538330078,
    8.693891525268555,
    9.012332916259766
  ]
}