{
  "dominant_freq": [
    3.51648,
    5.48784,
    4.18248,
    0.47952,
    4.662000000000001,
    0.47952000000000006
  ],
  "amp_mean_x": [
    0.07213731855154037,
    0.1062558963894844,
    0.0828416645526886,
    0.09386572986841202,
    0.07481241226196289,
    0.09169862419366837
  ],
  "amp_mean_y": [
    0.05240664631128311,
    0.10443630814552307,
    0.04289977625012398,
    0.04956614971160889,
    0.05348082631826401,
    0.045105982571840286
  ],
  "symmetry_ratio": [
    1.3764917850494385,
    1.0174229145050049,
    1.931051254272461,
    1.8937466144561768,
    1.3988641500473022,
    2.032959222793579
  ],
  "energy_distribution": [
    0.2325361967086792,
    0.1838800311088562,
    0.17182911932468414,
    0.22414985299110413,
    0.1660076528787613,
    0.22213974595069885
  ],
  "motion_stability": [
    2.0894274711608887,
    2.1494052410125732,
    1.9761438369750977,
    2.4744491577148438,
    2.906991481781006,
    2.895102024078369
  ],
  "freq_entropy": [
    7.85162353515625,
    7.99881649017334,
    7.917812347412109,
    7.699019432067871,
    7.87955379486084,
    8.027549743652344
  ]
}