{
  "dominant_freq": [
    0.48678938819707634,
    0.16548868028713415
  ],
  "amp_mean_x": [
    0.7104900479316711,
    2.635819911956787
  ],
  "amp_mean_y": [
    2.2347044944763184,
    3.1427161693573
  ],
  "symmetry_ratio": [
    0.31793466210365295,
    0.8387075662612915
  ],
  "energy_distribution": [
    0.29446932673454285,
    0.33938655257225037
  ],
  "motion_stability": [
    4.891197204589844,
    5.073631286621094
  ],
  "freq_entropy": [
    9.949769973754883,
    9.773200988769531
  ]
}