{
  "dominant_freq": [
    0.6248290909090908,
    0.11624727272727271
  ],
  "amp_mean_x": [
    0.43623271584510803,
    0.5794125199317932
  ],
  "amp_mean_y": [
    0.7138436436653137,
    0.7320480942726135
  ],
  "symmetry_ratio": [
    0.6111040115356445,
    0.791495144367218
  ],
  "energy_distribution": [
    0.21565112471580505,
    0.41666898131370544
  ],
  "motion_stability": [
    1.8669335842132568,
    2.127312660217285
  ],
  "freq_entropy": [
    9.767874717712402,
    9.385946273803711
  ]
}