{
  "dominant_freq": [
    3.1015761702127653,
    0.42551621384750216
  ],
  "amp_mean_x": [
    0.4211465120315552,
    1.6570799350738525
  ],
  "amp_mean_y": [
    0.5034258365631104,
    2.562023639678955
  ],
  "symmetry_ratio": [
    0.8365612030029297,
    0.64678555727005
  ],
  "energy_distribution": [
    0.27491408586502075,
    0.23621852695941925
  ],
  "motion_stability": [
    2.6173765659332275,
    3.2467923164367676
  ],
  "freq_entropy": [
    10.321134567260742,
    10.185319900512695
  ]
}