{
  "dominant_freq": [
    0.14054910606634743,
    0.1240139171173654
  ],
  "amp_mean_x": [
    0.24244236946105957,
    0.3087714612483978
  ],
  "amp_mean_y": [
    0.24245037138462067,
    0.22912552952766418
  ],
  "symmetry_ratio": [
    0.9999669790267944,
    1.3476083278656006
  ],
  "energy_distribution": [
    0.3176475763320923,
    0.5465079545974731
  ],
  "motion_stability": [
    1.5773435831069946,
    1.9879097938537598
  ],
  "freq_entropy": [
    9.322854995727539,
    8.518062591552734
  ]
}