{
  "dominant_freq": [
    3.210797095258436,
    1.1936549356223176
  ],
  "amp_mean_x": [
    0.4146570563316345,
    0.6859095096588135
  ],
  "amp_mean_y": [
    0.9248543381690979,
    1.2183558940887451
  ],
  "symmetry_ratio": [
    0.4483484923839569,
    0.5629795789718628
  ],
  "energy_distribution": [
    0.2143225222826004,
    0.2177869826555252
  ],
  "motion_stability": [
    2.8990626335144043,
    2.0551016330718994
  ],
  "freq_entropy": [
    10.323897361755371,
    10.295026779174805
  ]
}