{
  "dominant_freq": [
    3.417855319148936,
    0.28837113402061854
  ],
  "amp_mean_x": [
    0.11447858065366745,
    1.2043178081512451
  ],
  "amp_mean_y": [
    0.16419225931167603,
    1.0188342332839966
  ],
  "symmetry_ratio": [
    0.6972227692604065,
    1.1820547580718994
  ],
  "energy_distribution": [
    0.26871663331985474,
    0.5130717754364014
  ],
  "motion_stability": [
    2.1360089778900146,
    8.276721954345703
  ],
  "freq_entropy": [
    10.273162841796875,
    9.398134231567383
  ]
}