{
  "dominant_freq": [
    5.905667368421051,
    4.07592,
    3.773065263157894
  ],
  "amp_mean_x": [
    0.1055554449558258,
    0.08924289047718048,
    0.11750610917806625
  ],
  "amp_mean_y": [
    0.1684616506099701,
    0.2530072033405304,
    0.13737866282463074
  ],
  "symmetry_ratio": [
    0.6265844106674194,
    0.3527286648750305,
    0.8553447127342224
  ],
  "energy_distribution": [
    0.21156169474124908,
    0.1921444833278656,
    0.2102614939212799
  ],
  "motion_stability": [
    1.4093910455703735,
    1.1595041751861572,
    1.3261244297027588
  ],
  "freq_entropy": [
    9.042357444763184,
    8.920649528503418,
    8.88523006439209
  ]
}