{
  "dominant_freq": [
    0.1100440176070428,
    3.4949494949494953
  ],
  "amp_mean_x": [
    0.2464228868484497,
    3.4662439823150635
  ],
  "amp_mean_y": [
    0.19257493317127228,
    1.8903677463531494
  ],
  "symmetry_ratio": [
    1.2796207666397095,
    1.8336347341537476
  ],
  "energy_distribution": [
    0.3780010938644409,
    0.2713225781917572
  ],
  "motion_stability": [
    2.700077533721924,
    3.4313321113586426
  ],
  "freq_entropy": [
    9.932891845703125,
    10.242621421813965
  ]
}