{
  "dominant_freq": [
    0.5560391489361701,
    4.546643344709897
  ],
  "amp_mean_x": [
    0.2550753653049469,
    1.3534691333770752
  ],
  "amp_mean_y": [
    0.29696789383888245,
    1.3520809412002563
  ],
  "symmetry_ratio": [
    0.8589324951171875,
    1.0010267496109009
  ],
  "energy_distribution": [
    0.3301956057548523,
    0.2900806963443756
  ],
  "motion_stability": [
    1.6266577243804932,
    2.465243339538574
  ],
  "freq_entropy": [
    9.927495956420898,
    9.643954277038574
  ]
}