{
  "dominant_freq": [
    0.10717241379310344,
    0.11222808510638296
  ],
  "amp_mean_x": [
    0.12393200397491455,
    0.14214861392974854
  ],
  "amp_mean_y": [
    0.1606239527463913,
    0.15493203699588776
  ],
  "symmetry_ratio": [
    0.7715661525726318,
    0.9174901247024536
  ],
  "energy_distribution": [
    0.35836654901504517,
    0.2745390236377716
  ],
  "motion_stability": [
    2.1163110733032227,
    2.1575403213500977
  ],
  "freq_entropy": [
    9.976844787597656,
    10.252065658569336
  ]
}