{
  "dominant_freq": [
    0.10088781275221953,
    0.5544354838709677
  ],
  "amp_mean_x": [
    0.5490440130233765,
    0.4761829972267151
  ],
  "amp_mean_y": [
    1.0317201614379883,
    0.7792994379997253
  ],
  "symmetry_ratio": [
    0.532163679599762,
    0.6110398173332214
  ],
  "energy_distribution": [
    0.2652168273925781,
    0.2210913449525833
  ],
  "motion_stability": [
    3.8601694107055664,
    4.749680519104004
  ],
  "freq_entropy": [
    10.374253273010254,
    10.334535598754883
  ]
}