{
  "dominant_freq": [
    4.501111934766494,
    1.6612062546537603
  ],
  "amp_mean_x": [
    0.11284370720386505,
    1.2266311645507812
  ],
  "amp_mean_y": [
    0.22517964243888855,
    2.7471842765808105
  ],
  "symmetry_ratio": [
    0.5011274814605713,
    0.4465048611164093
  ],
  "energy_distribution": [
    0.1502343714237213,
    0.28558212518692017
  ],
  "motion_stability": [
    2.5949478149414062,
    5.982850074768066
  ],
  "freq_entropy": [
    9.73972225189209,
    9.551648139953613
  ]
}