{
  "dominant_freq": [
    1.6933066933066931,
    0.472027972027972
  ],
  "amp_mean_x": [
    0.19024214148521423,
    0.2201390415430069
  ],
  "amp_mean_y": [
    0.47876986861228943,
    0.4829550087451935
  ],
  "symmetry_ratio": [
    0.3973561227321625,
    0.4558168649673462
  ],
  "energy_distribution": [
    0.2082083821296692,
    0.2504558563232422
  ],
  "motion_stability": [
    1.414867639541626,
    1.2847461700439453
  ],
  "freq_entropy": [
    9.73956298828125,
    9.57542610168457
  ]
}