{
  "dominant_freq": [
    0.4438110638297872,
    1.4493793103448274,
    2.634500851788756
  ],
  "amp_mean_x": [
    0.06169119477272034,
    1.223895788192749,
    0.3073321580886841
  ],
  "amp_mean_y": [
    0.10325220972299576,
    2.330514430999756,
    0.3064081072807312
  ],
  "symmetry_ratio": [
    0.5974805951118469,
    0.5251612067222595,
    1.0030157566070557
  ],
  "energy_distribution": [
    0.20762351155281067,
    0.3226337730884552,
    0.20867851376533508
  ],
  "motion_stability": [
    3.3123795986175537,
    6.558704376220703,
    2.667954444885254
  ],
  "freq_entropy": [
    10.31795883178711,
    10.056265830993652,
    10.301300048828125
  ]
}