{
  "dominant_freq": [
    0.29586293355620563
  ],
  "amp_mean_x": [
    0.24855418503284454
  ],
  "amp_mean_y": [
    0.20967009663581848
  ],
  "symmetry_ratio": [
    1.1854536533355713
  ],
  "energy_distribution": [
    0.3086353838443756
  ],
  "motion_stability": [
    2.1996946334838867
  ],
  "freq_entropy": [
    10.301104545593262
  ]
}