{
  "dominant_freq": [
    0.1163793103448276,
    5.4393125671321165,
    0.1342281879194631
  ],
  "amp_mean_x": [
    1.122244954109192,
    1.0334924459457397,
    0.8437289595603943
  ],
  "amp_mean_y": [
    2.662163257598877,
    2.6508054733276367,
    2.067344903945923
  ],
  "symmetry_ratio": [
    0.42155376076698303,
    0.38987863063812256,
    0.4081220030784607
  ],
  "energy_distribution": [
    0.32334813475608826,
    0.1588958203792572,
    0.37669309973716736
  ],
  "motion_stability": [
    3.23988676071167,
    4.541940689086914,
    2.3773179054260254
  ],
  "freq_entropy": [
    8.918342590332031,
    9.047717094421387,
    8.634149551391602
  ]
}