{
  "dominant_freq": [
    0.8968893572181241,
    5.675847133757961,
    1.7595902851108762
  ],
  "amp_mean_x": [
    0.41756922006607056,
    0.42349711060523987,
    0.6069486737251282
  ],
  "amp_mean_y": [
    0.40804412961006165,
    1.1124664545059204,
    0.8259096145629883
  ],
  "symmetry_ratio": [
    1.0233433246612549,
    0.380683034658432,
    0.7348850965499878
  ],
  "energy_distribution": [
    0.24736535549163818,
    0.19103923439979553,
    0.167275533080101
  ],
  "motion_stability": [
    2.6918535232543945,
    3.899142265319824,
    2.690685749053955
  ],
  "freq_entropy": [
    8.887425422668457,
    8.996626853942871,
    9.032422065734863
  ]
}