{
  "dominant_freq": [
    1.9751657142857142,
    4.3727657142857135
  ],
  "amp_mean_x": [
    0.09100136905908585,
    0.08621644228696823
  ],
  "amp_mean_y": [
    0.10056361556053162,
    0.12595632672309875
  ],
  "symmetry_ratio": [
    0.9049134850502014,
    0.6844947338104248
  ],
  "energy_distribution": [
    0.19934101402759552,
    0.23269414901733398
  ],
  "motion_stability": [
    1.779488444328308,
    1.3922157287597656
  ],
  "freq_entropy": [
    9.247231483459473,
    9.016813278198242
  ]
}