{
  "dominant_freq": [
    4.302857142857143,
    2.544662309368192
  ],
  "amp_mean_x": [
    0.33844372630119324,
    1.3898277282714844
  ],
  "amp_mean_y": [
    0.5600871443748474,
    3.1060261726379395
  ],
  "symmetry_ratio": [
    0.6042697429656982,
    0.44746169447898865
  ],
  "energy_distribution": [
    0.23365333676338196,
    0.2305941879749298
  ],
  "motion_stability": [
    1.4367773532867432,
    2.416989326477051
  ],
  "freq_entropy": [
    9.580183029174805,
    9.529031753540039
  ]
}