{
  "dominant_freq": [
    0.7871720116618076,
    0.2823529411764706,
    0.2823529411764706
  ],
  "amp_mean_x": [
    0.06570236384868622,
    0.14898544549942017,
    0.07625509798526764
  ],
  "amp_mean_y": [
    0.06534237414598465,
    0.14843972027301788,
    0.19251959025859833
  ],
  "symmetry_ratio": [
    1.0055092573165894,
    1.003676414489746,
    0.3960900604724884
  ],
  "energy_distribution": [
    0.32470613718032837,
    0.273417204618454,
    0.2695174217224121
  ],
  "motion_stability": [
    1.3940680027008057,
    1.188796043395996,
    1.4215047359466553
  ],
  "freq_entropy": [
    8.399836540222168,
    8.61845588684082,
    8.696573257446289
  ]
}