{
  "dominant_freq": [
    0.35444984160506865,
    2.1704589473684206,
    0.11357052631578946
  ],
  "amp_mean_x": [
    0.8820122480392456,
    0.31201520562171936,
    0.33880504965782166
  ],
  "amp_mean_y": [
    1.6408436298370361,
    0.46724897623062134,
    0.2320486456155777
  ],
  "symmetry_ratio": [
    0.5375358462333679,
    0.6677707433700562,
    1.460060477256775
  ],
  "energy_distribution": [
    0.4065946340560913,
    0.3276240825653076,
    0.3210746645927429
  ],
  "motion_stability": [
    3.5571627616882324,
    1.9613409042358398,
    0.9516856074333191
  ],
  "freq_entropy": [
    8.597362518310547,
    9.083353996276855,
    8.739286422729492
  ]
}