{
  "dominant_freq": [
    4.101161995898838,
    0.328092959671907,
    0.10095167989904831
  ],
  "amp_mean_x": [
    0.17361783981323242,
    0.061502743512392044,
    0.10553520172834396
  ],
  "amp_mean_y": [
    0.1401977837085724,
    0.1484871655702591,
    0.15359245240688324
  ],
  "symmetry_ratio": [
    1.2383779287338257,
    0.4141956865787506,
    0.6871119141578674
  ],
  "energy_distribution": [
    0.4425840377807617,
    0.3001764714717865,
    0.38990333676338196
  ],
  "motion_stability": [
    2.0464096069335938,
    1.4413962364196777,
    1.1874544620513916
  ],
  "freq_entropy": [
    8.524919509887695,
    8.740665435791016,
    8.437259674072266
  ]
}