{
  "dominant_freq": [
    0.275,
    4.95
  ],
  "amp_mean_x": [
    0.20103183388710022,
    0.19138117134571075
  ],
  "amp_mean_y": [
    0.22903943061828613,
    0.27997252345085144
  ],
  "symmetry_ratio": [
    0.877717137336731,
    0.6835712790489197
  ],
  "energy_distribution": [
    0.24181880056858063,
    0.20879192650318146
  ],
  "motion_stability": [
    2.1093838214874268,
    1.557682991027832
  ],
  "freq_entropy": [
    8.97413444519043,
    9.08748722076416
  ]
}