{
  "dominant_freq": [
    6.269836358331933,
    0.12552892134043966
  ],
  "amp_mean_x": [
    1.5242407321929932,
    1.491265058517456
  ],
  "amp_mean_y": [
    2.338547468185425,
    1.706559181213379
  ],
  "symmetry_ratio": [
    0.6517895460128784,
    0.8738431334495544
  ],
  "energy_distribution": [
    0.2652009427547455,
    0.21200303733348846
  ],
  "motion_stability": [
    3.440676212310791,
    2.0619964599609375
  ],
  "freq_entropy": [
    9.297784805297852,
    9.31568431854248
  ]
}