{
  "dominant_freq": [
    2.6577651063829784,
    0.10753865869286627
  ],
  "amp_mean_x": [
    0.19749456644058228,
    0.8029466271400452
  ],
  "amp_mean_y": [
    0.4071615934371948,
    0.8196091055870056
  ],
  "symmetry_ratio": [
    0.48505204916000366,
    0.9796702265739441
  ],
  "energy_distribution": [
    0.21455161273479462,
    0.46388721466064453
  ],
  "motion_stability": [
    1.4421896934509277,
    5.696441650390625
  ],
  "freq_entropy": [
    10.273122787475586,
    9.687915802001953
  ]
}