{
  "dominant_freq": [
    7.315103071098023
  ],
  "amp_mean_x": [
    0.5429936051368713
  ],
  "amp_mean_y": [
    0.7005978226661682
  ],
  "symmetry_ratio": [
    0.775043249130249
  ],
  "energy_distribution": [
    0.20055203139781952
  ],
  "motion_stability": [
    4.658384799957275
  ],
  "freq_entropy": [
    10.352208137512207
  ]
}