{
  "dominant_freq": [
    0.13058823529411764,
    3.8551153846153845,
    0.11357052631578946
  ],
  "amp_mean_x": [
    1.2185258865356445,
    1.0829708576202393,
    0.5866262316703796
  ],
  "amp_mean_y": [
    3.421091318130493,
    1.6547958850860596,
    0.612031877040863
  ],
  "symmetry_ratio": [
    0.35618045926094055,
    0.6544437408447266,
    0.9584896564483643
  ],
  "energy_distribution": [
    0.38737621903419495,
    0.19659893214702606,
    0.3703051507472992
  ],
  "motion_stability": [
    3.850851058959961,
    1.8633196353912354,
    1.4910738468170166
  ],
  "freq_entropy": [
    8.444757461547852,
    8.97768497467041,
    8.597649574279785
  ]
}