{
  "dominant_freq": [
    1.004138133725202,
    0.9448242950108457
  ],
  "amp_mean_x": [
    0.46987608075141907,
    0.2999289631843567
  ],
  "amp_mean_y": [
    1.1604870557785034,
    1.6115530729293823
  ],
  "symmetry_ratio": [
    0.4048955738544464,
    0.18611174821853638
  ],
  "energy_distribution": [
    0.19479364156723022,
    0.22506752610206604
  ],
  "motion_stability": [
    2.910369873046875,
    1.68589186668396
  ],
  "freq_entropy": [
    9.572259902954102,
    9.534048080444336
  ]
}