{
  "dominant_freq": [
    4.759240759240759,
    0.12000012000011998
  ],
  "amp_mean_x": [
    0.4947642683982849,
    0.7611883282661438
  ],
  "amp_mean_y": [
    0.4196530282497406,
    0.7597388625144958
  ],
  "symmetry_ratio": [
    1.1789841651916504,
    1.0019078254699707
  ],
  "energy_distribution": [
    0.23768548667430878,
    0.24616433680057526
  ],
  "motion_stability": [
    1.535383701324463,
    1.5417156219482422
  ],
  "freq_entropy": [
    9.098461151123047,
    8.976486206054688
  ]
}