{
  "dominant_freq": [
    0.29508952585875664,
    0.7377238146468916,
    0.4610773841543072,
    2.2500576346730194
  ],
  "amp_mean_x": [
    0.04718409478664398,
    0.04863915219902992,
    0.053399283438920975,
    0.04419070482254028
  ],
  "amp_mean_y": [
    0.10843422263860703,
    0.10906563699245453,
    0.10221885144710541,
    0.057201020419597626
  ],
  "symmetry_ratio": [
    0.4351402521133423,
    0.44596222043037415,
    0.5224015116691589,
    0.7725510001182556
  ],
  "energy_distribution": [
    0.33119887113571167,
    0.255402147769928,
    0.29444560408592224,
    0.21530306339263916
  ],
  "motion_stability": [
    1.3970425128936768,
    1.3379874229431152,
    1.4835340976715088,
    1.6269391775131226
  ],
  "freq_entropy": [
    8.36472225189209,
    8.334043502807617,
    8.180633544921875,
    8.420066833496094
  ]
}