{
  "dominant_freq": [
    0.6926406926406926,
    1.0567210567210568
  ],
  "amp_mean_x": [
    0.06669528782367706,
    0.09171387553215027
  ],
  "amp_mean_y": [
    0.21694333851337433,
    0.3358883857727051
  ],
  "symmetry_ratio": [
    0.30743181705474854,
    0.27304866909980774
  ],
  "energy_distribution": [
    0.32691556215286255,
    0.3765820860862732
  ],
  "motion_stability": [
    1.7530466318130493,
    1.5446596145629883
  ],
  "freq_entropy": [
    9.191052436828613,
    9.194368362426758
  ]
}