{
  "dominant_freq": [
    3.953738569123185,
    1.3189168395455233
  ],
  "amp_mean_x": [
    0.4226033091545105,
    2.397472858428955
  ],
  "amp_mean_y": [
    0.7436062693595886,
    4.737005233764648
  ],
  "symmetry_ratio": [
    0.5683159828186035,
    0.506115734577179
  ],
  "energy_distribution": [
    0.20395393669605255,
    0.19538478553295135
  ],
  "motion_stability": [
    1.6089544296264648,
    1.4594807624816895
  ],
  "freq_entropy": [
    9.115861892700195,
    9.148725509643555
  ]
}