{
  "dominant_freq": [
    0.1009515789473684,
    4.934008421052631,
    6.713279999999999
  ],
  "amp_mean_x": [
    0.06944679468870163,
    0.1039639413356781,
    0.1307244896888733
  ],
  "amp_mean_y": [
    0.10516379028558731,
    0.062358662486076355,
    0.19292885065078735
  ],
  "symmetry_ratio": [
    0.6603679060935974,
    1.6671932935714722,
    0.6775787472724915
  ],
  "energy_distribution": [
    0.22621972858905792,
    0.26096129417419434,
    0.18585167825222015
  ],
  "motion_stability": [
    1.1977185010910034,
    1.1841002702713013,
    0.9885245561599731
  ],
  "freq_entropy": [
    8.907217979431152,
    8.872432708740234,
    9.007341384887695
  ]
}