{
  "dominant_freq": [
    0.13123359580052493,
    0.1643295354951797
  ],
  "amp_mean_x": [
    0.5051877498626709,
    0.43940678238868713
  ],
  "amp_mean_y": [
    1.1388455629348755,
    1.3951197862625122
  ],
  "symmetry_ratio": [
    0.44359636306762695,
    0.31495988368988037
  ],
  "energy_distribution": [
    0.26424887776374817,
    0.4288283884525299
  ],
  "motion_stability": [
    2.6780993938446045,
    1.7742043733596802
  ],
  "freq_entropy": [
    9.805760383605957,
    9.127897262573242
  ]
}