{
  "dominant_freq": [
    0.10272493573264782,
    0.4897225531914893,
    0.48033759590792835
  ],
  "amp_mean_x": [
    1.146607756614685,
    0.2724546492099762,
    0.6626697778701782
  ],
  "amp_mean_y": [
    1.1133748292922974,
    0.499565064907074,
    0.7688798904418945
  ],
  "symmetry_ratio": [
    1.0298488140106201,
    0.5453836917877197,
    0.8618638515472412
  ],
  "energy_distribution": [
    0.40862739086151123,
    0.17446832358837128,
    0.2456444948911667
  ],
  "motion_stability": [
    6.662736892700195,
    1.397849202156067,
    1.4254250526428223
  ],
  "freq_entropy": [
    9.93807601928711,
    10.224000930786133,
    10.169403076171875
  ]
}