{
  "dominant_freq": [
    2.1449461625092803,
    4.027768733651087
  ],
  "amp_mean_x": [
    1.4248175621032715,
    0.786551296710968
  ],
  "amp_mean_y": [
    2.502060890197754,
    1.2421878576278687
  ],
  "symmetry_ratio": [
    0.5694575905799866,
    0.6331983208656311
  ],
  "energy_distribution": [
    0.19972045719623566,
    0.155340313911438
  ],
  "motion_stability": [
    3.621157646179199,
    3.3982625007629395
  ],
  "freq_entropy": [
    9.724163055419922,
    10.063387870788574
  ]
}