{
  "dominant_freq": [
    2.5761641673243885,
    0.18518518518518517
  ],
  "amp_mean_x": [
    1.1390191316604614,
    1.2593053579330444
  ],
  "amp_mean_y": [
    3.2163619995117188,
    2.057469129562378
  ],
  "symmetry_ratio": [
    0.354132741689682,
    0.6120652556419373
  ],
  "energy_distribution": [
    0.17382323741912842,
    0.3937857449054718
  ],
  "motion_stability": [
    2.9623522758483887,
    2.3475868701934814
  ],
  "freq_entropy": [
    9.453924179077148,
    8.880133628845215
  ]
}