{
  "dominant_freq": [
    0.45288,
    1.89144,
    0.29304,
    0.5328,
    0.10824379232505643,
    0.50616
  ],
  "amp_mean_x": [
    0.28160640597343445,
    0.2765143811702728,
    0.15101800858974457,
    0.0981910452246666,
    1.9740872383117676,
    0.1652621626853943
  ],
  "amp_mean_y": [
    0.14837175607681274,
    0.16951735317707062,
    0.14700038731098175,
    0.17296044528484344,
    1.1706188917160034,
    0.08961395174264908
  ],
  "symmetry_ratio": [
    1.8979785442352295,
    1.6311862468719482,
    1.0273306369781494,
    0.5677080750465393,
    1.6863620281219482,
    1.8441566228866577
  ],
  "energy_distribution": [
    0.26118069887161255,
    0.25588300824165344,
    0.19261567294597626,
    0.20775531232357025,
    0.45691272616386414,
    0.3474403917789459
  ],
  "motion_stability": [
    1.179758071899414,
    1.284679651260376,
    1.5845329761505127,
    1.620694637298584,
    3.058467388153076,
    0.9872742891311646
  ],
  "freq_entropy": [
    7.911582946777344,
    7.868558883666992,
    7.8238444328308105,
    7.893172264099121,
    7.417262077331543,
    7.587050914764404
  ]
}