{
  "dominant_freq": [
    0.32571428571428573,
    2.0517241379310347
  ],
  "amp_mean_x": [
    0.45840662717819214,
    1.0450223684310913
  ],
  "amp_mean_y": [
    1.256729245185852,
    2.1258461475372314
  ],
  "symmetry_ratio": [
    0.3647616505622864,
    0.49157950282096863
  ],
  "energy_distribution": [
    0.23918688297271729,
    0.1929362267255783
  ],
  "motion_stability": [
    1.6361498832702637,
    2.2716920375823975
  ],
  "freq_entropy": [
    9.547201156616211,
    9.426280975341797
  ]
}