{
  "dominant_freq": [
    3.38328,
    0.10656,
    0.10656,
    0.10656,
    1.607481818181818,
    3.62304
  ],
  "amp_mean_x": [
    0.355044424533844,
    0.3400816321372986,
    0.21634547412395477,
    0.24036769568920135,
    2.0636372566223145,
    0.2971922755241394
  ],
  "amp_mean_y": [
    0.3119560480117798,
    0.469679057598114,
    0.20556050539016724,
    0.5767465829849243,
    1.222251057624817,
    0.28420695662498474
  ],
  "symmetry_ratio": [
    1.1381232738494873,
    0.7240723967552185,
    1.0524661540985107,
    0.4167648255825043,
    1.6883906126022339,
    1.0456897020339966
  ],
  "energy_distribution": [
    0.22687605023384094,
    0.30937445163726807,
    0.4552648961544037,
    0.47623226046562195,
    0.47148266434669495,
    0.2106199711561203
  ],
  "motion_stability": [
    0.899720311164856,
    0.724724292755127,
    1.2028326988220215,
    1.3490796089172363,
    3.614718437194824,
    1.4121119976043701
  ],
  "freq_entropy": [
    7.845056533813477,
    7.699732780456543,
    7.129096508026123,
    7.550745964050293,
    7.2507171630859375,
    7.9205851554870605
  ]
}