{
  "dominant_freq": [
    3.866666666666667,
    0.5333333333333333,
    1.4400000000000002,
    1.0133333333333334,
    0.26666666666666666,
    0.5333333333333333
  ],
  "amp_mean_x": [
    0.08537599444389343,
    0.07103808224201202,
    0.06169583648443222,
    0.08481209725141525,
    0.13652387261390686,
    0.08046922832727432
  ],
  "amp_mean_y": [
    0.19148807227611542,
    0.12201482802629471,
    0.120956651866436,
    0.20360097289085388,
    0.06757071614265442,
    0.12745025753974915
  ],
  "symmetry_ratio": [
    0.44585540890693665,
    0.5822085738182068,
    0.5100656747817993,
    0.4165603816509247,
    2.0204591751098633,
    0.6313775181770325
  ],
  "energy_distribution": [
    0.29105016589164734,
    0.22025398910045624,
    0.27845609188079834,
    0.26572391390800476,
    0.42014724016189575,
    0.3264332413673401
  ],
  "motion_stability": [
    1.3499966859817505,
    0.9160614013671875,
    1.0052142143249512,
    0.8761776685714722,
    1.4368818998336792,
    0.8356151580810547
  ],
  "freq_entropy": [
    7.828316688537598,
    7.8947930335998535,
    7.6342668533325195,
    7.698535442352295,
    7.406060218811035,
    7.416624069213867
  ]
}