{
  "dominant_freq": [
    0.30620689655172406,
    0.27546893617021273
  ],
  "amp_mean_x": [
    0.0964488536119461,
    0.14085231721401215
  ],
  "amp_mean_y": [
    0.1920272260904312,
    0.19398748874664307
  ],
  "symmetry_ratio": [
    0.5022665858268738,
    0.7260897159576416
  ],
  "energy_distribution": [
    0.3680068850517273,
    0.3084067404270172
  ],
  "motion_stability": [
    1.3972752094268799,
    1.6157033443450928
  ],
  "freq_entropy": [
    9.878787994384766,
    10.012510299682617
  ]
}