{
  "dominant_freq": [
    0.3,
    1.0250000000000001,
    4.7,
    0.1,
    0.575
  ],
  "amp_mean_x": [
    0.04409776255488396,
    0.02341761812567711,
    0.028982963413000107,
    0.0651017501950264,
    0.018508056178689003
  ],
  "amp_mean_y": [
    0.12172143906354904,
    0.16427204012870789,
    0.20799846947193146,
    0.23826870322227478,
    0.11837590485811234
  ],
  "symmetry_ratio": [
    0.36228427290916443,
    0.1425538957118988,
    0.13934218883514404,
    0.2732282876968384,
    0.15634986758232117
  ],
  "energy_distribution": [
    0.4216017723083496,
    0.4345426857471466,
    0.17237436771392822,
    0.2747938632965088,
    0.3745943605899811
  ],
  "motion_stability": [
    1.2139410972595215,
    1.0348581075668335,
    1.1365225315093994,
    1.542974591255188,
    1.0290913581848145
  ],
  "freq_entropy": [
    7.558597087860107,
    7.644050598144531,
    7.910160541534424,
    7.912235736846924,
    7.653846740722656
  ]
}