{
  "dominant_freq": [
    6.91595739241585,
    1.7593310580204775,
    9.822789069171646
  ],
  "amp_mean_x": [
    0.3217400014400482,
    0.30521759390830994,
    0.5307320952415466
  ],
  "amp_mean_y": [
    0.48670801520347595,
    0.4240643382072449,
    0.842359721660614
  ],
  "symmetry_ratio": [
    0.6610534191131592,
    0.7197436094284058,
    0.6300539970397949
  ],
  "energy_distribution": [
    0.19164176285266876,
    0.1813289374113083,
    0.1851765215396881
  ],
  "motion_stability": [
    2.745666742324829,
    2.306924819946289,
    2.3895559310913086
  ],
  "freq_entropy": [
    10.37702751159668,
    10.283878326416016,
    10.298002243041992
  ]
}