{
  "dominant_freq": [
    0.1015801354401806,
    0.1,
    0.1
  ],
  "amp_mean_x": [
    0.08326595276594162,
    0.196059912443161,
    0.231306791305542
  ],
  "amp_mean_y": [
    0.15655231475830078,
    0.1134369745850563,
    0.3777938485145569
  ],
  "symmetry_ratio": [
    0.5318730473518372,
    1.7283598184585571,
    0.612256646156311
  ],
  "energy_distribution": [
    0.34022513031959534,
    0.6795439124107361,
    0.7386512756347656
  ],
  "motion_stability": [
    1.1658272743225098,
    1.198380470275879,
    2.069779634475708
  ],
  "freq_entropy": [
    8.384908676147461,
    6.354613304138184,
    7.4257659912109375
  ]
}