{
  "dominant_freq": [
    4.512520868113522,
    0.1000416840350146,
    4.758965804837365,
    1.7521902377972465,
    0.1251564455569462,
    0.10513141426783479
  ],
  "amp_mean_x": [
    0.41974204778671265,
    0.23243571817874908,
    0.5740122199058533,
    0.4691561460494995,
    0.26137444376945496,
    0.45734307169914246
  ],
  "amp_mean_y": [
    0.531525194644928,
    0.3660023510456085,
    1.0197380781173706,
    1.1345858573913574,
    0.40254250168800354,
    0.925469160079956
  ],
  "symmetry_ratio": [
    0.7896935939788818,
    0.6350662112236023,
    0.5629016160964966,
    0.41350430250167847,
    0.6493089199066162,
    0.4941743016242981
  ],
  "energy_distribution": [
    0.20211999118328094,
    0.41363951563835144,
    0.12263183295726776,
    0.11948482692241669,
    0.4401269257068634,
    0.29515600204467773
  ],
  "motion_stability": [
    2.7593650817871094,
    1.8365120887756348,
    3.971281051635742,
    5.219250679016113,
    2.2527942657470703,
    2.345705986022949
  ],
  "freq_entropy": [
    10.030519485473633,
    9.714290618896484,
    9.996915817260742,
    9.798349380493164,
    9.57663345336914,
    10.054121971130371
  ]
}