{
  "dominant_freq": [
    1.6697571428571427,
    0.9162257142857142
  ],
  "amp_mean_x": [
    0.0992274060845375,
    0.21258680522441864
  ],
  "amp_mean_y": [
    0.10188091546297073,
    0.26628413796424866
  ],
  "symmetry_ratio": [
    0.9739547967910767,
    0.7983457446098328
  ],
  "energy_distribution": [
    0.19996748864650726,
    0.20255877077579498
  ],
  "motion_stability": [
    1.3646008968353271,
    1.5305167436599731
  ],
  "freq_entropy": [
    9.47288703918457,
    9.55569076538086
  ]
}