{
  "dominant_freq": [
    4.677870638297872,
    4.662566808510637,
    5.822888794205369,
    2.7801957446808507
  ],
  "amp_mean_x": [
    0.1419609934091568,
    0.43541085720062256,
    0.2679239809513092,
    0.1780119091272354
  ],
  "amp_mean_y": [
    0.3296729028224945,
    0.6368610262870789,
    0.5401650667190552,
    0.44519275426864624
  ],
  "symmetry_ratio": [
    0.43061164021492004,
    0.6836826801300049,
    0.4960038959980011,
    0.39985355734825134
  ],
  "energy_distribution": [
    0.18925833702087402,
    0.1904582381248474,
    0.18410466611385345,
    0.21665887534618378
  ],
  "motion_stability": [
    1.2726521492004395,
    1.333962082862854,
    1.5849976539611816,
    1.9266692399978638
  ],
  "freq_entropy": [
    10.3045654296875,
    10.28935432434082,
    10.338846206665039,
    10.326615333557129
  ]
}