{
  "dominant_freq": [
    0.49037124755140427,
    2.324313241343809
  ],
  "amp_mean_x": [
    0.3649066388607025,
    1.1736271381378174
  ],
  "amp_mean_y": [
    0.5501264929771423,
    1.5887264013290405
  ],
  "symmetry_ratio": [
    0.6633140444755554,
    0.7387219667434692
  ],
  "energy_distribution": [
    0.22173556685447693,
    0.22766809165477753
  ],
  "motion_stability": [
    2.583625555038452,
    2.395136594772339
  ],
  "freq_entropy": [
    9.30787467956543,
    9.293697357177734
  ]
}