{
  "dominant_freq": [
    5.044949999999999,
    0.47951999999999995
  ],
  "amp_mean_x": [
    0.23599380254745483,
    0.21522071957588196
  ],
  "amp_mean_y": [
    0.35764867067337036,
    0.425508975982666
  ],
  "symmetry_ratio": [
    0.6598480939865112,
    0.505795955657959
  ],
  "energy_distribution": [
    0.17275874316692352,
    0.27130749821662903
  ],
  "motion_stability": [
    3.5478601455688477,
    2.3570480346679688
  ],
  "freq_entropy": [
    9.439138412475586,
    9.291422843933105
  ]
}