{
  "dominant_freq": [
    0.47951999999999995,
    1.7918905263157892,
    2.019031578947368
  ],
  "amp_mean_x": [
    0.2630700469017029,
    0.5101495385169983,
    0.7075814008712769
  ],
  "amp_mean_y": [
    0.2544299364089966,
    0.31520384550094604,
    0.27032342553138733
  ],
  "symmetry_ratio": [
    1.0339586734771729,
    1.6184749603271484,
    2.6175363063812256
  ],
  "energy_distribution": [
    0.31069427728652954,
    0.2770734429359436,
    0.2345045506954193
  ],
  "motion_stability": [
    1.2300639152526855,
    1.8569616079330444,
    2.3631844520568848
  ],
  "freq_entropy": [
    8.778121948242188,
    9.010247230529785,
    9.010847091674805
  ]
}