{
  "dominant_freq": [
    0.9750000000000001,
    0.36397058823529405
  ],
  "amp_mean_x": [
    0.04922519251704216,
    0.9369124174118042
  ],
  "amp_mean_y": [
    0.09817288815975189,
    0.8406927585601807
  ],
  "symmetry_ratio": [
    0.5014132857322693,
    1.114452838897705
  ],
  "energy_distribution": [
    0.2852022647857666,
    0.5416165590286255
  ],
  "motion_stability": [
    3.9936814308166504,
    6.101676940917969
  ],
  "freq_entropy": [
    9.365655899047852,
    8.60356330871582
  ]
}