{
  "dominant_freq": [
    2.020449438202247,
    5.057153262518969
  ],
  "amp_mean_x": [
    2.479241371154785,
    2.9009408950805664
  ],
  "amp_mean_y": [
    1.7860794067382812,
    2.9002163410186768
  ],
  "symmetry_ratio": [
    1.3880913257598877,
    1.0002498626708984
  ],
  "energy_distribution": [
    0.217609703540802,
    0.21859264373779297
  ],
  "motion_stability": [
    2.442269802093506,
    2.443598747253418
  ],
  "freq_entropy": [
    9.468822479248047,
    9.471384048461914
  ]
}