{
  "dominant_freq": [
    4.5600000000000005,
    0.12631578947368421,
    2.589473684210527
  ],
  "amp_mean_x": [
    0.41753795742988586,
    0.6877173781394958,
    0.30722424387931824
  ],
  "amp_mean_y": [
    0.7537568211555481,
    0.8093908429145813,
    0.6561477780342102
  ],
  "symmetry_ratio": [
    0.5539425015449524,
    0.849672794342041,
    0.4682241678237915
  ],
  "energy_distribution": [
    0.2177392989397049,
    0.3052203357219696,
    0.19782456755638123
  ],
  "motion_stability": [
    1.24879789352417,
    1.4105148315429688,
    1.9070262908935547
  ],
  "freq_entropy": [
    8.977045059204102,
    8.58012866973877,
    9.01002311706543
  ]
}