{
  "dominant_freq": [
    0.10105263157894738,
    0.11563169164882228,
    4.291139240506329
  ],
  "amp_mean_x": [
    0.6388303637504578,
    1.2954754829406738,
    0.622614860534668
  ],
  "amp_mean_y": [
    1.227852702140808,
    1.6784939765930176,
    1.295549988746643
  ],
  "symmetry_ratio": [
    0.5202825665473938,
    0.7718082666397095,
    0.48057958483695984
  ],
  "energy_distribution": [
    0.3225436806678772,
    0.26097381114959717,
    0.2258564680814743
  ],
  "motion_stability": [
    2.503296375274658,
    3.2649316787719727,
    1.9848897457122803
  ],
  "freq_entropy": [
    8.541183471679688,
    8.904680252075195,
    9.037423133850098
  ]
}