{
  "dominant_freq": [
    3.099112436115843,
    0.13791052407328502
  ],
  "amp_mean_x": [
    0.5863984227180481,
    1.2261791229248047
  ],
  "amp_mean_y": [
    0.7331647872924805,
    0.9458010792732239
  ],
  "symmetry_ratio": [
    0.7998180389404297,
    1.2964450120925903
  ],
  "energy_distribution": [
    0.4959505796432495,
    0.5915186405181885
  ],
  "motion_stability": [
    2.8237171173095703,
    2.2615745067596436
  ],
  "freq_entropy": [
    9.330514907836914,
    9.324844360351562
  ]
}