{
  "dominant_freq": [
    0.13571334326051304,
    2.447871180779112
  ],
  "amp_mean_x": [
    2.1481192111968994,
    3.420309066772461
  ],
  "amp_mean_y": [
    4.280006408691406,
    2.483776330947876
  ],
  "symmetry_ratio": [
    0.5018962621688843,
    1.377060055732727
  ],
  "energy_distribution": [
    0.39449238777160645,
    0.21615199744701385
  ],
  "motion_stability": [
    2.0640690326690674,
    3.0873842239379883
  ],
  "freq_entropy": [
    9.024852752685547,
    8.909917831420898
  ]
}