{
  "dominant_freq": [
    4.710160427807487,
    0.12013348164627366,
    2.0667384284176538
  ],
  "amp_mean_x": [
    1.497040033340454,
    2.5959534645080566,
    1.3662389516830444
  ],
  "amp_mean_y": [
    5.24491548538208,
    8.001038551330566,
    4.673046588897705
  ],
  "symmetry_ratio": [
    0.28542691469192505,
    0.32445207238197327,
    0.29236578941345215
  ],
  "energy_distribution": [
    0.22831498086452484,
    0.25694188475608826,
    0.21580280363559723
  ],
  "motion_stability": [
    3.0452656745910645,
    1.8592112064361572,
    2.7681174278259277
  ],
  "freq_entropy": [
    9.045823097229004,
    8.843629837036133,
    8.970462799072266
  ]
}