{
  "dominant_freq": [
    0.23975999999999995,
    0.9590399999999999,
    0.12645569620253164
  ],
  "amp_mean_x": [
    0.16750432550907135,
    0.21085764467716217,
    0.17809297144412994
  ],
  "amp_mean_y": [
    0.3324136435985565,
    0.3299844563007355,
    0.3661453127861023
  ],
  "symmetry_ratio": [
    0.5039032697677612,
    0.6389926671981812,
    0.48639971017837524
  ],
  "energy_distribution": [
    0.22088871896266937,
    0.2937634587287903,
    0.25570380687713623
  ],
  "motion_stability": [
    1.5285797119140625,
    1.4383130073547363,
    1.8033214807510376
  ],
  "freq_entropy": [
    8.982693672180176,
    8.9714994430542,
    8.988409996032715
  ]
}