{
  "dominant_freq": [
    9.468591454734641,
    0.111000111000111
  ],
  "amp_mean_x": [
    0.43286874890327454,
    1.4264310598373413
  ],
  "amp_mean_y": [
    0.828171968460083,
    1.7822554111480713
  ],
  "symmetry_ratio": [
    0.5226798057556152,
    0.8003516793251038
  ],
  "energy_distribution": [
    0.23762647807598114,
    0.3220879137516022
  ],
  "motion_stability": [
    2.0927462577819824,
    1.8478903770446777
  ],
  "freq_entropy": [
    9.498270988464355,
    9.25654125213623
  ]
}