{
  "dominant_freq": [
    1.7684210526315791,
    1.6926315789473687,
    1.1936507936507936
  ],
  "amp_mean_x": [
    0.23464564979076385,
    0.2636902928352356,
    0.38071075081825256
  ],
  "amp_mean_y": [
    0.6269174218177795,
    0.6957699656486511,
    1.1580860614776611
  ],
  "symmetry_ratio": [
    0.3742847740650177,
    0.37899062037467957,
    0.3287413418292999
  ],
  "energy_distribution": [
    0.2638193964958191,
    0.20987927913665771,
    0.21606411039829254
  ],
  "motion_stability": [
    3.969860792160034,
    1.9023436307907104,
    2.2988057136535645
  ],
  "freq_entropy": [
    9.012521743774414,
    9.012129783630371,
    9.035026550292969
  ]
}