{
  "dominant_freq": [
    3.8333333333333335,
    0.4916666666666667
  ],
  "amp_mean_x": [
    0.18666210770606995,
    0.4026525020599365
  ],
  "amp_mean_y": [
    0.4514012932777405,
    0.5734419822692871
  ],
  "symmetry_ratio": [
    0.4135169982910156,
    0.702167809009552
  ],
  "energy_distribution": [
    0.2085321843624115,
    0.3029453158378601
  ],
  "motion_stability": [
    1.323840856552124,
    1.2691317796707153
  ],
  "freq_entropy": [
    9.592790603637695,
    9.370079040527344
  ]
}