{
  "dominant_freq": [
    0.1285714285714286,
    0.10293066476054326
  ],
  "amp_mean_x": [
    0.18353216350078583,
    0.24258045852184296
  ],
  "amp_mean_y": [
    0.5601922273635864,
    0.601939857006073
  ],
  "symmetry_ratio": [
    0.32762354612350464,
    0.40299782156944275
  ],
  "energy_distribution": [
    0.4260649085044861,
    0.32965198159217834
  ],
  "motion_stability": [
    4.5576887130737305,
    2.9282820224761963
  ],
  "freq_entropy": [
    9.301409721374512,
    9.601034164428711
  ]
}