{
  "dominant_freq": [
    0.4669010526315789,
    0.29054162276080076,
    3.979157007376185
  ],
  "amp_mean_x": [
    0.34229522943496704,
    0.7419276237487793,
    0.7757436037063599
  ],
  "amp_mean_y": [
    0.3708619475364685,
    0.37628254294395447,
    0.30029264092445374
  ],
  "symmetry_ratio": [
    0.9229720830917358,
    1.97173011302948,
    2.583292007446289
  ],
  "energy_distribution": [
    0.29238736629486084,
    0.29773157835006714,
    0.2698897123336792
  ],
  "motion_stability": [
    1.249864935874939,
    1.8310368061065674,
    1.6969060897827148
  ],
  "freq_entropy": [
    8.89474868774414,
    9.037939071655273,
    8.987092971801758
  ]
}