{
  "dominant_freq": [
    0.12103746397694526,
    4.117478510028653
  ],
  "amp_mean_x": [
    1.0012120008468628,
    1.6205956935882568
  ],
  "amp_mean_y": [
    1.2809300422668457,
    1.6036949157714844
  ],
  "symmetry_ratio": [
    0.7816289663314819,
    1.0105386972427368
  ],
  "energy_distribution": [
    0.2551608085632324,
    0.2726950943470001
  ],
  "motion_stability": [
    3.0641026496887207,
    3.729580879211426
  ],
  "freq_entropy": [
    9.547985076904297,
    9.41344165802002
  ]
}