{
  "dominant_freq": [
    3.7843474576271183,
    0.27879069767441855,
    0.2776168421052631
  ],
  "amp_mean_x": [
    1.4369642734527588,
    0.8192071318626404,
    0.7926339507102966
  ],
  "amp_mean_y": [
    1.87502121925354,
    1.6036185026168823,
    0.6130275726318359
  ],
  "symmetry_ratio": [
    0.7663722634315491,
    0.510849118232727,
    1.292982578277588
  ],
  "energy_distribution": [
    0.16399408876895905,
    0.22849954664707184,
    0.2218821495771408
  ],
  "motion_stability": [
    1.7536637783050537,
    1.7619670629501343,
    1.3221995830535889
  ],
  "freq_entropy": [
    9.012807846069336,
    8.967545509338379,
    9.020268440246582
  ]
}