{
  "dominant_freq": [
    0.6935914285714286,
    1.1731114285714286
  ],
  "amp_mean_x": [
    0.1501881331205368,
    0.1714620739221573
  ],
  "amp_mean_y": [
    0.21647955477237701,
    0.23466040194034576
  ],
  "symmetry_ratio": [
    0.6937751173973083,
    0.7306817770004272
  ],
  "energy_distribution": [
    0.25688737630844116,
    0.29588672518730164
  ],
  "motion_stability": [
    1.7306331396102905,
    3.1224730014801025
  ],
  "freq_entropy": [
    9.501348495483398,
    9.461158752441406
  ]
}