{
  "dominant_freq": [
    0.31547368421052624,
    0.1009515789473684,
    0.12618947368421052
  ],
  "amp_mean_x": [
    0.04082038253545761,
    0.04461805149912834,
    0.054532814770936966
  ],
  "amp_mean_y": [
    0.1384565234184265,
    0.10479729622602463,
    0.21073780953884125
  ],
  "symmetry_ratio": [
    0.2948245406150818,
    0.42575573921203613,
    0.2587709128856659
  ],
  "energy_distribution": [
    0.32142922282218933,
    0.44325020909309387,
    0.5507825016975403
  ],
  "motion_stability": [
    1.5365123748779297,
    1.3070076704025269,
    1.7483218908309937
  ],
  "freq_entropy": [
    8.916637420654297,
    8.433931350708008,
    8.397544860839844
  ]
}