{
  "dominant_freq": [
    5.0116896918172165,
    4.714747039827772,
    4.196162046908316
  ],
  "amp_mean_x": [
    0.982398271560669,
    1.3999288082122803,
    0.585352897644043
  ],
  "amp_mean_y": [
    1.340356469154358,
    1.6519596576690674,
    0.6901275515556335
  ],
  "symmetry_ratio": [
    0.7329380512237549,
    0.8474352359771729,
    0.8481807112693787
  ],
  "energy_distribution": [
    0.2101278454065323,
    0.23547454178333282,
    0.2587701380252838
  ],
  "motion_stability": [
    3.0501227378845215,
    3.2539048194885254,
    3.107389450073242
  ],
  "freq_entropy": [
    9.050994873046875,
    9.006938934326172,
    8.99013900756836
  ]
}