{
  "dominant_freq": [
    4.346600422832981,
    0.30285473684210523,
    0.4542821052631578
  ],
  "amp_mean_x": [
    0.7165160775184631,
    0.22764426469802856,
    0.16304761171340942
  ],
  "amp_mean_y": [
    1.4600471258163452,
    0.6054094433784485,
    0.35167911648750305
  ],
  "symmetry_ratio": [
    0.4907485842704773,
    0.3760170340538025,
    0.46362608671188354
  ],
  "energy_distribution": [
    0.3147140145301819,
    0.21953457593917847,
    0.2541678249835968
  ],
  "motion_stability": [
    3.6384687423706055,
    1.2992655038833618,
    1.2301790714263916
  ],
  "freq_entropy": [
    9.031678199768066,
    9.016209602355957,
    8.88830280303955
  ]
}