{
  "dominant_freq": [
    0.47952047952047955,
    0.4709576138147567
  ],
  "amp_mean_x": [
    0.21079106628894806,
    0.3973137140274048
  ],
  "amp_mean_y": [
    0.08573563396930695,
    0.22568060457706451
  ],
  "symmetry_ratio": [
    2.4586167335510254,
    1.7605133056640625
  ],
  "energy_distribution": [
    0.295380562543869,
    0.28175804018974304
  ],
  "motion_stability": [
    1.9193885326385498,
    2.12790846824646
  ],
  "freq_entropy": [
    9.23816967010498,
    9.053811073303223
  ]
}