{
  "dominant_freq": [
    4.659129310344827,
    0.4633872584108804
  ],
  "amp_mean_x": [
    0.8941611051559448,
    0.3495557904243469
  ],
  "amp_mean_y": [
    1.3820832967758179,
    0.6148374676704407
  ],
  "symmetry_ratio": [
    0.6469661593437195,
    0.5685336589813232
  ],
  "energy_distribution": [
    0.21505425870418549,
    0.16227467358112335
  ],
  "motion_stability": [
    2.52748441696167,
    1.487715482711792
  ],
  "freq_entropy": [
    9.588493347167969,
    9.530655860900879
  ]
}