{
  "dominant_freq": [
    1.7515788895247426,
    1.0124833807898674
  ],
  "amp_mean_x": [
    0.9190155267715454,
    2.269707202911377
  ],
  "amp_mean_y": [
    1.2561577558517456,
    2.5076475143432617
  ],
  "symmetry_ratio": [
    0.7316083908081055,
    0.9051141142845154
  ],
  "energy_distribution": [
    0.22552704811096191,
    0.2166014313697815
  ],
  "motion_stability": [
    2.655054807662964,
    2.5453195571899414
  ],
  "freq_entropy": [
    10.342239379882812,
    10.292637825012207
  ]
}