{
  "dominant_freq": [
    0.10712680851063829,
    4.286896551724137
  ],
  "amp_mean_x": [
    0.07125883549451828,
    0.0756768211722374
  ],
  "amp_mean_y": [
    0.21949410438537598,
    0.30726200342178345
  ],
  "symmetry_ratio": [
    0.3246503472328186,
    0.24629411101341248
  ],
  "energy_distribution": [
    0.32527416944503784,
    0.3769667446613312
  ],
  "motion_stability": [
    1.4478442668914795,
    2.102874279022217
  ],
  "freq_entropy": [
    10.146669387817383,
    10.223684310913086
  ]
}