{
  "dominant_freq": [
    3.3600000000000003,
    0.480160053351117
  ],
  "amp_mean_x": [
    0.11653269082307816,
    0.2719069719314575
  ],
  "amp_mean_y": [
    0.12680740654468536,
    0.2730216085910797
  ],
  "symmetry_ratio": [
    0.9189738631248474,
    0.9959173798561096
  ],
  "energy_distribution": [
    0.20380857586860657,
    0.24347789585590363
  ],
  "motion_stability": [
    2.472479820251465,
    2.794978380203247
  ],
  "freq_entropy": [
    10.315343856811523,
    10.40454387664795
  ]
}