{
  "dominant_freq": [
    4.103270223752152,
    0.10971428571428572
  ],
  "amp_mean_x": [
    1.2871317863464355,
    0.38155433535575867
  ],
  "amp_mean_y": [
    1.2942930459976196,
    0.24031682312488556
  ],
  "symmetry_ratio": [
    0.99446702003479,
    1.5877138376235962
  ],
  "energy_distribution": [
    0.18584677577018738,
    0.6428596377372742
  ],
  "motion_stability": [
    4.995193004608154,
    2.0673723220825195
  ],
  "freq_entropy": [
    9.755280494689941,
    8.707500457763672
  ]
}