{
  "dominant_freq": [
    0.939060939060939,
    3.6011688481875876
  ],
  "amp_mean_x": [
    0.01332640741020441,
    0.4772469997406006
  ],
  "amp_mean_y": [
    0.04039887338876724,
    0.7225489616394043
  ],
  "symmetry_ratio": [
    0.3298707604408264,
    0.6605046987533569
  ],
  "energy_distribution": [
    0.2120000571012497,
    0.22030384838581085
  ],
  "motion_stability": [
    1.9347337484359741,
    7.519565105438232
  ],
  "freq_entropy": [
    9.679033279418945,
    9.803410530090332
  ]
}