{
  "dominant_freq": [
    2.6499789473684205,
    0.29023578947368417,
    5.034959999999999
  ],
  "amp_mean_x": [
    0.08714315295219421,
    0.1206030622124672,
    0.13224808871746063
  ],
  "amp_mean_y": [
    0.08506542444229126,
    0.16805750131607056,
    0.10642306506633759
  ],
  "symmetry_ratio": [
    1.0244250297546387,
    0.7176297307014465,
    1.2426637411117554
  ],
  "energy_distribution": [
    0.20247787237167358,
    0.21842795610427856,
    0.17495951056480408
  ],
  "motion_stability": [
    2.2872581481933594,
    0.9818872213363647,
    1.8173365592956543
  ],
  "freq_entropy": [
    8.990690231323242,
    8.848867416381836,
    9.001869201660156
  ]
}