{
  "dominant_freq": [
    0.4642161702127659,
    0.255063829787234
  ],
  "amp_mean_x": [
    0.04928717762231827,
    0.05528741702437401
  ],
  "amp_mean_y": [
    0.07862656563520432,
    0.08905794471502304
  ],
  "symmetry_ratio": [
    0.6268514394760132,
    0.6208027601242065
  ],
  "energy_distribution": [
    0.35224002599716187,
    0.29892122745513916
  ],
  "motion_stability": [
    1.404693365097046,
    1.5899392366409302
  ],
  "freq_entropy": [
    9.94261360168457,
    10.111150741577148
  ]
}