{
  "dominant_freq": [
    4.781489635453895,
    0.2997
  ],
  "amp_mean_x": [
    0.07177931070327759,
    0.15797016024589539
  ],
  "amp_mean_y": [
    0.24107645452022552,
    0.24402114748954773
  ],
  "symmetry_ratio": [
    0.297745019197464,
    0.6473625898361206
  ],
  "energy_distribution": [
    0.20754393935203552,
    0.26001298427581787
  ],
  "motion_stability": [
    2.3472347259521484,
    1.2990566492080688
  ],
  "freq_entropy": [
    9.640487670898438,
    9.46988296508789
  ]
}