{
  "dominant_freq": [
    0.2610188895248999,
    1.028968713789108
  ],
  "amp_mean_x": [
    0.8396710157394409,
    2.1828200817108154
  ],
  "amp_mean_y": [
    1.6465331315994263,
    4.554590225219727
  ],
  "symmetry_ratio": [
    0.5099630355834961,
    0.479257196187973
  ],
  "energy_distribution": [
    0.2360663264989853,
    0.22132207453250885
  ],
  "motion_stability": [
    1.714782476425171,
    1.65658700466156
  ],
  "freq_entropy": [
    9.864275932312012,
    9.894286155700684
  ]
}