{
  "dominant_freq": [
    3.40855096882898,
    5.049157631359465
  ],
  "amp_mean_x": [
    2.3634021282196045,
    3.5024218559265137
  ],
  "amp_mean_y": [
    1.0036369562149048,
    1.1791833639144897
  ],
  "symmetry_ratio": [
    2.354837656021118,
    2.9702095985412598
  ],
  "energy_distribution": [
    0.24202978610992432,
    0.19238275289535522
  ],
  "motion_stability": [
    2.1343741416931152,
    1.482323408126831
  ],
  "freq_entropy": [
    9.020861625671387,
    9.04170036315918
  ]
}