{
  "dominant_freq": [
    0.2875066381156317,
    0.11222808510638296,
    0.11222808510638296
  ],
  "amp_mean_x": [
    0.8100588917732239,
    0.23779314756393433,
    0.20729389786720276
  ],
  "amp_mean_y": [
    0.9703118801116943,
    0.24292662739753723,
    0.24901995062828064
  ],
  "symmetry_ratio": [
    0.8348438143730164,
    0.9788681864738464,
    0.8324389457702637
  ],
  "energy_distribution": [
    0.3671188950538635,
    0.3367765247821808,
    0.5265722274780273
  ],
  "motion_stability": [
    8.837472915649414,
    3.1700897216796875,
    2.5513358116149902
  ],
  "freq_entropy": [
    10.233949661254883,
    10.027307510375977,
    9.450953483581543
  ]
}