{
  "dominant_freq": [
    0.7875336342489627,
    0.69189619614893
  ],
  "amp_mean_x": [
    0.5725197792053223,
    0.8760361075401306
  ],
  "amp_mean_y": [
    0.5777032375335693,
    1.1270397901535034
  ],
  "symmetry_ratio": [
    0.9910274744033813,
    0.7772894501686096
  ],
  "energy_distribution": [
    0.24708537757396698,
    0.23764915764331818
  ],
  "motion_stability": [
    3.200711250305176,
    2.4610018730163574
  ],
  "freq_entropy": [
    9.786279678344727,
    9.80645751953125
  ]
}