{
  "dominant_freq": [
    0.35833333333333334,
    0.10016694490818029
  ],
  "amp_mean_x": [
    0.23585130274295807,
    0.32462814450263977
  ],
  "amp_mean_y": [
    0.4538932144641876,
    0.578747034072876
  ],
  "symmetry_ratio": [
    0.5196184515953064,
    0.5609154105186462
  ],
  "energy_distribution": [
    0.478724867105484,
    0.2671128213405609
  ],
  "motion_stability": [
    2.9722886085510254,
    2.317422866821289
  ],
  "freq_entropy": [
    9.567427635192871,
    9.685874938964844
  ]
}