{
  "dominant_freq": [
    3.928628029504741,
    6.306121147715196,
    1.4140998937300742
  ],
  "amp_mean_x": [
    0.2760770618915558,
    0.9351797699928284,
    1.0358564853668213
  ],
  "amp_mean_y": [
    0.5200028419494629,
    2.1107165813446045,
    2.1104862689971924
  ],
  "symmetry_ratio": [
    0.5309145450592041,
    0.4430626928806305,
    0.49081411957740784
  ],
  "energy_distribution": [
    0.2619946599006653,
    0.2400549203157425,
    0.1955566704273224
  ],
  "motion_stability": [
    3.77183198928833,
    2.9575865268707275,
    2.811138868331909
  ],
  "freq_entropy": [
    9.042993545532227,
    9.054574966430664,
    9.029837608337402
  ]
}