{
  "dominant_freq": [
    0.2023293162533669,
    0.4795204795204795,
    0.7192807192807191
  ],
  "amp_mean_x": [
    0.25360170006752014,
    0.03159100562334061,
    0.04808267578482628
  ],
  "amp_mean_y": [
    0.28669607639312744,
    0.04786551743745804,
    0.06367204338312149
  ],
  "symmetry_ratio": [
    0.8845663666725159,
    0.6599950790405273,
    0.7551615238189697
  ],
  "energy_distribution": [
    0.3117247521877289,
    0.3186728358268738,
    0.27499765157699585
  ],
  "motion_stability": [
    6.01861572265625,
    1.227266550064087,
    1.63435697555542
  ],
  "freq_entropy": [
    8.981491088867188,
    8.554167747497559,
    8.95268440246582
  ]
}