{
  "dominant_freq": [
    3.244411914893617,
    3.878940079893475
  ],
  "amp_mean_x": [
    0.12243131548166275,
    1.6633952856063843
  ],
  "amp_mean_y": [
    0.14669539034366608,
    3.3390870094299316
  ],
  "symmetry_ratio": [
    0.8345955014228821,
    0.498158723115921
  ],
  "energy_distribution": [
    0.26728251576423645,
    0.22062712907791138
  ],
  "motion_stability": [
    2.0857014656066895,
    3.519674301147461
  ],
  "freq_entropy": [
    10.215627670288086,
    10.268646240234375
  ]
}