{
  "dominant_freq": [
    0.16679748822605966,
    7.072107765451664
  ],
  "amp_mean_x": [
    1.376611590385437,
    2.4278013706207275
  ],
  "amp_mean_y": [
    1.4819351434707642,
    1.9851372241973877
  ],
  "symmetry_ratio": [
    0.9289283752441406,
    1.2229892015457153
  ],
  "energy_distribution": [
    0.2576153576374054,
    0.15745720267295837
  ],
  "motion_stability": [
    2.3640542030334473,
    2.6261301040649414
  ],
  "freq_entropy": [
    9.302530288696289,
    9.41539192199707
  ]
}