{
  "dominant_freq": [
    0.4926315789473684,
    0.5305263157894737,
    0.7200000000000001
  ],
  "amp_mean_x": [
    0.024456020444631577,
    0.03905744478106499,
    0.040272217243909836
  ],
  "amp_mean_y": [
    0.09238240122795105,
    0.18060199916362762,
    0.13497649133205414
  ],
  "symmetry_ratio": [
    0.2647259533405304,
    0.21626253426074982,
    0.29836466908454895
  ],
  "energy_distribution": [
    0.3432861864566803,
    0.44906291365623474,
    0.27971482276916504
  ],
  "motion_stability": [
    1.2282599210739136,
    1.4096522331237793,
    1.0106501579284668
  ],
  "freq_entropy": [
    8.818818092346191,
    8.696685791015625,
    8.667652130126953
  ]
}