{
  "dominant_freq": [
    1.6818607594936708,
    0.265277133825079,
    2.908481012658228
  ],
  "amp_mean_x": [
    0.2986004650592804,
    0.18059997260570526,
    0.4611853361129761
  ],
  "amp_mean_y": [
    0.2826642394065857,
    0.2893964648246765,
    0.8012447953224182
  ],
  "symmetry_ratio": [
    1.0563786029815674,
    0.6240572929382324,
    0.5755860805511475
  ],
  "energy_distribution": [
    0.19003723561763763,
    0.3139769732952118,
    0.24505066871643066
  ],
  "motion_stability": [
    4.565617084503174,
    2.6823086738586426,
    4.570956707000732
  ],
  "freq_entropy": [
    9.293903350830078,
    8.675100326538086,
    8.760143280029297
  ]
}