{
  "dominant_freq": [
    0.5,
    2.8200000000000003,
    0.72,
    0.12040133779264214
  ],
  "amp_mean_x": [
    0.08108081668615341,
    0.06884109228849411,
    0.061270128935575485,
    0.2604586184024811
  ],
  "amp_mean_y": [
    0.08314964175224304,
    0.07592568546533585,
    0.07923178374767303,
    0.47653722763061523
  ],
  "symmetry_ratio": [
    0.9751192331314087,
    0.9066904187202454,
    0.7733023762702942,
    0.5465651154518127
  ],
  "energy_distribution": [
    0.24312609434127808,
    0.19076085090637207,
    0.2793477177619934,
    0.23229655623435974
  ],
  "motion_stability": [
    1.4146649837493896,
    1.1952691078186035,
    1.2422070503234863,
    6.624100685119629
  ],
  "freq_entropy": [
    8.231498718261719,
    8.361847877502441,
    8.18970012664795,
    8.383559226989746
  ]
}