{
  "dominant_freq": [
    3.6915836909871245,
    4.133349087003222,
    2.5868842105263155
  ],
  "amp_mean_x": [
    2.632242202758789,
    1.5598679780960083,
    0.5775094032287598
  ],
  "amp_mean_y": [
    4.684190273284912,
    1.5547876358032227,
    0.5046491622924805
  ],
  "symmetry_ratio": [
    0.5619418025016785,
    1.003267526626587,
    1.1443780660629272
  ],
  "energy_distribution": [
    0.24794331192970276,
    0.26782920956611633,
    0.1567356437444687
  ],
  "motion_stability": [
    3.6573867797851562,
    3.5852041244506836,
    2.759143114089966
  ],
  "freq_entropy": [
    9.082452774047852,
    8.868106842041016,
    9.071161270141602
  ]
}