{
  "dominant_freq": [
    4.589691428571428,
    3.34049570200573
  ],
  "amp_mean_x": [
    0.230348140001297,
    0.18919998407363892
  ],
  "amp_mean_y": [
    0.09792720526456833,
    0.23988927900791168
  ],
  "symmetry_ratio": [
    2.352238416671753,
    0.7886971235275269
  ],
  "energy_distribution": [
    0.25808823108673096,
    0.18419472873210907
  ],
  "motion_stability": [
    4.739367961883545,
    9.4100341796875
  ],
  "freq_entropy": [
    9.52406120300293,
    9.717729568481445
  ]
}