{
  "dominant_freq": [
    2.410329985652798,
    1.9625360230547553
  ],
  "amp_mean_x": [
    0.6576249599456787,
    0.5122148394584656
  ],
  "amp_mean_y": [
    0.9268348813056946,
    0.9191491007804871
  ],
  "symmetry_ratio": [
    0.7095384001731873,
    0.5572706460952759
  ],
  "energy_distribution": [
    0.24952951073646545,
    0.2085300087928772
  ],
  "motion_stability": [
    2.227552890777588,
    1.5081887245178223
  ],
  "freq_entropy": [
    9.589457511901855,
    9.576070785522461
  ]
}