{
  "dominant_freq": [
    1.1700000000000002,
    0.5700000000000002,
    0.13636363636363635
  ],
  "amp_mean_x": [
    0.0823734849691391,
    0.14846159517765045,
    0.3496691882610321
  ],
  "amp_mean_y": [
    0.13016515970230103,
    0.2389552891254425,
    0.24989864230155945
  ],
  "symmetry_ratio": [
    0.6328381896018982,
    0.6212944388389587,
    1.3992440700531006
  ],
  "energy_distribution": [
    0.2525683641433716,
    0.276419073343277,
    0.4485709071159363
  ],
  "motion_stability": [
    1.3020834922790527,
    1.638822078704834,
    3.6711628437042236
  ],
  "freq_entropy": [
    8.703840255737305,
    8.62623405456543,
    8.533740043640137
  ]
}