{
  "dominant_freq": [
    9.287377450980392,
    2.850487210718636
  ],
  "amp_mean_x": [
    0.4972071647644043,
    0.49574604630470276
  ],
  "amp_mean_y": [
    0.9344162344932556,
    1.1412817239761353
  ],
  "symmetry_ratio": [
    0.5321046113967896,
    0.4343765676021576
  ],
  "energy_distribution": [
    0.18717707693576813,
    0.1909397542476654
  ],
  "motion_stability": [
    3.162396192550659,
    1.6663273572921753
  ],
  "freq_entropy": [
    9.950484275817871,
    9.855718612670898
  ]
}