{
  "dominant_freq": [
    4.478857396712572,
    3.214136225596529
  ],
  "amp_mean_x": [
    0.34749096632003784,
    0.5441508889198303
  ],
  "amp_mean_y": [
    0.6473652720451355,
    0.6983681321144104
  ],
  "symmetry_ratio": [
    0.5367772579193115,
    0.7791748642921448
  ],
  "energy_distribution": [
    0.17299452424049377,
    0.23990897834300995
  ],
  "motion_stability": [
    4.213836193084717,
    2.3276429176330566
  ],
  "freq_entropy": [
    10.343555450439453,
    10.075655937194824
  ]
}