{
  "dominant_freq": [
    4.3787747368421055,
    0.7192799999999999,
    5.148530526315788
  ],
  "amp_mean_x": [
    0.03176844120025635,
    0.0533406138420105,
    0.08556818962097168
  ],
  "amp_mean_y": [
    0.11123346537351608,
    0.04933509603142738,
    0.056264713406562805
  ],
  "symmetry_ratio": [
    0.2856014668941498,
    1.0811899900436401,
    1.5208144187927246
  ],
  "energy_distribution": [
    0.1971430480480194,
    0.2747974991798401,
    0.07829469442367554
  ],
  "motion_stability": [
    3.52230167388916,
    1.9168577194213867,
    7.389575958251953
  ],
  "freq_entropy": [
    9.410009384155273,
    8.689477920532227,
    9.187501907348633
  ]
}