{
  "dominant_freq": [
    0.5173768421052631,
    0.7192799999999999,
    4.62340147523709
  ],
  "amp_mean_x": [
    0.06262845546007156,
    0.09130772948265076,
    0.13609550893306732
  ],
  "amp_mean_y": [
    0.09912606328725815,
    0.2004919946193695,
    0.2031233012676239
  ],
  "symmetry_ratio": [
    0.6318061351776123,
    0.45541831851005554,
    0.6700142621994019
  ],
  "energy_distribution": [
    0.1918012499809265,
    0.1726997196674347,
    0.18726195394992828
  ],
  "motion_stability": [
    1.4443212747573853,
    1.062988042831421,
    1.7968668937683105
  ],
  "freq_entropy": [
    8.979181289672852,
    8.84763240814209,
    8.991179466247559
  ]
}