{
  "dominant_freq": [
    2.5263157894736845,
    4.913684210526316,
    0.12631578947368421
  ],
  "amp_mean_x": [
    0.49916988611221313,
    0.32481512427330017,
    0.42324456572532654
  ],
  "amp_mean_y": [
    0.46135106682777405,
    0.42063668370246887,
    0.49313294887542725
  ],
  "symmetry_ratio": [
    1.0819740295410156,
    0.7721987366676331,
    0.8582767844200134
  ],
  "energy_distribution": [
    0.22192969918251038,
    0.19693298637866974,
    0.3068733811378479
  ],
  "motion_stability": [
    1.917257308959961,
    1.5511138439178467,
    3.317220687866211
  ],
  "freq_entropy": [
    9.030420303344727,
    8.95801830291748,
    8.89784049987793
  ]
}