{
  "dominant_freq": [
    4.974874371859297,
    0.1057490558120017
  ],
  "amp_mean_x": [
    0.5112292766571045,
    0.7042770385742188
  ],
  "amp_mean_y": [
    0.9473801255226135,
    0.9329590797424316
  ],
  "symmetry_ratio": [
    0.5396242141723633,
    0.7548852562904358
  ],
  "energy_distribution": [
    0.2483062446117401,
    0.2456938624382019
  ],
  "motion_stability": [
    3.683229446411133,
    3.3533711433410645
  ],
  "freq_entropy": [
    10.37125015258789,
    10.189516067504883
  ]
}