{
  "dominant_freq": [
    0.3085714285714286,
    0.12987012987012986
  ],
  "amp_mean_x": [
    0.28483468294143677,
    1.3928312063217163
  ],
  "amp_mean_y": [
    0.8343404531478882,
    3.7651047706604004
  ],
  "symmetry_ratio": [
    0.3413890302181244,
    0.36993157863616943
  ],
  "energy_distribution": [
    0.25977006554603577,
    0.4373617172241211
  ],
  "motion_stability": [
    1.7626512050628662,
    3.8704891204833984
  ],
  "freq_entropy": [
    9.4053955078125,
    9.271768569946289
  ]
}