{
  "dominant_freq": [
    0.13209144792548688,
    4.71
  ],
  "amp_mean_x": [
    1.3959957361221313,
    0.5996190309524536
  ],
  "amp_mean_y": [
    2.7356033325195312,
    0.742870569229126
  ],
  "symmetry_ratio": [
    0.5103063583374023,
    0.8071648478507996
  ],
  "energy_distribution": [
    0.28588226437568665,
    0.23697657883167267
  ],
  "motion_stability": [
    4.507528305053711,
    1.7075541019439697
  ],
  "freq_entropy": [
    9.311369895935059,
    9.35706901550293
  ]
}