{
  "dominant_freq": [
    2.092450909090909,
    3.4363280116110304
  ],
  "amp_mean_x": [
    1.566906213760376,
    1.1754640340805054
  ],
  "amp_mean_y": [
    1.5501271486282349,
    1.8233792781829834
  ],
  "symmetry_ratio": [
    1.0108243227005005,
    0.6446623802185059
  ],
  "energy_distribution": [
    0.282047837972641,
    0.25038039684295654
  ],
  "motion_stability": [
    3.108464241027832,
    2.3749842643737793
  ],
  "freq_entropy": [
    9.539188385009766,
    9.56399154663086
  ]
}