{
  "dominant_freq": [
    1.2815110732538328,
    0.27546893617021273,
    0.28567148936170206
  ],
  "amp_mean_x": [
    0.2614516317844391,
    0.2205982208251953,
    0.1929304599761963
  ],
  "amp_mean_y": [
    0.43872588872909546,
    0.4663845896720886,
    0.2700919806957245
  ],
  "symmetry_ratio": [
    0.5959339141845703,
    0.47299638390541077,
    0.7143139243125916
  ],
  "energy_distribution": [
    0.2354983538389206,
    0.25097906589508057,
    0.2388148158788681
  ],
  "motion_stability": [
    1.4752883911132812,
    1.5207552909851074,
    1.4431562423706055
  ],
  "freq_entropy": [
    10.255475997924805,
    10.026837348937988,
    10.215575218200684
  ]
}