{
  "dominant_freq": [
    0.10684491978609625,
    0.2584477611940298
  ],
  "amp_mean_x": [
    0.08243855088949203,
    0.08968036621809006
  ],
  "amp_mean_y": [
    0.1740424782037735,
    0.18225908279418945
  ],
  "symmetry_ratio": [
    0.4736691415309906,
    0.49204882979393005
  ],
  "energy_distribution": [
    0.4449320137500763,
    0.2965514659881592
  ],
  "motion_stability": [
    1.6930440664291382,
    2.748775005340576
  ],
  "freq_entropy": [
    8.658509254455566,
    9.266691207885742
  ]
}