{
  "dominant_freq": [
    0.10492778993435446,
    4.362721518987342,
    2.4102189473684206
  ],
  "amp_mean_x": [
    0.6354227662086487,
    0.6505565047264099,
    0.4230356216430664
  ],
  "amp_mean_y": [
    0.8913130164146423,
    0.5771679878234863,
    0.5369828343391418
  ],
  "symmetry_ratio": [
    0.7129064202308655,
    1.1271528005599976,
    0.7878010272979736
  ],
  "energy_distribution": [
    0.3515937626361847,
    0.18547135591506958,
    0.23344454169273376
  ],
  "motion_stability": [
    6.550151824951172,
    3.019876480102539,
    1.9171795845031738
  ],
  "freq_entropy": [
    8.857285499572754,
    9.114751815795898,
    8.972464561462402
  ]
}