{
  "dominant_freq": [
    3.670886075949367,
    0.16421052631578947,
    0.8851422550052688
  ],
  "amp_mean_x": [
    0.7635079622268677,
    0.58510422706604,
    0.24162423610687256
  ],
  "amp_mean_y": [
    0.4172692894935608,
    0.47490277886390686,
    0.19567301869392395
  ],
  "symmetry_ratio": [
    1.829772710800171,
    1.2320505380630493,
    1.2348368167877197
  ],
  "energy_distribution": [
    0.177092045545578,
    0.392313688993454,
    0.28598809242248535
  ],
  "motion_stability": [
    1.884586215019226,
    3.085329055786133,
    4.7978010177612305
  ],
  "freq_entropy": [
    9.004952430725098,
    8.695061683654785,
    9.078857421875
  ]
}