{
  "dominant_freq": [
    0.984277894736842,
    0.2649978947368421,
    4.147746835443038
  ],
  "amp_mean_x": [
    0.22771066427230835,
    0.35375314950942993,
    0.3599972724914551
  ],
  "amp_mean_y": [
    0.14435483515262604,
    0.20611034333705902,
    0.2294795960187912
  ],
  "symmetry_ratio": [
    1.5774370431900024,
    1.7163289785385132,
    1.568755030632019
  ],
  "energy_distribution": [
    0.30051690340042114,
    0.4078748822212219,
    0.18763861060142517
  ],
  "motion_stability": [
    3.5522305965423584,
    2.387965440750122,
    3.201941967010498
  ],
  "freq_entropy": [
    8.616134643554688,
    8.842426300048828,
    9.302929878234863
  ]
}