{
  "dominant_freq": [
    2.842507030936119,
    0.10601777059773829
  ],
  "amp_mean_x": [
    1.0996246337890625,
    1.396511435508728
  ],
  "amp_mean_y": [
    0.8250725269317627,
    0.9386465549468994
  ],
  "symmetry_ratio": [
    1.3327611684799194,
    1.4877926111221313
  ],
  "energy_distribution": [
    0.2504318058490753,
    0.48935574293136597
  ],
  "motion_stability": [
    2.2170932292938232,
    3.201747417449951
  ],
  "freq_entropy": [
    10.337129592895508,
    9.347969055175781
  ]
}