{
  "dominant_freq": [
    0.10947956153435605,
    5.612569248932886
  ],
  "amp_mean_x": [
    0.4295402467250824,
    0.12533660233020782
  ],
  "amp_mean_y": [
    0.7216800451278687,
    0.33449897170066833
  ],
  "symmetry_ratio": [
    0.5951948761940002,
    0.37469950318336487
  ],
  "energy_distribution": [
    0.5317491888999939,
    0.17601965367794037
  ],
  "motion_stability": [
    3.707334518432617,
    2.338287115097046
  ],
  "freq_entropy": [
    8.378868103027344,
    9.261545181274414
  ]
}