{
  "dominant_freq": [
    3.7302813299232733,
    3.1372851063829783
  ],
  "amp_mean_x": [
    0.6211289167404175,
    0.4166363775730133
  ],
  "amp_mean_y": [
    0.7702131867408752,
    0.7090110778808594
  ],
  "symmetry_ratio": [
    0.8064376711845398,
    0.5876302719116211
  ],
  "energy_distribution": [
    0.28196144104003906,
    0.2491685152053833
  ],
  "motion_stability": [
    3.0771729946136475,
    1.8849122524261475
  ],
  "freq_entropy": [
    10.04334831237793,
    10.300329208374023
  ]
}