{
  "dominant_freq": [
    3.3138257142857146,
    0.11131714285714286
  ],
  "amp_mean_x": [
    0.18503324687480927,
    0.21910548210144043
  ],
  "amp_mean_y": [
    0.23020793497562408,
    0.2846963107585907
  ],
  "symmetry_ratio": [
    0.8037657141685486,
    0.7696112394332886
  ],
  "energy_distribution": [
    0.26881662011146545,
    0.21174469590187073
  ],
  "motion_stability": [
    1.5506465435028076,
    1.274137258529663
  ],
  "freq_entropy": [
    9.314205169677734,
    9.556049346923828
  ]
}