{
  "dominant_freq": [
    2.93706,
    1.165359256128487
  ],
  "amp_mean_x": [
    0.3745552897453308,
    0.9815039038658142
  ],
  "amp_mean_y": [
    0.5189281702041626,
    2.564216136932373
  ],
  "symmetry_ratio": [
    0.721786379814148,
    0.38276955485343933
  ],
  "energy_distribution": [
    0.1885000765323639,
    0.22322602570056915
  ],
  "motion_stability": [
    1.911875605583191,
    2.3853423595428467
  ],
  "freq_entropy": [
    9.207952499389648,
    9.36129093170166
  ]
}