{
  "dominant_freq": [
    2.4083035714285708,
    0.7213409742120342,
    4.298554285714286,
    0.29113714285714287
  ],
  "amp_mean_x": [
    0.889529824256897,
    0.12000306695699692,
    0.11317617446184158,
    0.08816881477832794
  ],
  "amp_mean_y": [
    1.8347105979919434,
    0.09632477909326553,
    0.08126604557037354,
    0.08798898756504059
  ],
  "symmetry_ratio": [
    0.48483386635780334,
    1.2458171844482422,
    1.392662525177002,
    1.0020437240600586
  ],
  "energy_distribution": [
    0.24553899466991425,
    0.3085640072822571,
    0.19046828150749207,
    0.31937772035598755
  ],
  "motion_stability": [
    4.137169361114502,
    2.7006449699401855,
    1.04269540309906,
    1.0576791763305664
  ],
  "freq_entropy": [
    8.47745132446289,
    8.637417793273926,
    8.52204418182373,
    8.38504409790039
  ]
}