{
  "dominant_freq": [
    0.7294825531914892,
    0.2907727659574468,
    4.693174468085106
  ],
  "amp_mean_x": [
    0.11720765382051468,
    0.12760017812252045,
    0.23921236395835876
  ],
  "amp_mean_y": [
    0.1698291301727295,
    0.17255248129367828,
    0.33484697341918945
  ],
  "symmetry_ratio": [
    0.6901504397392273,
    0.7394862174987793,
    0.7143930792808533
  ],
  "energy_distribution": [
    0.23723287880420685,
    0.21356669068336487,
    0.2156629115343094
  ],
  "motion_stability": [
    1.4132698774337769,
    1.3987677097320557,
    1.6750810146331787
  ],
  "freq_entropy": [
    10.375362396240234,
    10.184675216674805,
    10.303679466247559
  ]
}