{
  "dominant_freq": [
    3.7248428571428573,
    4.8141465517241375
  ],
  "amp_mean_x": [
    0.25759002566337585,
    1.050086498260498
  ],
  "amp_mean_y": [
    0.17233587801456451,
    1.1437158584594727
  ],
  "symmetry_ratio": [
    1.4946975708007812,
    0.9181358218193054
  ],
  "energy_distribution": [
    0.20498372614383698,
    0.295827180147171
  ],
  "motion_stability": [
    1.4786872863769531,
    4.737528324127197
  ],
  "freq_entropy": [
    9.56321907043457,
    9.061267852783203
  ]
}