{
  "dominant_freq": [
    1.081168831168831,
    1.574181818181818
  ],
  "amp_mean_x": [
    0.6311150193214417,
    1.2274991273880005
  ],
  "amp_mean_y": [
    1.1578681468963623,
    2.4255006313323975
  ],
  "symmetry_ratio": [
    0.5450664162635803,
    0.5060807466506958
  ],
  "energy_distribution": [
    0.1937943994998932,
    0.2311372458934784
  ],
  "motion_stability": [
    3.45127010345459,
    3.071136236190796
  ],
  "freq_entropy": [
    9.713027954101562,
    9.57503890991211
  ]
}