{
  "dominant_freq": [
    5.135000000000001
  ],
  "amp_mean_x": [
    0.24251413345336914
  ],
  "amp_mean_y": [
    0.49926844239234924
  ],
  "symmetry_ratio": [
    0.48573896288871765
  ],
  "energy_distribution": [
    0.17278003692626953
  ],
  "motion_stability": [
    2.0588226318359375
  ],
  "freq_entropy": [
    10.377107620239258
  ]
}