{
  "dominant_freq": [
    0.505,
    0.5,
    3.363433441558442
  ],
  "amp_mean_x": [
    0.19962568581104279,
    0.24730126559734344,
    0.670711100101471
  ],
  "amp_mean_y": [
    0.19565120339393616,
    0.4600975513458252,
    1.7271625995635986
  ],
  "symmetry_ratio": [
    1.02031409740448,
    0.5374974608421326,
    0.38833117485046387
  ],
  "energy_distribution": [
    0.2550305426120758,
    0.3954195976257324,
    0.29273611307144165
  ],
  "motion_stability": [
    1.8308489322662354,
    1.392543911933899,
    3.5338592529296875
  ],
  "freq_entropy": [
    10.279729843139648,
    9.402894020080566,
    10.275345802307129
  ]
}