{
  "dominant_freq": [
    0.13446432773438813,
    8.471802639898694
  ],
  "amp_mean_x": [
    0.935321033000946,
    0.38456976413726807
  ],
  "amp_mean_y": [
    1.7805590629577637,
    1.1354820728302002
  ],
  "symmetry_ratio": [
    0.5252962708473206,
    0.3386841416358948
  ],
  "energy_distribution": [
    0.31446388363838196,
    0.24289727210998535
  ],
  "motion_stability": [
    4.427578926086426,
    4.438644886016846
  ],
  "freq_entropy": [
    10.186914443969727,
    10.372846603393555
  ]
}