{
  "dominant_freq": [
    0.5067567567567568,
    0.5202702702702703
  ],
  "amp_mean_x": [
    0.11787548661231995,
    0.08378119021654129
  ],
  "amp_mean_y": [
    0.11743736267089844,
    0.18972179293632507
  ],
  "symmetry_ratio": [
    1.0037306547164917,
    0.4416002333164215
  ],
  "energy_distribution": [
    0.23405475914478302,
    0.22808827459812164
  ],
  "motion_stability": [
    1.3382880687713623,
    1.4933159351348877
  ],
  "freq_entropy": [
    9.853971481323242,
    9.86476993560791
  ]
}