{
  "dominant_freq": [
    4.780570396033265,
    0.4680004680004679
  ],
  "amp_mean_x": [
    0.7730669975280762,
    0.5593336224555969
  ],
  "amp_mean_y": [
    1.1161285638809204,
    0.9069907665252686
  ],
  "symmetry_ratio": [
    0.6926325559616089,
    0.6166916489601135
  ],
  "energy_distribution": [
    0.21058784425258636,
    0.370906800031662
  ],
  "motion_stability": [
    4.984013557434082,
    1.5634737014770508
  ],
  "freq_entropy": [
    9.04949951171875,
    8.459235191345215
  ]
}