{
  "dominant_freq": [
    0.10275428571428571,
    0.1371036454610436
  ],
  "amp_mean_x": [
    0.06873726099729538,
    0.15867777168750763
  ],
  "amp_mean_y": [
    0.13102059066295624,
    0.3163244128227234
  ],
  "symmetry_ratio": [
    0.5246294736862183,
    0.5016298890113831
  ],
  "energy_distribution": [
    0.2685694694519043,
    0.4253290593624115
  ],
  "motion_stability": [
    2.0651888847351074,
    2.9627718925476074
  ],
  "freq_entropy": [
    9.265127182006836,
    9.13950252532959
  ]
}