{
  "dominant_freq": [
    8.40421894736842,
    1.9323181336161186,
    2.3737300884955745
  ],
  "amp_mean_x": [
    1.199298620223999,
    1.8853341341018677,
    3.3179662227630615
  ],
  "amp_mean_y": [
    1.5473597049713135,
    1.5676064491271973,
    5.1219000816345215
  ],
  "symmetry_ratio": [
    0.775061309337616,
    1.2026833295822144,
    0.6477998495101929
  ],
  "energy_distribution": [
    0.19906830787658691,
    0.25434887409210205,
    0.15820547938346863
  ],
  "motion_stability": [
    2.0420427322387695,
    2.0600948333740234,
    2.209648847579956
  ],
  "freq_entropy": [
    9.034236907958984,
    9.035810470581055,
    8.924083709716797
  ]
}