{
  "dominant_freq": [
    3.1939457142857144,
    2.022278770550393
  ],
  "amp_mean_x": [
    0.36962324380874634,
    0.7984800338745117
  ],
  "amp_mean_y": [
    0.6932409405708313,
    1.0422303676605225
  ],
  "symmetry_ratio": [
    0.5331814885139465,
    0.7661262154579163
  ],
  "energy_distribution": [
    0.2128649801015854,
    0.2560848295688629
  ],
  "motion_stability": [
    2.640472412109375,
    3.722860813140869
  ],
  "freq_entropy": [
    9.512868881225586,
    9.176389694213867
  ]
}