{
  "dominant_freq": [
    2.0700590163934423,
    1.034753684210526,
    0.2908481012658228
  ],
  "amp_mean_x": [
    3.068472146987915,
    0.5717251300811768,
    0.2169753909111023
  ],
  "amp_mean_y": [
    3.681044101715088,
    0.28524667024612427,
    0.22626343369483948
  ],
  "symmetry_ratio": [
    0.8335874676704407,
    2.0043182373046875,
    0.9589503407478333
  ],
  "energy_distribution": [
    0.3033776581287384,
    0.2095508724451065,
    0.310683012008667
  ],
  "motion_stability": [
    2.403419017791748,
    2.3509621620178223,
    1.4391331672668457
  ],
  "freq_entropy": [
    8.672560691833496,
    8.98573112487793,
    8.729757308959961
  ]
}