{
  "dominant_freq": [
    0.7107171428571428,
    0.2997
  ],
  "amp_mean_x": [
    0.27295783162117004,
    0.17516042292118073
  ],
  "amp_mean_y": [
    0.2675732970237732,
    0.26077499985694885
  ],
  "symmetry_ratio": [
    1.0201236009597778,
    0.6716917753219604
  ],
  "energy_distribution": [
    0.23655332624912262,
    0.24620778858661652
  ],
  "motion_stability": [
    0.9852859377861023,
    1.2087535858154297
  ],
  "freq_entropy": [
    9.531645774841309,
    9.44771671295166
  ]
}