{
  "dominant_freq": [
    5.073483427141963,
    0.4924953095684803
  ],
  "amp_mean_x": [
    0.1074429526925087,
    0.3949557840824127
  ],
  "amp_mean_y": [
    0.12406779825687408,
    0.27650344371795654
  ],
  "symmetry_ratio": [
    0.8660019040107727,
    1.4283937215805054
  ],
  "energy_distribution": [
    0.20945683121681213,
    0.2240511178970337
  ],
  "motion_stability": [
    1.3559211492538452,
    1.0526303052902222
  ],
  "freq_entropy": [
    9.511591911315918,
    9.586355209350586
  ]
}