{
  "dominant_freq": [
    0.44381150764129484,
    0.46421663442940037
  ],
  "amp_mean_x": [
    0.14432254433631897,
    0.2657690942287445
  ],
  "amp_mean_y": [
    0.23049989342689514,
    0.32562366127967834
  ],
  "symmetry_ratio": [
    0.6261284351348877,
    0.8161848187446594
  ],
  "energy_distribution": [
    0.264541357755661,
    0.21965740621089935
  ],
  "motion_stability": [
    1.387646198272705,
    1.260021448135376
  ],
  "freq_entropy": [
    10.261154174804688,
    10.21357250213623
  ]
}