{
  "dominant_freq": [
    0.12875536480686695,
    0.13733905579399142
  ],
  "amp_mean_x": [
    0.21923987567424774,
    0.2585113048553467
  ],
  "amp_mean_y": [
    0.5509778261184692,
    1.0781095027923584
  ],
  "symmetry_ratio": [
    0.39791053533554077,
    0.23978205025196075
  ],
  "energy_distribution": [
    0.27936264872550964,
    0.41309091448783875
  ],
  "motion_stability": [
    2.546412944793701,
    2.1519808769226074
  ],
  "freq_entropy": [
    9.49209976196289,
    9.162729263305664
  ]
}