{
  "dominant_freq": [
    0.6940421052631578,
    1.6783199999999998,
    3.129498947368421
  ],
  "amp_mean_x": [
    0.22173947095870972,
    0.2036229968070984,
    0.12011411786079407
  ],
  "amp_mean_y": [
    0.26271626353263855,
    0.2318568229675293,
    0.14268940687179565
  ],
  "symmetry_ratio": [
    0.8440264463424683,
    0.8782272934913635,
    0.8417872190475464
  ],
  "energy_distribution": [
    0.2722938358783722,
    0.12448164075613022,
    0.20502829551696777
  ],
  "motion_stability": [
    2.4502739906311035,
    1.8372583389282227,
    2.088956832885742
  ],
  "freq_entropy": [
    9.178328514099121,
    9.025238037109375,
    9.02353286743164
  ]
}