{
  "dominant_freq": [
    4.670324999999999,
    2.6473499999999994
  ],
  "amp_mean_x": [
    0.11161565035581589,
    0.1821708381175995
  ],
  "amp_mean_y": [
    0.1693626344203949,
    0.19717662036418915
  ],
  "symmetry_ratio": [
    0.659033477306366,
    0.9238967299461365
  ],
  "energy_distribution": [
    0.25349217653274536,
    0.358868807554245
  ],
  "motion_stability": [
    1.8591299057006836,
    1.4074256420135498
  ],
  "freq_entropy": [
    8.845430374145508,
    8.445894241333008
  ]
}