{
  "dominant_freq": [
    0.29333333333333333,
    0.12013348164627366,
    0.10702341137123746
  ],
  "amp_mean_x": [
    0.10441016405820847,
    0.48278701305389404,
    0.33153319358825684
  ],
  "amp_mean_y": [
    0.26134738326072693,
    1.0936750173568726,
    1.0693299770355225
  ],
  "symmetry_ratio": [
    0.39950722455978394,
    0.4414355456829071,
    0.3100382387638092
  ],
  "energy_distribution": [
    0.2136508822441101,
    0.4290018081665039,
    0.31517866253852844
  ],
  "motion_stability": [
    1.0291788578033447,
    2.01892352104187,
    0.8930315375328064
  ],
  "freq_entropy": [
    8.866169929504395,
    8.60629653930664,
    8.751021385192871
  ]
}