{
  "dominant_freq": [
    2.263718670076726,
    0.43733047210300424,
    0.10744686299615877
  ],
  "amp_mean_x": [
    0.9523134827613831,
    1.0179564952850342,
    1.0796469449996948
  ],
  "amp_mean_y": [
    0.5848824381828308,
    1.2690494060516357,
    1.6861886978149414
  ],
  "symmetry_ratio": [
    1.6282135248184204,
    0.8021409511566162,
    0.6402883529663086
  ],
  "energy_distribution": [
    0.29560086131095886,
    0.31995174288749695,
    0.41302400827407837
  ],
  "motion_stability": [
    2.4924848079681396,
    2.6489524841308594,
    2.6230170726776123
  ],
  "freq_entropy": [
    10.278353691101074,
    10.232276916503906,
    9.669055938720703
  ]
}