{
  "dominant_freq": [
    0.11436947094535993,
    4.893689345314505,
    1.8742451943613838
  ],
  "amp_mean_x": [
    1.5527477264404297,
    0.8234915137290955,
    0.11792513728141785
  ],
  "amp_mean_y": [
    1.737261176109314,
    2.8106744289398193,
    1.0370806455612183
  ],
  "symmetry_ratio": [
    0.893790602684021,
    0.2929871678352356,
    0.1137087419629097
  ],
  "energy_distribution": [
    0.2599870562553406,
    0.2072577029466629,
    0.24296952784061432
  ],
  "motion_stability": [
    2.7582178115844727,
    2.193800449371338,
    1.3028428554534912
  ],
  "freq_entropy": [
    10.159753799438477,
    10.260329246520996,
    10.194028854370117
  ]
}