{
  "dominant_freq": [
    0.36941023979261184,
    0.3698896820246593
  ],
  "amp_mean_x": [
    0.9745105504989624,
    0.7681117057800293
  ],
  "amp_mean_y": [
    1.2479256391525269,
    0.9960615634918213
  ],
  "symmetry_ratio": [
    0.7809043526649475,
    0.7711488008499146
  ],
  "energy_distribution": [
    0.2538395822048187,
    0.37713778018951416
  ],
  "motion_stability": [
    2.9947094917297363,
    2.8608574867248535
  ],
  "freq_entropy": [
    9.328916549682617,
    9.222585678100586
  ]
}