{
  "dominant_freq": [
    0.14511609287429944,
    1.5769385295299319
  ],
  "amp_mean_x": [
    0.8792993426322937,
    1.0980714559555054
  ],
  "amp_mean_y": [
    1.249851107597351,
    1.1044636964797974
  ],
  "symmetry_ratio": [
    0.7035232782363892,
    0.9942123293876648
  ],
  "energy_distribution": [
    0.2792341113090515,
    0.334518700838089
  ],
  "motion_stability": [
    3.7873058319091797,
    3.2025504112243652
  ],
  "freq_entropy": [
    10.296141624450684,
    9.841785430908203
  ]
}