{
  "dominant_freq": [
    3.93984,
    3.635809119830329,
    4.0508553326293555
  ],
  "amp_mean_x": [
    0.6324479579925537,
    1.7985345125198364,
    0.6664241552352905
  ],
  "amp_mean_y": [
    1.7879865169525146,
    2.302706003189087,
    0.723957896232605
  ],
  "symmetry_ratio": [
    0.3537207543849945,
    0.7810525894165039,
    0.9205288887023926
  ],
  "energy_distribution": [
    0.6015851497650146,
    0.20876212418079376,
    0.18885791301727295
  ],
  "motion_stability": [
    4.912025451660156,
    5.018886566162109,
    4.621840476989746
  ],
  "freq_entropy": [
    8.551660537719727,
    9.107181549072266,
    9.18993854522705
  ]
}