{
  "dominant_freq": [
    0.7396851063829786,
    2.3516885106382976
  ],
  "amp_mean_x": [
    0.11073707044124603,
    0.0769970640540123
  ],
  "amp_mean_y": [
    0.17488893866539001,
    0.17616547644138336
  ],
  "symmetry_ratio": [
    0.633185088634491,
    0.43707236647605896
  ],
  "energy_distribution": [
    0.6123209595680237,
    0.3288814127445221
  ],
  "motion_stability": [
    9.303582191467285,
    5.117371559143066
  ],
  "freq_entropy": [
    9.627269744873047,
    10.478052139282227
  ]
}