{
  "dominant_freq": [
    1.1566581899775616,
    4.270403433476394
  ],
  "amp_mean_x": [
    1.5936988592147827,
    0.14668087661266327
  ],
  "amp_mean_y": [
    3.312567949295044,
    0.23164114356040955
  ],
  "symmetry_ratio": [
    0.4811067581176758,
    0.633224606513977
  ],
  "energy_distribution": [
    0.4225628972053528,
    0.20087116956710815
  ],
  "motion_stability": [
    4.94394588470459,
    1.5903820991516113
  ],
  "freq_entropy": [
    9.114156723022461,
    9.487483024597168
  ]
}