{
  "dominant_freq": [
    0.1,
    0.11,
    0.1101101101101101
  ],
  "amp_mean_x": [
    0.4325655996799469,
    0.2806737422943115,
    0.2968437373638153
  ],
  "amp_mean_y": [
    0.4211190640926361,
    0.4132634997367859,
    0.2826729416847229
  ],
  "symmetry_ratio": [
    1.0271812677383423,
    0.6791641116142273,
    1.0501314401626587
  ],
  "energy_distribution": [
    0.3009200692176819,
    0.43110543489456177,
    0.26594796776771545
  ],
  "motion_stability": [
    2.0692660808563232,
    2.0447583198547363,
    1.7510099411010742
  ],
  "freq_entropy": [
    10.210151672363281,
    9.754188537597656,
    10.232685089111328
  ]
}