{
  "dominant_freq": [
    3.3211731509191957,
    4.197348837209302
  ],
  "amp_mean_x": [
    0.6143075227737427,
    1.0680829286575317
  ],
  "amp_mean_y": [
    1.0869475603103638,
    1.2480791807174683
  ],
  "symmetry_ratio": [
    0.5651676058769226,
    0.8557813763618469
  ],
  "energy_distribution": [
    0.25125807523727417,
    0.33766481280326843
  ],
  "motion_stability": [
    6.708802700042725,
    4.609865188598633
  ],
  "freq_entropy": [
    9.760284423828125,
    9.683526992797852
  ]
}