{
  "dominant_freq": [
    3.6758422300590974,
    1.7938791977253516
  ],
  "amp_mean_x": [
    3.1128432750701904,
    3.065504789352417
  ],
  "amp_mean_y": [
    7.374532222747803,
    6.486745834350586
  ],
  "symmetry_ratio": [
    0.4221072196960449,
    0.4725797474384308
  ],
  "energy_distribution": [
    0.19063909351825714,
    0.22075432538986206
  ],
  "motion_stability": [
    2.4292490482330322,
    2.4609718322753906
  ],
  "freq_entropy": [
    9.81037712097168,
    9.759269714355469
  ]
}