{
  "dominant_freq": [
    2.9495290390707494,
    0.4669010526315789,
    0.2776168421052631
  ],
  "amp_mean_x": [
    0.3710440397262573,
    0.2023201584815979,
    0.1471063196659088
  ],
  "amp_mean_y": [
    0.6006609797477722,
    0.38902831077575684,
    0.18398238718509674
  ],
  "symmetry_ratio": [
    0.61772620677948,
    0.5200653672218323,
    0.7995674014091492
  ],
  "energy_distribution": [
    0.21818435192108154,
    0.2770432233810425,
    0.26230353116989136
  ],
  "motion_stability": [
    2.831974983215332,
    1.7108898162841797,
    1.6624810695648193
  ],
  "freq_entropy": [
    9.024723052978516,
    8.565593719482422,
    8.721084594726562
  ]
}