{
  "dominant_freq": [
    4.004421496311907,
    0.3154736842105263,
    2.183077894736842
  ],
  "amp_mean_x": [
    0.17218269407749176,
    0.1445840299129486,
    0.14717137813568115
  ],
  "amp_mean_y": [
    0.2076660692691803,
    0.15498030185699463,
    0.1440286487340927
  ],
  "symmetry_ratio": [
    0.8291325569152832,
    0.9329187273979187,
    1.0218201875686646
  ],
  "energy_distribution": [
    0.28360891342163086,
    0.21940076351165771,
    0.18915942311286926
  ],
  "motion_stability": [
    2.181697130203247,
    1.861402988433838,
    1.680272102355957
  ],
  "freq_entropy": [
    9.100395202636719,
    9.017986297607422,
    9.081001281738281
  ]
}