{
  "dominant_freq": [
    5.511907447391318,
    3.956760575035554
  ],
  "amp_mean_x": [
    1.0467783212661743,
    0.9187237024307251
  ],
  "amp_mean_y": [
    1.2909979820251465,
    0.8956258296966553
  ],
  "symmetry_ratio": [
    0.8108288049697876,
    1.0257896184921265
  ],
  "energy_distribution": [
    0.18299591541290283,
    0.1767965406179428
  ],
  "motion_stability": [
    3.667881488800049,
    3.798434019088745
  ],
  "freq_entropy": [
    10.332335472106934,
    10.236635208129883
  ]
}