{
  "dominant_freq": [
    0.11357052631578946,
    4.3333246753246755,
    2.5868842105263155
  ],
  "amp_mean_x": [
    0.11309447884559631,
    0.4678705036640167,
    0.20867107808589935
  ],
  "amp_mean_y": [
    0.14145269989967346,
    1.650696873664856,
    0.7050179243087769
  ],
  "symmetry_ratio": [
    0.7995215058326721,
    0.28343817591667175,
    0.2959798276424408
  ],
  "energy_distribution": [
    0.3090924620628357,
    0.29609036445617676,
    0.2796703279018402
  ],
  "motion_stability": [
    1.5539252758026123,
    2.692906618118286,
    5.418323040008545
  ],
  "freq_entropy": [
    8.592119216918945,
    8.995099067687988,
    9.009368896484375
  ]
}