{
  "dominant_freq": [
    5.05319922795651,
    0.11517705673029933
  ],
  "amp_mean_x": [
    0.5345825552940369,
    0.6487081050872803
  ],
  "amp_mean_y": [
    0.8658705949783325,
    1.3775315284729004
  ],
  "symmetry_ratio": [
    0.6173931360244751,
    0.4709206819534302
  ],
  "energy_distribution": [
    0.18862071633338928,
    0.24657587707042694
  ],
  "motion_stability": [
    2.287914276123047,
    1.2816437482833862
  ],
  "freq_entropy": [
    9.404568672180176,
    9.2620210647583
  ]
}