{
  "dominant_freq": [
    0.22057942057942057,
    0.4703063149820556
  ],
  "amp_mean_x": [
    0.256147176027298,
    0.30937209725379944
  ],
  "amp_mean_y": [
    0.21827895939350128,
    0.28616929054260254
  ],
  "symmetry_ratio": [
    1.1734853982925415,
    1.081080675125122
  ],
  "energy_distribution": [
    0.3057691156864166,
    0.29931125044822693
  ],
  "motion_stability": [
    3.668329954147339,
    2.039653778076172
  ],
  "freq_entropy": [
    9.254100799560547,
    9.183536529541016
  ]
}