{
  "dominant_freq": [
    1.1023489932885906
  ],
  "amp_mean_x": [
    0.5136240124702454
  ],
  "amp_mean_y": [
    0.5251672267913818
  ],
  "symmetry_ratio": [
    0.9780199527740479
  ],
  "energy_distribution": [
    0.18680629134178162
  ],
  "motion_stability": [
    3.8787131309509277
  ],
  "freq_entropy": [
    10.30605697631836
  ]
}