{
  "dominant_freq": [
    3.385,
    0.1261564339781329
  ],
  "amp_mean_x": [
    0.14665189385414124,
    0.4698120951652527
  ],
  "amp_mean_y": [
    0.16341404616832733,
    0.6366503238677979
  ],
  "symmetry_ratio": [
    0.8974252939224243,
    0.737943708896637
  ],
  "energy_distribution": [
    0.14720027148723602,
    0.600272536277771
  ],
  "motion_stability": [
    5.751643657684326,
    4.973309516906738
  ],
  "freq_entropy": [
    10.403724670410156,
    9.624334335327148
  ]
}