{
  "dominant_freq": [
    1.1474228571428573,
    4.7951999999999995
  ],
  "amp_mean_x": [
    0.18562617897987366,
    0.2747011184692383
  ],
  "amp_mean_y": [
    0.20338815450668335,
    0.3123866617679596
  ],
  "symmetry_ratio": [
    0.9126695394515991,
    0.8793625235557556
  ],
  "energy_distribution": [
    0.2081487476825714,
    0.20803800225257874
  ],
  "motion_stability": [
    1.7222988605499268,
    3.532240390777588
  ],
  "freq_entropy": [
    9.568257331848145,
    9.586304664611816
  ]
}