{
  "dominant_freq": [
    3.374499332443258,
    1.045,
    0.5,
    2.13
  ],
  "amp_mean_x": [
    0.8250043988227844,
    0.29683855175971985,
    0.1388121098279953,
    0.2633834183216095
  ],
  "amp_mean_y": [
    1.165496826171875,
    0.3267382085323334,
    0.27465805411338806,
    0.2957397997379303
  ],
  "symmetry_ratio": [
    0.7078564167022705,
    0.9084904789924622,
    0.505399763584137,
    0.8905917406082153
  ],
  "energy_distribution": [
    0.24090464413166046,
    0.3119274079799652,
    0.30599427223205566,
    0.3146325349807739
  ],
  "motion_stability": [
    2.184403419494629,
    3.1962640285491943,
    1.4896750450134277,
    1.5666996240615845
  ],
  "freq_entropy": [
    9.946489334106445,
    9.9834623336792,
    9.844752311706543,
    9.782496452331543
  ]
}