{
  "dominant_freq": [
    0.1
  ],
  "amp_mean_x": [
    0.14098642766475677
  ],
  "amp_mean_y": [
    0.17568646371364594
  ],
  "symmetry_ratio": [
    0.8024888634681702
  ],
  "energy_distribution": [
    0.3585033118724823
  ],
  "motion_stability": [
    3.0421054363250732
  ],
  "freq_entropy": [
    10.175762176513672
  ]
}