{
  "dominant_freq": [
    1.8229175257731958,
    0.2922651839178785,
    3.262459563543004,
    2.331142004264392
  ],
  "amp_mean_x": [
    0.6945387721061707,
    1.131263017654419,
    1.2146939039230347,
    1.2881721258163452
  ],
  "amp_mean_y": [
    0.9334211349487305,
    0.9293126463890076,
    1.2427557706832886,
    0.7945047616958618
  ],
  "symmetry_ratio": [
    0.7440786957740784,
    1.2173115015029907,
    0.9774196743965149,
    1.6213523149490356
  ],
  "energy_distribution": [
    0.2559017241001129,
    0.2693595886230469,
    0.23981966078281403,
    0.47799354791641235
  ],
  "motion_stability": [
    2.680600166320801,
    2.478212833404541,
    2.4213056564331055,
    3.2001700401306152
  ],
  "freq_entropy": [
    10.26144790649414,
    10.101153373718262,
    10.271519660949707,
    9.135713577270508
  ]
}