{
  "dominant_freq": [
    8.355584315517538,
    0.11034990114488022
  ],
  "amp_mean_x": [
    0.21610979735851288,
    1.2554612159729004
  ],
  "amp_mean_y": [
    0.28484174609184265,
    1.922217607498169
  ],
  "symmetry_ratio": [
    0.7587012648582458,
    0.6531316637992859
  ],
  "energy_distribution": [
    0.149091437458992,
    0.4060100018978119
  ],
  "motion_stability": [
    3.7485485076904297,
    5.392709732055664
  ],
  "freq_entropy": [
    9.376869201660156,
    9.045510292053223
  ]
}