{
  "dominant_freq": [
    0.5426147368421051,
    1.2871326315789473,
    0.5426147368421051
  ],
  "amp_mean_x": [
    0.09097348898649216,
    0.06529334932565689,
    0.04381665959954262
  ],
  "amp_mean_y": [
    0.07213038951158524,
    0.1072113886475563,
    0.06036454811692238
  ],
  "symmetry_ratio": [
    1.2612366676330566,
    0.6090150475502014,
    0.7258674502372742
  ],
  "energy_distribution": [
    0.2316305935382843,
    0.22126182913780212,
    0.2143232673406601
  ],
  "motion_stability": [
    1.3231616020202637,
    1.0615873336791992,
    1.1821284294128418
  ],
  "freq_entropy": [
    8.892776489257812,
    8.922975540161133,
    8.860925674438477
  ]
}