{
  "dominant_freq": [
    3.1315958083832336,
    4.446458181818182
  ],
  "amp_mean_x": [
    2.0808217525482178,
    1.2750601768493652
  ],
  "amp_mean_y": [
    5.420547008514404,
    2.042795181274414
  ],
  "symmetry_ratio": [
    0.3838767111301422,
    0.6241742372512817
  ],
  "energy_distribution": [
    0.18028847873210907,
    0.21857163310050964
  ],
  "motion_stability": [
    2.238856315612793,
    3.3334779739379883
  ],
  "freq_entropy": [
    9.365195274353027,
    9.368322372436523
  ]
}