{
  "dominant_freq": [
    0.10275428571428571,
    0.7706571428571429
  ],
  "amp_mean_x": [
    0.09819793701171875,
    0.2199002504348755
  ],
  "amp_mean_y": [
    0.1696995049715042,
    0.42141252756118774
  ],
  "symmetry_ratio": [
    0.5786577463150024,
    0.5218170881271362
  ],
  "energy_distribution": [
    0.4264248013496399,
    0.34753575921058655
  ],
  "motion_stability": [
    1.3280820846557617,
    1.311145305633545
  ],
  "freq_entropy": [
    8.959850311279297,
    9.30120849609375
  ]
}