{
  "dominant_freq": [
    0.5328,
    1.1988,
    0.71928,
    0.10656,
    1.1988,
    0.50616
  ],
  "amp_mean_x": [
    0.06065184623003006,
    0.13362887501716614,
    0.2584344446659088,
    0.13895514607429504,
    0.07161411643028259,
    0.06471678614616394
  ],
  "amp_mean_y": [
    0.09575886279344559,
    0.08132900297641754,
    0.1662578284740448,
    0.14140652120113373,
    0.07805720716714859,
    0.06885423511266708
  ],
  "symmetry_ratio": [
    0.6333810091018677,
    1.6430654525756836,
    1.554419755935669,
    0.9826643466949463,
    0.9174568057060242,
    0.9399100542068481
  ],
  "energy_distribution": [
    0.2936461567878723,
    0.29207518696784973,
    0.2541150152683258,
    0.2852715253829956,
    0.2881290912628174,
    0.282570481300354
  ],
  "motion_stability": [
    1.3572520017623901,
    1.4190688133239746,
    1.3630608320236206,
    1.5729202032089233,
    1.3079729080200195,
    1.369241714477539
  ],
  "freq_entropy": [
    7.797328472137451,
    7.644664764404297,
    7.775851726531982,
    7.729290008544922,
    7.756585597991943,
    7.843206405639648
  ]
}