{
  "dominant_freq": [
    3.9789957446808506,
    1.7344340425531912,
    0.46931744680851056,
    0.5101276595744679
  ],
  "amp_mean_x": [
    0.15765811502933502,
    0.3346679210662842,
    0.22373129427433014,
    0.35246142745018005
  ],
  "amp_mean_y": [
    0.17751701176166534,
    0.4519171714782715,
    0.4741911292076111,
    0.3703731894493103
  ],
  "symmetry_ratio": [
    0.8881295919418335,
    0.7405514717102051,
    0.47181668877601624,
    0.9516386389732361
  ],
  "energy_distribution": [
    0.35366082191467285,
    0.22735942900180817,
    0.26399141550064087,
    0.20711199939250946
  ],
  "motion_stability": [
    2.466888427734375,
    2.0724706649780273,
    1.9088537693023682,
    1.796357274055481
  ],
  "freq_entropy": [
    10.001137733459473,
    10.276347160339355,
    10.253286361694336,
    10.31383228302002
  ]
}