{
  "dominant_freq": [
    2.534605714285714,
    0.5062934860415176
  ],
  "amp_mean_x": [
    0.5104528665542603,
    1.6114938259124756
  ],
  "amp_mean_y": [
    0.4968269467353821,
    1.485099196434021
  ],
  "symmetry_ratio": [
    1.0274258852005005,
    1.0851085186004639
  ],
  "energy_distribution": [
    0.2208154797554016,
    0.1898902952671051
  ],
  "motion_stability": [
    1.4880197048187256,
    1.6212742328643799
  ],
  "freq_entropy": [
    9.590900421142578,
    9.582412719726562
  ]
}