{
  "dominant_freq": [
    0.8643716798223234,
    0.44685391729093527
  ],
  "amp_mean_x": [
    0.17235298454761505,
    0.20390585064888
  ],
  "amp_mean_y": [
    0.5369183421134949,
    0.4365883469581604
  ],
  "symmetry_ratio": [
    0.32100409269332886,
    0.4670437276363373
  ],
  "energy_distribution": [
    0.3334480822086334,
    0.2811242341995239
  ],
  "motion_stability": [
    5.7930803298950195,
    4.16831636428833
  ],
  "freq_entropy": [
    10.243892669677734,
    10.255550384521484
  ]
}