{
  "dominant_freq": [
    0.31
  ],
  "amp_mean_x": [
    0.09045568108558655
  ],
  "amp_mean_y": [
    0.15627598762512207
  ],
  "symmetry_ratio": [
    0.5788201093673706
  ],
  "energy_distribution": [
    0.26374319195747375
  ],
  "motion_stability": [
    1.4016728401184082
  ],
  "freq_entropy": [
    10.215177536010742
  ]
}