{
  "dominant_freq": [
    0.11470588235294119,
    0.19383259911894274
  ],
  "amp_mean_x": [
    1.711747646331787,
    3.020684242248535
  ],
  "amp_mean_y": [
    2.6363658905029297,
    4.432143211364746
  ],
  "symmetry_ratio": [
    0.6492830514907837,
    0.681540310382843
  ],
  "energy_distribution": [
    0.26753196120262146,
    0.4183725416660309
  ],
  "motion_stability": [
    2.7306835651397705,
    1.9029130935668945
  ],
  "freq_entropy": [
    9.519796371459961,
    8.877195358276367
  ]
}