{
  "dominant_freq": [
    3.9593908629441628,
    5.884964682139254
  ],
  "amp_mean_x": [
    1.1126326322555542,
    0.9057267308235168
  ],
  "amp_mean_y": [
    2.875769853591919,
    1.8680839538574219
  ],
  "symmetry_ratio": [
    0.38689905405044556,
    0.4848426282405853
  ],
  "energy_distribution": [
    0.1929265409708023,
    0.22340050339698792
  ],
  "motion_stability": [
    1.9151551723480225,
    2.9570279121398926
  ],
  "freq_entropy": [
    9.08591079711914,
    9.092996597290039
  ]
}