{
  "dominant_freq": [
    4.70116156282999,
    1.7557894736842108,
    0.11428571428571428
  ],
  "amp_mean_x": [
    0.11962718516588211,
    0.28195062279701233,
    0.5176438689231873
  ],
  "amp_mean_y": [
    0.34494370222091675,
    0.3567599356174469,
    0.5004494786262512
  ],
  "symmetry_ratio": [
    0.3468020558357239,
    0.7903090715408325,
    1.0343579053878784
  ],
  "energy_distribution": [
    0.2160244733095169,
    0.19036346673965454,
    0.21303102374076843
  ],
  "motion_stability": [
    3.4695687294006348,
    4.884877681732178,
    4.223883628845215
  ],
  "freq_entropy": [
    9.03530502319336,
    8.93260383605957,
    8.927695274353027
  ]
}