{
  "dominant_freq": [
    5.31336898395722,
    1.7564102564102564,
    0.1136842105263158
  ],
  "amp_mean_x": [
    1.380111575126648,
    0.8083327412605286,
    0.04534534737467766
  ],
  "amp_mean_y": [
    1.1443870067596436,
    0.7030605673789978,
    0.10202367603778839
  ],
  "symmetry_ratio": [
    1.205983281135559,
    1.1497341394424438,
    0.44445905089378357
  ],
  "energy_distribution": [
    0.2821567952632904,
    0.2564769387245178,
    0.44177624583244324
  ],
  "motion_stability": [
    4.995597839355469,
    6.810482978820801,
    1.4844350814819336
  ],
  "freq_entropy": [
    8.945952415466309,
    8.89632797241211,
    8.499273300170898
  ]
}