{
  "dominant_freq": [
    5.069596069868996,
    1.4640883977900554
  ],
  "amp_mean_x": [
    1.5528838634490967,
    1.3269482851028442
  ],
  "amp_mean_y": [
    2.9204635620117188,
    2.329897880554199
  ],
  "symmetry_ratio": [
    0.5317251086235046,
    0.5695306658744812
  ],
  "energy_distribution": [
    0.11790187656879425,
    0.20405727624893188
  ],
  "motion_stability": [
    2.6595213413238525,
    1.2737891674041748
  ],
  "freq_entropy": [
    9.929569244384766,
    9.887834548950195
  ]
}