{
  "dominant_freq": [
    0.21665060240963852,
    7.092215753424657
  ],
  "amp_mean_x": [
    1.1886578798294067,
    3.8250515460968018
  ],
  "amp_mean_y": [
    1.108198881149292,
    4.381350517272949
  ],
  "symmetry_ratio": [
    1.0726033449172974,
    0.8730302453041077
  ],
  "energy_distribution": [
    0.2608862817287445,
    0.20883743464946747
  ],
  "motion_stability": [
    3.249936819076538,
    2.3835952281951904
  ],
  "freq_entropy": [
    9.280678749084473,
    9.314279556274414
  ]
}