{
  "dominant_freq": [
    0.5449090909090909,
    0.5137714285714285
  ],
  "amp_mean_x": [
    0.6838549971580505,
    0.097956083714962
  ],
  "amp_mean_y": [
    0.9768398404121399,
    0.13061246275901794
  ],
  "symmetry_ratio": [
    0.7000687122344971,
    0.7499750256538391
  ],
  "energy_distribution": [
    0.2306276112794876,
    0.22071273624897003
  ],
  "motion_stability": [
    7.227388858795166,
    1.450380802154541
  ],
  "freq_entropy": [
    9.72557258605957,
    9.52398681640625
  ]
}