{
  "dominant_freq": [
    0.13131313131313133,
    0.4866220735785953
  ],
  "amp_mean_x": [
    1.6121411323547363,
    0.7421503663063049
  ],
  "amp_mean_y": [
    2.457090139389038,
    1.1585546731948853
  ],
  "symmetry_ratio": [
    0.6561180353164673,
    0.6405829191207886
  ],
  "energy_distribution": [
    0.2391042858362198,
    0.25045040249824524
  ],
  "motion_stability": [
    3.3322501182556152,
    1.7095832824707031
  ],
  "freq_entropy": [
    9.996280670166016,
    10.252813339233398
  ]
}