{
  "dominant_freq": [
    1.1884663602173007
  ],
  "amp_mean_x": [
    0.46998631954193115
  ],
  "amp_mean_y": [
    1.3319463729858398
  ],
  "symmetry_ratio": [
    0.3528567850589752
  ],
  "energy_distribution": [
    0.21230962872505188
  ],
  "motion_stability": [
    2.886335849761963
  ],
  "freq_entropy": [
    10.518669128417969
  ]
}