{
  "dominant_freq": [
    0.3075163400088582,
    0.13342821561999646
  ],
  "amp_mean_x": [
    1.119168996810913,
    1.3619741201400757
  ],
  "amp_mean_y": [
    2.490745782852173,
    2.696227788925171
  ],
  "symmetry_ratio": [
    0.4493308663368225,
    0.5051406025886536
  ],
  "energy_distribution": [
    0.23722894489765167,
    0.3813212215900421
  ],
  "motion_stability": [
    3.178006649017334,
    3.5024421215057373
  ],
  "freq_entropy": [
    10.26197624206543,
    9.943723678588867
  ]
}