{
  "dominant_freq": [
    1.9180799999999998,
    6.587090526315789,
    0.9464210526315788
  ],
  "amp_mean_x": [
    0.059161461889743805,
    0.10094097256660461,
    0.03643130511045456
  ],
  "amp_mean_y": [
    0.0877147763967514,
    0.21700607240200043,
    0.08035559952259064
  ],
  "symmetry_ratio": [
    0.6744754314422607,
    0.465152770280838,
    0.45337605476379395
  ],
  "energy_distribution": [
    0.17157593369483948,
    0.17456454038619995,
    0.19166533648967743
  ],
  "motion_stability": [
    1.5106170177459717,
    1.7753667831420898,
    1.5956025123596191
  ],
  "freq_entropy": [
    8.964452743530273,
    8.975279808044434,
    9.026704788208008
  ]
}