{
  "dominant_freq": [
    0.10679732739420934,
    8.3916,
    1.78488,
    0.10656,
    3.88944,
    3.17016
  ],
  "amp_mean_x": [
    0.2412518411874771,
    0.24777564406394958,
    0.14189599454402924,
    0.1999163180589676,
    0.1973831206560135,
    0.16278287768363953
  ],
  "amp_mean_y": [
    0.40105682611465454,
    0.42976632714271545,
    0.11769994348287582,
    0.2651030719280243,
    0.46367424726486206,
    0.25268253684043884
  ],
  "symmetry_ratio": [
    0.6015402674674988,
    0.5765357613563538,
    1.2055740356445312,
    0.7541078925132751,
    0.4256935119628906,
    0.644218921661377
  ],
  "energy_distribution": [
    0.25904473662376404,
    0.2291138619184494,
    0.26211196184158325,
    0.24761401116847992,
    0.14919844269752502,
    0.1698932647705078
  ],
  "motion_stability": [
    3.0500688552856445,
    2.1520111560821533,
    1.318798303604126,
    0.7624156475067139,
    2.434220790863037,
    2.1747593879699707
  ],
  "freq_entropy": [
    7.809427261352539,
    8.029500961303711,
    7.912534713745117,
    7.86338472366333,
    7.942387580871582,
    8.08930492401123
  ]
}