{
  "dominant_freq": [
    0.10524557300367524,
    0.10531594784353059
  ],
  "amp_mean_x": [
    0.38931965827941895,
    0.5218794941902161
  ],
  "amp_mean_y": [
    0.7309514880180359,
    1.0666829347610474
  ],
  "symmetry_ratio": [
    0.532620370388031,
    0.48925456404685974
  ],
  "energy_distribution": [
    0.2374565154314041,
    0.6141958832740784
  ],
  "motion_stability": [
    2.1993303298950195,
    2.1107664108276367
  ],
  "freq_entropy": [
    10.203819274902344,
    9.054790496826172
  ]
}