{
  "dominant_freq": [
    0.5651485714285714,
    0.2654485714285714
  ],
  "amp_mean_x": [
    0.10955328494310379,
    0.07595964521169662
  ],
  "amp_mean_y": [
    0.13719090819358826,
    0.1512710154056549
  ],
  "symmetry_ratio": [
    0.7985462546348572,
    0.5021427869796753
  ],
  "energy_distribution": [
    0.17336905002593994,
    0.3296191990375519
  ],
  "motion_stability": [
    5.419933319091797,
    2.867908477783203
  ],
  "freq_entropy": [
    9.621103286743164,
    9.439180374145508
  ]
}