{
  "dominant_freq": [
    2.309267368421052,
    0.47951999999999995,
    0.47951999999999995
  ],
  "amp_mean_x": [
    0.2013102024793625,
    0.035442691296339035,
    0.055821001529693604
  ],
  "amp_mean_y": [
    0.2379906326532364,
    0.0653451681137085,
    0.11935645341873169
  ],
  "symmetry_ratio": [
    0.8458744883537292,
    0.5423918962478638,
    0.4676831364631653
  ],
  "energy_distribution": [
    0.21335548162460327,
    0.25068235397338867,
    0.29925110936164856
  ],
  "motion_stability": [
    2.9721012115478516,
    1.3437925577163696,
    1.307642936706543
  ],
  "freq_entropy": [
    8.895939826965332,
    8.831415176391602,
    8.674789428710938
  ]
}