{
  "dominant_freq": [
    0.10656010656010656,
    0.11561139157578326
  ],
  "amp_mean_x": [
    0.03382381051778793,
    0.3393966257572174
  ],
  "amp_mean_y": [
    0.05694999918341637,
    0.2251642346382141
  ],
  "symmetry_ratio": [
    0.5939211845397949,
    1.5073292255401611
  ],
  "energy_distribution": [
    0.40611374378204346,
    0.4199581742286682
  ],
  "motion_stability": [
    1.638054370880127,
    3.6896891593933105
  ],
  "freq_entropy": [
    9.149666786193848,
    8.927693367004395
  ]
}