{
  "dominant_freq": [
    3.2281971428571428,
    2.7805864332603933
  ],
  "amp_mean_x": [
    0.2741539180278778,
    1.023935317993164
  ],
  "amp_mean_y": [
    0.5987885594367981,
    2.1226866245269775
  ],
  "symmetry_ratio": [
    0.45784762501716614,
    0.4823770523071289
  ],
  "energy_distribution": [
    0.2992549538612366,
    0.20422162115573883
  ],
  "motion_stability": [
    1.9934437274932861,
    3.7189035415649414
  ],
  "freq_entropy": [
    9.649908065795898,
    9.595771789550781
  ]
}