{
  "dominant_freq": [
    8.939943781942079,
    0.1021994884910486
  ],
  "amp_mean_x": [
    0.2650066912174225,
    0.41096699237823486
  ],
  "amp_mean_y": [
    0.36176618933677673,
    0.6320658326148987
  ],
  "symmetry_ratio": [
    0.7325358390808105,
    0.6501964926719666
  ],
  "energy_distribution": [
    0.186843141913414,
    0.31198850274086
  ],
  "motion_stability": [
    2.5617995262145996,
    2.204425811767578
  ],
  "freq_entropy": [
    10.338958740234375,
    10.1546630859375
  ]
}