{
  "dominant_freq": [
    4.260046367851623,
    0.33659730722154224
  ],
  "amp_mean_x": [
    1.8520177602767944,
    1.2544852495193481
  ],
  "amp_mean_y": [
    4.02601432800293,
    2.1433608531951904
  ],
  "symmetry_ratio": [
    0.4600127041339874,
    0.5852888822555542
  ],
  "energy_distribution": [
    0.23789454996585846,
    0.3665785491466522
  ],
  "motion_stability": [
    4.720780849456787,
    3.7250466346740723
  ],
  "freq_entropy": [
    9.284944534301758,
    8.49863052368164
  ]
}