{
  "dominant_freq": [
    2.4050104384133615
  ],
  "amp_mean_x": [
    0.5384379029273987
  ],
  "amp_mean_y": [
    0.8320596814155579
  ],
  "symmetry_ratio": [
    0.6471145153045654
  ],
  "energy_distribution": [
    0.2977982759475708
  ],
  "motion_stability": [
    2.862610340118408
  ],
  "freq_entropy": [
    10.223016738891602
  ]
}