{
  "dominant_freq": [
    8.838425454545455,
    0.7192799999999999
  ],
  "amp_mean_x": [
    0.35150623321533203,
    0.3834962248802185
  ],
  "amp_mean_y": [
    0.2614009976387024,
    0.2381904125213623
  ],
  "symmetry_ratio": [
    1.3447011709213257,
    1.610040545463562
  ],
  "energy_distribution": [
    0.18742020428180695,
    0.20483560860157013
  ],
  "motion_stability": [
    3.1082215309143066,
    2.7755355834960938
  ],
  "freq_entropy": [
    9.241789817810059,
    9.204580307006836
  ]
}