{
  "dominant_freq": [
    6.130233402960677,
    0.3609529156974412
  ],
  "amp_mean_x": [
    3.011180877685547,
    2.636401653289795
  ],
  "amp_mean_y": [
    11.240056991577148,
    12.578829765319824
  ],
  "symmetry_ratio": [
    0.2678973078727722,
    0.2095903754234314
  ],
  "energy_distribution": [
    0.19954648613929749,
    0.22224314510822296
  ],
  "motion_stability": [
    2.358107089996338,
    2.4208908081054688
  ],
  "freq_entropy": [
    9.095544815063477,
    9.226363182067871
  ]
}