{
  "dominant_freq": [
    0.234375,
    0.33422459893048123
  ],
  "amp_mean_x": [
    4.82773494720459,
    4.565101623535156
  ],
  "amp_mean_y": [
    10.38947868347168,
    12.179139137268066
  ],
  "symmetry_ratio": [
    0.4646753668785095,
    0.37482959032058716
  ],
  "energy_distribution": [
    0.26328274607658386,
    0.20100633800029755
  ],
  "motion_stability": [
    2.2296719551086426,
    2.104646921157837
  ],
  "freq_entropy": [
    9.267854690551758,
    9.30599594116211
  ]
}