{
  "dominant_freq": [
    0.11458333333333333,
    4.677083333333333
  ],
  "amp_mean_x": [
    0.09590228646993637,
    0.13114897906780243
  ],
  "amp_mean_y": [
    0.21248774230480194,
    0.15669497847557068
  ],
  "symmetry_ratio": [
    0.45133090019226074,
    0.8369699120521545
  ],
  "energy_distribution": [
    0.2410689741373062,
    0.11045483499765396
  ],
  "motion_stability": [
    1.5526108741760254,
    2.3382506370544434
  ],
  "freq_entropy": [
    9.251006126403809,
    9.30543041229248
  ]
}