{
  "dominant_freq": [
    4.4942115219260526,
    3.4099672131147534
  ],
  "amp_mean_x": [
    0.7675498127937317,
    1.9401895999908447
  ],
  "amp_mean_y": [
    0.8449682593345642,
    2.5055932998657227
  ],
  "symmetry_ratio": [
    0.9083771109580994,
    0.7743433713912964
  ],
  "energy_distribution": [
    0.2688366174697876,
    0.2194538563489914
  ],
  "motion_stability": [
    4.381024360656738,
    3.406869888305664
  ],
  "freq_entropy": [
    10.077430725097656,
    10.230599403381348
  ]
}