{
  "dominant_freq": [
    0.1123236797274276,
    0.4744187234042553
  ],
  "amp_mean_x": [
    0.3003481924533844,
    0.3421090245246887
  ],
  "amp_mean_y": [
    0.2136203497648239,
    0.2608354389667511
  ],
  "symmetry_ratio": [
    1.4059906005859375,
    1.3115894794464111
  ],
  "energy_distribution": [
    0.25670504570007324,
    0.3296065330505371
  ],
  "motion_stability": [
    4.243552207946777,
    2.243601083755493
  ],
  "freq_entropy": [
    10.304708480834961,
    9.920735359191895
  ]
}