{
  "dominant_freq": [
    4.324297817715019,
    3.283892307692307
  ],
  "amp_mean_x": [
    1.0378605127334595,
    1.1151280403137207
  ],
  "amp_mean_y": [
    1.6849275827407837,
    1.4528827667236328
  ],
  "symmetry_ratio": [
    0.6159674525260925,
    0.7675278782844543
  ],
  "energy_distribution": [
    0.21489723026752472,
    0.2360086441040039
  ],
  "motion_stability": [
    3.133427619934082,
    2.3597285747528076
  ],
  "freq_entropy": [
    10.322929382324219,
    10.230114936828613
  ]
}