{
  "dominant_freq": [
    1.6936255234127573,
    0.1377346058197122,
    0.15135060846858844
  ],
  "amp_mean_x": [
    0.4513731002807617,
    0.7555487155914307,
    2.1563210487365723
  ],
  "amp_mean_y": [
    0.11318382620811462,
    0.10467784851789474,
    0.705826997756958
  ],
  "symmetry_ratio": [
    3.987964630126953,
    7.2178473472595215,
    3.055027723312378
  ],
  "energy_distribution": [
    0.20593410730361938,
    0.4880228340625763,
    0.35969123244285583
  ],
  "motion_stability": [
    4.071019172668457,
    3.129457950592041,
    4.522553443908691
  ],
  "freq_entropy": [
    10.38094711303711,
    9.688825607299805,
    9.894086837768555
  ]
}