{
  "dominant_freq": [
    1.0553769751693003,
    0.10275428571428571
  ],
  "amp_mean_x": [
    4.344250679016113,
    0.09953293204307556
  ],
  "amp_mean_y": [
    4.141528606414795,
    0.17910706996917725
  ],
  "symmetry_ratio": [
    1.0489486455917358,
    0.5557174682617188
  ],
  "energy_distribution": [
    0.3002581000328064,
    0.2506859004497528
  ],
  "motion_stability": [
    3.5712671279907227,
    1.383233666419983
  ],
  "freq_entropy": [
    9.37264633178711,
    9.438959121704102
  ]
}