{
  "dominant_freq": [
    8.334666666666667,
    0.8139223560910309,
    0.11399999999999999
  ],
  "amp_mean_x": [
    0.6140275001525879,
    0.7948685884475708,
    0.37942081689834595
  ],
  "amp_mean_y": [
    0.7561948299407959,
    0.570761501789093,
    0.45376378297805786
  ],
  "symmetry_ratio": [
    0.8119964003562927,
    1.3926457166671753,
    0.8361636996269226
  ],
  "energy_distribution": [
    0.2404622882604599,
    0.23712898790836334,
    0.20514103770256042
  ],
  "motion_stability": [
    2.9891281127929688,
    1.6283221244812012,
    1.783354640007019
  ],
  "freq_entropy": [
    9.002043724060059,
    8.917179107666016,
    8.888631820678711
  ]
}