{
  "dominant_freq": [
    0.6940421052631578,
    0.29023578947368417,
    0.4669010526315789
  ],
  "amp_mean_x": [
    0.06343124061822891,
    0.050283033400774,
    0.0429951474070549
  ],
  "amp_mean_y": [
    0.1267157793045044,
    0.15114106237888336,
    0.1721019744873047
  ],
  "symmetry_ratio": [
    0.5005788803100586,
    0.33268943428993225,
    0.2498236745595932
  ],
  "energy_distribution": [
    0.25164785981178284,
    0.31332629919052124,
    0.3420000374317169
  ],
  "motion_stability": [
    1.3761217594146729,
    1.231682538986206,
    1.2844598293304443
  ],
  "freq_entropy": [
    8.81021499633789,
    8.771479606628418,
    8.73360538482666
  ]
}