{
  "dominant_freq": [
    2.107892107892108,
    4.193296243505448
  ],
  "amp_mean_x": [
    0.42757853865623474,
    0.3162822723388672
  ],
  "amp_mean_y": [
    0.35949209332466125,
    0.2667319178581238
  ],
  "symmetry_ratio": [
    1.1893962621688843,
    1.1857683658599854
  ],
  "energy_distribution": [
    0.22351756691932678,
    0.24232888221740723
  ],
  "motion_stability": [
    1.601118564605713,
    2.060347080230713
  ],
  "freq_entropy": [
    9.302566528320312,
    9.19579029083252
  ]
}