{
  "dominant_freq": [
    3.45443009833262,
    5.917088109495294
  ],
  "amp_mean_x": [
    0.9805207252502441,
    1.1053334474563599
  ],
  "amp_mean_y": [
    1.3337297439575195,
    1.8899625539779663
  ],
  "symmetry_ratio": [
    0.7351719737052917,
    0.5848441123962402
  ],
  "energy_distribution": [
    0.21126672625541687,
    0.2012200802564621
  ],
  "motion_stability": [
    2.7663373947143555,
    2.290752410888672
  ],
  "freq_entropy": [
    10.300699234008789,
    10.332120895385742
  ]
}