{
  "dominant_freq": [
    0.2606089562611302,
    0.1355166572557877
  ],
  "amp_mean_x": [
    0.056284066289663315,
    0.17130036652088165
  ],
  "amp_mean_y": [
    0.0781514048576355,
    0.27594423294067383
  ],
  "symmetry_ratio": [
    0.7201926112174988,
    0.6207789182662964
  ],
  "energy_distribution": [
    0.2562880218029022,
    0.5719075202941895
  ],
  "motion_stability": [
    1.6109082698822021,
    1.9889593124389648
  ],
  "freq_entropy": [
    9.195733070373535,
    8.458959579467773
  ]
}