{
  "dominant_freq": [
    0.27848101265822783,
    0.48000000000000004,
    0.29083245521601686
  ],
  "amp_mean_x": [
    0.33193838596343994,
    0.21904772520065308,
    0.17134876549243927
  ],
  "amp_mean_y": [
    0.640886127948761,
    0.8128623366355896,
    0.2467983067035675
  ],
  "symmetry_ratio": [
    0.5179365873336792,
    0.2694770395755768,
    0.6942866444587708
  ],
  "energy_distribution": [
    0.2606083154678345,
    0.3793005347251892,
    0.2856142222881317
  ],
  "motion_stability": [
    5.8291802406311035,
    3.330453872680664,
    1.1595418453216553
  ],
  "freq_entropy": [
    9.16219425201416,
    9.278125762939453,
    8.709534645080566
  ]
}