{
  "dominant_freq": [
    0.8478448255559271,
    0.12305914786667566
  ],
  "amp_mean_x": [
    1.740997314453125,
    1.6674840450286865
  ],
  "amp_mean_y": [
    2.757528781890869,
    1.2290823459625244
  ],
  "symmetry_ratio": [
    0.6313614249229431,
    1.3566902875900269
  ],
  "energy_distribution": [
    0.21406517922878265,
    0.2917526066303253
  ],
  "motion_stability": [
    3.219736099243164,
    1.854528784751892
  ],
  "freq_entropy": [
    10.269937515258789,
    10.173943519592285
  ]
}