{
  "dominant_freq": [
    0.11988011988011989,
    0.11988011988011989
  ],
  "amp_mean_x": [
    0.28920021653175354,
    0.5315508246421814
  ],
  "amp_mean_y": [
    0.5327514410018921,
    0.6847168803215027
  ],
  "symmetry_ratio": [
    0.5428426861763,
    0.7763074636459351
  ],
  "energy_distribution": [
    0.2557295858860016,
    0.6341195106506348
  ],
  "motion_stability": [
    2.3502824306488037,
    2.3534927368164062
  ],
  "freq_entropy": [
    9.482048988342285,
    7.9924187660217285
  ]
}