{
  "dominant_freq": [
    0.5410057306590257,
    8.0624140969163
  ],
  "amp_mean_x": [
    0.5686242580413818,
    1.7671692371368408
  ],
  "amp_mean_y": [
    0.40236225724220276,
    1.4746803045272827
  ],
  "symmetry_ratio": [
    1.4132146835327148,
    1.1983405351638794
  ],
  "energy_distribution": [
    0.2445162683725357,
    0.21776552498340607
  ],
  "motion_stability": [
    5.712377548217773,
    3.4476401805877686
  ],
  "freq_entropy": [
    9.721044540405273,
    9.583642959594727
  ]
}