{
  "dominant_freq": [
    0.6442444678609061,
    0.6940421052631578,
    1.2618947368421052
  ],
  "amp_mean_x": [
    0.20696012675762177,
    0.11186455190181732,
    0.09200778603553772
  ],
  "amp_mean_y": [
    0.29640698432922363,
    0.2640873193740845,
    0.18476000428199768
  ],
  "symmetry_ratio": [
    0.6982296109199524,
    0.4235892593860626,
    0.4979853928089142
  ],
  "energy_distribution": [
    0.2557837665081024,
    0.18830223381519318,
    0.23616290092468262
  ],
  "motion_stability": [
    6.614184856414795,
    1.2292571067810059,
    1.0853973627090454
  ],
  "freq_entropy": [
    9.155289649963379,
    9.022439956665039,
    8.990935325622559
  ]
}