{
  "dominant_freq": [
    0.1009515789473684,
    0.13939534883720928,
    3.508067368421052
  ],
  "amp_mean_x": [
    0.35565027594566345,
    0.6956286430358887,
    0.1954987347126007
  ],
  "amp_mean_y": [
    0.8689711689949036,
    1.0892674922943115,
    0.4079119861125946
  ],
  "symmetry_ratio": [
    0.40927740931510925,
    0.6386205554008484,
    0.4792669415473938
  ],
  "energy_distribution": [
    0.32233282923698425,
    0.5313127040863037,
    0.2904917597770691
  ],
  "motion_stability": [
    2.199690580368042,
    3.579085350036621,
    3.370330333709717
  ],
  "freq_entropy": [
    8.951000213623047,
    8.51378059387207,
    9.06705379486084
  ]
}