{
  "dominant_freq": [
    4.833056842105262,
    4.151633684210526,
    8.378846808510637
  ],
  "amp_mean_x": [
    0.32789814472198486,
    0.5114604830741882,
    0.6068025231361389
  ],
  "amp_mean_y": [
    0.319011926651001,
    0.7429113388061523,
    0.701842725276947
  ],
  "symmetry_ratio": [
    1.027855396270752,
    0.688454270362854,
    0.864584743976593
  ],
  "energy_distribution": [
    0.20878499746322632,
    0.15675999224185944,
    0.20614269375801086
  ],
  "motion_stability": [
    1.9764339923858643,
    3.098879098892212,
    3.381847381591797
  ],
  "freq_entropy": [
    9.006081581115723,
    9.044821739196777,
    9.10770034790039
  ]
}