{
  "dominant_freq": [
    0.11222808510638296,
    0.12253492333901192
  ],
  "amp_mean_x": [
    0.10658584535121918,
    0.1916397213935852
  ],
  "amp_mean_y": [
    0.12150746583938599,
    0.2850359082221985
  ],
  "symmetry_ratio": [
    0.8771958351135254,
    0.6723353862762451
  ],
  "energy_distribution": [
    0.4655686318874359,
    0.20747852325439453
  ],
  "motion_stability": [
    2.590721607208252,
    5.272922992706299
  ],
  "freq_entropy": [
    9.668671607971191,
    10.353271484375
  ]
}