{
  "dominant_freq": [
    4.8279365685509035,
    3.7280105626965945
  ],
  "amp_mean_x": [
    0.2655812203884125,
    0.39212465286254883
  ],
  "amp_mean_y": [
    0.3679456114768982,
    0.7421493530273438
  ],
  "symmetry_ratio": [
    0.7217947840690613,
    0.5283635258674622
  ],
  "energy_distribution": [
    0.20366112887859344,
    0.2119911164045334
  ],
  "motion_stability": [
    3.657256603240967,
    3.607949733734131
  ],
  "freq_entropy": [
    10.361801147460938,
    10.279685974121094
  ]
}