{
  "dominant_freq": [
    0.525431489361702,
    0.29089655172413786
  ],
  "amp_mean_x": [
    0.2322295755147934,
    0.21411706507205963
  ],
  "amp_mean_y": [
    0.35294049978256226,
    0.2238977700471878
  ],
  "symmetry_ratio": [
    0.6579850316047668,
    0.9563161730766296
  ],
  "energy_distribution": [
    0.2404777556657791,
    0.2430635243654251
  ],
  "motion_stability": [
    0.9292051792144775,
    2.854236602783203
  ],
  "freq_entropy": [
    10.270658493041992,
    10.318703651428223
  ]
}