{
  "dominant_freq": [
    0.4630557939914163,
    0.48808285714285715
  ],
  "amp_mean_x": [
    0.14017531275749207,
    0.0778944194316864
  ],
  "amp_mean_y": [
    0.7581479549407959,
    0.2887425720691681
  ],
  "symmetry_ratio": [
    0.18489176034927368,
    0.26977115869522095
  ],
  "energy_distribution": [
    0.29354435205459595,
    0.2603105902671814
  ],
  "motion_stability": [
    1.5110316276550293,
    1.1939220428466797
  ],
  "freq_entropy": [
    9.540231704711914,
    9.379444122314453
  ]
}