{
  "dominant_freq": [
    5.237675536480687,
    2.1405269146608314,
    1.638015517241379
  ],
  "amp_mean_x": [
    0.3847324550151825,
    1.2790319919586182,
    1.1018646955490112
  ],
  "amp_mean_y": [
    0.7724330425262451,
    2.8081393241882324,
    2.7936906814575195
  ],
  "symmetry_ratio": [
    0.49807870388031006,
    0.4554731249809265,
    0.3944118320941925
  ],
  "energy_distribution": [
    0.1857622116804123,
    0.21005655825138092,
    0.2961457669734955
  ],
  "motion_stability": [
    3.616474151611328,
    2.382814884185791,
    2.3605775833129883
  ],
  "freq_entropy": [
    10.418131828308105,
    10.261663436889648,
    9.626062393188477
  ]
}