{
  "dominant_freq": [
    0.12243063829787232,
    0.3060765957446808,
    0.2907727659574468
  ],
  "amp_mean_x": [
    0.24637138843536377,
    0.29659315943717957,
    0.37729254364967346
  ],
  "amp_mean_y": [
    0.3696151077747345,
    0.3006335496902466,
    0.4169415533542633
  ],
  "symmetry_ratio": [
    0.666562020778656,
    0.9865604043006897,
    0.9049051403999329
  ],
  "energy_distribution": [
    0.32169997692108154,
    0.2979317307472229,
    0.2787310779094696
  ],
  "motion_stability": [
    2.4717822074890137,
    1.646209478378296,
    1.8148229122161865
  ],
  "freq_entropy": [
    10.19589614868164,
    10.181304931640625,
    10.236686706542969
  ]
}