{
  "dominant_freq": [
    0.21750594707050014,
    3.911134924440963
  ],
  "amp_mean_x": [
    1.227130651473999,
    0.6659465432167053
  ],
  "amp_mean_y": [
    3.548886299133301,
    1.4989333152770996
  ],
  "symmetry_ratio": [
    0.34577909111976624,
    0.4442802965641022
  ],
  "energy_distribution": [
    0.5287879705429077,
    0.21037155389785767
  ],
  "motion_stability": [
    4.699657917022705,
    2.7439980506896973
  ],
  "freq_entropy": [
    9.661750793457031,
    10.149950981140137
  ]
}