{
  "dominant_freq": [
    0.5231127272727272,
    1.4603563636363635,
    0.30514909090909087,
    3.6835854545454545,
    2.223229090909091
  ],
  "amp_mean_x": [
    0.045387402176856995,
    0.05715584754943848,
    0.062327008694410324,
    0.038617994636297226,
    0.04517638683319092
  ],
  "amp_mean_y": [
    0.08960951119661331,
    0.23505021631717682,
    0.20338059961795807,
    0.05345440283417702,
    0.10680664330720901
  ],
  "symmetry_ratio": [
    0.5065020322799683,
    0.24316440522670746,
    0.3064550459384918,
    0.722447395324707,
    0.4229735732078552
  ],
  "energy_distribution": [
    0.29233741760253906,
    0.3264665901660919,
    0.3254276514053345,
    0.4011232852935791,
    0.23011772334575653
  ],
  "motion_stability": [
    1.674117922782898,
    1.2079046964645386,
    0.9728292226791382,
    1.2903059720993042,
    1.415122389793396
  ],
  "freq_entropy": [
    8.149263381958008,
    8.090912818908691,
    8.021585464477539,
    7.85687255859375,
    8.065195083618164
  ]
}