{
  "dominant_freq": [
    0.11737931034482757,
    2.679310344827586
  ],
  "amp_mean_x": [
    0.23487162590026855,
    0.22005441784858704
  ],
  "amp_mean_y": [
    0.27505728602409363,
    0.3258936405181885
  ],
  "symmetry_ratio": [
    0.8539007902145386,
    0.6752338409423828
  ],
  "energy_distribution": [
    0.25541919469833374,
    0.1916254311800003
  ],
  "motion_stability": [
    2.6391243934631348,
    2.3559303283691406
  ],
  "freq_entropy": [
    10.320028305053711,
    10.316865921020508
  ]
}