{
  "dominant_freq": [
    0.10368,
    1.2379599578503686,
    0.7587341772151899
  ],
  "amp_mean_x": [
    0.9713292717933655,
    0.652231752872467,
    0.6468577980995178
  ],
  "amp_mean_y": [
    0.9774892926216125,
    0.8130715489387512,
    0.9060068726539612
  ],
  "symmetry_ratio": [
    0.9936981201171875,
    0.8021824955940247,
    0.713965654373169
  ],
  "energy_distribution": [
    0.43041378259658813,
    0.25402045249938965,
    0.2176102250814438
  ],
  "motion_stability": [
    4.640542984008789,
    1.5056923627853394,
    1.8716824054718018
  ],
  "freq_entropy": [
    8.423491477966309,
    9.042970657348633,
    9.085434913635254
  ]
}