{
  "dominant_freq": [
    0.4871448763250883,
    7.545388235294117
  ],
  "amp_mean_x": [
    0.12677553296089172,
    0.10497637838125229
  ],
  "amp_mean_y": [
    0.2419995814561844,
    0.1860785335302353
  ],
  "symmetry_ratio": [
    0.5238667726516724,
    0.5641509294509888
  ],
  "energy_distribution": [
    0.18962442874908447,
    0.206848606467247
  ],
  "motion_stability": [
    1.288529396057129,
    1.96065092086792
  ],
  "freq_entropy": [
    9.951536178588867,
    9.92031478881836
  ]
}