{
  "dominant_freq": [
    1.6998597475455821,
    1.2296511627906976
  ],
  "amp_mean_x": [
    0.6833823919296265,
    1.1358917951583862
  ],
  "amp_mean_y": [
    0.8650600910186768,
    2.605726718902588
  ],
  "symmetry_ratio": [
    0.7899825572967529,
    0.435921311378479
  ],
  "energy_distribution": [
    0.18831321597099304,
    0.18623267114162445
  ],
  "motion_stability": [
    5.116674900054932,
    3.2426321506500244
  ],
  "freq_entropy": [
    9.646753311157227,
    9.502504348754883
  ]
}