{
  "dominant_freq": [
    0.1009515789473684,
    0.3280926315789473,
    0.12618947368421052
  ],
  "amp_mean_x": [
    0.15757285058498383,
    0.13675187528133392,
    0.11380553990602493
  ],
  "amp_mean_y": [
    0.2171662598848343,
    0.27709314227104187,
    0.18939416110515594
  ],
  "symmetry_ratio": [
    0.7255862355232239,
    0.49352312088012695,
    0.6008925437927246
  ],
  "energy_distribution": [
    0.36666011810302734,
    0.45132628083229065,
    0.3293047547340393
  ],
  "motion_stability": [
    0.9788594245910645,
    1.159034252166748,
    1.0734977722167969
  ],
  "freq_entropy": [
    8.660036087036133,
    8.552282333374023,
    8.767801284790039
  ]
}