{
  "dominant_freq": [
    0.4889497450837581,
    0.47952
  ],
  "amp_mean_x": [
    0.45130833983421326,
    0.15389201045036316
  ],
  "amp_mean_y": [
    0.5133668184280396,
    0.42829543352127075
  ],
  "symmetry_ratio": [
    0.8791147470474243,
    0.3593127429485321
  ],
  "energy_distribution": [
    0.23921285569667816,
    0.28602930903434753
  ],
  "motion_stability": [
    1.4776182174682617,
    0.8882724046707153
  ],
  "freq_entropy": [
    9.327838897705078,
    9.430429458618164
  ]
}