{
  "dominant_freq": [
    2.177822177822178,
    6.987986887484375,
    3.942366358473741,
    6.453546453546454
  ],
  "amp_mean_x": [
    0.15881460905075073,
    0.20866064727306366,
    1.7759485244750977,
    0.06764844805002213
  ],
  "amp_mean_y": [
    0.17096664011478424,
    0.31691840291023254,
    0.9020582437515259,
    0.12693069875240326
  ],
  "symmetry_ratio": [
    0.928921639919281,
    0.6584049463272095,
    1.9687737226486206,
    0.5329557657241821
  ],
  "energy_distribution": [
    0.25019571185112,
    0.18378059566020966,
    0.4246848523616791,
    0.14925123751163483
  ],
  "motion_stability": [
    1.1951488256454468,
    2.8997089862823486,
    4.506704807281494,
    1.7881755828857422
  ],
  "freq_entropy": [
    8.297351837158203,
    8.631199836730957,
    7.741971969604492,
    8.307816505432129
  ]
}