{
  "dominant_freq": [
    2.22,
    1.41
  ],
  "amp_mean_x": [
    0.3853656053543091,
    0.3377830386161804
  ],
  "amp_mean_y": [
    0.44009846448898315,
    0.3699887692928314
  ],
  "symmetry_ratio": [
    0.8756349682807922,
    0.9129548668861389
  ],
  "energy_distribution": [
    0.09736112505197525,
    0.1288684904575348
  ],
  "motion_stability": [
    2.1894516944885254,
    1.9154114723205566
  ],
  "freq_entropy": [
    9.379096031188965,
    9.353296279907227
  ]
}