{
  "dominant_freq": [
    3.927986906710311,
    1.682617723573355,
    0.44589869301284435,
    5.554904054462748
  ],
  "amp_mean_x": [
    0.36411839723587036,
    0.7915493845939636,
    1.1824136972427368,
    2.078786611557007
  ],
  "amp_mean_y": [
    0.3573838174343109,
    1.1537673473358154,
    1.3604291677474976,
    4.889400959014893
  ],
  "symmetry_ratio": [
    1.0188441276550293,
    0.6860563158988953,
    0.869147539138794,
    0.42516180872917175
  ],
  "energy_distribution": [
    0.2057156264781952,
    0.22413001954555511,
    0.21388550102710724,
    0.1949327439069748
  ],
  "motion_stability": [
    1.3408302068710327,
    1.870190143585205,
    1.9453790187835693,
    2.2676100730895996
  ],
  "freq_entropy": [
    10.270821571350098,
    10.311346054077148,
    10.272382736206055,
    10.267382621765137
  ]
}