{
  "dominant_freq": [
    2.5273438033458517,
    4.5478382502543235
  ],
  "amp_mean_x": [
    1.0387237071990967,
    0.2533593475818634
  ],
  "amp_mean_y": [
    1.42271089553833,
    0.20227865874767303
  ],
  "symmetry_ratio": [
    0.7301017642021179,
    1.2525262832641602
  ],
  "energy_distribution": [
    0.17977385222911835,
    0.2511456608772278
  ],
  "motion_stability": [
    6.3306684494018555,
    1.9162392616271973
  ],
  "freq_entropy": [
    10.27788257598877,
    10.272674560546875
  ]
}