{
  "dominant_freq": [
    0.3093680513035352,
    1.6147645457990285,
    0.1147788381830935
  ],
  "amp_mean_x": [
    0.8491840958595276,
    0.521975576877594,
    0.4051154553890228
  ],
  "amp_mean_y": [
    2.1477837562561035,
    1.1401714086532593,
    0.8361917734146118
  ],
  "symmetry_ratio": [
    0.39537689089775085,
    0.45780447125434875,
    0.4844767153263092
  ],
  "energy_distribution": [
    0.24445629119873047,
    0.292277455329895,
    0.378625750541687
  ],
  "motion_stability": [
    2.8652405738830566,
    3.6105358600616455,
    3.3582262992858887
  ],
  "freq_entropy": [
    8.997923851013184,
    8.876112937927246,
    8.751192092895508
  ]
}