{
  "dominant_freq": [
    5.660048571428571,
    0.49664571428571425
  ],
  "amp_mean_x": [
    0.262995183467865,
    0.34967687726020813
  ],
  "amp_mean_y": [
    0.5510451197624207,
    0.637639582157135
  ],
  "symmetry_ratio": [
    0.4772661626338959,
    0.548392653465271
  ],
  "energy_distribution": [
    0.24518528580665588,
    0.22309686243534088
  ],
  "motion_stability": [
    1.571885108947754,
    2.195230007171631
  ],
  "freq_entropy": [
    9.519742965698242,
    9.450185775756836
  ]
}