{
  "dominant_freq": [
    5.4035845824411135,
    5.0199293974437
  ],
  "amp_mean_x": [
    0.7283052206039429,
    0.5114200115203857
  ],
  "amp_mean_y": [
    1.104895830154419,
    1.532624363899231
  ],
  "symmetry_ratio": [
    0.6591618657112122,
    0.3336890637874603
  ],
  "energy_distribution": [
    0.23917731642723083,
    0.20648373663425446
  ],
  "motion_stability": [
    1.976449728012085,
    1.6845672130584717
  ],
  "freq_entropy": [
    9.976539611816406,
    9.809033393859863
  ]
}