{
  "dominant_freq": [
    0.71928,
    0.7620942857142857
  ],
  "amp_mean_x": [
    0.02478778548538685,
    0.086311936378479
  ],
  "amp_mean_y": [
    0.04623018577694893,
    0.14774145185947418
  ],
  "symmetry_ratio": [
    0.5361818075180054,
    0.5842093229293823
  ],
  "energy_distribution": [
    0.2359844446182251,
    0.23142209649085999
  ],
  "motion_stability": [
    1.3891205787658691,
    1.5908958911895752
  ],
  "freq_entropy": [
    9.447811126708984,
    9.489559173583984
  ]
}