{
  "dominant_freq": [
    4.063301052631578,
    0.29023578947368417,
    0.2649978947368421
  ],
  "amp_mean_x": [
    0.21452412009239197,
    0.12079256027936935,
    0.1162191778421402
  ],
  "amp_mean_y": [
    0.290134459733963,
    0.14009088277816772,
    0.17466521263122559
  ],
  "symmetry_ratio": [
    0.7393954992294312,
    0.8622442483901978,
    0.6653825044631958
  ],
  "energy_distribution": [
    0.27068623900413513,
    0.48536422848701477,
    0.46394434571266174
  ],
  "motion_stability": [
    1.0531145334243774,
    1.3538100719451904,
    1.3488178253173828
  ],
  "freq_entropy": [
    8.856962203979492,
    7.941209316253662,
    8.513839721679688
  ]
}