{
  "dominant_freq": [
    3.8408193747999575,
    1.232775321844148
  ],
  "amp_mean_x": [
    0.5949926376342773,
    0.540779173374176
  ],
  "amp_mean_y": [
    1.3594940900802612,
    1.6286568641662598
  ],
  "symmetry_ratio": [
    0.4376573860645294,
    0.3320399820804596
  ],
  "energy_distribution": [
    0.29062286019325256,
    0.24862167239189148
  ],
  "motion_stability": [
    2.45737624168396,
    1.857401967048645
  ],
  "freq_entropy": [
    9.346693992614746,
    9.373723983764648
  ]
}