{
  "dominant_freq": [
    7.010589410589411,
    1.1997610076072847
  ],
  "amp_mean_x": [
    0.0838480070233345,
    0.5209634304046631
  ],
  "amp_mean_y": [
    0.12273647636175156,
    0.5056148767471313
  ],
  "symmetry_ratio": [
    0.6831547617912292,
    1.0303561687469482
  ],
  "energy_distribution": [
    0.1983853429555893,
    0.19831597805023193
  ],
  "motion_stability": [
    1.2862509489059448,
    1.7764852046966553
  ],
  "freq_entropy": [
    9.358776092529297,
    9.410711288452148
  ]
}