{
  "dominant_freq": [
    5.481949748743717,
    2.0886220302375804
  ],
  "amp_mean_x": [
    0.895490825176239,
    1.0223934650421143
  ],
  "amp_mean_y": [
    1.059273362159729,
    1.4959110021591187
  ],
  "symmetry_ratio": [
    0.8453821539878845,
    0.6834587454795837
  ],
  "energy_distribution": [
    0.20065641403198242,
    0.20929205417633057
  ],
  "motion_stability": [
    5.057560920715332,
    4.159280776977539
  ],
  "freq_entropy": [
    9.683298110961914,
    9.60302734375
  ]
}