{
  "dominant_freq": [
    1.769559726962457,
    0.4744187234042553
  ],
  "amp_mean_x": [
    0.15457192063331604,
    0.027778079733252525
  ],
  "amp_mean_y": [
    0.1593117117881775,
    0.049312248826026917
  ],
  "symmetry_ratio": [
    0.9702483415603638,
    0.563309907913208
  ],
  "energy_distribution": [
    0.1864502727985382,
    0.3922967314720154
  ],
  "motion_stability": [
    7.9581098556518555,
    1.8131705522537231
  ],
  "freq_entropy": [
    10.403443336486816,
    9.48951530456543
  ]
}