{
  "dominant_freq": [
    3.0061681437828227,
    4.161552732981305,
    0.1370058512915656,
    4.29855858427287
  ],
  "amp_mean_x": [
    0.8415665626525879,
    0.22383716702461243,
    0.17830651998519897,
    0.2290540486574173
  ],
  "amp_mean_y": [
    1.1787981986999512,
    0.5965935587882996,
    0.628546416759491,
    0.2523239254951477
  ],
  "symmetry_ratio": [
    0.7139191031455994,
    0.3751920759677887,
    0.2836807370185852,
    0.9077777862548828
  ],
  "energy_distribution": [
    0.14873303472995758,
    0.261868417263031,
    0.23398847877979279,
    0.35717660188674927
  ],
  "motion_stability": [
    4.868110656738281,
    0.9600240588188171,
    1.3256796598434448,
    1.1335375308990479
  ],
  "freq_entropy": [
    8.70332145690918,
    8.486702919006348,
    8.523933410644531,
    8.333186149597168
  ]
}