{
  "dominant_freq": [
    1.011011011011011,
    0.11014686248331108
  ],
  "amp_mean_x": [
    0.6643504500389099,
    0.3742808699607849
  ],
  "amp_mean_y": [
    0.6514267325401306,
    0.43762627243995667
  ],
  "symmetry_ratio": [
    1.0198390483856201,
    0.8552522659301758
  ],
  "energy_distribution": [
    0.22346578538417816,
    0.4160354435443878
  ],
  "motion_stability": [
    3.5009207725524902,
    3.6145684719085693
  ],
  "freq_entropy": [
    10.38980484008789,
    9.866537094116211
  ]
}