{
  "dominant_freq": [
    0.7506004803843074,
    3.49
  ],
  "amp_mean_x": [
    0.20767441391944885,
    0.289503276348114
  ],
  "amp_mean_y": [
    0.2996821403503418,
    0.38199281692504883
  ],
  "symmetry_ratio": [
    0.6929822564125061,
    0.7578762173652649
  ],
  "energy_distribution": [
    0.19613967835903168,
    0.20272502303123474
  ],
  "motion_stability": [
    1.2066317796707153,
    1.4182467460632324
  ],
  "freq_entropy": [
    10.192411422729492,
    10.292919158935547
  ]
}