{
  "dominant_freq": [
    0.24867811158798284,
    0.31682571428571427
  ],
  "amp_mean_x": [
    0.33214813470840454,
    0.43523943424224854
  ],
  "amp_mean_y": [
    0.6376938223838806,
    0.7024676203727722
  ],
  "symmetry_ratio": [
    0.5208583474159241,
    0.6195864677429199
  ],
  "energy_distribution": [
    0.2512035667896271,
    0.2216765582561493
  ],
  "motion_stability": [
    2.7523033618927,
    1.4854331016540527
  ],
  "freq_entropy": [
    9.538129806518555,
    9.469175338745117
  ]
}