{
  "dominant_freq": [
    2.7,
    1.2798854688618468
  ],
  "amp_mean_x": [
    0.3161739110946655,
    0.5621566772460938
  ],
  "amp_mean_y": [
    0.38710537552833557,
    0.5093366503715515
  ],
  "symmetry_ratio": [
    0.8167644739151001,
    1.1037036180496216
  ],
  "energy_distribution": [
    0.22795447707176208,
    0.29435157775878906
  ],
  "motion_stability": [
    1.6977088451385498,
    1.9375500679016113
  ],
  "freq_entropy": [
    9.448959350585938,
    9.446331977844238
  ]
}