{
  "dominant_freq": [
    1.9583333333333335,
    0.501002004008016
  ],
  "amp_mean_x": [
    0.2029675841331482,
    0.19408538937568665
  ],
  "amp_mean_y": [
    0.282337486743927,
    0.4891913831233978
  ],
  "symmetry_ratio": [
    0.7188828587532043,
    0.396747350692749
  ],
  "energy_distribution": [
    0.2365725189447403,
    0.18669088184833527
  ],
  "motion_stability": [
    3.7774696350097656,
    1.1897265911102295
  ],
  "freq_entropy": [
    9.830078125,
    9.409412384033203
  ]
}