{
  "dominant_freq": [
    4.643772631578946,
    0.7192799999999999,
    0.47951999999999995
  ],
  "amp_mean_x": [
    0.22124318778514862,
    0.1527566760778427,
    0.08636868745088577
  ],
  "amp_mean_y": [
    0.1949141025543213,
    0.3227792978286743,
    0.20194031298160553
  ],
  "symmetry_ratio": [
    1.1350804567337036,
    0.4732542634010315,
    0.4276941418647766
  ],
  "energy_distribution": [
    0.2043391913175583,
    0.2869137227535248,
    0.31535449624061584
  ],
  "motion_stability": [
    1.797046184539795,
    1.404395580291748,
    1.7392010688781738
  ],
  "freq_entropy": [
    9.026138305664062,
    8.884134292602539,
    8.864574432373047
  ]
}