{
  "dominant_freq": [
    0.3385571245186136,
    0.11928358208955223,
    0.5964902912621358
  ],
  "amp_mean_x": [
    0.09958907216787338,
    0.31549569964408875,
    0.26664862036705017
  ],
  "amp_mean_y": [
    0.18944227695465088,
    0.4764844477176666,
    0.30894315242767334
  ],
  "symmetry_ratio": [
    0.5256961584091187,
    0.662132203578949,
    0.8630992770195007
  ],
  "energy_distribution": [
    0.2220323383808136,
    0.33688241243362427,
    0.18763884902000427
  ],
  "motion_stability": [
    1.512868046760559,
    3.055076837539673,
    1.748879075050354
  ],
  "freq_entropy": [
    8.65007209777832,
    8.479243278503418,
    8.87193775177002
  ]
}