{
  "dominant_freq": [
    3.2,
    0.13333333333333333,
    0.7200000000000001,
    0.29333333333333333,
    0.29333333333333333,
    0.10666666666666667
  ],
  "amp_mean_x": [
    0.12518981099128723,
    0.09216293692588806,
    0.04714444652199745,
    0.16867537796497345,
    0.2097645401954651,
    0.18791882693767548
  ],
  "amp_mean_y": [
    0.26320135593414307,
    0.26077988743782043,
    0.15446621179580688,
    0.2687329053878784,
    0.2248028665781021,
    0.4049990475177765
  ],
  "symmetry_ratio": [
    0.47564274072647095,
    0.3534127473831177,
    0.30520880222320557,
    0.6276692152023315,
    0.933104395866394,
    0.4639981985092163
  ],
  "energy_distribution": [
    0.3397116959095001,
    0.42509740591049194,
    0.4235036075115204,
    0.3927447199821472,
    0.4651258587837219,
    0.356030136346817
  ],
  "motion_stability": [
    1.2880845069885254,
    1.1728272438049316,
    1.2041480541229248,
    0.8596469163894653,
    1.2471094131469727,
    0.8011059165000916
  ],
  "freq_entropy": [
    7.778000831604004,
    7.602949142456055,
    7.390104293823242,
    7.190058708190918,
    6.820202827453613,
    7.580537796020508
  ]
}