{
  "dominant_freq": [
    2.8645010526315784,
    0.47951999999999995,
    0.47951999999999995
  ],
  "amp_mean_x": [
    0.13039633631706238,
    0.29099443554878235,
    0.3349817097187042
  ],
  "amp_mean_y": [
    0.16684889793395996,
    0.5076579451560974,
    0.356442391872406
  ],
  "symmetry_ratio": [
    0.7815235257148743,
    0.5732096433639526,
    0.9397919774055481
  ],
  "energy_distribution": [
    0.19361473619937897,
    0.3093714118003845,
    0.3201879858970642
  ],
  "motion_stability": [
    2.401846408843994,
    1.4512174129486084,
    1.5429766178131104
  ],
  "freq_entropy": [
    9.168846130371094,
    8.794886589050293,
    8.88846206665039
  ]
}