{
  "dominant_freq": [
    1.463797894736842,
    0.30285473684210523,
    0.1009515789473684
  ],
  "amp_mean_x": [
    0.107506662607193,
    0.1886788159608841,
    0.24959763884544373
  ],
  "amp_mean_y": [
    0.4335367977619171,
    0.45992863178253174,
    0.3344835638999939
  ],
  "symmetry_ratio": [
    0.24797587096691132,
    0.4102349877357483,
    0.7462179660797119
  ],
  "energy_distribution": [
    0.22343039512634277,
    0.28475773334503174,
    0.2855730950832367
  ],
  "motion_stability": [
    1.199225664138794,
    1.3705072402954102,
    0.9582750797271729
  ],
  "freq_entropy": [
    8.984249114990234,
    8.814714431762695,
    8.84237289428711
  ]
}