{
  "dominant_freq": [
    1.0361057142857142,
    1.0532314285714286
  ],
  "amp_mean_x": [
    0.2762863039970398,
    0.9067490696907043
  ],
  "amp_mean_y": [
    0.3349156081676483,
    0.79308021068573
  ],
  "symmetry_ratio": [
    0.8249430656433105,
    1.1433258056640625
  ],
  "energy_distribution": [
    0.23138320446014404,
    0.28890496492385864
  ],
  "motion_stability": [
    2.105320453643799,
    4.707726955413818
  ],
  "freq_entropy": [
    9.575885772705078,
    9.76131820678711
  ]
}