{
  "dominant_freq": [
    1.0518513744320197,
    8.041599158516206
  ],
  "amp_mean_x": [
    0.2328045815229416,
    1.2006251811981201
  ],
  "amp_mean_y": [
    0.38735273480415344,
    2.9246726036071777
  ],
  "symmetry_ratio": [
    0.6010144352912903,
    0.41051608324050903
  ],
  "energy_distribution": [
    0.23054629564285278,
    0.20659105479717255
  ],
  "motion_stability": [
    1.2873411178588867,
    3.530717372894287
  ],
  "freq_entropy": [
    9.62700366973877,
    9.825403213500977
  ]
}