{
  "dominant_freq": [
    0.10101010101010101,
    1.1530748663101602
  ],
  "amp_mean_x": [
    0.809675395488739,
    0.2422001212835312
  ],
  "amp_mean_y": [
    2.312138080596924,
    1.0279704332351685
  ],
  "symmetry_ratio": [
    0.35018470883369446,
    0.2356100082397461
  ],
  "energy_distribution": [
    0.291369765996933,
    0.24297259747982025
  ],
  "motion_stability": [
    2.4383697509765625,
    1.3792845010757446
  ],
  "freq_entropy": [
    9.481538772583008,
    9.514089584350586
  ]
}