{
  "dominant_freq": [
    4.245617787188989,
    0.10206896551724137
  ],
  "amp_mean_x": [
    1.350288987159729,
    0.40546151995658875
  ],
  "amp_mean_y": [
    3.1551716327667236,
    0.5216766595840454
  ],
  "symmetry_ratio": [
    0.4279605448246002,
    0.7772276401519775
  ],
  "energy_distribution": [
    0.2291552871465683,
    0.5091773271560669
  ],
  "motion_stability": [
    4.352799415588379,
    2.4951188564300537
  ],
  "freq_entropy": [
    10.161190032958984,
    9.291139602661133
  ]
}