{
  "dominant_freq": [
    3.6798607594936703,
    4.0847999999999995,
    3.798303157894736
  ],
  "amp_mean_x": [
    0.34803324937820435,
    0.4792701303958893,
    0.39383241534233093
  ],
  "amp_mean_y": [
    0.6071748733520508,
    0.796136736869812,
    0.9210375547409058
  ],
  "symmetry_ratio": [
    0.5732010006904602,
    0.6019947528839111,
    0.42759647965431213
  ],
  "energy_distribution": [
    0.14759981632232666,
    0.2509680688381195,
    0.22156813740730286
  ],
  "motion_stability": [
    2.4182300567626953,
    1.9192328453063965,
    1.638692021369934
  ],
  "freq_entropy": [
    9.021575927734375,
    8.966655731201172,
    8.97341537475586
  ]
}