{
  "dominant_freq": [
    0.11357052631578946,
    0.13880842105263158,
    0.492138947368421
  ],
  "amp_mean_x": [
    0.22619430720806122,
    0.14316460490226746,
    0.39415058493614197
  ],
  "amp_mean_y": [
    0.272564560174942,
    0.5750524401664734,
    0.26796820759773254
  ],
  "symmetry_ratio": [
    0.8298742175102234,
    0.24895921349525452,
    1.4708856344223022
  ],
  "energy_distribution": [
    0.4408075511455536,
    0.32782766222953796,
    0.4815697968006134
  ],
  "motion_stability": [
    2.0095479488372803,
    1.2311086654663086,
    2.476865291595459
  ],
  "freq_entropy": [
    8.563889503479004,
    8.658966064453125,
    8.65859317779541
  ]
}