{
  "dominant_freq": [
    0.5002000800320128,
    8.388487765744085
  ],
  "amp_mean_x": [
    0.07620161771774292,
    0.5680271983146667
  ],
  "amp_mean_y": [
    0.10948237031698227,
    0.9252177476882935
  ],
  "symmetry_ratio": [
    0.6960172653198242,
    0.6139389276504517
  ],
  "energy_distribution": [
    0.4061245024204254,
    0.22786590456962585
  ],
  "motion_stability": [
    6.343177795410156,
    4.93341588973999
  ],
  "freq_entropy": [
    10.372695922851562,
    10.331016540527344
  ]
}