{
  "dominant_freq": [
    0.1542857142857143,
    4.017391304347826,
    5.302725968436156,
    0.503617945007236
  ],
  "amp_mean_x": [
    0.5066245794296265,
    0.947121798992157,
    0.5552806854248047,
    0.6388828158378601
  ],
  "amp_mean_y": [
    1.009697437286377,
    1.5230826139450073,
    1.1619129180908203,
    1.5489407777786255
  ],
  "symmetry_ratio": [
    0.5017588138580322,
    0.6218453049659729,
    0.4779021441936493,
    0.41246432065963745
  ],
  "energy_distribution": [
    0.23954254388809204,
    0.28251639008522034,
    0.2571696937084198,
    0.2589495778083801
  ],
  "motion_stability": [
    1.5123753547668457,
    2.3355424404144287,
    1.6617754697799683,
    2.3284852504730225
  ],
  "freq_entropy": [
    8.489740371704102,
    8.487123489379883,
    8.606120109558105,
    8.610891342163086
  ]
}