{
  "dominant_freq": [
    3.181281553398058,
    3.344021052631579,
    1.5521305263157892
  ],
  "amp_mean_x": [
    0.9960784316062927,
    0.10914506018161774,
    0.19977989792823792
  ],
  "amp_mean_y": [
    1.3172775506973267,
    0.1285591870546341,
    0.39738884568214417
  ],
  "symmetry_ratio": [
    0.7561644315719604,
    0.8489868640899658,
    0.5027315020561218
  ],
  "energy_distribution": [
    0.0939963236451149,
    0.1919320523738861,
    0.1987738311290741
  ],
  "motion_stability": [
    6.8693952560424805,
    2.674107789993286,
    1.5318913459777832
  ],
  "freq_entropy": [
    8.972818374633789,
    9.127595901489258,
    9.013071060180664
  ]
}