{
  "dominant_freq": [
    0.10504201680672268,
    0.11,
    4.6786004882017895,
    7.842034203420342
  ],
  "amp_mean_x": [
    0.1334691196680069,
    0.14524562656879425,
    1.2281502485275269,
    2.815948724746704
  ],
  "amp_mean_y": [
    0.19681891798973083,
    0.1562965214252472,
    4.396255016326904,
    6.92413854598999
  ],
  "symmetry_ratio": [
    0.6781315803527832,
    0.9292953014373779,
    0.27936282753944397,
    0.40668579936027527
  ],
  "energy_distribution": [
    0.2580817639827728,
    0.27725154161453247,
    0.1876162439584732,
    0.24218176305294037
  ],
  "motion_stability": [
    1.8667576313018799,
    1.7235462665557861,
    3.002927780151367,
    2.3103814125061035
  ],
  "freq_entropy": [
    10.185758590698242,
    10.25269889831543,
    10.317973136901855,
    10.144050598144531
  ]
}