{
  "dominant_freq": [
    4.291374868004223,
    0.9211831578947367,
    0.10180891719745222
  ],
  "amp_mean_x": [
    0.2677668631076813,
    0.14866426587104797,
    1.1598871946334839
  ],
  "amp_mean_y": [
    0.29412099719047546,
    0.2701457142829895,
    1.440995454788208
  ],
  "symmetry_ratio": [
    0.9103969931602478,
    0.5503113865852356,
    0.8049207925796509
  ],
  "energy_distribution": [
    0.2398337423801422,
    0.2531929910182953,
    0.2994717061519623
  ],
  "motion_stability": [
    3.6440839767456055,
    1.8716121912002563,
    7.015990257263184
  ],
  "freq_entropy": [
    9.150696754455566,
    8.969340324401855,
    8.925959587097168
  ]
}