{
  "dominant_freq": [
    0.19068928950159067,
    0.5074285714285713,
    1.3263856691253948
  ],
  "amp_mean_x": [
    1.1724718809127808,
    0.6077146530151367,
    0.39322346448898315
  ],
  "amp_mean_y": [
    2.6865012645721436,
    0.5507749319076538,
    0.36422109603881836
  ],
  "symmetry_ratio": [
    0.43643078207969666,
    1.1033811569213867,
    1.0796284675598145
  ],
  "energy_distribution": [
    0.39200910925865173,
    0.28006765246391296,
    0.2759847640991211
  ],
  "motion_stability": [
    5.182519912719727,
    3.007699489593506,
    2.8755788803100586
  ],
  "freq_entropy": [
    8.847697257995605,
    8.88491153717041,
    8.766544342041016
  ]
}