{
  "dominant_freq": [
    0.10285714285714287,
    1.2257142857142858
  ],
  "amp_mean_x": [
    0.20846490561962128,
    0.34362319111824036
  ],
  "amp_mean_y": [
    0.198855459690094,
    0.38352712988853455
  ],
  "symmetry_ratio": [
    1.0483237504959106,
    0.8959553837776184
  ],
  "energy_distribution": [
    0.22449161112308502,
    0.256396621465683
  ],
  "motion_stability": [
    2.2545788288116455,
    2.441908836364746
  ],
  "freq_entropy": [
    9.545961380004883,
    9.531304359436035
  ]
}