{
  "dominant_freq": [
    0.10666666666666667,
    4.03125,
    2.589543937708566
  ],
  "amp_mean_x": [
    1.0347306728363037,
    1.2893625497817993,
    0.6947193145751953
  ],
  "amp_mean_y": [
    0.9265369772911072,
    1.384982943534851,
    0.42814502120018005
  ],
  "symmetry_ratio": [
    1.116772174835205,
    0.930959165096283,
    1.6226261854171753
  ],
  "energy_distribution": [
    0.24698184430599213,
    0.2737356424331665,
    0.3159986436367035
  ],
  "motion_stability": [
    1.3636239767074585,
    2.616514205932617,
    2.5407347679138184
  ],
  "freq_entropy": [
    8.920377731323242,
    8.74276351928711,
    8.659008979797363
  ]
}