{
  "dominant_freq": [
    0.10717241379310344,
    0.11222808510638296
  ],
  "amp_mean_x": [
    0.32861948013305664,
    0.26791244745254517
  ],
  "amp_mean_y": [
    0.2997119128704071,
    0.3505139946937561
  ],
  "symmetry_ratio": [
    1.0964511632919312,
    0.7643416523933411
  ],
  "energy_distribution": [
    0.3174571990966797,
    0.20767346024513245
  ],
  "motion_stability": [
    2.2978575229644775,
    1.7693092823028564
  ],
  "freq_entropy": [
    10.157995223999023,
    10.31025218963623
  ]
}