{
  "dominant_freq": [
    4.347607052896725
  ],
  "amp_mean_x": [
    0.5293001532554626
  ],
  "amp_mean_y": [
    1.0258196592330933
  ],
  "symmetry_ratio": [
    0.5159777998924255
  ],
  "energy_distribution": [
    0.25419098138809204
  ],
  "motion_stability": [
    4.242133140563965
  ],
  "freq_entropy": [
    10.276956558227539
  ]
}