{
  "dominant_freq": [
    5.255013698630136,
    0.2776168421052631,
    0.11357052631578946
  ],
  "amp_mean_x": [
    0.6840992569923401,
    0.3160203695297241,
    0.29977869987487793
  ],
  "amp_mean_y": [
    1.2326968908309937,
    0.1654045283794403,
    0.1764335334300995
  ],
  "symmetry_ratio": [
    0.5549614429473877,
    1.9105907678604126,
    1.699102759361267
  ],
  "energy_distribution": [
    0.1614212989807129,
    0.3274308741092682,
    0.4175592362880707
  ],
  "motion_stability": [
    3.3872528076171875,
    0.9409377574920654,
    0.9807188510894775
  ],
  "freq_entropy": [
    9.01000690460205,
    8.657878875732422,
    8.36285400390625
  ]
}