{
  "dominant_freq": [
    0.11357052631578946,
    1.4385599999999998,
    0.47951999999999995
  ],
  "amp_mean_x": [
    0.3883476257324219,
    0.24440351128578186,
    0.18618382513523102
  ],
  "amp_mean_y": [
    0.33383500576019287,
    0.13845503330230713,
    0.11309913545846939
  ],
  "symmetry_ratio": [
    1.1632920503616333,
    1.7652194499969482,
    1.6462002992630005
  ],
  "energy_distribution": [
    0.40992993116378784,
    0.27817603945732117,
    0.2356412261724472
  ],
  "motion_stability": [
    2.1684136390686035,
    1.5735620260238647,
    1.4048993587493896
  ],
  "freq_entropy": [
    8.565511703491211,
    9.214475631713867,
    9.100486755371094
  ]
}