{
  "dominant_freq": [
    2.3366440677966103,
    9.312783157894735,
    4.389257142857142
  ],
  "amp_mean_x": [
    1.0485762357711792,
    0.976043164730072,
    0.9171025156974792
  ],
  "amp_mean_y": [
    2.064725875854492,
    1.5021071434020996,
    1.5882925987243652
  ],
  "symmetry_ratio": [
    0.5078524947166443,
    0.649782657623291,
    0.5774140954017639
  ],
  "energy_distribution": [
    0.2904597222805023,
    0.19980290532112122,
    0.23260809481143951
  ],
  "motion_stability": [
    3.9107513427734375,
    2.3202569484710693,
    2.3812203407287598
  ],
  "freq_entropy": [
    9.0785493850708,
    9.03077220916748,
    8.993407249450684
  ]
}