{
  "dominant_freq": [
    5.741230592294422,
    0.7266666666666668
  ],
  "amp_mean_x": [
    1.0997180938720703,
    0.49885836243629456
  ],
  "amp_mean_y": [
    1.971964716911316,
    0.6149510145187378
  ],
  "symmetry_ratio": [
    0.557676374912262,
    0.811216413974762
  ],
  "energy_distribution": [
    0.291676789522171,
    0.3580830693244934
  ],
  "motion_stability": [
    4.331786155700684,
    4.074954509735107
  ],
  "freq_entropy": [
    9.830523490905762,
    9.706929206848145
  ]
}