{
  "dominant_freq": [
    5.7,
    0.312
  ],
  "amp_mean_x": [
    0.2305414378643036,
    0.420923113822937
  ],
  "amp_mean_y": [
    0.3298126757144928,
    0.4798356592655182
  ],
  "symmetry_ratio": [
    0.6990072131156921,
    0.8772234916687012
  ],
  "energy_distribution": [
    0.187801793217659,
    0.30867308378219604
  ],
  "motion_stability": [
    1.4890456199645996,
    1.3037118911743164
  ],
  "freq_entropy": [
    9.067487716674805,
    8.966559410095215
  ]
}