{
  "dominant_freq": [
    4.954945754716981,
    2.6021011764705877
  ],
  "amp_mean_x": [
    0.8298594355583191,
    0.2622718811035156
  ],
  "amp_mean_y": [
    1.6526073217391968,
    0.3975154161453247
  ],
  "symmetry_ratio": [
    0.502151608467102,
    0.6597778797149658
  ],
  "energy_distribution": [
    0.24743235111236572,
    0.2106574922800064
  ],
  "motion_stability": [
    5.355899810791016,
    2.344162940979004
  ],
  "freq_entropy": [
    9.770779609680176,
    9.827424049377441
  ]
}