{
  "dominant_freq": [
    1.2159257142857143,
    0.10275428571428571,
    0.46239428571428576,
    0.10275428571428571
  ],
  "amp_mean_x": [
    0.07510582357645035,
    0.11096766591072083,
    0.08798647671937943,
    0.12845808267593384
  ],
  "amp_mean_y": [
    0.092098169028759,
    0.18014486134052277,
    0.17173132300376892,
    0.19094055891036987
  ],
  "symmetry_ratio": [
    0.8154974579811096,
    0.6159912943840027,
    0.5123496055603027,
    0.672764778137207
  ],
  "energy_distribution": [
    0.1786436289548874,
    0.27808207273483276,
    0.30735495686531067,
    0.33425742387771606
  ],
  "motion_stability": [
    1.205143928527832,
    1.8694496154785156,
    1.3549108505249023,
    1.536289930343628
  ],
  "freq_entropy": [
    8.469584465026855,
    8.327860832214355,
    8.465137481689453,
    8.205257415771484
  ]
}