{
  "dominant_freq": [
    2.0558223289315722,
    0.10516826923076922,
    0.11
  ],
  "amp_mean_x": [
    0.4765409231185913,
    1.2916637659072876,
    0.3551715314388275
  ],
  "amp_mean_y": [
    0.6130378246307373,
    0.7957537174224854,
    0.4237785041332245
  ],
  "symmetry_ratio": [
    0.7773434519767761,
    1.6231954097747803,
    0.8381065130233765
  ],
  "energy_distribution": [
    0.24728672206401825,
    0.4297678768634796,
    0.44969484210014343
  ],
  "motion_stability": [
    1.4853154420852661,
    2.103557586669922,
    1.5403103828430176
  ],
  "freq_entropy": [
    10.293180465698242,
    9.782785415649414,
    9.629951477050781
  ]
}