{
  "dominant_freq": [
    0.8424284403841473,
    4.74312740070832,
    0.10735533123592825
  ],
  "amp_mean_x": [
    0.6427655220031738,
    1.7218838930130005,
    1.4433081150054932
  ],
  "amp_mean_y": [
    1.2302223443984985,
    1.3861371278762817,
    1.1947717666625977
  ],
  "symmetry_ratio": [
    0.5224791765213013,
    1.2422175407409668,
    1.2080199718475342
  ],
  "energy_distribution": [
    0.31115782260894775,
    0.21926142275333405,
    0.5250647068023682
  ],
  "motion_stability": [
    2.523838758468628,
    2.9081850051879883,
    2.0402841567993164
  ],
  "freq_entropy": [
    10.251602172851562,
    10.246133804321289,
    9.280293464660645
  ]
}