{
  "dominant_freq": [
    2.6809527272727274,
    2.048858181818182,
    1.264189090909091,
    1.8744872727272726,
    0.1307781818181818
  ],
  "amp_mean_x": [
    0.11073137819766998,
    0.12629447877407074,
    0.11560549587011337,
    0.10007356107234955,
    0.06919939815998077
  ],
  "amp_mean_y": [
    0.243306502699852,
    0.17514324188232422,
    0.4406355917453766,
    0.3431378901004791,
    0.3172234892845154
  ],
  "symmetry_ratio": [
    0.455110639333725,
    0.7210925221443176,
    0.2623607814311981,
    0.2916423976421356,
    0.2181408405303955
  ],
  "energy_distribution": [
    0.16766080260276794,
    0.2874588370323181,
    0.20665523409843445,
    0.2870257794857025,
    0.33135363459587097
  ],
  "motion_stability": [
    1.3608639240264893,
    1.2150185108184814,
    2.6366217136383057,
    1.87263822555542,
    1.2863304615020752
  ],
  "freq_entropy": [
    8.178699493408203,
    8.088624954223633,
    8.323246002197266,
    8.242534637451172,
    8.07307243347168
  ]
}