{
  "dominant_freq": [
    3.4971428571428573,
    6.5600000000000005
  ],
  "amp_mean_x": [
    0.13022281229496002,
    0.25058141350746155
  ],
  "amp_mean_y": [
    0.0889744982123375,
    0.26793986558914185
  ],
  "symmetry_ratio": [
    1.463597059249878,
    0.9352151155471802
  ],
  "energy_distribution": [
    0.05563175305724144,
    0.16425712406635284
  ],
  "motion_stability": [
    2.9943525791168213,
    3.01308012008667
  ],
  "freq_entropy": [
    9.16363525390625,
    9.188030242919922
  ]
}