{
  "dominant_freq": [
    5.577574736842104,
    0.11357052631578946,
    0.5299957894736842
  ],
  "amp_mean_x": [
    0.7999686598777771,
    0.5086023807525635,
    0.19198790192604065
  ],
  "amp_mean_y": [
    0.8190210461616516,
    0.48456814885139465,
    0.29100051522254944
  ],
  "symmetry_ratio": [
    0.9767376184463501,
    1.049599289894104,
    0.6597510576248169
  ],
  "energy_distribution": [
    0.19518154859542847,
    0.2805754840373993,
    0.2602041959762573
  ],
  "motion_stability": [
    3.059521198272705,
    1.280851125717163,
    1.4406406879425049
  ],
  "freq_entropy": [
    9.001777648925781,
    8.853218078613281,
    8.885242462158203
  ]
}