{
  "dominant_freq": [
    4.248682824025289,
    3.4048884165781086,
    7.753846153846154
  ],
  "amp_mean_x": [
    0.7192267179489136,
    1.7603535652160645,
    2.2784416675567627
  ],
  "amp_mean_y": [
    0.4130319058895111,
    1.120025634765625,
    1.285841464996338
  ],
  "symmetry_ratio": [
    1.7413345575332642,
    1.57170832157135,
    1.7719460725784302
  ],
  "energy_distribution": [
    0.19838351011276245,
    0.17612338066101074,
    0.19951923191547394
  ],
  "motion_stability": [
    1.998096227645874,
    2.742281675338745,
    2.3718347549438477
  ],
  "freq_entropy": [
    9.037215232849121,
    9.031898498535156,
    8.951593399047852
  ]
}