{
  "dominant_freq": [
    7.421052631578947,
    6.25242718446602,
    4.333685322069694
  ],
  "amp_mean_x": [
    2.606558084487915,
    3.469447135925293,
    0.6574293375015259
  ],
  "amp_mean_y": [
    4.005046844482422,
    6.021973133087158,
    1.5628465414047241
  ],
  "symmetry_ratio": [
    0.6508183479309082,
    0.576131284236908,
    0.42066147923469543
  ],
  "energy_distribution": [
    0.1684512197971344,
    0.16572491824626923,
    0.10778046399354935
  ],
  "motion_stability": [
    2.8761792182922363,
    2.123396635055542,
    3.0069079399108887
  ],
  "freq_entropy": [
    8.976282119750977,
    8.970985412597656,
    9.11695671081543
  ]
}