{
  "dominant_freq": [
    3.6096746166950595,
    2.0362758620689654
  ],
  "amp_mean_x": [
    0.20094072818756104,
    0.2498239129781723
  ],
  "amp_mean_y": [
    0.6067247986793518,
    0.7765235900878906
  ],
  "symmetry_ratio": [
    0.33118924498558044,
    0.3217209577560425
  ],
  "energy_distribution": [
    0.2263115793466568,
    0.3137250244617462
  ],
  "motion_stability": [
    4.219536781311035,
    2.9559688568115234
  ],
  "freq_entropy": [
    10.408943176269531,
    10.215152740478516
  ]
}