{
  "dominant_freq": [
    0.2776168421052631,
    3.8361599999999996,
    0.5426147368421051
  ],
  "amp_mean_x": [
    0.20612645149230957,
    0.2129468470811844,
    0.08164621889591217
  ],
  "amp_mean_y": [
    0.4854988753795624,
    0.4968373477458954,
    0.21596242487430573
  ],
  "symmetry_ratio": [
    0.42456626892089844,
    0.42860475182533264,
    0.3780575096607208
  ],
  "energy_distribution": [
    0.23739707469940186,
    0.23593692481517792,
    0.2592923045158386
  ],
  "motion_stability": [
    2.248976469039917,
    1.8889362812042236,
    1.320845365524292
  ],
  "freq_entropy": [
    9.033397674560547,
    8.962831497192383,
    8.566688537597656
  ]
}