{
  "dominant_freq": [
    4.061624649859944,
    0.12126111560226355
  ],
  "amp_mean_x": [
    0.41789597272872925,
    0.744300127029419
  ],
  "amp_mean_y": [
    1.0376712083816528,
    2.0205776691436768
  ],
  "symmetry_ratio": [
    0.40272483229637146,
    0.36836007237434387
  ],
  "energy_distribution": [
    0.2368994951248169,
    0.3033764958381653
  ],
  "motion_stability": [
    1.552783727645874,
    1.7151488065719604
  ],
  "freq_entropy": [
    10.328567504882812,
    10.269613265991211
  ]
}