{
  "dominant_freq": [
    5.494736842105263,
    2.0968421052631583,
    6.416842105263159
  ],
  "amp_mean_x": [
    0.26428404450416565,
    0.2718213200569153,
    0.33552759885787964
  ],
  "amp_mean_y": [
    0.2570340931415558,
    0.2441040426492691,
    0.30671849846839905
  ],
  "symmetry_ratio": [
    1.0282062292099,
    1.1135469675064087,
    1.0939267873764038
  ],
  "energy_distribution": [
    0.1798921674489975,
    0.18562883138656616,
    0.1998448669910431
  ],
  "motion_stability": [
    1.6983585357666016,
    1.2856192588806152,
    1.7977573871612549
  ],
  "freq_entropy": [
    9.039680480957031,
    8.986757278442383,
    8.95546817779541
  ]
}