{
  "dominant_freq": [
    0.29970029970029965,
    1.843156843156843,
    1.6783216783216783
  ],
  "amp_mean_x": [
    0.12429089844226837,
    0.2159922569990158,
    0.09900855273008347
  ],
  "amp_mean_y": [
    0.07177706062793732,
    0.3258846700191498,
    0.43178924918174744
  ],
  "symmetry_ratio": [
    1.7316242456436157,
    0.6627874374389648,
    0.22929832339286804
  ],
  "energy_distribution": [
    0.27203428745269775,
    0.24548448622226715,
    0.2979615330696106
  ],
  "motion_stability": [
    3.4739737510681152,
    4.562741279602051,
    1.3035447597503662
  ],
  "freq_entropy": [
    8.696528434753418,
    8.878183364868164,
    8.664735794067383
  ]
}