{
  "dominant_freq": [
    1.295001295001295,
    7.226030320718541
  ],
  "amp_mean_x": [
    1.2408761978149414,
    0.8281345963478088
  ],
  "amp_mean_y": [
    1.2897233963012695,
    0.7551027536392212
  ],
  "symmetry_ratio": [
    0.962125837802887,
    1.0967177152633667
  ],
  "energy_distribution": [
    0.16081318259239197,
    0.18543531000614166
  ],
  "motion_stability": [
    2.7879154682159424,
    2.109598159790039
  ],
  "freq_entropy": [
    9.507057189941406,
    9.50870132446289
  ]
}