{
  "dominant_freq": [
    0.7578947368421053,
    0.2905263157894737,
    3.890526315789474
  ],
  "amp_mean_x": [
    0.40684711933135986,
    0.748839259147644,
    0.5209532380104065
  ],
  "amp_mean_y": [
    0.2777158319950104,
    0.8235146403312683,
    0.8203353881835938
  ],
  "symmetry_ratio": [
    1.4649763107299805,
    0.909321129322052,
    0.6350491046905518
  ],
  "energy_distribution": [
    0.20222042500972748,
    0.2517000734806061,
    0.18575313687324524
  ],
  "motion_stability": [
    1.8070859909057617,
    1.4736539125442505,
    2.0652761459350586
  ],
  "freq_entropy": [
    8.978164672851562,
    8.935708999633789,
    8.950838088989258
  ]
}