{
  "dominant_freq": [
    0.3515793991416309,
    0.16469414316702818
  ],
  "amp_mean_x": [
    0.15433883666992188,
    1.3643466234207153
  ],
  "amp_mean_y": [
    0.3213615119457245,
    1.3404417037963867
  ],
  "symmetry_ratio": [
    0.48026546835899353,
    1.0178335905075073
  ],
  "energy_distribution": [
    0.1907224953174591,
    0.34805238246917725
  ],
  "motion_stability": [
    4.684499740600586,
    3.111100196838379
  ],
  "freq_entropy": [
    9.674308776855469,
    9.093868255615234
  ]
}