{
  "dominant_freq": [
    0.11503834611537178,
    0.12008005336891261,
    0.10003334444814937,
    0.325,
    0.10503501167055684,
    0.6523937963587324,
    0.11675126903553298
  ],
  "amp_mean_x": [
    0.23068000376224518,
    0.3708484172821045,
    0.14246006309986115,
    0.1787274181842804,
    0.29651615023612976,
    0.5784961581230164,
    0.37972915172576904
  ],
  "amp_mean_y": [
    0.26838037371635437,
    0.4498050808906555,
    0.3123065233230591,
    0.15405431389808655,
    0.5371159911155701,
    0.8606516718864441,
    0.5895653367042542
  ],
  "symmetry_ratio": [
    0.8595263361930847,
    0.824464738368988,
    0.45615461468696594,
    1.1601585149765015,
    0.55205237865448,
    0.6721606254577637,
    0.6440832614898682
  ],
  "energy_distribution": [
    0.5305265784263611,
    0.7106114029884338,
    0.8021811246871948,
    0.27759382128715515,
    0.7052138447761536,
    0.5912086963653564,
    0.7671328783035278
  ],
  "motion_stability": [
    2.600890636444092,
    3.5876059532165527,
    3.1904759407043457,
    2.0015039443969727,
    2.244964838027954,
    7.300354957580566,
    9.868587493896484
  ],
  "freq_entropy": [
    9.185049057006836,
    8.362064361572266,
    8.080915451049805,
    9.821199417114258,
    8.803089141845703,
    10.20064926147461,
    9.480775833129883
  ]
}