{
  "dominant_freq": [
    3.14506617743415,
    0.256044681503887
  ],
  "amp_mean_x": [
    0.24242933094501495,
    0.639104962348938
  ],
  "amp_mean_y": [
    0.3460523188114166,
    0.9167957305908203
  ],
  "symmetry_ratio": [
    0.7005568742752075,
    0.6971072554588318
  ],
  "energy_distribution": [
    0.21471570432186127,
    0.28783154487609863
  ],
  "motion_stability": [
    3.6289515495300293,
    3.406503677368164
  ],
  "freq_entropy": [
    10.35038948059082,
    10.176824569702148
  ]
}