{
  "dominant_freq": [
    2.320534285714286,
    2.003708571428571
  ],
  "amp_mean_x": [
    0.7325435876846313,
    0.6888842582702637
  ],
  "amp_mean_y": [
    2.0738930702209473,
    0.7336530685424805
  ],
  "symmetry_ratio": [
    0.35322147607803345,
    0.9389782547950745
  ],
  "energy_distribution": [
    0.3264075815677643,
    0.169115349650383
  ],
  "motion_stability": [
    5.0189666748046875,
    2.8236687183380127
  ],
  "freq_entropy": [
    9.478438377380371,
    9.556146621704102
  ]
}