{
  "dominant_freq": [
    0.510127659574468,
    4.800301276595744
  ],
  "amp_mean_x": [
    0.143732950091362,
    0.22442255914211273
  ],
  "amp_mean_y": [
    0.20309780538082123,
    0.22066135704517365
  ],
  "symmetry_ratio": [
    0.7077031135559082,
    1.0170451402664185
  ],
  "energy_distribution": [
    0.2602287530899048,
    0.2826206684112549
  ],
  "motion_stability": [
    1.9488646984100342,
    1.5401356220245361
  ],
  "freq_entropy": [
    10.195402145385742,
    10.135863304138184
  ]
}