{
  "dominant_freq": [
    2.7418324580261144,
    1.8996849689093227
  ],
  "amp_mean_x": [
    1.708040475845337,
    0.9925901293754578
  ],
  "amp_mean_y": [
    0.6070618629455566,
    0.7327893972396851
  ],
  "symmetry_ratio": [
    2.8136184215545654,
    1.3545366525650024
  ],
  "energy_distribution": [
    0.8532576560974121,
    0.2785758674144745
  ],
  "motion_stability": [
    2.365448474884033,
    2.512942314147949
  ],
  "freq_entropy": [
    7.811241149902344,
    9.195390701293945
  ]
}