{
  "dominant_freq": [
    7.597523076923076,
    1.7943329032258062,
    2.5326760563380275
  ],
  "amp_mean_x": [
    0.6249470114707947,
    0.7397612929344177,
    2.751526355743408
  ],
  "amp_mean_y": [
    0.9830480813980103,
    1.474866271018982,
    5.262630939483643
  ],
  "symmetry_ratio": [
    0.6357237696647644,
    0.5015785694122314,
    0.5228423476219177
  ],
  "energy_distribution": [
    0.14563575387001038,
    0.23348265886306763,
    0.1958971619606018
  ],
  "motion_stability": [
    6.3639092445373535,
    4.044870853424072,
    2.981977939605713
  ],
  "freq_entropy": [
    10.267131805419922,
    10.402263641357422,
    10.260542869567871
  ]
}