{
  "dominant_freq": [
    0.9527272727272726,
    4.138181818181818
  ],
  "amp_mean_x": [
    0.13428935408592224,
    0.14762157201766968
  ],
  "amp_mean_y": [
    0.1340516358613968,
    0.14265801012516022
  ],
  "symmetry_ratio": [
    1.0017733573913574,
    1.0347933769226074
  ],
  "energy_distribution": [
    0.2708301246166229,
    0.2086150348186493
  ],
  "motion_stability": [
    1.338207483291626,
    1.5132472515106201
  ],
  "freq_entropy": [
    9.737821578979492,
    9.76801586151123
  ]
}