{
  "dominant_freq": [
    0.11742930153321976,
    0.11222808510638296,
    0.11222808510638296
  ],
  "amp_mean_x": [
    0.33048173785209656,
    0.08616167306900024,
    0.14457961916923523
  ],
  "amp_mean_y": [
    0.26608365774154663,
    0.20271067321300507,
    0.27354133129119873
  ],
  "symmetry_ratio": [
    1.242021918296814,
    0.42504754662513733,
    0.5285476446151733
  ],
  "energy_distribution": [
    0.37462326884269714,
    0.3530307412147522,
    0.4751010835170746
  ],
  "motion_stability": [
    2.6009984016418457,
    1.2343103885650635,
    1.8745461702346802
  ],
  "freq_entropy": [
    9.97472858428955,
    10.140642166137695,
    9.705357551574707
  ]
}