{
  "dominant_freq": [
    0.3368386167146974,
    0.13135135135135134
  ],
  "amp_mean_x": [
    0.4445194900035858,
    0.6929541230201721
  ],
  "amp_mean_y": [
    1.1398245096206665,
    1.1100255250930786
  ],
  "symmetry_ratio": [
    0.3899894058704376,
    0.624268651008606
  ],
  "energy_distribution": [
    0.17426829040050507,
    0.3404965102672577
  ],
  "motion_stability": [
    2.5267481803894043,
    2.442203998565674
  ],
  "freq_entropy": [
    9.533623695373535,
    9.43781852722168
  ]
}