{
  "dominant_freq": [
    7.015263838964773,
    2.302730935251798
  ],
  "amp_mean_x": [
    1.3769164085388184,
    1.6570470333099365
  ],
  "amp_mean_y": [
    1.384759783744812,
    1.4645581245422363
  ],
  "symmetry_ratio": [
    0.994335949420929,
    1.1314313411712646
  ],
  "energy_distribution": [
    0.19458739459514618,
    0.28816965222358704
  ],
  "motion_stability": [
    2.4469566345214844,
    1.9535579681396484
  ],
  "freq_entropy": [
    9.580899238586426,
    9.483287811279297
  ]
}