{
  "dominant_freq": [
    0.16473072861668428,
    1.0506329113924051,
    0.20317460317460317
  ],
  "amp_mean_x": [
    0.6767511367797852,
    0.8852522969245911,
    0.632727861404419
  ],
  "amp_mean_y": [
    1.1643797159194946,
    1.5219802856445312,
    1.0431592464447021
  ],
  "symmetry_ratio": [
    0.5812117457389832,
    0.5816450715065002,
    0.6065496206283569
  ],
  "energy_distribution": [
    0.2998656630516052,
    0.33689892292022705,
    0.254177063703537
  ],
  "motion_stability": [
    2.721904993057251,
    3.402351140975952,
    2.330906629562378
  ],
  "freq_entropy": [
    9.014106750488281,
    9.023115158081055,
    9.013477325439453
  ]
}