{
  "dominant_freq": [
    0.7192799999999999,
    0.1126114432109308
  ],
  "amp_mean_x": [
    0.10282567143440247,
    0.3630169928073883
  ],
  "amp_mean_y": [
    0.24175392091274261,
    0.4301230311393738
  ],
  "symmetry_ratio": [
    0.4253319799900055,
    0.843984067440033
  ],
  "energy_distribution": [
    0.2689724862575531,
    0.5143566727638245
  ],
  "motion_stability": [
    1.2428202629089355,
    3.54457426071167
  ],
  "freq_entropy": [
    10.242012023925781,
    9.692703247070312
  ]
}