{
  "dominant_freq": [
    4.660939060939061,
    0.4987012987012987
  ],
  "amp_mean_x": [
    0.183146134018898,
    0.2868911623954773
  ],
  "amp_mean_y": [
    0.09622625261545181,
    0.1014205813407898
  ],
  "symmetry_ratio": [
    1.9032865762710571,
    2.8287272453308105
  ],
  "energy_distribution": [
    0.18755942583084106,
    0.31224653124809265
  ],
  "motion_stability": [
    1.3937973976135254,
    3.0078048706054688
  ],
  "freq_entropy": [
    9.359672546386719,
    9.40034008026123
  ]
}