{
  "dominant_freq": [
    4.985,
    5.22
  ],
  "amp_mean_x": [
    0.14763396978378296,
    0.14392659068107605
  ],
  "amp_mean_y": [
    0.2121800035238266,
    0.1745760142803192
  ],
  "symmetry_ratio": [
    0.6957958936691284,
    0.8244350552558899
  ],
  "energy_distribution": [
    0.17921824753284454,
    0.17407749593257904
  ],
  "motion_stability": [
    1.5672452449798584,
    2.317047119140625
  ],
  "freq_entropy": [
    10.336517333984375,
    10.343997955322266
  ]
}