{
  "dominant_freq": [
    3.835653643083421,
    7.709284054910243,
    6.796147523709166
  ],
  "amp_mean_x": [
    0.8515203595161438,
    1.1682896614074707,
    0.6335262656211853
  ],
  "amp_mean_y": [
    0.5547860860824585,
    1.1539812088012695,
    0.5629385113716125
  ],
  "symmetry_ratio": [
    1.5348625183105469,
    1.0123991966247559,
    1.1253916025161743
  ],
  "energy_distribution": [
    0.21949903666973114,
    0.1712230145931244,
    0.18087711930274963
  ],
  "motion_stability": [
    1.9094913005828857,
    2.439995765686035,
    2.57222580909729
  ],
  "freq_entropy": [
    9.042699813842773,
    9.082868576049805,
    9.066221237182617
  ]
}