{
  "dominant_freq": [
    1.0151540425531913,
    2.9212728051391865,
    0.11241943734015344
  ],
  "amp_mean_x": [
    0.26952043175697327,
    0.5224631428718567,
    0.5452393889427185
  ],
  "amp_mean_y": [
    0.3269944489002228,
    0.8350096344947815,
    0.6665987372398376
  ],
  "symmetry_ratio": [
    0.8242354989051819,
    0.625697135925293,
    0.8179424405097961
  ],
  "energy_distribution": [
    0.23374105989933014,
    0.23753264546394348,
    0.3060462474822998
  ],
  "motion_stability": [
    3.085465431213379,
    4.223939895629883,
    5.166448593139648
  ],
  "freq_entropy": [
    10.313298225402832,
    10.345932960510254,
    9.982542991638184
  ]
}