{
  "dominant_freq": [
    0.101159114857745,
    1.4400000000000002,
    0.1275239107332625
  ],
  "amp_mean_x": [
    0.6285533905029297,
    0.39284682273864746,
    0.277227520942688
  ],
  "amp_mean_y": [
    0.8917945027351379,
    0.6436254978179932,
    0.6421862244606018
  ],
  "symmetry_ratio": [
    0.7048186659812927,
    0.6103655099868774,
    0.43169334530830383
  ],
  "energy_distribution": [
    0.5815672874450684,
    0.34145718812942505,
    0.5013127326965332
  ],
  "motion_stability": [
    3.138193130493164,
    3.941359281539917,
    2.925601005554199
  ],
  "freq_entropy": [
    7.639276504516602,
    9.011578559875488,
    8.627857208251953
  ]
}