{
  "dominant_freq": [
    5.868814729574224,
    3.3715596330275237,
    0.3113207547169812
  ],
  "amp_mean_x": [
    4.968137741088867,
    6.826981544494629,
    4.673121452331543
  ],
  "amp_mean_y": [
    11.523463249206543,
    12.604436874389648,
    10.710664749145508
  ],
  "symmetry_ratio": [
    0.43113234639167786,
    0.5416331887245178,
    0.4363054633140564
  ],
  "energy_distribution": [
    0.20418211817741394,
    0.22769583761692047,
    0.23269964754581451
  ],
  "motion_stability": [
    1.911811113357544,
    1.8982526063919067,
    1.8082330226898193
  ],
  "freq_entropy": [
    8.865657806396484,
    8.826522827148438,
    8.71798038482666
  ]
}