{
  "dominant_freq": [
    0.10202553191489361,
    1.8668571428571428,
    1.9065994014536125,
    1.407643040136635
  ],
  "amp_mean_x": [
    0.33130842447280884,
    1.058738350868225,
    0.8663349151611328,
    0.9775549173355103
  ],
  "amp_mean_y": [
    0.5199130177497864,
    1.5202209949493408,
    0.8414401412010193,
    0.9641015529632568
  ],
  "symmetry_ratio": [
    0.6372382044792175,
    0.6964371204376221,
    1.0295859575271606,
    1.0139542818069458
  ],
  "energy_distribution": [
    0.3031986355781555,
    0.16445718705654144,
    0.236623153090477,
    0.3707525432109833
  ],
  "motion_stability": [
    1.8454947471618652,
    4.162705421447754,
    3.0250205993652344,
    3.305680751800537
  ],
  "freq_entropy": [
    10.095190048217773,
    10.350687980651855,
    9.966224670410156,
    9.477666854858398
  ]
}