{
  "dominant_freq": [
    0.5,
    0.5135270541082164
  ],
  "amp_mean_x": [
    0.1250179260969162,
    0.14633257687091827
  ],
  "amp_mean_y": [
    0.1649709939956665,
    0.2899598181247711
  ],
  "symmetry_ratio": [
    0.7578176259994507,
    0.5046650171279907
  ],
  "energy_distribution": [
    0.27077871561050415,
    0.26155272126197815
  ],
  "motion_stability": [
    1.2125284671783447,
    1.3080151081085205
  ],
  "freq_entropy": [
    8.874320983886719,
    8.930231094360352
  ]
}