{
  "dominant_freq": [
    0.492138947368421,
    1.7342724392819429,
    0.30349367088607593
  ],
  "amp_mean_x": [
    0.292385071516037,
    0.81801837682724,
    0.4757843613624573
  ],
  "amp_mean_y": [
    0.2747497260570526,
    1.037928819656372,
    0.3807869255542755
  ],
  "symmetry_ratio": [
    1.064186930656433,
    0.7881256937980652,
    1.249476671218872
  ],
  "energy_distribution": [
    0.24279561638832092,
    0.3600113093852997,
    0.2953113615512848
  ],
  "motion_stability": [
    1.5318341255187988,
    3.914156913757324,
    2.2006025314331055
  ],
  "freq_entropy": [
    8.951142311096191,
    9.064395904541016,
    9.07063102722168
  ]
}