{
  "dominant_freq": [
    6.105317142857142,
    0.46538605319913723
  ],
  "amp_mean_x": [
    0.31094324588775635,
    0.6462826132774353
  ],
  "amp_mean_y": [
    0.26224660873413086,
    0.6520677804946899
  ],
  "symmetry_ratio": [
    1.1856902837753296,
    0.9911279678344727
  ],
  "energy_distribution": [
    0.21766401827335358,
    0.28751879930496216
  ],
  "motion_stability": [
    1.775956392288208,
    4.441129684448242
  ],
  "freq_entropy": [
    9.58914852142334,
    9.48088550567627
  ]
}