{
  "dominant_freq": [
    2.1155294117647054,
    4.885568904593638,
    4.368268867924527
  ],
  "amp_mean_x": [
    0.40785592794418335,
    0.6845471858978271,
    0.5031338930130005
  ],
  "amp_mean_y": [
    0.442231148481369,
    0.9536616802215576,
    0.8512271046638489
  ],
  "symmetry_ratio": [
    0.9222686290740967,
    0.71780925989151,
    0.5910689234733582
  ],
  "energy_distribution": [
    0.26684072613716125,
    0.1835756152868271,
    0.2318350076675415
  ],
  "motion_stability": [
    1.4188485145568848,
    2.1912453174591064,
    2.7523679733276367
  ],
  "freq_entropy": [
    8.828063011169434,
    8.855939865112305,
    8.673891067504883
  ]
}