{
  "dominant_freq": [
    0.8936741214057508,
    0.5575813953488371,
    6.532004223864835
  ],
  "amp_mean_x": [
    1.6412765979766846,
    0.9650805592536926,
    0.6698298454284668
  ],
  "amp_mean_y": [
    0.908517599105835,
    0.5861572623252869,
    0.5072176456451416
  ],
  "symmetry_ratio": [
    1.8065435886383057,
    1.6464532613754272,
    1.32059645652771
  ],
  "energy_distribution": [
    0.3069212734699249,
    0.20941567420959473,
    0.20496073365211487
  ],
  "motion_stability": [
    4.310175895690918,
    2.581655502319336,
    1.7323508262634277
  ],
  "freq_entropy": [
    9.077421188354492,
    9.062065124511719,
    9.04994010925293
  ]
}