{
  "dominant_freq": [
    0.15584399999999998,
    3.5724239999999994
  ],
  "amp_mean_x": [
    0.16884660720825195,
    0.08718760311603546
  ],
  "amp_mean_y": [
    0.2039698213338852,
    0.13366013765335083
  ],
  "symmetry_ratio": [
    0.8278018832206726,
    0.6523081660270691
  ],
  "energy_distribution": [
    0.43038052320480347,
    0.20278234779834747
  ],
  "motion_stability": [
    2.9673173427581787,
    1.2679860591888428
  ],
  "freq_entropy": [
    8.168688774108887,
    8.96651554107666
  ]
}