{
  "dominant_freq": [
    0.11884655172413791,
    1.9168366464995679,
    0.5947454702329593,
    1.8005083440308085
  ],
  "amp_mean_x": [
    2.2947304248809814,
    1.9012551307678223,
    1.2432780265808105,
    1.2351946830749512
  ],
  "amp_mean_y": [
    2.357769012451172,
    1.875388264656067,
    1.34804368019104,
    1.2571454048156738
  ],
  "symmetry_ratio": [
    0.9732634425163269,
    1.0137927532196045,
    0.9222831726074219,
    0.9825392365455627
  ],
  "energy_distribution": [
    0.25494077801704407,
    0.18063780665397644,
    0.35107001662254333,
    0.1913651078939438
  ],
  "motion_stability": [
    2.191772222518921,
    2.6515798568725586,
    2.7646234035491943,
    3.675713062286377
  ],
  "freq_entropy": [
    10.26953125,
    10.365577697753906,
    10.188604354858398,
    10.367188453674316
  ]
}