{
  "dominant_freq": [
    7.742249999999999,
    1.6683299999999999
  ],
  "amp_mean_x": [
    0.20360827445983887,
    0.10789484530687332
  ],
  "amp_mean_y": [
    0.18255752325057983,
    0.1502421796321869
  ],
  "symmetry_ratio": [
    1.1153101921081543,
    0.7181395292282104
  ],
  "energy_distribution": [
    0.1710282862186432,
    0.24157632887363434
  ],
  "motion_stability": [
    0.8660546541213989,
    1.0888241529464722
  ],
  "freq_entropy": [
    9.309785842895508,
    9.246411323547363
  ]
}