{
  "dominant_freq": [
    3.2921094091903713,
    0.3494260089686098,
    4.84106269925611
  ],
  "amp_mean_x": [
    2.9663002490997314,
    3.645143985748291,
    1.2582159042358398
  ],
  "amp_mean_y": [
    5.903639793395996,
    6.550761699676514,
    2.5515494346618652
  ],
  "symmetry_ratio": [
    0.5024527907371521,
    0.556445837020874,
    0.49311837553977966
  ],
  "energy_distribution": [
    0.236825630068779,
    0.24717608094215393,
    0.20742227137088776
  ],
  "motion_stability": [
    2.7875187397003174,
    2.1244659423828125,
    3.6811485290527344
  ],
  "freq_entropy": [
    8.923022270202637,
    8.921189308166504,
    9.218193054199219
  ]
}