{
  "dominant_freq": [
    1.0535529010238907,
    3.3562294520547944
  ],
  "amp_mean_x": [
    0.9701244235038757,
    0.9266096949577332
  ],
  "amp_mean_y": [
    1.8295190334320068,
    1.3441301584243774
  ],
  "symmetry_ratio": [
    0.5302619934082031,
    0.6893749833106995
  ],
  "energy_distribution": [
    0.22701804339885712,
    0.21066631376743317
  ],
  "motion_stability": [
    4.418652534484863,
    2.454460382461548
  ],
  "freq_entropy": [
    10.346373558044434,
    10.035316467285156
  ]
}