{
  "dominant_freq": [
    0.8301367741935483,
    0.122691684434968
  ],
  "amp_mean_x": [
    0.7559197545051575,
    0.5361132621765137
  ],
  "amp_mean_y": [
    0.775054931640625,
    1.033543586730957
  ],
  "symmetry_ratio": [
    0.9753112196922302,
    0.5187137722969055
  ],
  "energy_distribution": [
    0.2283353954553604,
    0.46488437056541443
  ],
  "motion_stability": [
    4.21229362487793,
    3.003653049468994
  ],
  "freq_entropy": [
    10.274587631225586,
    10.039838790893555
  ]
}