{
  "dominant_freq": [
    4.30327868852459,
    1.8651529193697869
  ],
  "amp_mean_x": [
    0.8363223671913147,
    3.9768919944763184
  ],
  "amp_mean_y": [
    0.9537035822868347,
    3.569453239440918
  ],
  "symmetry_ratio": [
    0.8769206404685974,
    1.1141459941864014
  ],
  "energy_distribution": [
    0.21293190121650696,
    0.2680133283138275
  ],
  "motion_stability": [
    2.702385425567627,
    2.1717476844787598
  ],
  "freq_entropy": [
    9.150652885437012,
    8.993280410766602
  ]
}