{
  "dominant_freq": [
    0.13411764705882354,
    2.823529411764706
  ],
  "amp_mean_x": [
    0.11206033080816269,
    0.2794308364391327
  ],
  "amp_mean_y": [
    0.16285616159439087,
    0.19573894143104553
  ],
  "symmetry_ratio": [
    0.688093900680542,
    1.4275689125061035
  ],
  "energy_distribution": [
    0.29367154836654663,
    0.23046723008155823
  ],
  "motion_stability": [
    2.0618343353271484,
    1.5073308944702148
  ],
  "freq_entropy": [
    9.868799209594727,
    9.792205810546875
  ]
}