{
  "dominant_freq": [
    0.4690961212700343,
    3.8290691032205397
  ],
  "amp_mean_x": [
    0.29117801785469055,
    1.1904995441436768
  ],
  "amp_mean_y": [
    0.25490471720695496,
    0.8205317854881287
  ],
  "symmetry_ratio": [
    1.1423014402389526,
    1.4508877992630005
  ],
  "energy_distribution": [
    0.25865572690963745,
    0.20254041254520416
  ],
  "motion_stability": [
    1.1022262573242188,
    2.212996006011963
  ],
  "freq_entropy": [
    9.185531616210938,
    9.357030868530273
  ]
}