{
  "dominant_freq": [
    0.1,
    3.0432595573440646
  ],
  "amp_mean_x": [
    0.11737843602895737,
    0.683445930480957
  ],
  "amp_mean_y": [
    0.2551670968532562,
    1.5010794401168823
  ],
  "symmetry_ratio": [
    0.46000614762306213,
    0.45530298352241516
  ],
  "energy_distribution": [
    0.38940665125846863,
    0.28638219833374023
  ],
  "motion_stability": [
    1.773571252822876,
    2.6343493461608887
  ],
  "freq_entropy": [
    8.637609481811523,
    8.891441345214844
  ]
}