{
  "dominant_freq": [
    4.3156799999999995,
    1.0095157894736841,
    3.949730526315789
  ],
  "amp_mean_x": [
    0.1229667216539383,
    0.05023876950144768,
    0.04767606407403946
  ],
  "amp_mean_y": [
    0.05815647169947624,
    0.034761521965265274,
    0.0815628319978714
  ],
  "symmetry_ratio": [
    2.1144115924835205,
    1.4452407360076904,
    0.5845317244529724
  ],
  "energy_distribution": [
    0.2247713804244995,
    0.21826693415641785,
    0.29920512437820435
  ],
  "motion_stability": [
    1.1665065288543701,
    1.43534255027771,
    1.2932093143463135
  ],
  "freq_entropy": [
    8.963340759277344,
    8.870116233825684,
    8.772700309753418
  ]
}