{
  "dominant_freq": [
    0.4722550177095632,
    0.5231132503859777
  ],
  "amp_mean_x": [
    0.2607574760913849,
    0.20398500561714172
  ],
  "amp_mean_y": [
    0.22902244329452515,
    0.3126094341278076
  ],
  "symmetry_ratio": [
    1.138567328453064,
    0.6525235176086426
  ],
  "energy_distribution": [
    0.21044141054153442,
    0.27559542655944824
  ],
  "motion_stability": [
    1.4862396717071533,
    1.4236676692962646
  ],
  "freq_entropy": [
    9.80246353149414,
    9.690572738647461
  ]
}