{
  "dominant_freq": [
    2.3592151677541935,
    3.8461203899917904
  ],
  "amp_mean_x": [
    0.741450846195221,
    1.306080937385559
  ],
  "amp_mean_y": [
    1.3419348001480103,
    1.7434812784194946
  ],
  "symmetry_ratio": [
    0.5525237321853638,
    0.7491224408149719
  ],
  "energy_distribution": [
    0.2032182663679123,
    0.19303126633167267
  ],
  "motion_stability": [
    1.954097867012024,
    2.8426637649536133
  ],
  "freq_entropy": [
    9.673883438110352,
    9.703012466430664
  ]
}