{
  "dominant_freq": [
    0.1,
    0.26,
    0.275
  ],
  "amp_mean_x": [
    0.07658498734235764,
    0.0516388863325119,
    0.1146131381392479
  ],
  "amp_mean_y": [
    0.08366497606039047,
    0.1076417788863182,
    0.1312544047832489
  ],
  "symmetry_ratio": [
    0.9153769016265869,
    0.479729026556015,
    0.8732136487960815
  ],
  "energy_distribution": [
    0.3467656373977661,
    0.2696134150028229,
    0.2589636743068695
  ],
  "motion_stability": [
    1.6776810884475708,
    1.3647193908691406,
    1.5525009632110596
  ],
  "freq_entropy": [
    9.67620849609375,
    10.129035949707031,
    10.166385650634766
  ]
}