{
  "dominant_freq": [
    0.13467217956290609,
    1.8608490566037739
  ],
  "amp_mean_x": [
    0.7366186380386353,
    1.8116428852081299
  ],
  "amp_mean_y": [
    1.1547808647155762,
    2.8390450477600098
  ],
  "symmetry_ratio": [
    0.637886106967926,
    0.6381170153617859
  ],
  "energy_distribution": [
    0.23581191897392273,
    0.18237479031085968
  ],
  "motion_stability": [
    2.5927846431732178,
    2.619145393371582
  ],
  "freq_entropy": [
    9.841373443603516,
    9.840261459350586
  ]
}