{
  "dominant_freq": [
    0.11812117843246248,
    0.11117287381878821
  ],
  "amp_mean_x": [
    0.13696976006031036,
    0.2659674286842346
  ],
  "amp_mean_y": [
    0.18025703728199005,
    0.1597215235233307
  ],
  "symmetry_ratio": [
    0.7598580718040466,
    1.6651946306228638
  ],
  "energy_distribution": [
    0.21125465631484985,
    0.360702246427536
  ],
  "motion_stability": [
    4.481325149536133,
    3.3203277587890625
  ],
  "freq_entropy": [
    9.880536079406738,
    9.608346939086914
  ]
}