{
  "dominant_freq": [
    0.11142857142857143,
    0.10293066476054326
  ],
  "amp_mean_x": [
    0.24204467236995697,
    0.3039560317993164
  ],
  "amp_mean_y": [
    0.4154725968837738,
    0.8987002968788147
  ],
  "symmetry_ratio": [
    0.5825767517089844,
    0.3382173478603363
  ],
  "energy_distribution": [
    0.18531130254268646,
    0.28101998567581177
  ],
  "motion_stability": [
    7.038846492767334,
    2.380526542663574
  ],
  "freq_entropy": [
    9.83018684387207,
    9.416322708129883
  ]
}