{
  "dominant_freq": [
    0.32026688907422857,
    0.74
  ],
  "amp_mean_x": [
    0.4563598036766052,
    0.25262024998664856
  ],
  "amp_mean_y": [
    0.5333063006401062,
    0.40342143177986145
  ],
  "symmetry_ratio": [
    0.8557180166244507,
    0.626194417476654
  ],
  "energy_distribution": [
    0.22627846896648407,
    0.21194037795066833
  ],
  "motion_stability": [
    2.49189829826355,
    1.392760992050171
  ],
  "freq_entropy": [
    10.300846099853516,
    10.218794822692871
  ]
}