{
  "dominant_freq": [
    0.15037227580781587,
    0.12418520705813521
  ],
  "amp_mean_x": [
    1.346001386642456,
    1.033929705619812
  ],
  "amp_mean_y": [
    1.414397120475769,
    0.5938223600387573
  ],
  "symmetry_ratio": [
    0.951643168926239,
    1.7411431074142456
  ],
  "energy_distribution": [
    0.2544987201690674,
    0.5972099304199219
  ],
  "motion_stability": [
    4.229663372039795,
    2.5244059562683105
  ],
  "freq_entropy": [
    9.517538070678711,
    8.650396347045898
  ]
}