{
  "dominant_freq": [
    2.49893123209169,
    0.4623942857142857
  ],
  "amp_mean_x": [
    0.10523111373186111,
    0.05960865691304207
  ],
  "amp_mean_y": [
    0.25529682636260986,
    0.05283000320196152
  ],
  "symmetry_ratio": [
    0.412191241979599,
    1.1283106803894043
  ],
  "energy_distribution": [
    0.2411680668592453,
    0.18295149505138397
  ],
  "motion_stability": [
    10.035280227661133,
    1.4525327682495117
  ],
  "freq_entropy": [
    9.656951904296875,
    9.521987915039062
  ]
}