{
  "dominant_freq": [
    5.027519051651143,
    4.341442953020135
  ],
  "amp_mean_x": [
    0.5893236398696899,
    0.5906018018722534
  ],
  "amp_mean_y": [
    1.4777369499206543,
    0.8623855710029602
  ],
  "symmetry_ratio": [
    0.39880144596099854,
    0.6848465800285339
  ],
  "energy_distribution": [
    0.18869632482528687,
    0.1460742950439453
  ],
  "motion_stability": [
    4.240739822387695,
    3.7364025115966797
  ],
  "freq_entropy": [
    9.286909103393555,
    9.343442916870117
  ]
}