{
  "dominant_freq": [
    3.5222923636363634,
    0.22721758908263834
  ],
  "amp_mean_x": [
    0.9867063164710999,
    3.794724941253662
  ],
  "amp_mean_y": [
    2.655679941177368,
    4.44824743270874
  ],
  "symmetry_ratio": [
    0.3715456426143646,
    0.8530831336975098
  ],
  "energy_distribution": [
    0.19713623821735382,
    0.2498549073934555
  ],
  "motion_stability": [
    2.8538050651550293,
    2.1790106296539307
  ],
  "freq_entropy": [
    9.589367866516113,
    9.372138977050781
  ]
}