{
  "dominant_freq": [
    0.1009515789473684,
    4.732105263157894,
    3.692506329113924
  ],
  "amp_mean_x": [
    0.32342472672462463,
    0.6695190072059631,
    1.0739332437515259
  ],
  "amp_mean_y": [
    0.3735521137714386,
    1.8015409708023071,
    2.1966075897216797
  ],
  "symmetry_ratio": [
    0.8658088445663452,
    0.37163683772087097,
    0.4889053702354431
  ],
  "energy_distribution": [
    0.30804237723350525,
    0.215447336435318,
    0.1676996499300003
  ],
  "motion_stability": [
    1.6485064029693604,
    1.1913670301437378,
    1.9248242378234863
  ],
  "freq_entropy": [
    8.845562934875488,
    8.9857177734375,
    9.039576530456543
  ]
}