{
  "dominant_freq": [
    1.7443962400578452,
    1.6175413371675054
  ],
  "amp_mean_x": [
    1.1655505895614624,
    1.540834903717041
  ],
  "amp_mean_y": [
    1.364831566810608,
    1.620366096496582
  ],
  "symmetry_ratio": [
    0.8539885878562927,
    0.9509177803993225
  ],
  "energy_distribution": [
    0.2551840543746948,
    0.22840583324432373
  ],
  "motion_stability": [
    3.301168441772461,
    3.3962044715881348
  ],
  "freq_entropy": [
    9.507458686828613,
    9.42501449584961
  ]
}