{
  "dominant_freq": [
    0.47952,
    0.95904
  ],
  "amp_mean_x": [
    0.12641014158725739,
    0.13079865276813507
  ],
  "amp_mean_y": [
    0.10608777403831482,
    0.11931854486465454
  ],
  "symmetry_ratio": [
    1.1915618181228638,
    1.096213936805725
  ],
  "energy_distribution": [
    0.2354642003774643,
    0.24208277463912964
  ],
  "motion_stability": [
    1.2962639331817627,
    1.4423260688781738
  ],
  "freq_entropy": [
    9.500515937805176,
    9.387353897094727
  ]
}