{
  "dominant_freq": [
    0.48000000000000004,
    0.7200000000000001,
    0.9600000000000001,
    0.9600000000000001,
    0.45333333333333337,
    0.6933333333333334
  ],
  "amp_mean_x": [
    0.12949161231517792,
    0.12327754497528076,
    0.08713372051715851,
    0.06488876044750214,
    0.08164864778518677,
    0.042502038180828094
  ],
  "amp_mean_y": [
    0.14511993527412415,
    0.1327163279056549,
    0.09668105840682983,
    0.1230524554848671,
    0.09080636501312256,
    0.07313652336597443
  ],
  "symmetry_ratio": [
    0.8923075199127197,
    0.9288800358772278,
    0.9012491106987,
    0.5273259878158569,
    0.8991511464118958,
    0.5811328887939453
  ],
  "energy_distribution": [
    0.2868904769420624,
    0.312759131193161,
    0.3200559914112091,
    0.3076058030128479,
    0.24664010107517242,
    0.28468194603919983
  ],
  "motion_stability": [
    1.344101905822754,
    1.3824164867401123,
    1.2177270650863647,
    1.3462164402008057,
    1.4130702018737793,
    1.3937935829162598
  ],
  "freq_entropy": [
    7.661801338195801,
    7.5123395919799805,
    7.519567012786865,
    7.601609230041504,
    7.81183385848999,
    7.577994346618652
  ]
}