{
  "dominant_freq": [
    2.5210442349528637,
    0.4884317369549678
  ],
  "amp_mean_x": [
    0.8674869537353516,
    0.39482855796813965
  ],
  "amp_mean_y": [
    2.299452066421509,
    1.1528198719024658
  ],
  "symmetry_ratio": [
    0.3772581219673157,
    0.3424893617630005
  ],
  "energy_distribution": [
    0.23856130242347717,
    0.22400519251823425
  ],
  "motion_stability": [
    2.731663465499878,
    0.9176422357559204
  ],
  "freq_entropy": [
    9.602923393249512,
    9.328325271606445
  ]
}