{
  "dominant_freq": [
    5.130348387096774,
    4.275085714285714,
    0.10235218783351119
  ],
  "amp_mean_x": [
    0.8884910941123962,
    0.7898620963096619,
    1.1291248798370361
  ],
  "amp_mean_y": [
    0.83420330286026,
    1.0879535675048828,
    2.858243227005005
  ],
  "symmetry_ratio": [
    1.0650774240493774,
    0.7260071635246277,
    0.3950415551662445
  ],
  "energy_distribution": [
    0.25942423939704895,
    0.18056416511535645,
    0.22889311611652374
  ],
  "motion_stability": [
    2.975362777709961,
    1.60472571849823,
    1.7711466550827026
  ],
  "freq_entropy": [
    8.9625825881958,
    9.051100730895996,
    8.957977294921875
  ]
}