{
  "dominant_freq": [
    6.4242935695356405,
    2.6373626373626373
  ],
  "amp_mean_x": [
    0.06209099292755127,
    0.09582323580980301
  ],
  "amp_mean_y": [
    0.10592452436685562,
    0.11318651586771011
  ],
  "symmetry_ratio": [
    0.5861814618110657,
    0.8465958833694458
  ],
  "energy_distribution": [
    0.19404810667037964,
    0.4134068787097931
  ],
  "motion_stability": [
    4.808876991271973,
    2.596308469772339
  ],
  "freq_entropy": [
    9.44471263885498,
    8.986597061157227
  ]
}