{
  "dominant_freq": [
    2.0393980370774263,
    8.744188235294118,
    0.158431718061674
  ],
  "amp_mean_x": [
    2.4570627212524414,
    0.7430369257926941,
    0.5808653831481934
  ],
  "amp_mean_y": [
    2.1808183193206787,
    1.0923577547073364,
    1.3866807222366333
  ],
  "symmetry_ratio": [
    1.1266701221466064,
    0.6802138686180115,
    0.41888904571533203
  ],
  "energy_distribution": [
    0.26004481315612793,
    0.14985927939414978,
    0.2347554862499237
  ],
  "motion_stability": [
    4.321170806884766,
    5.168876647949219,
    2.999305486679077
  ],
  "freq_entropy": [
    8.756492614746094,
    8.909210205078125,
    9.11762809753418
  ]
}