{
  "dominant_freq": [
    0.1443418013856813,
    0.33653846153846156
  ],
  "amp_mean_x": [
    0.4118533432483673,
    0.2864623963832855
  ],
  "amp_mean_y": [
    0.7575280070304871,
    0.3420829772949219
  ],
  "symmetry_ratio": [
    0.5436806678771973,
    0.8374061584472656
  ],
  "energy_distribution": [
    0.21011151373386383,
    0.2550314664840698
  ],
  "motion_stability": [
    3.403360366821289,
    2.2600436210632324
  ],
  "freq_entropy": [
    9.31564712524414,
    9.255570411682129
  ]
}