{
  "dominant_freq": [
    0.35770645161290315,
    4.79675992192583
  ],
  "amp_mean_x": [
    0.4377840757369995,
    0.8169842958450317
  ],
  "amp_mean_y": [
    0.5243124961853027,
    0.956619381904602
  ],
  "symmetry_ratio": [
    0.834967851638794,
    0.8540327548980713
  ],
  "energy_distribution": [
    0.23435086011886597,
    0.18012821674346924
  ],
  "motion_stability": [
    1.7432222366333008,
    2.492161989212036
  ],
  "freq_entropy": [
    9.284608840942383,
    9.31249713897705
  ]
}