{
  "dominant_freq": [
    4.396021074815595,
    0.10105795574288723,
    2.0085268703898835
  ],
  "amp_mean_x": [
    0.2030630111694336,
    0.6056716442108154,
    0.10018662363290787
  ],
  "amp_mean_y": [
    0.26730409264564514,
    1.073163390159607,
    0.8597894310951233
  ],
  "symmetry_ratio": [
    0.7596704363822937,
    0.5643796920776367,
    0.1165246069431305
  ],
  "energy_distribution": [
    0.21924084424972534,
    0.5315299034118652,
    0.31003257632255554
  ],
  "motion_stability": [
    4.777106761932373,
    3.4804067611694336,
    1.760599136352539
  ],
  "freq_entropy": [
    9.2236967086792,
    8.024924278259277,
    9.05318832397461
  ]
}