{
  "dominant_freq": [
    3.4313741661613095,
    1.0256723300970871
  ],
  "amp_mean_x": [
    0.1768864393234253,
    0.5813519358634949
  ],
  "amp_mean_y": [
    0.44532567262649536,
    1.1756919622421265
  ],
  "symmetry_ratio": [
    0.3972069323062897,
    0.49447640776634216
  ],
  "energy_distribution": [
    0.18638351559638977,
    0.27826404571533203
  ],
  "motion_stability": [
    2.6380250453948975,
    2.477733612060547
  ],
  "freq_entropy": [
    9.835176467895508,
    9.504239082336426
  ]
}