{
  "dominant_freq": [
    0.13724098454493416,
    4.485966454598033
  ],
  "amp_mean_x": [
    0.8006075620651245,
    1.0470787286758423
  ],
  "amp_mean_y": [
    0.8795280456542969,
    1.5389715433120728
  ],
  "symmetry_ratio": [
    0.9102694988250732,
    0.6803756356239319
  ],
  "energy_distribution": [
    0.4176550805568695,
    0.18170036375522614
  ],
  "motion_stability": [
    5.599271774291992,
    4.761914253234863
  ],
  "freq_entropy": [
    9.781646728515625,
    9.92931842803955
  ]
}