{
  "dominant_freq": [
    0.525,
    0.46,
    0.10500000000000001
  ],
  "amp_mean_x": [
    0.16729408502578735,
    0.24156926572322845,
    0.2519300878047943
  ],
  "amp_mean_y": [
    0.23928695917129517,
    0.19846484065055847,
    0.3625802993774414
  ],
  "symmetry_ratio": [
    0.6991358399391174,
    1.2171891927719116,
    0.6948256492614746
  ],
  "energy_distribution": [
    0.28730860352516174,
    0.2667102813720703,
    0.5650075674057007
  ],
  "motion_stability": [
    2.5187487602233887,
    1.6727410554885864,
    5.659876823425293
  ],
  "freq_entropy": [
    10.317142486572266,
    10.229269981384277,
    9.205833435058594
  ]
}