{
  "dominant_freq": [
    0.12111017661900757,
    8.349382190029827
  ],
  "amp_mean_x": [
    0.5256926417350769,
    1.5015642642974854
  ],
  "amp_mean_y": [
    0.8879705667495728,
    2.337167263031006
  ],
  "symmetry_ratio": [
    0.5920158624649048,
    0.6424719095230103
  ],
  "energy_distribution": [
    0.29378587007522583,
    0.1696435958147049
  ],
  "motion_stability": [
    3.0784292221069336,
    2.9214954376220703
  ],
  "freq_entropy": [
    10.295015335083008,
    10.303462028503418
  ]
}