{
  "dominant_freq": [
    3.2742857142857145,
    1.17680744452398
  ],
  "amp_mean_x": [
    0.3641173541545868,
    0.26837489008903503
  ],
  "amp_mean_y": [
    0.5699054598808289,
    0.28124651312828064
  ],
  "symmetry_ratio": [
    0.638908326625824,
    0.9542336463928223
  ],
  "energy_distribution": [
    0.23265515267848969,
    0.2264413684606552
  ],
  "motion_stability": [
    3.561915874481201,
    2.415837526321411
  ],
  "freq_entropy": [
    9.583473205566406,
    9.539392471313477
  ]
}