{
  "dominant_freq": [
    0.10840560373582389,
    0.3
  ],
  "amp_mean_x": [
    0.22743450105190277,
    0.13010935485363007
  ],
  "amp_mean_y": [
    0.16231822967529297,
    0.08165236562490463
  ],
  "symmetry_ratio": [
    1.4011642932891846,
    1.5934548377990723
  ],
  "energy_distribution": [
    0.4703785181045532,
    0.42782366275787354
  ],
  "motion_stability": [
    3.15190052986145,
    1.4883232116699219
  ],
  "freq_entropy": [
    9.051326751708984,
    9.09768295288086
  ]
}