{
  "dominant_freq": [
    2.4399399399399395,
    1.4403292181069958
  ],
  "amp_mean_x": [
    0.28162726759910583,
    0.9792559742927551
  ],
  "amp_mean_y": [
    0.9241995811462402,
    3.582706928253174
  ],
  "symmetry_ratio": [
    0.3047255873680115,
    0.2733285129070282
  ],
  "energy_distribution": [
    0.21309873461723328,
    0.14767879247665405
  ],
  "motion_stability": [
    1.4691290855407715,
    3.1419668197631836
  ],
  "freq_entropy": [
    9.033998489379883,
    9.1278657913208
  ]
}