{
  "dominant_freq": [
    1.4259410526315788,
    0.27761684210526316,
    0.9464210526315788
  ],
  "amp_mean_x": [
    0.9162536263465881,
    0.6552926301956177,
    0.2276870459318161
  ],
  "amp_mean_y": [
    0.4738158881664276,
    0.3998944163322449,
    0.35351619124412537
  ],
  "symmetry_ratio": [
    1.9337756633758545,
    1.6386641263961792,
    0.6440640091896057
  ],
  "energy_distribution": [
    0.21394537389278412,
    0.2306205779314041,
    0.23076701164245605
  ],
  "motion_stability": [
    1.852220058441162,
    1.5777332782745361,
    1.255579948425293
  ],
  "freq_entropy": [
    9.005942344665527,
    8.925039291381836,
    8.879596710205078
  ]
}