{
  "dominant_freq": [
    0.6916160762314609,
    0.4887420272035657
  ],
  "amp_mean_x": [
    0.2385057657957077,
    0.140252023935318
  ],
  "amp_mean_y": [
    0.47111186385154724,
    0.2215208113193512
  ],
  "symmetry_ratio": [
    0.50626140832901,
    0.6331325173377991
  ],
  "energy_distribution": [
    0.2091628462076187,
    0.2819475531578064
  ],
  "motion_stability": [
    1.7460801601409912,
    1.5554447174072266
  ],
  "freq_entropy": [
    9.45589828491211,
    9.286138534545898
  ]
}