{
  "dominant_freq": [
    2.3550000000000004,
    2.4300000000000006,
    0.2700000000000001
  ],
  "amp_mean_x": [
    0.3351854681968689,
    0.17374904453754425,
    0.07117282599210739
  ],
  "amp_mean_y": [
    0.14581339061260223,
    0.10217464715242386,
    0.09925536811351776
  ],
  "symmetry_ratio": [
    2.2987289428710938,
    1.7005103826522827,
    0.7170677781105042
  ],
  "energy_distribution": [
    0.2038818895816803,
    0.23626083135604858,
    0.2855915129184723
  ],
  "motion_stability": [
    1.3594253063201904,
    1.3243076801300049,
    1.4074872732162476
  ],
  "freq_entropy": [
    8.71805191040039,
    8.638945579528809,
    8.589686393737793
  ]
}