{
  "dominant_freq": [
    0.4669010526315789,
    0.47951999999999995,
    0.47951999999999995
  ],
  "amp_mean_x": [
    0.04350045695900917,
    0.04337145388126373,
    0.01932128146290779
  ],
  "amp_mean_y": [
    0.10096243768930435,
    0.08973056823015213,
    0.05489952862262726
  ],
  "symmetry_ratio": [
    0.4308578372001648,
    0.48335203528404236,
    0.351938933134079
  ],
  "energy_distribution": [
    0.22321151196956635,
    0.3098617196083069,
    0.41927197575569153
  ],
  "motion_stability": [
    1.3434007167816162,
    1.4394029378890991,
    1.5477676391601562
  ],
  "freq_entropy": [
    8.907999992370605,
    8.374441146850586,
    8.496048927307129
  ]
}