{
  "dominant_freq": [
    9.12349894736842,
    5.034959999999999,
    0.29023578947368417
  ],
  "amp_mean_x": [
    0.2681947946548462,
    0.29335930943489075,
    0.18519435822963715
  ],
  "amp_mean_y": [
    0.5092931389808655,
    0.35377052426338196,
    0.13645349442958832
  ],
  "symmetry_ratio": [
    0.526602029800415,
    0.8292361497879028,
    1.357197642326355
  ],
  "energy_distribution": [
    0.20580539107322693,
    0.18779976665973663,
    0.23670630156993866
  ],
  "motion_stability": [
    1.8557051420211792,
    0.9882354736328125,
    0.953357994556427
  ],
  "freq_entropy": [
    9.130179405212402,
    8.925383567810059,
    8.86859130859375
  ]
}