{
  "dominant_freq": [
    0.10105263157894738,
    2.033684210526316,
    0.3031578947368421
  ],
  "amp_mean_x": [
    0.04326750338077545,
    0.14365185797214508,
    0.03374401852488518
  ],
  "amp_mean_y": [
    0.07701296359300613,
    0.11120317131280899,
    0.057570695877075195
  ],
  "symmetry_ratio": [
    0.5618210434913635,
    1.2917964458465576,
    0.5861318707466125
  ],
  "energy_distribution": [
    0.34239986538887024,
    0.6491979956626892,
    0.3019621670246124
  ],
  "motion_stability": [
    1.3189753293991089,
    3.2454559803009033,
    2.0472140312194824
  ],
  "freq_entropy": [
    8.621374130249023,
    7.690488815307617,
    8.913350105285645
  ]
}