{
  "dominant_freq": [
    7.913813934756344,
    0.7624398073836276
  ],
  "amp_mean_x": [
    1.077002763748169,
    0.5642617344856262
  ],
  "amp_mean_y": [
    1.55313241481781,
    0.9171922206878662
  ],
  "symmetry_ratio": [
    0.6934391260147095,
    0.6152055263519287
  ],
  "energy_distribution": [
    0.21419954299926758,
    0.3128986656665802
  ],
  "motion_stability": [
    2.1843929290771484,
    2.392674207687378
  ],
  "freq_entropy": [
    10.35040283203125,
    9.979378700256348
  ]
}