{
  "dominant_freq": [
    3.282857142857143,
    0.26571428571428574
  ],
  "amp_mean_x": [
    0.18420641124248505,
    0.131221204996109
  ],
  "amp_mean_y": [
    0.20491382479667664,
    0.24255508184432983
  ],
  "symmetry_ratio": [
    0.8989457488059998,
    0.5409954786300659
  ],
  "energy_distribution": [
    0.19129826128482819,
    0.29204031825065613
  ],
  "motion_stability": [
    1.7685120105743408,
    1.6007425785064697
  ],
  "freq_entropy": [
    9.621357917785645,
    9.466365814208984
  ]
}