{
  "dominant_freq": [
    0.4421052631578948,
    0.6947368421052633,
    0.4421052631578948
  ],
  "amp_mean_x": [
    0.078956238925457,
    0.11779461801052094,
    0.17582491040229797
  ],
  "amp_mean_y": [
    0.12563081085681915,
    0.30280742049217224,
    0.20875072479248047
  ],
  "symmetry_ratio": [
    0.6284782886505127,
    0.38900837302207947,
    0.8422721028327942
  ],
  "energy_distribution": [
    0.2723851799964905,
    0.25505563616752625,
    0.19422420859336853
  ],
  "motion_stability": [
    1.9168058633804321,
    1.5390427112579346,
    2.006073236465454
  ],
  "freq_entropy": [
    8.904924392700195,
    8.884610176086426,
    9.078961372375488
  ]
}