{
  "dominant_freq": [
    0.3790380473797559,
    0.11231101511879049
  ],
  "amp_mean_x": [
    1.0440702438354492,
    0.414518803358078
  ],
  "amp_mean_y": [
    0.6220255494117737,
    0.9024783968925476
  ],
  "symmetry_ratio": [
    1.6785005331039429,
    0.4593116044998169
  ],
  "energy_distribution": [
    0.31867244839668274,
    0.28765493631362915
  ],
  "motion_stability": [
    3.618995189666748,
    2.3815078735351562
  ],
  "freq_entropy": [
    9.300783157348633,
    9.276286125183105
  ]
}