{
  "dominant_freq": [
    2.110997429305913,
    0.10879343128781331
  ],
  "amp_mean_x": [
    1.0864031314849854,
    2.6878256797790527
  ],
  "amp_mean_y": [
    1.0988825559616089,
    1.9989694356918335
  ],
  "symmetry_ratio": [
    0.9886435270309448,
    1.3446056842803955
  ],
  "energy_distribution": [
    0.20794734358787537,
    0.24143365025520325
  ],
  "motion_stability": [
    2.6687588691711426,
    1.9361982345581055
  ],
  "freq_entropy": [
    10.300191879272461,
    10.256570816040039
  ]
}