{
  "dominant_freq": [
    0.3280926315789473,
    0.8337281348788197,
    4.774988408851422
  ],
  "amp_mean_x": [
    0.24496330320835114,
    0.48396649956703186,
    0.20080159604549408
  ],
  "amp_mean_y": [
    0.5482984185218811,
    0.7037767767906189,
    0.4979954957962036
  ],
  "symmetry_ratio": [
    0.446770042181015,
    0.6876704692840576,
    0.40321969985961914
  ],
  "energy_distribution": [
    0.328139066696167,
    0.28729647397994995,
    0.2149898260831833
  ],
  "motion_stability": [
    1.5455260276794434,
    1.85194993019104,
    1.9476734399795532
  ],
  "freq_entropy": [
    8.908628463745117,
    9.11762809753418,
    8.998757362365723
  ]
}