{
  "dominant_freq": [
    2.2809503959983326
  ],
  "amp_mean_x": [
    0.2751334607601166
  ],
  "amp_mean_y": [
    0.24039867520332336
  ],
  "symmetry_ratio": [
    1.1444882154464722
  ],
  "energy_distribution": [
    0.2532915771007538
  ],
  "motion_stability": [
    1.58905029296875
  ],
  "freq_entropy": [
    10.27876091003418
  ]
}