{
  "dominant_freq": [
    1.1987999999999999,
    0.9590399999999999,
    0.47951999999999995
  ],
  "amp_mean_x": [
    0.170055091381073,
    0.11802992969751358,
    0.099552221596241
  ],
  "amp_mean_y": [
    0.15233783423900604,
    0.038678623735904694,
    0.048056527972221375
  ],
  "symmetry_ratio": [
    1.1163023710250854,
    3.0515544414520264,
    2.0715649127960205
  ],
  "energy_distribution": [
    0.28353482484817505,
    0.34210118651390076,
    0.3369068205356598
  ],
  "motion_stability": [
    4.896222114562988,
    1.8758195638656616,
    1.8673237562179565
  ],
  "freq_entropy": [
    9.100284576416016,
    8.4229736328125,
    8.621137619018555
  ]
}