{
  "dominant_freq": [
    2.565,
    0.9550000000000001,
    0.96,
    0.485,
    0.73,
    0.49
  ],
  "amp_mean_x": [
    0.10733021795749664,
    0.25585898756980896,
    0.16260960698127747,
    0.15174196660518646,
    0.11382586508989334,
    0.08231723308563232
  ],
  "amp_mean_y": [
    0.12096192687749863,
    0.2834140658378601,
    0.2084345817565918,
    0.12910506129264832,
    0.0766301304101944,
    0.05879006162285805
  ],
  "symmetry_ratio": [
    0.8873057961463928,
    0.9027745127677917,
    0.7801469564437866,
    1.1753370761871338,
    1.4853930473327637,
    1.4001896381378174
  ],
  "energy_distribution": [
    0.17846593260765076,
    0.2191457748413086,
    0.28005892038345337,
    0.21572791039943695,
    0.19274069368839264,
    0.19788913428783417
  ],
  "motion_stability": [
    1.2851788997650146,
    1.2275481224060059,
    0.7553974390029907,
    1.1286557912826538,
    1.3578829765319824,
    2.1351492404937744
  ],
  "freq_entropy": [
    10.255855560302734,
    10.153097152709961,
    9.829245567321777,
    10.136279106140137,
    10.242801666259766,
    10.411312103271484
  ]
}