{
  "dominant_freq": [
    0.5,
    0.30833333333333335
  ],
  "amp_mean_x": [
    0.2296932190656662,
    0.3876691162586212
  ],
  "amp_mean_y": [
    0.1582525372505188,
    0.2568593919277191
  ],
  "symmetry_ratio": [
    1.45143461227417,
    1.5092658996582031
  ],
  "energy_distribution": [
    0.3028906285762787,
    0.26058512926101685
  ],
  "motion_stability": [
    3.9554922580718994,
    3.161139726638794
  ],
  "freq_entropy": [
    9.508380889892578,
    9.831759452819824
  ]
}