{
  "dominant_freq": [
    0.480206008583691,
    0.5410057306590257
  ],
  "amp_mean_x": [
    0.40431249141693115,
    0.7119312286376953
  ],
  "amp_mean_y": [
    0.7214369773864746,
    0.7659635543823242
  ],
  "symmetry_ratio": [
    0.560426652431488,
    0.9294583797454834
  ],
  "energy_distribution": [
    0.16348661482334137,
    0.26180461049079895
  ],
  "motion_stability": [
    2.1002259254455566,
    2.7245571613311768
  ],
  "freq_entropy": [
    9.510698318481445,
    9.525849342346191
  ]
}