{
  "dominant_freq": [
    2.682779775290789,
    0.2726843501906686
  ],
  "amp_mean_x": [
    3.6916756629943848,
    1.4911521673202515
  ],
  "amp_mean_y": [
    4.620609760284424,
    2.4511451721191406
  ],
  "symmetry_ratio": [
    0.7989585399627686,
    0.6083492040634155
  ],
  "energy_distribution": [
    0.3660239279270172,
    0.3259117603302002
  ],
  "motion_stability": [
    3.3405702114105225,
    3.2537693977355957
  ],
  "freq_entropy": [
    8.753066062927246,
    9.239645004272461
  ]
}