{
  "dominant_freq": [
    0.4916052968816744,
    2.062836891545687
  ],
  "amp_mean_x": [
    1.6056091785430908,
    1.4545254707336426
  ],
  "amp_mean_y": [
    1.5528823137283325,
    1.3803282976150513
  ],
  "symmetry_ratio": [
    1.03395414352417,
    1.0537532567977905
  ],
  "energy_distribution": [
    0.5123081207275391,
    0.2589319348335266
  ],
  "motion_stability": [
    4.347226142883301,
    2.8938064575195312
  ],
  "freq_entropy": [
    10.010814666748047,
    10.24947452545166
  ]
}