{
  "dominant_freq": [
    2.9713846153846153,
    8.94272118959108,
    6.000342857142856
  ],
  "amp_mean_x": [
    0.3459850251674652,
    1.280962347984314,
    0.3380030393600464
  ],
  "amp_mean_y": [
    1.1643258333206177,
    3.495901346206665,
    0.7393621802330017
  ],
  "symmetry_ratio": [
    0.29715481400489807,
    0.36641833186149597,
    0.45715489983558655
  ],
  "energy_distribution": [
    0.139254629611969,
    0.1820230334997177,
    0.23011060059070587
  ],
  "motion_stability": [
    3.2937111854553223,
    4.157122611999512,
    3.2425460815429688
  ],
  "freq_entropy": [
    8.63379955291748,
    8.87725830078125,
    9.128767967224121
  ]
}