{
  "dominant_freq": [
    0.9488374468085106,
    0.2907727659574468
  ],
  "amp_mean_x": [
    0.06651853770017624,
    0.09133163839578629
  ],
  "amp_mean_y": [
    0.08119537681341171,
    0.2269677221775055
  ],
  "symmetry_ratio": [
    0.8192404508590698,
    0.4023992419242859
  ],
  "energy_distribution": [
    0.2340061366558075,
    0.21218790113925934
  ],
  "motion_stability": [
    1.4400897026062012,
    1.2905046939849854
  ],
  "freq_entropy": [
    10.265921592712402,
    10.232295989990234
  ]
}