{
  "dominant_freq": [
    0.4542821052631578,
    3.5459242105263153,
    0.4542821052631578
  ],
  "amp_mean_x": [
    0.036932457238435745,
    0.059941552579402924,
    0.0588303804397583
  ],
  "amp_mean_y": [
    0.1066589206457138,
    0.07857252657413483,
    0.0892232283949852
  ],
  "symmetry_ratio": [
    0.3462669253349304,
    0.7628818154335022,
    0.659361720085144
  ],
  "energy_distribution": [
    0.31880632042884827,
    0.17956319451332092,
    0.229179248213768
  ],
  "motion_stability": [
    1.382411003112793,
    1.4793317317962646,
    1.5636250972747803
  ],
  "freq_entropy": [
    8.78057861328125,
    8.93002986907959,
    8.974772453308105
  ]
}