{
  "dominant_freq": [
    0.3216541737649063,
    0.1226393861892583
  ],
  "amp_mean_x": [
    0.398712158203125,
    0.5957517027854919
  ],
  "amp_mean_y": [
    0.4286198318004608,
    0.590580940246582
  ],
  "symmetry_ratio": [
    0.930223286151886,
    1.0087553262710571
  ],
  "energy_distribution": [
    0.2073252946138382,
    0.29471492767333984
  ],
  "motion_stability": [
    2.3550195693969727,
    3.280975818634033
  ],
  "freq_entropy": [
    10.153650283813477,
    10.148614883422852
  ]
}