{
  "dominant_freq": [
    0.971658947368421,
    0.1009515789473684,
    2.175037974683544
  ],
  "amp_mean_x": [
    0.03131842240691185,
    0.19123682379722595,
    0.2057294100522995
  ],
  "amp_mean_y": [
    0.0751284658908844,
    0.3516191840171814,
    0.3235040307044983
  ],
  "symmetry_ratio": [
    0.41686493158340454,
    0.5438748002052307,
    0.6359407901763916
  ],
  "energy_distribution": [
    0.15527686476707458,
    0.2477242350578308,
    0.22615942358970642
  ],
  "motion_stability": [
    1.4760503768920898,
    1.1286213397979736,
    1.228208303451538
  ],
  "freq_entropy": [
    8.969998359680176,
    8.771682739257812,
    8.835521697998047
  ]
}