{
  "dominant_freq": [
    0.15450643776824036,
    4.045714285714286
  ],
  "amp_mean_x": [
    0.5278738141059875,
    0.2887517511844635
  ],
  "amp_mean_y": [
    1.0379283428192139,
    0.4817769527435303
  ],
  "symmetry_ratio": [
    0.5085840821266174,
    0.5993473529815674
  ],
  "energy_distribution": [
    0.2719961106777191,
    0.19813941419124603
  ],
  "motion_stability": [
    1.7477858066558838,
    2.288355827331543
  ],
  "freq_entropy": [
    9.490581512451172,
    9.608293533325195
  ]
}