{
  "dominant_freq": [
    2.2863471139333207,
    0.4846217612175059,
    4.0147565744835365
  ],
  "amp_mean_x": [
    0.3952468931674957,
    0.2755556106567383,
    0.8053699135780334
  ],
  "amp_mean_y": [
    0.7901982069015503,
    0.3874894678592682,
    0.7519524097442627
  ],
  "symmetry_ratio": [
    0.5001870393753052,
    0.7111305594444275,
    1.0710383653640747
  ],
  "energy_distribution": [
    0.22012145817279816,
    0.20845521986484528,
    0.34248775243759155
  ],
  "motion_stability": [
    1.7335751056671143,
    1.349123477935791,
    4.05859899520874
  ],
  "freq_entropy": [
    10.327028274536133,
    10.194841384887695,
    10.098249435424805
  ]
}