{
  "dominant_freq": [
    6.771142490372272,
    1.6551376306620207
  ],
  "amp_mean_x": [
    0.989730954170227,
    1.6887964010238647
  ],
  "amp_mean_y": [
    1.6378631591796875,
    3.6775476932525635
  ],
  "symmetry_ratio": [
    0.6042818427085876,
    0.4592180848121643
  ],
  "energy_distribution": [
    0.1964440941810608,
    0.21846812963485718
  ],
  "motion_stability": [
    2.7264552116394043,
    2.5158333778381348
  ],
  "freq_entropy": [
    10.35112190246582,
    10.314849853515625
  ]
}