{
  "dominant_freq": [
    0.10656010656010656,
    0.5461205461205462,
    0.10656010656010656
  ],
  "amp_mean_x": [
    0.22511735558509827,
    0.19313488900661469,
    0.2618538439273834
  ],
  "amp_mean_y": [
    0.39717337489128113,
    0.27076274156570435,
    0.4049833416938782
  ],
  "symmetry_ratio": [
    0.5667986869812012,
    0.7132993340492249,
    0.6465793251991272
  ],
  "energy_distribution": [
    0.28306710720062256,
    0.2756879925727844,
    0.3532831370830536
  ],
  "motion_stability": [
    1.8296401500701904,
    1.768310308456421,
    2.5087928771972656
  ],
  "freq_entropy": [
    8.976587295532227,
    8.895621299743652,
    8.499307632446289
  ]
}