{
  "dominant_freq": [
    0.11739130434782608,
    0.3658536585365854
  ],
  "amp_mean_x": [
    0.22961492836475372,
    0.2903636693954468
  ],
  "amp_mean_y": [
    0.16958698630332947,
    0.294355183839798
  ],
  "symmetry_ratio": [
    1.3539655208587646,
    0.9864398241043091
  ],
  "energy_distribution": [
    0.3393731117248535,
    0.3243407607078552
  ],
  "motion_stability": [
    1.424098253250122,
    1.9847424030303955
  ],
  "freq_entropy": [
    8.763965606689453,
    8.89232349395752
  ]
}