{
  "dominant_freq": [
    0.11353250107619456,
    0.6933933161953727
  ],
  "amp_mean_x": [
    0.43082284927368164,
    0.6904356479644775
  ],
  "amp_mean_y": [
    0.9910379648208618,
    1.5897434949874878
  ],
  "symmetry_ratio": [
    0.4347188174724579,
    0.4343063235282898
  ],
  "energy_distribution": [
    0.2093593329191208,
    0.21564741432666779
  ],
  "motion_stability": [
    4.376070976257324,
    1.7830976247787476
  ],
  "freq_entropy": [
    10.173181533813477,
    10.309123992919922
  ]
}