{
  "dominant_freq": [
    7.920025936599424,
    0.7519509733237202
  ],
  "amp_mean_x": [
    0.5673164129257202,
    0.9241850972175598
  ],
  "amp_mean_y": [
    0.773206353187561,
    1.461952805519104
  ],
  "symmetry_ratio": [
    0.7337192893028259,
    0.6321579813957214
  ],
  "energy_distribution": [
    0.18668454885482788,
    0.23035044968128204
  ],
  "motion_stability": [
    3.0397257804870605,
    2.194551467895508
  ],
  "freq_entropy": [
    9.585369110107422,
    9.555360794067383
  ]
}