{
  "dominant_freq": [
    0.4693174468085106,
    0.3723931914893617
  ],
  "amp_mean_x": [
    0.14999859035015106,
    0.10641295462846756
  ],
  "amp_mean_y": [
    0.17660778760910034,
    0.1439504623413086
  ],
  "symmetry_ratio": [
    0.8493316769599915,
    0.739233136177063
  ],
  "energy_distribution": [
    0.19505466520786285,
    0.2268446534872055
  ],
  "motion_stability": [
    1.5813244581222534,
    6.042167663574219
  ],
  "freq_entropy": [
    10.270893096923828,
    10.425329208374023
  ]
}