{
  "dominant_freq": [
    0.295
  ],
  "amp_mean_x": [
    0.18273496627807617
  ],
  "amp_mean_y": [
    0.28521454334259033
  ],
  "symmetry_ratio": [
    0.6406930088996887
  ],
  "energy_distribution": [
    0.3052661418914795
  ],
  "motion_stability": [
    1.8554182052612305
  ],
  "freq_entropy": [
    10.313787460327148
  ]
}