{
  "dominant_freq": [
    3.7027781569965863,
    0.14060642919200694
  ],
  "amp_mean_x": [
    0.48285770416259766,
    1.3836270570755005
  ],
  "amp_mean_y": [
    0.8934586644172668,
    1.913124918937683
  ],
  "symmetry_ratio": [
    0.5404365062713623,
    0.7232288122177124
  ],
  "energy_distribution": [
    0.20059821009635925,
    0.36255064606666565
  ],
  "motion_stability": [
    1.7912521362304688,
    2.253291130065918
  ],
  "freq_entropy": [
    10.26513957977295,
    9.923633575439453
  ]
}