{
  "dominant_freq": [
    0.1201628560119126,
    3.813397285207374
  ],
  "amp_mean_x": [
    0.7359417676925659,
    0.7898202538490295
  ],
  "amp_mean_y": [
    0.8832967281341553,
    1.7213584184646606
  ],
  "symmetry_ratio": [
    0.8331761360168457,
    0.4588354527950287
  ],
  "energy_distribution": [
    0.2775624394416809,
    0.30065158009529114
  ],
  "motion_stability": [
    2.7790274620056152,
    3.4266409873962402
  ],
  "freq_entropy": [
    9.818028450012207,
    9.74545669555664
  ]
}