{
  "dominant_freq": [
    0.2776168421052631,
    3.96234947368421,
    4.143376185458376
  ],
  "amp_mean_x": [
    0.2815817594528198,
    0.25370490550994873,
    0.13070203363895416
  ],
  "amp_mean_y": [
    0.4605018198490143,
    0.32637736201286316,
    0.44962820410728455
  ],
  "symmetry_ratio": [
    0.611467182636261,
    0.7773361206054688,
    0.2906891405582428
  ],
  "energy_distribution": [
    0.26521313190460205,
    0.25889521837234497,
    0.37443074584007263
  ],
  "motion_stability": [
    1.5434622764587402,
    1.504944086074829,
    2.4821512699127197
  ],
  "freq_entropy": [
    8.985895156860352,
    9.015961647033691,
    8.859762191772461
  ]
}