{
  "dominant_freq": [
    0.10588235294117647,
    0.42000000000000004
  ],
  "amp_mean_x": [
    0.7281728386878967,
    0.26642435789108276
  ],
  "amp_mean_y": [
    1.7449678182601929,
    0.5319250822067261
  ],
  "symmetry_ratio": [
    0.41729873418807983,
    0.5008682012557983
  ],
  "energy_distribution": [
    0.2621470093727112,
    0.24124936759471893
  ],
  "motion_stability": [
    5.594499588012695,
    1.8424909114837646
  ],
  "freq_entropy": [
    9.521219253540039,
    9.482601165771484
  ]
}