{
  "dominant_freq": [
    0.11357052631578946,
    0.11357052631578946,
    0.15142736842105262
  ],
  "amp_mean_x": [
    0.5208553671836853,
    0.6256425976753235,
    0.5401608347892761
  ],
  "amp_mean_y": [
    0.36548829078674316,
    0.609072208404541,
    0.4029217064380646
  ],
  "symmetry_ratio": [
    1.425094485282898,
    1.0272059440612793,
    1.3406099081039429
  ],
  "energy_distribution": [
    0.3215619623661041,
    0.4926513731479645,
    0.4926741123199463
  ],
  "motion_stability": [
    1.2298884391784668,
    1.0010735988616943,
    0.7697857618331909
  ],
  "freq_entropy": [
    8.742239952087402,
    8.204629898071289,
    8.307357788085938
  ]
}