{
  "dominant_freq": [
    1.6194452370754602,
    1.1041589988958411
  ],
  "amp_mean_x": [
    0.7385013103485107,
    1.6735076904296875
  ],
  "amp_mean_y": [
    0.9800296425819397,
    1.2917877435684204
  ],
  "symmetry_ratio": [
    0.7535499930381775,
    1.2954974174499512
  ],
  "energy_distribution": [
    0.20522528886795044,
    0.21966545283794403
  ],
  "motion_stability": [
    2.962313175201416,
    2.6958673000335693
  ],
  "freq_entropy": [
    9.897686004638672,
    9.892093658447266
  ]
}