{
  "dominant_freq": [
    0.1
  ],
  "amp_mean_x": [
    0.19010496139526367
  ],
  "amp_mean_y": [
    0.23069746792316437
  ],
  "symmetry_ratio": [
    0.824044406414032
  ],
  "energy_distribution": [
    0.38482311367988586
  ],
  "motion_stability": [
    3.0231385231018066
  ],
  "freq_entropy": [
    10.121407508850098
  ]
}