{
  "dominant_freq": [
    1.5558893617021274,
    0.28837113402061854
  ],
  "amp_mean_x": [
    0.31700798869132996,
    1.0817391872406006
  ],
  "amp_mean_y": [
    0.3148547410964966,
    2.1414401531219482
  ],
  "symmetry_ratio": [
    1.0068389177322388,
    0.5051456689834595
  ],
  "energy_distribution": [
    0.246482253074646,
    0.22041234374046326
  ],
  "motion_stability": [
    1.458315134048462,
    2.089775800704956
  ],
  "freq_entropy": [
    10.194400787353516,
    10.327339172363281
  ]
}