{
  "dominant_freq": [
    0.16640986132511557,
    0.1111111111111111,
    0.18604651162790697,
    1.560371517027864
  ],
  "amp_mean_x": [
    0.20382511615753174,
    0.28100284934043884,
    0.5730392932891846,
    0.35213279724121094
  ],
  "amp_mean_y": [
    0.2603740692138672,
    0.3390413820743561,
    0.6221446990966797,
    0.45731469988822937
  ],
  "symmetry_ratio": [
    0.782816469669342,
    0.828815758228302,
    0.9210707545280457,
    0.7700010538101196
  ],
  "energy_distribution": [
    0.26550745964050293,
    0.267890602350235,
    0.40424007177352905,
    0.24844688177108765
  ],
  "motion_stability": [
    1.4463024139404297,
    1.5007586479187012,
    1.7699661254882812,
    1.4925262928009033
  ],
  "freq_entropy": [
    8.435168266296387,
    8.393773078918457,
    7.740890026092529,
    8.373388290405273
  ]
}