{
  "dominant_freq": [
    0.27546893617021273,
    0.494823829787234
  ],
  "amp_mean_x": [
    0.09732671082019806,
    0.1229359433054924
  ],
  "amp_mean_y": [
    0.1482669711112976,
    0.21075670421123505
  ],
  "symmetry_ratio": [
    0.6564288139343262,
    0.5833073854446411
  ],
  "energy_distribution": [
    0.25951892137527466,
    0.2524503171443939
  ],
  "motion_stability": [
    1.3977935314178467,
    1.7734631299972534
  ],
  "freq_entropy": [
    10.234712600708008,
    10.28242301940918
  ]
}