{
  "dominant_freq": [
    5.945129740533744,
    6.074282859997147
  ],
  "amp_mean_x": [
    0.27912136912345886,
    0.755266547203064
  ],
  "amp_mean_y": [
    0.4677371084690094,
    0.6318251490592957
  ],
  "symmetry_ratio": [
    0.596748411655426,
    1.1953727006912231
  ],
  "energy_distribution": [
    0.1520174741744995,
    0.17055398225784302
  ],
  "motion_stability": [
    2.9241511821746826,
    2.148775577545166
  ],
  "freq_entropy": [
    9.57316780090332,
    9.562702178955078
  ]
}