{
  "dominant_freq": [
    4.444444444444444,
    0.12692307692307692
  ],
  "amp_mean_x": [
    0.1630740612745285,
    0.17182792723178864
  ],
  "amp_mean_y": [
    0.5706660747528076,
    0.5209630131721497
  ],
  "symmetry_ratio": [
    0.28576090931892395,
    0.3298274874687195
  ],
  "energy_distribution": [
    0.3446447253227234,
    0.2730399966239929
  ],
  "motion_stability": [
    3.413513660430908,
    1.6632146835327148
  ],
  "freq_entropy": [
    9.016694068908691,
    9.138569831848145
  ]
}