{
  "dominant_freq": [
    0.1009515789473684,
    2.3341714285714286,
    4.106176033934252
  ],
  "amp_mean_x": [
    0.32764923572540283,
    1.0258698463439941,
    1.766662836074829
  ],
  "amp_mean_y": [
    0.29655998945236206,
    0.8457537889480591,
    3.4921140670776367
  ],
  "symmetry_ratio": [
    1.1048328876495361,
    1.2129651308059692,
    0.5059006810188293
  ],
  "energy_distribution": [
    0.4881378710269928,
    0.2200031578540802,
    0.1589328646659851
  ],
  "motion_stability": [
    1.5772013664245605,
    2.5976271629333496,
    3.2849602699279785
  ],
  "freq_entropy": [
    8.544086456298828,
    9.186756134033203,
    8.913376808166504
  ]
}