{
  "dominant_freq": [
    5.051616470449023,
    2.8795735780403584
  ],
  "amp_mean_x": [
    0.10515786707401276,
    0.21332332491874695
  ],
  "amp_mean_y": [
    0.2813011705875397,
    0.4194474220275879
  ],
  "symmetry_ratio": [
    0.37382662296295166,
    0.508581817150116
  ],
  "energy_distribution": [
    0.45376986265182495,
    0.2106005847454071
  ],
  "motion_stability": [
    2.3707070350646973,
    6.025235652923584
  ],
  "freq_entropy": [
    9.95297908782959,
    10.249279975891113
  ]
}