{
  "dominant_freq": [
    0.30285473684210523,
    4.896151578947368,
    8.40421894736842
  ],
  "amp_mean_x": [
    0.20765793323516846,
    0.29833149909973145,
    0.2341833859682083
  ],
  "amp_mean_y": [
    0.09814424067735672,
    0.076419398188591,
    0.11922754347324371
  ],
  "symmetry_ratio": [
    2.115844249725342,
    3.9038712978363037,
    1.9641718864440918
  ],
  "energy_distribution": [
    0.24419434368610382,
    0.2160971760749817,
    0.1641705334186554
  ],
  "motion_stability": [
    1.6672455072402954,
    1.4780185222625732,
    1.6657452583312988
  ],
  "freq_entropy": [
    9.005892753601074,
    9.04505729675293,
    9.011159896850586
  ]
}