{
  "dominant_freq": [
    0.30000000000000004,
    0.9600000000000001
  ],
  "amp_mean_x": [
    0.25163060426712036,
    0.07451608777046204
  ],
  "amp_mean_y": [
    0.19059066474437714,
    0.17116831243038177
  ],
  "symmetry_ratio": [
    1.3202672004699707,
    0.4353381097316742
  ],
  "energy_distribution": [
    0.31461384892463684,
    0.21627847850322723
  ],
  "motion_stability": [
    1.3879482746124268,
    1.3940105438232422
  ],
  "freq_entropy": [
    9.489733695983887,
    9.370697021484375
  ]
}