{
  "dominant_freq": [
    4.007466284074605,
    0.1297402597402597
  ],
  "amp_mean_x": [
    0.6240536570549011,
    0.7345341444015503
  ],
  "amp_mean_y": [
    1.0626888275146484,
    2.465772867202759
  ],
  "symmetry_ratio": [
    0.5872402787208557,
    0.2978920638561249
  ],
  "energy_distribution": [
    0.18923914432525635,
    0.23350879549980164
  ],
  "motion_stability": [
    2.6454248428344727,
    3.054253339767456
  ],
  "freq_entropy": [
    9.604284286499023,
    9.563213348388672
  ]
}