{
  "dominant_freq": [
    4.177777777777778,
    0.2942050520059436
  ],
  "amp_mean_x": [
    0.6495069265365601,
    0.684937596321106
  ],
  "amp_mean_y": [
    0.8328712582588196,
    0.9124937057495117
  ],
  "symmetry_ratio": [
    0.7798407077789307,
    0.7506217360496521
  ],
  "energy_distribution": [
    0.21338191628456116,
    0.2696778178215027
  ],
  "motion_stability": [
    2.9525740146636963,
    2.4258975982666016
  ],
  "freq_entropy": [
    9.52239990234375,
    9.470085144042969
  ]
}