{
  "dominant_freq": [
    0.5793103448275863,
    3.382758620689655
  ],
  "amp_mean_x": [
    0.12534552812576294,
    0.2943296730518341
  ],
  "amp_mean_y": [
    0.09378230571746826,
    0.14192534983158112
  ],
  "symmetry_ratio": [
    1.3365583419799805,
    2.0738344192504883
  ],
  "energy_distribution": [
    0.21213875710964203,
    0.07272613048553467
  ],
  "motion_stability": [
    1.872725009918213,
    5.66158390045166
  ],
  "freq_entropy": [
    9.24085807800293,
    9.357072830200195
  ]
}