{
  "dominant_freq": [
    1.7152941176470589,
    3.232941176470588
  ],
  "amp_mean_x": [
    0.15794436633586884,
    0.13768520951271057
  ],
  "amp_mean_y": [
    0.15657983720302582,
    0.2254714071750641
  ],
  "symmetry_ratio": [
    1.0087145566940308,
    0.6106548309326172
  ],
  "energy_distribution": [
    0.09431026875972748,
    0.20269924402236938
  ],
  "motion_stability": [
    6.475764751434326,
    2.024420976638794
  ],
  "freq_entropy": [
    9.743199348449707,
    9.943513870239258
  ]
}