{
  "dominant_freq": [
    1.4914285714285715,
    0.10285714285714287
  ],
  "amp_mean_x": [
    0.48858746886253357,
    0.4719501733779907
  ],
  "amp_mean_y": [
    0.3006836175918579,
    0.40167295932769775
  ],
  "symmetry_ratio": [
    1.6249221563339233,
    1.1749613285064697
  ],
  "energy_distribution": [
    0.24072159826755524,
    0.32064735889434814
  ],
  "motion_stability": [
    1.0651462078094482,
    0.8179280161857605
  ],
  "freq_entropy": [
    9.548898696899414,
    9.344367980957031
  ]
}