{
  "dominant_freq": [
    0.11357052631578946,
    3.532634042553191,
    0.4542821052631578
  ],
  "amp_mean_x": [
    0.15817904472351074,
    0.9826117753982544,
    0.3136214315891266
  ],
  "amp_mean_y": [
    0.3726229667663574,
    1.4831181764602661,
    0.75897216796875
  ],
  "symmetry_ratio": [
    0.42450159788131714,
    0.6625310182571411,
    0.41321861743927
  ],
  "energy_distribution": [
    0.23166637122631073,
    0.18463274836540222,
    0.20102986693382263
  ],
  "motion_stability": [
    1.4137194156646729,
    4.667843818664551,
    2.922565460205078
  ],
  "freq_entropy": [
    9.040607452392578,
    8.886674880981445,
    9.133077621459961
  ]
}