{
  "dominant_freq": [
    0.12009848075421846,
    1.253792079480153
  ],
  "amp_mean_x": [
    0.585860550403595,
    1.446715235710144
  ],
  "amp_mean_y": [
    1.0366111993789673,
    1.752364158630371
  ],
  "symmetry_ratio": [
    0.5651690363883972,
    0.8255791068077087
  ],
  "energy_distribution": [
    0.24629656970500946,
    0.20018251240253448
  ],
  "motion_stability": [
    1.7992411851882935,
    1.7841017246246338
  ],
  "freq_entropy": [
    9.228991508483887,
    9.212234497070312
  ]
}