{
  "dominant_freq": [
    0.9412955465587045
  ],
  "amp_mean_x": [
    0.8339434266090393
  ],
  "amp_mean_y": [
    1.597861886024475
  ],
  "symmetry_ratio": [
    0.5219120979309082
  ],
  "energy_distribution": [
    0.2933611273765564
  ],
  "motion_stability": [
    4.6547956466674805
  ],
  "freq_entropy": [
    10.274833679199219
  ]
}