{
  "dominant_freq": [
    1.383230769230769,
    0.3135323076923076,
    0.11065846153846151,
    0.7192799999999999
  ],
  "amp_mean_x": [
    0.2940561771392822,
    0.22256840765476227,
    0.4310229420661926,
    0.17337802052497864
  ],
  "amp_mean_y": [
    0.162742480635643,
    0.14067673683166504,
    0.4752790331840515,
    0.161504328250885
  ],
  "symmetry_ratio": [
    1.806880235671997,
    1.5821266174316406,
    0.906883955001831,
    1.0735193490982056
  ],
  "energy_distribution": [
    0.2430865466594696,
    0.3151615262031555,
    0.31550365686416626,
    0.29786044359207153
  ],
  "motion_stability": [
    1.0359781980514526,
    1.1822090148925781,
    2.842714548110962,
    0.9719449877738953
  ],
  "freq_entropy": [
    8.41024398803711,
    8.267035484313965,
    8.37454605102539,
    8.378540992736816
  ]
}