{
  "dominant_freq": [
    1.6200000000000006,
    0.11250000000000002
  ],
  "amp_mean_x": [
    0.10978059470653534,
    0.2897770404815674
  ],
  "amp_mean_y": [
    0.2444569617509842,
    0.5839042663574219
  ],
  "symmetry_ratio": [
    0.4490794241428375,
    0.4962749183177948
  ],
  "energy_distribution": [
    0.2567285895347595,
    0.3710353970527649
  ],
  "motion_stability": [
    1.2662971019744873,
    1.9425835609436035
  ],
  "freq_entropy": [
    9.738969802856445,
    9.544886589050293
  ]
}