{
  "dominant_freq": [
    2.971601694915254,
    3.7318720682302766,
    2.7967762460233296
  ],
  "amp_mean_x": [
    0.5805308222770691,
    1.4287409782409668,
    1.4791882038116455
  ],
  "amp_mean_y": [
    1.6117730140686035,
    3.034348249435425,
    1.681752324104309
  ],
  "symmetry_ratio": [
    0.3601815104484558,
    0.4708559811115265,
    0.8795517683029175
  ],
  "energy_distribution": [
    0.2210407555103302,
    0.20454397797584534,
    0.1884286254644394
  ],
  "motion_stability": [
    1.7611345052719116,
    2.685579776763916,
    3.264641284942627
  ],
  "freq_entropy": [
    9.011516571044922,
    8.97764778137207,
    9.060365676879883
  ]
}