{
  "dominant_freq": [
    0.9676028571428572,
    0.47952
  ],
  "amp_mean_x": [
    0.09663699567317963,
    0.18622270226478577
  ],
  "amp_mean_y": [
    0.10519085824489594,
    0.38170984387397766
  ],
  "symmetry_ratio": [
    0.9186824560165405,
    0.48786455392837524
  ],
  "energy_distribution": [
    0.26947662234306335,
    0.30967456102371216
  ],
  "motion_stability": [
    0.9378288984298706,
    1.2769936323165894
  ],
  "freq_entropy": [
    9.345735549926758,
    9.246305465698242
  ]
}