{
  "dominant_freq": [
    0.48000000000000004,
    4.5771428571428565,
    0.48000000000000004,
    3.0514285714285716
  ],
  "amp_mean_x": [
    0.18144208192825317,
    0.10411185026168823,
    0.14241254329681396,
    0.1904008686542511
  ],
  "amp_mean_y": [
    0.48198604583740234,
    0.2458912432193756,
    0.3900153338909149,
    0.6132835745811462
  ],
  "symmetry_ratio": [
    0.37644675374031067,
    0.42340609431266785,
    0.3651460111141205,
    0.3104613721370697
  ],
  "energy_distribution": [
    0.23696327209472656,
    0.2696390151977539,
    0.4228871464729309,
    0.2651176154613495
  ],
  "motion_stability": [
    1.1857445240020752,
    1.5402473211288452,
    1.3528190851211548,
    4.079826831817627
  ],
  "freq_entropy": [
    8.496246337890625,
    8.516931533813477,
    8.11628532409668,
    8.645746231079102
  ]
}