{
  "dominant_freq": [
    0.10341912293314162,
    0.5490687022900762
  ],
  "amp_mean_x": [
    0.8198425769805908,
    2.25460147857666
  ],
  "amp_mean_y": [
    1.1967997550964355,
    7.336358547210693
  ],
  "symmetry_ratio": [
    0.6850290298461914,
    0.30731886625289917
  ],
  "energy_distribution": [
    0.23635104298591614,
    0.23076502978801727
  ],
  "motion_stability": [
    2.2424943447113037,
    2.202476978302002
  ],
  "freq_entropy": [
    9.518754005432129,
    9.48045825958252
  ]
}