{
  "dominant_freq": [
    0.31967999999999996,
    4.401468624833111,
    6.553439999999998
  ],
  "amp_mean_x": [
    0.21397997438907623,
    0.25386229157447815,
    0.23019173741340637
  ],
  "amp_mean_y": [
    0.40721070766448975,
    0.5850151777267456,
    0.3715362548828125
  ],
  "symmetry_ratio": [
    0.5254772901535034,
    0.4339413642883301,
    0.619567334651947
  ],
  "energy_distribution": [
    0.24155329167842865,
    0.20898211002349854,
    0.1861734390258789
  ],
  "motion_stability": [
    1.1759228706359863,
    2.5263047218322754,
    1.5551090240478516
  ],
  "freq_entropy": [
    8.636905670166016,
    8.786151885986328,
    8.711662292480469
  ]
}