{
  "dominant_freq": [
    0.29023578947368417,
    0.4669010526315789,
    0.31547368421052624
  ],
  "amp_mean_x": [
    0.23095203936100006,
    0.3918408155441284,
    0.2234346717596054
  ],
  "amp_mean_y": [
    0.16355487704277039,
    0.3335771858692169,
    0.3430096209049225
  ],
  "symmetry_ratio": [
    1.412076711654663,
    1.1746630668640137,
    0.651394784450531
  ],
  "energy_distribution": [
    0.295402854681015,
    0.2990601360797882,
    0.26461857557296753
  ],
  "motion_stability": [
    1.2584644556045532,
    1.6001710891723633,
    1.4734236001968384
  ],
  "freq_entropy": [
    8.847362518310547,
    8.702619552612305,
    8.868134498596191
  ]
}