{
  "dominant_freq": [
    0.2958743384275299,
    2.1067659301692734
  ],
  "amp_mean_x": [
    0.17910616099834442,
    1.04037606716156
  ],
  "amp_mean_y": [
    0.2645901143550873,
    1.1158629655838013
  ],
  "symmetry_ratio": [
    0.6769193410873413,
    0.9323511123657227
  ],
  "energy_distribution": [
    0.34317585825920105,
    0.2191639393568039
  ],
  "motion_stability": [
    1.5216169357299805,
    2.198256015777588
  ],
  "freq_entropy": [
    9.782342910766602,
    10.171995162963867
  ]
}