{
  "dominant_freq": [
    0.10998165137614678,
    1.146393442622951,
    4.4351686615886825
  ],
  "amp_mean_x": [
    0.8174864649772644,
    2.9434783458709717,
    1.1795591115951538
  ],
  "amp_mean_y": [
    1.9855268001556396,
    3.5085983276367188,
    2.1598060131073
  ],
  "symmetry_ratio": [
    0.41172271966934204,
    0.8389328122138977,
    0.5461412072181702
  ],
  "energy_distribution": [
    0.27099329233169556,
    0.19391798973083496,
    0.18903748691082
  ],
  "motion_stability": [
    5.001014709472656,
    2.670325756072998,
    6.7126617431640625
  ],
  "freq_entropy": [
    8.8633451461792,
    7.688194274902344,
    8.59253215789795
  ]
}