{
  "dominant_freq": [
    0.2805702127659574,
    0.2907727659574468
  ],
  "amp_mean_x": [
    0.26254040002822876,
    0.3428596258163452
  ],
  "amp_mean_y": [
    0.41327884793281555,
    0.43496736884117126
  ],
  "symmetry_ratio": [
    0.635262131690979,
    0.7882421612739563
  ],
  "energy_distribution": [
    0.30752480030059814,
    0.3318555951118469
  ],
  "motion_stability": [
    2.840731620788574,
    1.8621476888656616
  ],
  "freq_entropy": [
    10.01533317565918,
    9.899246215820312
  ]
}