{
  "dominant_freq": [
    0.11222808510638296,
    1.2543190394511148
  ],
  "amp_mean_x": [
    0.08958806097507477,
    0.7200754880905151
  ],
  "amp_mean_y": [
    0.1006232500076294,
    0.6158331036567688
  ],
  "symmetry_ratio": [
    0.8903316259384155,
    1.1692705154418945
  ],
  "energy_distribution": [
    0.2507384419441223,
    0.2833448350429535
  ],
  "motion_stability": [
    2.325882911682129,
    4.292910099029541
  ],
  "freq_entropy": [
    10.27025032043457,
    10.192157745361328
  ]
}