{
  "dominant_freq": [
    0.9338021052631578,
    0.44166315789473676,
    0.4669010526315789
  ],
  "amp_mean_x": [
    0.13946102559566498,
    0.14260713756084442,
    0.11653608083724976
  ],
  "amp_mean_y": [
    0.10225369036197662,
    0.24842777848243713,
    0.12349170446395874
  ],
  "symmetry_ratio": [
    1.363872766494751,
    0.5740386247634888,
    0.9436753988265991
  ],
  "energy_distribution": [
    0.24512900412082672,
    0.2545299530029297,
    0.32567498087882996
  ],
  "motion_stability": [
    1.2399203777313232,
    1.6829330921173096,
    1.3848025798797607
  ],
  "freq_entropy": [
    8.82398796081543,
    8.773193359375,
    8.525188446044922
  ]
}