{
  "dominant_freq": [
    2.1179310344827584,
    0.4693174468085106,
    0.4642161702127659
  ],
  "amp_mean_x": [
    0.3358064889907837,
    0.2436215877532959,
    0.20246927440166473
  ],
  "amp_mean_y": [
    0.48576438426971436,
    0.46165525913238525,
    0.30102524161338806
  ],
  "symmetry_ratio": [
    0.6912949681282043,
    0.5277132391929626,
    0.6725990176200867
  ],
  "energy_distribution": [
    0.20218561589717865,
    0.24953900277614594,
    0.17199882864952087
  ],
  "motion_stability": [
    2.435377597808838,
    1.0364344120025635,
    1.2452473640441895
  ],
  "freq_entropy": [
    10.396551132202148,
    10.223353385925293,
    10.240900993347168
  ]
}