{
  "dominant_freq": [
    1.8729673902087693,
    0.10206906758630896
  ],
  "amp_mean_x": [
    0.3436092734336853,
    0.5406093001365662
  ],
  "amp_mean_y": [
    0.26699769496917725,
    0.6681294441223145
  ],
  "symmetry_ratio": [
    1.2869372367858887,
    0.8091385364532471
  ],
  "energy_distribution": [
    0.2777445912361145,
    0.42306992411613464
  ],
  "motion_stability": [
    1.9604722261428833,
    2.709829807281494
  ],
  "freq_entropy": [
    10.256695747375488,
    9.613061904907227
  ]
}