{
  "dominant_freq": [
    0.6780832443970116,
    2.073873417721519,
    3.5824751847940863
  ],
  "amp_mean_x": [
    1.0328984260559082,
    0.7579966187477112,
    0.48238804936408997
  ],
  "amp_mean_y": [
    3.4923274517059326,
    1.878524899482727,
    1.4522827863693237
  ],
  "symmetry_ratio": [
    0.29576218128204346,
    0.4035062789916992,
    0.33215847611427307
  ],
  "energy_distribution": [
    0.31876638531684875,
    0.20330233871936798,
    0.230879008769989
  ],
  "motion_stability": [
    3.628885269165039,
    1.7939751148223877,
    2.380634307861328
  ],
  "freq_entropy": [
    8.816038131713867,
    8.999009132385254,
    9.049854278564453
  ]
}