{
  "dominant_freq": [
    8.045325871717607,
    3.6164056482670093
  ],
  "amp_mean_x": [
    1.0820327997207642,
    1.0852798223495483
  ],
  "amp_mean_y": [
    1.714850902557373,
    1.239391803741455
  ],
  "symmetry_ratio": [
    0.6309777498245239,
    0.8756551742553711
  ],
  "energy_distribution": [
    0.16741393506526947,
    0.22334030270576477
  ],
  "motion_stability": [
    3.2959017753601074,
    3.615154266357422
  ],
  "freq_entropy": [
    10.297396659851074,
    10.356996536254883
  ]
}