{
  "dominant_freq": [
    7.573194534808069,
    1.6180645161290326
  ],
  "amp_mean_x": [
    0.608815610408783,
    0.705234706401825
  ],
  "amp_mean_y": [
    2.1466753482818604,
    1.1256109476089478
  ],
  "symmetry_ratio": [
    0.283608615398407,
    0.6265350580215454
  ],
  "energy_distribution": [
    0.14059807360172272,
    0.23938776552677155
  ],
  "motion_stability": [
    3.968907356262207,
    1.620572566986084
  ],
  "freq_entropy": [
    9.876092910766602,
    9.668176651000977
  ]
}