{
  "dominant_freq": [
    3.5468965517241373,
    2.995724137931034,
    2.8361477028767705
  ],
  "amp_mean_x": [
    0.24560734629631042,
    0.853365421295166,
    1.0078001022338867
  ],
  "amp_mean_y": [
    0.7461923956871033,
    0.9902970194816589,
    1.2263975143432617
  ],
  "symmetry_ratio": [
    0.32914748787879944,
    0.8617267608642578,
    0.8217564821243286
  ],
  "energy_distribution": [
    0.22149014472961426,
    0.21027982234954834,
    0.22032944858074188
  ],
  "motion_stability": [
    1.7010031938552856,
    2.729768991470337,
    2.7266178131103516
  ],
  "freq_entropy": [
    10.306800842285156,
    10.165538787841797,
    10.290895462036133
  ]
}