{
  "dominant_freq": [
    0.12337564322469982,
    1.5172717062634988
  ],
  "amp_mean_x": [
    1.5297006368637085,
    2.004258155822754
  ],
  "amp_mean_y": [
    1.904476523399353,
    2.2725329399108887
  ],
  "symmetry_ratio": [
    0.8032131791114807,
    0.8819490075111389
  ],
  "energy_distribution": [
    0.2182583510875702,
    0.23223994672298431
  ],
  "motion_stability": [
    3.1816201210021973,
    4.248804569244385
  ],
  "freq_entropy": [
    10.269782066345215,
    10.25875473022461
  ]
}