{
  "dominant_freq": [
    3.0415982142857136,
    3.9666176470588232
  ],
  "amp_mean_x": [
    0.41085362434387207,
    1.546425700187683
  ],
  "amp_mean_y": [
    1.0032249689102173,
    2.766573667526245
  ],
  "symmetry_ratio": [
    0.40953290462493896,
    0.5589678287506104
  ],
  "energy_distribution": [
    0.05023195222020149,
    0.22625894844532013
  ],
  "motion_stability": [
    7.079157829284668,
    3.607167959213257
  ],
  "freq_entropy": [
    9.539512634277344,
    9.499429702758789
  ]
}