{
  "dominant_freq": [
    4.645031847133757,
    5.779477894736841,
    4.883532631578946
  ],
  "amp_mean_x": [
    0.6952523589134216,
    1.010209321975708,
    0.31352317333221436
  ],
  "amp_mean_y": [
    0.6717566251754761,
    1.136724591255188,
    0.6006742715835571
  ],
  "symmetry_ratio": [
    1.034976601600647,
    0.8887019157409668,
    0.5219520330429077
  ],
  "energy_distribution": [
    0.18431265652179718,
    0.27297621965408325,
    0.19593822956085205
  ],
  "motion_stability": [
    3.0931451320648193,
    2.4013304710388184,
    2.777921199798584
  ],
  "freq_entropy": [
    8.956886291503906,
    8.954769134521484,
    9.263891220092773
  ]
}