{
  "dominant_freq": [
    4.733302961275626,
    2.056554681915654
  ],
  "amp_mean_x": [
    4.469277858734131,
    0.8930112719535828
  ],
  "amp_mean_y": [
    4.952963352203369,
    0.672060489654541
  ],
  "symmetry_ratio": [
    0.9023442268371582,
    1.3287662267684937
  ],
  "energy_distribution": [
    0.2038644403219223,
    0.26647430658340454
  ],
  "motion_stability": [
    2.7671124935150146,
    1.8647685050964355
  ],
  "freq_entropy": [
    9.531652450561523,
    9.600711822509766
  ]
}