{
  "dominant_freq": [
    3.766674318507891,
    0.2069870503597122,
    1.6098171428571428,
    3.46703309352518
  ],
  "amp_mean_x": [
    0.3618117868900299,
    0.407092809677124,
    0.2635601758956909,
    0.6873767971992493
  ],
  "amp_mean_y": [
    1.273134469985962,
    1.1253247261047363,
    0.287362664937973,
    0.7774370312690735
  ],
  "symmetry_ratio": [
    0.28418976068496704,
    0.3617558479309082,
    0.9171691536903381,
    0.8841575384140015
  ],
  "energy_distribution": [
    0.16001978516578674,
    0.28376445174217224,
    0.2212536633014679,
    0.2210341989994049
  ],
  "motion_stability": [
    4.518256664276123,
    4.516818523406982,
    1.2055532932281494,
    3.879324197769165
  ],
  "freq_entropy": [
    8.650334358215332,
    8.722801208496094,
    8.5453462600708,
    8.616145133972168
  ]
}