{
  "dominant_freq": [
    3.7229400000000004,
    0.11988
  ],
  "amp_mean_x": [
    0.2272264063358307,
    0.2512384355068207
  ],
  "amp_mean_y": [
    0.2278025597333908,
    0.45222026109695435
  ],
  "symmetry_ratio": [
    0.9974707961082458,
    0.5555664896965027
  ],
  "energy_distribution": [
    0.20088274776935577,
    0.3563593924045563
  ],
  "motion_stability": [
    1.551641821861267,
    1.6372053623199463
  ],
  "freq_entropy": [
    9.943985939025879,
    9.701321601867676
  ]
}