{
  "dominant_freq": [
    0.10656,
    1.4652,
    2.02464,
    0.10656,
    0.10656,
    1.62504
  ],
  "amp_mean_x": [
    0.058764975517988205,
    0.040334369987249374,
    0.038028404116630554,
    0.09204398840665817,
    0.649551510810852,
    0.04464777186512947
  ],
  "amp_mean_y": [
    0.17695289850234985,
    0.21312804520130157,
    0.12806588411331177,
    0.1708410680294037,
    0.34032756090164185,
    0.10953657329082489
  ],
  "symmetry_ratio": [
    0.33209389448165894,
    0.18924947082996368,
    0.2969440519809723,
    0.5387696623802185,
    1.9086068868637085,
    0.4076060652732849
  ],
  "energy_distribution": [
    0.5348663330078125,
    0.27250829339027405,
    0.27324843406677246,
    0.2534675896167755,
    0.6915503740310669,
    0.22296969592571259
  ],
  "motion_stability": [
    1.1826152801513672,
    0.9978102445602417,
    1.1133829355239868,
    0.8850817084312439,
    2.111821174621582,
    1.2950844764709473
  ],
  "freq_entropy": [
    7.026516914367676,
    7.8444504737854,
    7.826863765716553,
    7.843942642211914,
    7.099116325378418,
    7.857470512390137
  ]
}