{
  "dominant_freq": [
    3.3314021052631575,
    0.4542821052631578,
    4.5932968421052625
  ],
  "amp_mean_x": [
    0.13969774544239044,
    0.08207345753908157,
    0.4460991322994232
  ],
  "amp_mean_y": [
    0.18848298490047455,
    0.12715397775173187,
    0.3712976574897766
  ],
  "symmetry_ratio": [
    0.7411689758300781,
    0.6454651355743408,
    1.2014596462249756
  ],
  "energy_distribution": [
    0.23679615557193756,
    0.3086317181587219,
    0.16136500239372253
  ],
  "motion_stability": [
    1.623329520225525,
    1.4405888319015503,
    2.7345077991485596
  ],
  "freq_entropy": [
    8.95660400390625,
    8.78337574005127,
    9.01759147644043
  ]
}