{
  "dominant_freq": [
    1.571863640829158,
    1.5701022526961093,
    0.1812442417194037
  ],
  "amp_mean_x": [
    0.4766802191734314,
    0.4946962893009186,
    1.234846830368042
  ],
  "amp_mean_y": [
    0.8974701762199402,
    0.9803066849708557,
    1.8613544702529907
  ],
  "symmetry_ratio": [
    0.5311376452445984,
    0.5046342015266418,
    0.6634130477905273
  ],
  "energy_distribution": [
    0.30941611528396606,
    0.15072448551654816,
    0.5078714489936829
  ],
  "motion_stability": [
    6.724668979644775,
    7.04737663269043,
    5.384270668029785
  ],
  "freq_entropy": [
    10.166410446166992,
    10.194475173950195,
    9.61003303527832
  ]
}