{
  "dominant_freq": [
    4.161654135338346,
    2.16
  ],
  "amp_mean_x": [
    0.5595391988754272,
    0.15395472943782806
  ],
  "amp_mean_y": [
    1.6854534149169922,
    0.19965019822120667
  ],
  "symmetry_ratio": [
    0.3319814205169678,
    0.7711223363876343
  ],
  "energy_distribution": [
    0.07900379598140717,
    0.21435604989528656
  ],
  "motion_stability": [
    7.535313606262207,
    1.245409607887268
  ],
  "freq_entropy": [
    9.419368743896484,
    9.032896041870117
  ]
}