{
  "dominant_freq": [
    6.953039999999998,
    0.18557275541795665,
    1.8028465116279069,
    6.1046584615384605
  ],
  "amp_mean_x": [
    0.25285959243774414,
    0.29806217551231384,
    0.25646576285362244,
    0.1891101747751236
  ],
  "amp_mean_y": [
    0.3121694326400757,
    0.7808638215065002,
    0.8171837329864502,
    0.3089016079902649
  ],
  "symmetry_ratio": [
    0.8100075125694275,
    0.3817082643508911,
    0.3138410151004791,
    0.612201988697052
  ],
  "energy_distribution": [
    0.18404264748096466,
    0.23482628166675568,
    0.27805089950561523,
    0.20060552656650543
  ],
  "motion_stability": [
    2.1039981842041016,
    2.442082405090332,
    2.328930377960205,
    1.2713592052459717
  ],
  "freq_entropy": [
    8.478179931640625,
    8.467559814453125,
    8.525650024414062,
    8.468360900878906
  ]
}