{
  "dominant_freq": [
    0.1483791496595594,
    0.12243076072863306
  ],
  "amp_mean_x": [
    0.6582717299461365,
    0.4484587013721466
  ],
  "amp_mean_y": [
    0.9167712926864624,
    0.4616865813732147
  ],
  "symmetry_ratio": [
    0.7180326581001282,
    0.971348762512207
  ],
  "energy_distribution": [
    0.23730438947677612,
    0.2958952486515045
  ],
  "motion_stability": [
    1.9619922637939453,
    1.7966961860656738
  ],
  "freq_entropy": [
    10.307412147521973,
    10.23200798034668
  ]
}