{
  "dominant_freq": [
    0.7100000000000001
  ],
  "amp_mean_x": [
    0.18641872704029083
  ],
  "amp_mean_y": [
    0.1756160706281662
  ],
  "symmetry_ratio": [
    1.0615129470825195
  ],
  "energy_distribution": [
    0.19123893976211548
  ],
  "motion_stability": [
    1.8320109844207764
  ],
  "freq_entropy": [
    10.313995361328125
  ]
}