{
  "dominant_freq": [
    4.431658566996913,
    3.7944401122206926,
    4.272805280361955
  ],
  "amp_mean_x": [
    0.5083481073379517,
    0.588638186454773,
    1.0288093090057373
  ],
  "amp_mean_y": [
    1.3317396640777588,
    1.8954488039016724,
    2.2454378604888916
  ],
  "symmetry_ratio": [
    0.381717324256897,
    0.3105534613132477,
    0.4581775963306427
  ],
  "energy_distribution": [
    0.14843976497650146,
    0.19113439321517944,
    0.2999894618988037
  ],
  "motion_stability": [
    1.979175090789795,
    1.3071081638336182,
    1.997666835784912
  ],
  "freq_entropy": [
    8.863167762756348,
    8.751726150512695,
    8.547626495361328
  ]
}