{
  "dominant_freq": [
    0.47095714285714285,
    0.44526857142857146
  ],
  "amp_mean_x": [
    0.19682283699512482,
    0.17395693063735962
  ],
  "amp_mean_y": [
    0.19987709820270538,
    0.3202546536922455
  ],
  "symmetry_ratio": [
    0.9847192764282227,
    0.5431831479072571
  ],
  "energy_distribution": [
    0.39021462202072144,
    0.42506128549575806
  ],
  "motion_stability": [
    2.8094077110290527,
    2.271193265914917
  ],
  "freq_entropy": [
    9.303720474243164,
    9.081729888916016
  ]
}