{
  "dominant_freq": [
    3.471643035863219,
    0.6880733944954128
  ],
  "amp_mean_x": [
    0.25137946009635925,
    0.7063335180282593
  ],
  "amp_mean_y": [
    0.43768274784088135,
    1.0663354396820068
  ],
  "symmetry_ratio": [
    0.5743417143821716,
    0.6623933911323547
  ],
  "energy_distribution": [
    0.19943177700042725,
    0.22259421646595
  ],
  "motion_stability": [
    1.6028813123703003,
    1.9204261302947998
  ],
  "freq_entropy": [
    9.209747314453125,
    9.209718704223633
  ]
}