{
  "dominant_freq": [
    0.1100880704563651
  ],
  "amp_mean_x": [
    0.2894352078437805
  ],
  "amp_mean_y": [
    0.9139063358306885
  ],
  "symmetry_ratio": [
    0.31670117378234863
  ],
  "energy_distribution": [
    0.4635899066925049
  ],
  "motion_stability": [
    2.1300649642944336
  ],
  "freq_entropy": [
    10.019760131835938
  ]
}