{
  "dominant_freq": [
    0.4795204795204795,
    1.946853146853147
  ],
  "amp_mean_x": [
    0.48186951875686646,
    0.3339957892894745
  ],
  "amp_mean_y": [
    0.6457902193069458,
    0.21626542508602142
  ],
  "symmetry_ratio": [
    0.7461703419685364,
    1.5443789958953857
  ],
  "energy_distribution": [
    0.29039266705513,
    0.2295091599225998
  ],
  "motion_stability": [
    1.1146321296691895,
    1.5052021741867065
  ],
  "freq_entropy": [
    9.011791229248047,
    9.31242561340332
  ]
}