{
  "dominant_freq": [
    6.106228085106382,
    2.9274221840068786,
    3.624991482112436
  ],
  "amp_mean_x": [
    0.21002162992954254,
    1.4081424474716187,
    0.20466473698616028
  ],
  "amp_mean_y": [
    0.24938523769378662,
    2.011791706085205,
    0.4455920457839966
  ],
  "symmetry_ratio": [
    0.8421574234962463,
    0.6999444365501404,
    0.4593096673488617
  ],
  "energy_distribution": [
    0.1848718374967575,
    0.3722073435783386,
    0.193419948220253
  ],
  "motion_stability": [
    1.63303804397583,
    6.692071437835693,
    1.7833728790283203
  ],
  "freq_entropy": [
    10.2980375289917,
    10.218969345092773,
    10.289756774902344
  ]
}