{
  "dominant_freq": [
    1.594112506455977,
    4.617341115857436
  ],
  "amp_mean_x": [
    1.57236909866333,
    1.6174345016479492
  ],
  "amp_mean_y": [
    3.3303356170654297,
    2.580012321472168
  ],
  "symmetry_ratio": [
    0.4721353352069855,
    0.626909613609314
  ],
  "energy_distribution": [
    0.18007856607437134,
    0.19188635051250458
  ],
  "motion_stability": [
    2.1979894638061523,
    2.2636594772338867
  ],
  "freq_entropy": [
    9.811145782470703,
    9.457383155822754
  ]
}