{
  "dominant_freq": [
    0.29113714285714287,
    0.5308971428571428
  ],
  "amp_mean_x": [
    0.29903632402420044,
    0.2449108064174652
  ],
  "amp_mean_y": [
    0.35969802737236023,
    0.3774370551109314
  ],
  "symmetry_ratio": [
    0.8313537836074829,
    0.6488785147666931
  ],
  "energy_distribution": [
    0.25910621881484985,
    0.3064292073249817
  ],
  "motion_stability": [
    1.3211050033569336,
    1.3432319164276123
  ],
  "freq_entropy": [
    9.43382453918457,
    9.366374969482422
  ]
}