{
  "dominant_freq": [
    0.4436581152078453,
    0.11988011988011989
  ],
  "amp_mean_x": [
    0.21590378880500793,
    0.2391379475593567
  ],
  "amp_mean_y": [
    0.317675918340683,
    0.3070179522037506
  ],
  "symmetry_ratio": [
    0.6796353459358215,
    0.77890545129776
  ],
  "energy_distribution": [
    0.2545885741710663,
    0.3088385760784149
  ],
  "motion_stability": [
    3.217404842376709,
    2.639155387878418
  ],
  "freq_entropy": [
    9.479801177978516,
    9.358759880065918
  ]
}