{
  "dominant_freq": [
    0.10275428571428571,
    0.2917623478883321
  ],
  "amp_mean_x": [
    0.167311429977417,
    0.6345780491828918
  ],
  "amp_mean_y": [
    0.160370334982872,
    0.8887056112289429
  ],
  "symmetry_ratio": [
    1.0432816743850708,
    0.7140475511550903
  ],
  "energy_distribution": [
    0.29079413414001465,
    0.2818154990673065
  ],
  "motion_stability": [
    1.2916405200958252,
    1.7175147533416748
  ],
  "freq_entropy": [
    9.397348403930664,
    9.362306594848633
  ]
}