{
  "dominant_freq": [
    0.515
  ],
  "amp_mean_x": [
    0.3041154146194458
  ],
  "amp_mean_y": [
    0.39212092757225037
  ],
  "symmetry_ratio": [
    0.7755653858184814
  ],
  "energy_distribution": [
    0.24034486711025238
  ],
  "motion_stability": [
    1.685874104499817
  ],
  "freq_entropy": [
    10.273178100585938
  ]
}