{
  "dominant_freq": [
    0.10294117647058823,
    0.47058823529411764
  ],
  "amp_mean_x": [
    0.16585057973861694,
    0.23256856203079224
  ],
  "amp_mean_y": [
    0.2140117883682251,
    0.42026638984680176
  ],
  "symmetry_ratio": [
    0.7749600410461426,
    0.5533837080001831
  ],
  "energy_distribution": [
    0.3583073616027832,
    0.29953354597091675
  ],
  "motion_stability": [
    2.156899929046631,
    1.4855461120605469
  ],
  "freq_entropy": [
    9.55732536315918,
    9.533020973205566
  ]
}