{
  "dominant_freq": [
    1.818441744102931,
    0.3006442376521117
  ],
  "amp_mean_x": [
    0.22641265392303467,
    0.21070601046085358
  ],
  "amp_mean_y": [
    0.25542426109313965,
    0.33095765113830566
  ],
  "symmetry_ratio": [
    0.8864179849624634,
    0.6366555094718933
  ],
  "energy_distribution": [
    0.20211224257946014,
    0.20949260890483856
  ],
  "motion_stability": [
    1.8851312398910522,
    2.739285469055176
  ],
  "freq_entropy": [
    9.567663192749023,
    9.575235366821289
  ]
}