{
  "dominant_freq": [
    3.2463157894736847,
    4.301166489925769,
    3.498947368421053
  ],
  "amp_mean_x": [
    0.38395488262176514,
    0.8555235266685486,
    0.9137724041938782
  ],
  "amp_mean_y": [
    0.3150586783885956,
    0.7733957171440125,
    0.8235800862312317
  ],
  "symmetry_ratio": [
    1.2186774015426636,
    1.1061911582946777,
    1.109512448310852
  ],
  "energy_distribution": [
    0.3111310601234436,
    0.22311019897460938,
    0.4885082542896271
  ],
  "motion_stability": [
    3.224306106567383,
    2.0140888690948486,
    2.992337703704834
  ],
  "freq_entropy": [
    8.871024131774902,
    8.954018592834473,
    8.265106201171875
  ]
}