{
  "dominant_freq": [
    0.13880842105263155,
    0.2649978947368421,
    0.1009515789473684
  ],
  "amp_mean_x": [
    0.19485987722873688,
    0.04693964123725891,
    0.047558415681123734
  ],
  "amp_mean_y": [
    0.341678649187088,
    0.11838418990373611,
    0.09825888276100159
  ],
  "symmetry_ratio": [
    0.5703015923500061,
    0.39650261402130127,
    0.48401135206222534
  ],
  "energy_distribution": [
    0.2393387407064438,
    0.27688413858413696,
    0.3158472776412964
  ],
  "motion_stability": [
    2.011044979095459,
    1.3647910356521606,
    1.5325913429260254
  ],
  "freq_entropy": [
    8.969783782958984,
    8.900028228759766,
    8.577834129333496
  ]
}