{
  "dominant_freq": [
    0.29,
    0.9550000000000001
  ],
  "amp_mean_x": [
    0.19991838932037354,
    0.3949289917945862
  ],
  "amp_mean_y": [
    0.20800143480300903,
    0.22419379651546478
  ],
  "symmetry_ratio": [
    0.9611395001411438,
    1.761551856994629
  ],
  "energy_distribution": [
    0.2512702941894531,
    0.1931530088186264
  ],
  "motion_stability": [
    3.5582008361816406,
    1.3539202213287354
  ],
  "freq_entropy": [
    10.386188507080078,
    10.311726570129395
  ]
}