{
  "dominant_freq": [
    0.48,
    0.72
  ],
  "amp_mean_x": [
    0.0912974551320076,
    0.08206002414226532
  ],
  "amp_mean_y": [
    0.1727129966020584,
    0.13068141043186188
  ],
  "symmetry_ratio": [
    0.5286079049110413,
    0.6279395222663879
  ],
  "energy_distribution": [
    0.21707749366760254,
    0.26151835918426514
  ],
  "motion_stability": [
    1.5353014469146729,
    1.3411738872528076
  ],
  "freq_entropy": [
    10.239912033081055,
    10.117303848266602
  ]
}