{
  "dominant_freq": [
    6.995854285714286,
    0.45383142857142855
  ],
  "amp_mean_x": [
    0.5145183205604553,
    1.0304336547851562
  ],
  "amp_mean_y": [
    1.1766551733016968,
    1.7096452713012695
  ],
  "symmetry_ratio": [
    0.43727195262908936,
    0.6027178168296814
  ],
  "energy_distribution": [
    0.2132875919342041,
    0.18747802078723907
  ],
  "motion_stability": [
    1.5710121393203735,
    1.3748979568481445
  ],
  "freq_entropy": [
    9.596139907836914,
    9.51738166809082
  ]
}