{
  "dominant_freq": [
    0.10500000000000001
  ],
  "amp_mean_x": [
    0.0570845864713192
  ],
  "amp_mean_y": [
    0.2573227882385254
  ],
  "symmetry_ratio": [
    0.22184038162231445
  ],
  "energy_distribution": [
    0.511550784111023
  ],
  "motion_stability": [
    1.9649147987365723
  ],
  "freq_entropy": [
    9.626543045043945
  ]
}