{
  "dominant_freq": [
    0.11793156544054746,
    0.10285714285714286
  ],
  "amp_mean_x": [
    0.48314228653907776,
    0.7482654452323914
  ],
  "amp_mean_y": [
    0.9579229950904846,
    1.4852410554885864
  ],
  "symmetry_ratio": [
    0.5043644309043884,
    0.5038006901741028
  ],
  "energy_distribution": [
    0.3154183626174927,
    0.2513083815574646
  ],
  "motion_stability": [
    2.849823474884033,
    3.167447805404663
  ],
  "freq_entropy": [
    9.971006393432617,
    10.210441589355469
  ]
}