{
  "dominant_freq": [
    0.11645962732919254,
    0.125
  ],
  "amp_mean_x": [
    1.801831603050232,
    0.18330948054790497
  ],
  "amp_mean_y": [
    0.7083163261413574,
    0.07970316708087921
  ],
  "symmetry_ratio": [
    2.5438232421875,
    2.2999022006988525
  ],
  "energy_distribution": [
    0.46588656306266785,
    0.3679865002632141
  ],
  "motion_stability": [
    4.73649263381958,
    1.8565963506698608
  ],
  "freq_entropy": [
    8.379746437072754,
    8.952058792114258
  ]
}