{
  "dominant_freq": [
    0.1032258064516129,
    1.0371428571428571
  ],
  "amp_mean_x": [
    0.36266711354255676,
    0.3004385232925415
  ],
  "amp_mean_y": [
    0.2555328607559204,
    0.3554619550704956
  ],
  "symmetry_ratio": [
    1.4192582368850708,
    0.8452058434486389
  ],
  "energy_distribution": [
    0.2843165397644043,
    0.24611994624137878
  ],
  "motion_stability": [
    4.401472568511963,
    1.772817850112915
  ],
  "freq_entropy": [
    9.513312339782715,
    9.540127754211426
  ]
}