{
  "dominant_freq": [
    4.1699657576738245,
    0.2095091609158105
  ],
  "amp_mean_x": [
    1.2537362575531006,
    0.9372036457061768
  ],
  "amp_mean_y": [
    0.7911277413368225,
    0.9356842637062073
  ],
  "symmetry_ratio": [
    1.5847456455230713,
    1.0016238689422607
  ],
  "energy_distribution": [
    0.4365965723991394,
    0.2245999276638031
  ],
  "motion_stability": [
    3.5866539478302,
    4.662117958068848
  ],
  "freq_entropy": [
    10.185195922851562,
    10.001705169677734
  ]
}