{
  "dominant_freq": [
    0.1366841046277666,
    1.159613075383589
  ],
  "amp_mean_x": [
    1.3497567176818848,
    0.5631369352340698
  ],
  "amp_mean_y": [
    1.8314027786254883,
    0.5928130745887756
  ],
  "symmetry_ratio": [
    0.7370070219039917,
    0.9499401450157166
  ],
  "energy_distribution": [
    0.26071614027023315,
    0.22951865196228027
  ],
  "motion_stability": [
    5.449923515319824,
    2.9787051677703857
  ],
  "freq_entropy": [
    9.511797904968262,
    9.712224960327148
  ]
}