{
  "dominant_freq": [
    3.1,
    4.070121951219512
  ],
  "amp_mean_x": [
    0.09244357794523239,
    0.2942577600479126
  ],
  "amp_mean_y": [
    0.07901890575885773,
    0.7469645738601685
  ],
  "symmetry_ratio": [
    1.1698919534683228,
    0.3939380347728729
  ],
  "energy_distribution": [
    0.2279546856880188,
    0.4920136034488678
  ],
  "motion_stability": [
    2.5177156925201416,
    7.10529899597168
  ],
  "freq_entropy": [
    10.370637893676758,
    10.158468246459961
  ]
}