{
  "dominant_freq": [
    0.4623942857142857,
    0.3296266280752532
  ],
  "amp_mean_x": [
    0.30407029390335083,
    2.3359739780426025
  ],
  "amp_mean_y": [
    0.35361331701278687,
    4.089643955230713
  ],
  "symmetry_ratio": [
    0.8598949313163757,
    0.5711925029754639
  ],
  "energy_distribution": [
    0.25708258152008057,
    0.3149745464324951
  ],
  "motion_stability": [
    1.3529384136199951,
    2.837454319000244
  ],
  "freq_entropy": [
    9.37597370147705,
    9.642354965209961
  ]
}