{
  "dominant_freq": [
    0.7364057142857143,
    1.7223645461043602
  ],
  "amp_mean_x": [
    0.14046333730220795,
    0.5766652226448059
  ],
  "amp_mean_y": [
    0.12036816030740738,
    1.0373139381408691
  ],
  "symmetry_ratio": [
    1.166947603225708,
    0.5559216141700745
  ],
  "energy_distribution": [
    0.16427910327911377,
    0.20815600454807281
  ],
  "motion_stability": [
    2.184185028076172,
    3.7478623390197754
  ],
  "freq_entropy": [
    9.543479919433594,
    9.584022521972656
  ]
}