{
  "dominant_freq": [
    0.1009515789473684,
    0.12618947368421052,
    0.7571368421052631
  ],
  "amp_mean_x": [
    0.18960382044315338,
    0.20819991827011108,
    0.10737801343202591
  ],
  "amp_mean_y": [
    0.2546532154083252,
    0.34190988540649414,
    0.1699826568365097
  ],
  "symmetry_ratio": [
    0.7445569634437561,
    0.6089321374893188,
    0.631699800491333
  ],
  "energy_distribution": [
    0.35638749599456787,
    0.2461487203836441,
    0.23454993963241577
  ],
  "motion_stability": [
    2.0385241508483887,
    2.345576286315918,
    2.0684616565704346
  ],
  "freq_entropy": [
    8.892224311828613,
    8.920459747314453,
    9.09250259399414
  ]
}