{
  "dominant_freq": [
    4.3014267515923565,
    3.114095036958817,
    0.10105795574288723
  ],
  "amp_mean_x": [
    1.308105230331421,
    1.131301999092102,
    0.537959098815918
  ],
  "amp_mean_y": [
    2.3193788528442383,
    1.33649742603302,
    0.6028557419776917
  ],
  "symmetry_ratio": [
    0.5639894604682922,
    0.8464677929878235,
    0.8923512697219849
  ],
  "energy_distribution": [
    0.19532202184200287,
    0.22554002702236176,
    0.24922813475131989
  ],
  "motion_stability": [
    1.637192726135254,
    1.6966557502746582,
    1.349686622619629
  ],
  "freq_entropy": [
    8.969839096069336,
    8.981734275817871,
    8.962823867797852
  ]
}