{
  "dominant_freq": [
    5.289220917822838,
    4.925373134328359,
    0.20469083155650322
  ],
  "amp_mean_x": [
    1.1053907871246338,
    1.0497913360595703,
    1.4161778688430786
  ],
  "amp_mean_y": [
    3.592160701751709,
    3.606367588043213,
    4.1331305503845215
  ],
  "symmetry_ratio": [
    0.3077230751514435,
    0.2910938262939453,
    0.3426404893398285
  ],
  "energy_distribution": [
    0.23551905155181885,
    0.18798169493675232,
    0.3571140766143799
  ],
  "motion_stability": [
    2.1828792095184326,
    2.459926128387451,
    3.155083656311035
  ],
  "freq_entropy": [
    8.979815483093262,
    8.977466583251953,
    8.988706588745117
  ]
}