{
  "dominant_freq": [
    0.3576923076923077,
    0.3346153846153846
  ],
  "amp_mean_x": [
    0.21969036757946014,
    0.08742320537567139
  ],
  "amp_mean_y": [
    0.47215133905410767,
    0.4176975190639496
  ],
  "symmetry_ratio": [
    0.46529650688171387,
    0.20929788053035736
  ],
  "energy_distribution": [
    0.3129807412624359,
    0.4651021361351013
  ],
  "motion_stability": [
    0.9102391004562378,
    0.7020810842514038
  ],
  "freq_entropy": [
    9.017356872558594,
    8.637779235839844
  ]
}