{
  "dominant_freq": [
    0.72
  ],
  "amp_mean_x": [
    0.4247267544269562
  ],
  "amp_mean_y": [
    0.489932656288147
  ],
  "symmetry_ratio": [
    0.8669084310531616
  ],
  "energy_distribution": [
    0.23058326542377472
  ],
  "motion_stability": [
    1.5917072296142578
  ],
  "freq_entropy": [
    10.263431549072266
  ]
}