{
  "dominant_freq": [
    2.2293169319826336,
    0.7107171428571428
  ],
  "amp_mean_x": [
    0.4944182336330414,
    0.3549481928348541
  ],
  "amp_mean_y": [
    0.6949306726455688,
    0.31257277727127075
  ],
  "symmetry_ratio": [
    0.7114641070365906,
    1.1355698108673096
  ],
  "energy_distribution": [
    0.2181096225976944,
    0.2012442797422409
  ],
  "motion_stability": [
    3.702721118927002,
    1.367590069770813
  ],
  "freq_entropy": [
    9.600557327270508,
    9.51009464263916
  ]
}