{
  "dominant_freq": [
    0.26867449306296687,
    0.21497468354430377,
    3.318783157894736
  ],
  "amp_mean_x": [
    0.5102658271789551,
    0.565700352191925,
    0.234159454703331
  ],
  "amp_mean_y": [
    0.7599490284919739,
    0.8174256682395935,
    0.630845308303833
  ],
  "symmetry_ratio": [
    0.6714474558830261,
    0.692051112651825,
    0.3711836338043213
  ],
  "energy_distribution": [
    0.3060974180698395,
    0.33156436681747437,
    0.116767019033432
  ],
  "motion_stability": [
    3.0436086654663086,
    3.010810375213623,
    3.3749938011169434
  ],
  "freq_entropy": [
    8.653863906860352,
    8.617695808410645,
    8.967952728271484
  ]
}