{
  "dominant_freq": [
    0.10105263157894738,
    4.944151738672287,
    3.7515789473684213
  ],
  "amp_mean_x": [
    0.12890444695949554,
    0.4014701545238495,
    0.16412951052188873
  ],
  "amp_mean_y": [
    0.11274490505456924,
    0.4267589747905731,
    0.3880082368850708
  ],
  "symmetry_ratio": [
    1.143328309059143,
    0.9407421350479126,
    0.42300522327423096
  ],
  "energy_distribution": [
    0.4027644395828247,
    0.35346755385398865,
    0.14660386741161346
  ],
  "motion_stability": [
    1.919600486755371,
    3.6051549911499023,
    5.824968338012695
  ],
  "freq_entropy": [
    8.528772354125977,
    8.865178108215332,
    9.135704040527344
  ]
}