{
  "dominant_freq": [
    4.017430290888735,
    5.714833112093387,
    1.4545454545454546
  ],
  "amp_mean_x": [
    2.573050022125244,
    2.210338830947876,
    0.0554814338684082
  ],
  "amp_mean_y": [
    2.739455223083496,
    2.869692087173462,
    0.13519670069217682
  ],
  "symmetry_ratio": [
    0.9392560720443726,
    0.770235538482666,
    0.4103756546974182
  ],
  "energy_distribution": [
    0.1680050641298294,
    0.15953905880451202,
    0.2941070795059204
  ],
  "motion_stability": [
    2.801072120666504,
    2.8282876014709473,
    1.109567642211914
  ],
  "freq_entropy": [
    8.619927406311035,
    8.536836624145508,
    8.493767738342285
  ]
}