{
  "dominant_freq": [
    1.4215222602739725,
    0.48524073285044733,
    0.9573928724774581,
    0.12541935483870967
  ],
  "amp_mean_x": [
    0.6317254304885864,
    0.6910301446914673,
    1.1620396375656128,
    1.4621591567993164
  ],
  "amp_mean_y": [
    0.9522592425346375,
    1.42015540599823,
    2.2196152210235596,
    1.817988395690918
  ],
  "symmetry_ratio": [
    0.6633964776992798,
    0.4865877032279968,
    0.5235320329666138,
    0.8042730689048767
  ],
  "energy_distribution": [
    0.1892937570810318,
    0.2317541241645813,
    0.2544492483139038,
    0.4279601275920868
  ],
  "motion_stability": [
    2.9950873851776123,
    1.6718404293060303,
    1.834423303604126,
    2.723695993423462
  ],
  "freq_entropy": [
    10.42715835571289,
    10.241678237915039,
    10.345983505249023,
    9.779333114624023
  ]
}