{
  "dominant_freq": [
    0.10656,
    0.69264,
    1.01232
  ],
  "amp_mean_x": [
    0.28961682319641113,
    0.06727314740419388,
    0.03454962000250816
  ],
  "amp_mean_y": [
    0.6355284452438354,
    0.07164236158132553,
    0.08150240033864975
  ],
  "symmetry_ratio": [
    0.455710232257843,
    0.9390135407447815,
    0.4239092469215393
  ],
  "energy_distribution": [
    0.5860469341278076,
    0.23987886309623718,
    0.29653024673461914
  ],
  "motion_stability": [
    2.068459987640381,
    1.27333664894104,
    1.1904672384262085
  ],
  "freq_entropy": [
    8.177578926086426,
    8.75610637664795,
    8.724453926086426
  ]
}