{
  "dominant_freq": [
    0.10275428571428571,
    0.71928,
    4.178674285714285,
    4.298554285714286
  ],
  "amp_mean_x": [
    0.1269633024930954,
    0.31613415479660034,
    0.3215502202510834,
    0.40456879138946533
  ],
  "amp_mean_y": [
    0.1210600957274437,
    0.20655064284801483,
    0.38142821192741394,
    0.17598414421081543
  ],
  "symmetry_ratio": [
    1.048762559890747,
    1.5305407047271729,
    0.8430163264274597,
    2.298893451690674
  ],
  "energy_distribution": [
    0.31295356154441833,
    0.2667900323867798,
    0.2410086691379547,
    0.2759304940700531
  ],
  "motion_stability": [
    1.1917316913604736,
    1.082442283630371,
    1.205116868019104,
    1.2427752017974854
  ],
  "freq_entropy": [
    8.402042388916016,
    8.413053512573242,
    8.388635635375977,
    8.412001609802246
  ]
}