{
  "dominant_freq": [
    2.4330824524312895,
    2.119983157894737,
    1.9180799999999998
  ],
  "amp_mean_x": [
    0.5252391695976257,
    0.25731831789016724,
    0.2762603461742401
  ],
  "amp_mean_y": [
    1.4142400026321411,
    0.8359481692314148,
    0.42627376317977905
  ],
  "symmetry_ratio": [
    0.37139323353767395,
    0.30781611800193787,
    0.6480819582939148
  ],
  "energy_distribution": [
    0.22366759181022644,
    0.24313199520111084,
    0.22616949677467346
  ],
  "motion_stability": [
    3.6150307655334473,
    1.2723414897918701,
    1.745375394821167
  ],
  "freq_entropy": [
    9.219751358032227,
    8.836148262023926,
    8.998620986938477
  ]
}