{
  "dominant_freq": [
    0.20646716899892356,
    2.1452210526315785,
    0.4290442105263157
  ],
  "amp_mean_x": [
    1.889312982559204,
    0.10375160723924637,
    0.10570450872182846
  ],
  "amp_mean_y": [
    2.303239583969116,
    0.41441237926483154,
    0.24527327716350555
  ],
  "symmetry_ratio": [
    0.8202850222587585,
    0.25035837292671204,
    0.43096625804901123
  ],
  "energy_distribution": [
    0.313976913690567,
    0.37347474694252014,
    0.2777552604675293
  ],
  "motion_stability": [
    4.876772880554199,
    2.099750280380249,
    2.2095422744750977
  ],
  "freq_entropy": [
    8.721776962280273,
    8.800990104675293,
    9.003698348999023
  ]
}