{
  "dominant_freq": [
    0.8072148997134669,
    2.286282857142857
  ],
  "amp_mean_x": [
    0.4100600481033325,
    0.27214744687080383
  ],
  "amp_mean_y": [
    1.6270239353179932,
    1.5228196382522583
  ],
  "symmetry_ratio": [
    0.25203073024749756,
    0.178712859749794
  ],
  "energy_distribution": [
    0.24434782564640045,
    0.24638691544532776
  ],
  "motion_stability": [
    3.284614324569702,
    1.6557196378707886
  ],
  "freq_entropy": [
    9.51416015625,
    9.477581024169922
  ]
}