{
  "dominant_freq": [
    0.1447020945628188,
    0.7410771047134683
  ],
  "amp_mean_x": [
    0.6158117055892944,
    0.14166545867919922
  ],
  "amp_mean_y": [
    2.2405896186828613,
    0.15401864051818848
  ],
  "symmetry_ratio": [
    0.27484360337257385,
    0.9197942614555359
  ],
  "energy_distribution": [
    0.19818256795406342,
    0.27533817291259766
  ],
  "motion_stability": [
    3.493621587753296,
    1.1521384716033936
  ],
  "freq_entropy": [
    9.163063049316406,
    9.117247581481934
  ]
}