{
  "dominant_freq": [
    5.785263157894738,
    3.713684210526316,
    4.029473684210527
  ],
  "amp_mean_x": [
    0.32753148674964905,
    0.05929800495505333,
    0.08309576660394669
  ],
  "amp_mean_y": [
    0.7838648557662964,
    0.3277418315410614,
    0.603690505027771
  ],
  "symmetry_ratio": [
    0.4178417921066284,
    0.1809290051460266,
    0.13764630258083344
  ],
  "energy_distribution": [
    0.2115161269903183,
    0.48009049892425537,
    0.31817445158958435
  ],
  "motion_stability": [
    1.8053483963012695,
    1.0859053134918213,
    1.1749181747436523
  ],
  "freq_entropy": [
    8.945062637329102,
    8.494514465332031,
    8.806896209716797
  ]
}