{
  "dominant_freq": [
    0.1009515789473684,
    0.12618947368421052,
    0.11357052631578946
  ],
  "amp_mean_x": [
    0.13716484606266022,
    0.17864000797271729,
    0.19881126284599304
  ],
  "amp_mean_y": [
    0.39410170912742615,
    0.3307020962238312,
    0.33191171288490295
  ],
  "symmetry_ratio": [
    0.3480442762374878,
    0.5401840806007385,
    0.59898841381073
  ],
  "energy_distribution": [
    0.322333425283432,
    0.28550201654434204,
    0.4350450038909912
  ],
  "motion_stability": [
    1.224031925201416,
    1.1774561405181885,
    1.2052481174468994
  ],
  "freq_entropy": [
    8.512954711914062,
    8.960241317749023,
    8.33007526397705
  ]
}