{
  "dominant_freq": [
    0.10566037735849056,
    0.11504793664026677,
    3.2645215211032177
  ],
  "amp_mean_x": [
    0.7062522768974304,
    0.9065440893173218,
    1.0870742797851562
  ],
  "amp_mean_y": [
    1.4913759231567383,
    0.7430617809295654,
    1.360856056213379
  ],
  "symmetry_ratio": [
    0.4735575020313263,
    1.2200117111206055,
    0.7988165020942688
  ],
  "energy_distribution": [
    0.29452231526374817,
    0.4083717167377472,
    0.16036517918109894
  ],
  "motion_stability": [
    6.146517276763916,
    1.9837217330932617,
    2.8330631256103516
  ],
  "freq_entropy": [
    10.404228210449219,
    9.752297401428223,
    10.37651252746582
  ]
}