{
  "dominant_freq": [
    0.10293066476054326,
    0.10285714285714287
  ],
  "amp_mean_x": [
    0.1597738415002823,
    0.3228182792663574
  ],
  "amp_mean_y": [
    0.307455837726593,
    0.27344346046447754
  ],
  "symmetry_ratio": [
    0.5196643471717834,
    1.1805667877197266
  ],
  "energy_distribution": [
    0.38495656847953796,
    0.36178475618362427
  ],
  "motion_stability": [
    3.0067853927612305,
    2.7497811317443848
  ],
  "freq_entropy": [
    9.397929191589355,
    9.353023529052734
  ]
}