{
  "dominant_freq": [
    4.08,
    4.3578947368421055,
    7.351578947368422
  ],
  "amp_mean_x": [
    0.06761284917593002,
    0.13989457488059998,
    0.14530763030052185
  ],
  "amp_mean_y": [
    0.11810947954654694,
    0.3265060484409332,
    0.2234649658203125
  ],
  "symmetry_ratio": [
    0.5724591016769409,
    0.42845937609672546,
    0.6502479314804077
  ],
  "energy_distribution": [
    0.2324734330177307,
    0.20160435140132904,
    0.1858079582452774
  ],
  "motion_stability": [
    1.5992372035980225,
    1.4144678115844727,
    2.3056418895721436
  ],
  "freq_entropy": [
    8.971112251281738,
    9.045931816101074,
    9.029234886169434
  ]
}