{
  "dominant_freq": [
    0.7973255328040117
  ],
  "amp_mean_x": [
    0.5249471068382263
  ],
  "amp_mean_y": [
    1.0403834581375122
  ],
  "symmetry_ratio": [
    0.5045707821846008
  ],
  "energy_distribution": [
    0.27502086758613586
  ],
  "motion_stability": [
    1.566144585609436
  ],
  "freq_entropy": [
    10.273290634155273
  ]
}