{
  "dominant_freq": [
    0.7107171428571428,
    2.029397142857143
  ],
  "amp_mean_x": [
    0.14444789290428162,
    0.18448054790496826
  ],
  "amp_mean_y": [
    0.11570286005735397,
    0.10224664956331253
  ],
  "symmetry_ratio": [
    1.2484383583068848,
    1.8042699098587036
  ],
  "energy_distribution": [
    0.19551445543766022,
    0.20928768813610077
  ],
  "motion_stability": [
    1.414719581604004,
    1.1172062158584595
  ],
  "freq_entropy": [
    9.563713073730469,
    9.476404190063477
  ]
}