{
  "dominant_freq": [
    0.1009515789473684,
    0.25237894736842104,
    0.492138947368421
  ],
  "amp_mean_x": [
    0.06378212571144104,
    0.15739582479000092,
    0.11635470390319824
  ],
  "amp_mean_y": [
    0.06588539481163025,
    0.4029756784439087,
    0.176907479763031
  ],
  "symmetry_ratio": [
    0.9680768251419067,
    0.39058393239974976,
    0.6577150225639343
  ],
  "energy_distribution": [
    0.3366210162639618,
    0.2059583216905594,
    0.19657394289970398
  ],
  "motion_stability": [
    1.2709040641784668,
    3.220088005065918,
    5.671435356140137
  ],
  "freq_entropy": [
    8.684457778930664,
    9.000593185424805,
    9.488441467285156
  ]
}