{
  "dominant_freq": [
    2.662597894736842,
    4.818452586206896,
    4.3212558139534885
  ],
  "amp_mean_x": [
    0.381221741437912,
    2.1100101470947266,
    0.33009180426597595
  ],
  "amp_mean_y": [
    0.41307803988456726,
    4.475858688354492,
    1.3068089485168457
  ],
  "symmetry_ratio": [
    0.9228806495666504,
    0.47142019867897034,
    0.2525937855243683
  ],
  "energy_distribution": [
    0.26333922147750854,
    0.18356727063655853,
    0.24675090610980988
  ],
  "motion_stability": [
    2.02732515335083,
    2.253845691680908,
    4.736155986785889
  ],
  "freq_entropy": [
    9.093667030334473,
    8.984750747680664,
    8.988533020019531
  ]
}