{
  "dominant_freq": [
    3.204242565944693,
    1.5191636990717754
  ],
  "amp_mean_x": [
    2.439201593399048,
    2.3075435161590576
  ],
  "amp_mean_y": [
    2.8785881996154785,
    3.7558462619781494
  ],
  "symmetry_ratio": [
    0.847360372543335,
    0.6143870949745178
  ],
  "energy_distribution": [
    0.17027141153812408,
    0.2218622863292694
  ],
  "motion_stability": [
    2.739201068878174,
    2.5403313636779785
  ],
  "freq_entropy": [
    9.705759048461914,
    9.66012954711914
  ]
}