{
  "dominant_freq": [
    0.31547368421052624,
    0.29023578947368417,
    1.9054610526315787
  ],
  "amp_mean_x": [
    0.1321101188659668,
    0.17139536142349243,
    0.29755330085754395
  ],
  "amp_mean_y": [
    0.24876277148723602,
    0.22900162637233734,
    0.21791869401931763
  ],
  "symmetry_ratio": [
    0.5310686826705933,
    0.7484460473060608,
    1.365432620048523
  ],
  "energy_distribution": [
    0.34349408745765686,
    0.39076921343803406,
    0.16815856099128723
  ],
  "motion_stability": [
    1.285310983657837,
    1.1132924556732178,
    1.487693190574646
  ],
  "freq_entropy": [
    8.8920316696167,
    8.490823745727539,
    8.503362655639648
  ]
}