{
  "dominant_freq": [
    2.4947022834984915,
    0.26526638297872335
  ],
  "amp_mean_x": [
    0.9323463439941406,
    0.22477804124355316
  ],
  "amp_mean_y": [
    0.8274312019348145,
    0.35412710905075073
  ],
  "symmetry_ratio": [
    1.1267962455749512,
    0.6347383260726929
  ],
  "energy_distribution": [
    0.3104906380176544,
    0.2838452458381653
  ],
  "motion_stability": [
    5.398850440979004,
    1.71589994430542
  ],
  "freq_entropy": [
    10.089653015136719,
    10.21972942352295
  ]
}