{
  "dominant_freq": [
    4.944536432425705,
    1.7555666091230944
  ],
  "amp_mean_x": [
    0.5784302949905396,
    0.7803037166595459
  ],
  "amp_mean_y": [
    1.1069444417953491,
    1.4849969148635864
  ],
  "symmetry_ratio": [
    0.5225468277931213,
    0.5254581570625305
  ],
  "energy_distribution": [
    0.18761157989501953,
    0.20647887885570526
  ],
  "motion_stability": [
    3.357692241668701,
    2.665482997894287
  ],
  "freq_entropy": [
    9.667183876037598,
    9.606708526611328
  ]
}