{
  "dominant_freq": [
    2.1333333333333333,
    0.1,
    0.16846361185983827
  ],
  "amp_mean_x": [
    0.22489005327224731,
    0.2622765898704529,
    0.6412920951843262
  ],
  "amp_mean_y": [
    0.3400826156139374,
    0.7874964475631714,
    2.0152432918548584
  ],
  "symmetry_ratio": [
    0.661280632019043,
    0.3330511450767517,
    0.31822067499160767
  ],
  "energy_distribution": [
    0.26061826944351196,
    0.2532958686351776,
    0.3195815682411194
  ],
  "motion_stability": [
    1.4941997528076172,
    1.622826337814331,
    1.3757376670837402
  ],
  "freq_entropy": [
    8.510490417480469,
    8.550638198852539,
    8.590127944946289
  ]
}