{
  "dominant_freq": [
    4.1480058522311625,
    0.10500437956204378
  ],
  "amp_mean_x": [
    1.2228755950927734,
    1.346988558769226
  ],
  "amp_mean_y": [
    2.4789445400238037,
    2.678225040435791
  ],
  "symmetry_ratio": [
    0.49330493807792664,
    0.5029407739639282
  ],
  "energy_distribution": [
    0.16586892306804657,
    0.4146308898925781
  ],
  "motion_stability": [
    4.009683609008789,
    3.984891176223755
  ],
  "freq_entropy": [
    9.344512939453125,
    9.2353515625
  ]
}