{
  "dominant_freq": [
    0.1378921639108555,
    0.11131714285714286
  ],
  "amp_mean_x": [
    0.9497501254081726,
    0.42122358083724976
  ],
  "amp_mean_y": [
    2.1054983139038086,
    0.3960496187210083
  ],
  "symmetry_ratio": [
    0.45108091831207275,
    1.0635626316070557
  ],
  "energy_distribution": [
    0.2409622073173523,
    0.47815945744514465
  ],
  "motion_stability": [
    5.035357475280762,
    2.490480661392212
  ],
  "freq_entropy": [
    9.547884941101074,
    8.949628829956055
  ]
}