{
  "dominant_freq": [
    6.362209219352078,
    0.7107178535749965
  ],
  "amp_mean_x": [
    0.2130240797996521,
    0.14214476943016052
  ],
  "amp_mean_y": [
    0.12949158251285553,
    0.16517192125320435
  ],
  "symmetry_ratio": [
    1.64508056640625,
    0.8605867624282837
  ],
  "energy_distribution": [
    0.1803523153066635,
    0.25843238830566406
  ],
  "motion_stability": [
    1.3321471214294434,
    1.4949449300765991
  ],
  "freq_entropy": [
    9.541187286376953,
    9.523675918579102
  ]
}