{
  "dominant_freq": [
    4.482857142857143,
    1.6109117013639627
  ],
  "amp_mean_x": [
    0.3793344497680664,
    0.9839731454849243
  ],
  "amp_mean_y": [
    0.8354119658470154,
    1.8037608861923218
  ],
  "symmetry_ratio": [
    0.45406872034072876,
    0.5455119609832764
  ],
  "energy_distribution": [
    0.17889095842838287,
    0.21484242379665375
  ],
  "motion_stability": [
    2.5865964889526367,
    1.9775757789611816
  ],
  "freq_entropy": [
    9.5899019241333,
    9.527216911315918
  ]
}