{
  "dominant_freq": [
    2.9061847243665424,
    3.7050616545415953
  ],
  "amp_mean_x": [
    2.235666513442993,
    3.2115094661712646
  ],
  "amp_mean_y": [
    3.610469341278076,
    4.675339221954346
  ],
  "symmetry_ratio": [
    0.6192176938056946,
    0.6869040727615356
  ],
  "energy_distribution": [
    0.17857152223587036,
    0.16817934811115265
  ],
  "motion_stability": [
    2.408282995223999,
    2.615753650665283
  ],
  "freq_entropy": [
    9.554903030395508,
    9.471906661987305
  ]
}