{
  "dominant_freq": [
    4.44,
    0.48000000000000004
  ],
  "amp_mean_x": [
    0.07887686789035797,
    0.1270555853843689
  ],
  "amp_mean_y": [
    0.1396605670452118,
    0.4443321228027344
  ],
  "symmetry_ratio": [
    0.5647755265235901,
    0.285947322845459
  ],
  "energy_distribution": [
    0.19119204580783844,
    0.194376602768898
  ],
  "motion_stability": [
    1.2709025144577026,
    1.8716821670532227
  ],
  "freq_entropy": [
    9.406953811645508,
    9.403125762939453
  ]
}