{
  "dominant_freq": [
    2.6622901155327345,
    0.27593861892583116
  ],
  "amp_mean_x": [
    1.106046438217163,
    0.6113895177841187
  ],
  "amp_mean_y": [
    1.0610766410827637,
    0.7741574048995972
  ],
  "symmetry_ratio": [
    1.0423812866210938,
    0.7897483110427856
  ],
  "energy_distribution": [
    0.17108705639839172,
    0.24491962790489197
  ],
  "motion_stability": [
    4.277222156524658,
    1.8477506637573242
  ],
  "freq_entropy": [
    10.391783714294434,
    10.373041152954102
  ]
}