{
  "dominant_freq": [
    2.464788732394366,
    4.73203532717784,
    2.4208099438652764
  ],
  "amp_mean_x": [
    1.313568115234375,
    0.9372302889823914,
    0.7855755090713501
  ],
  "amp_mean_y": [
    1.9055513143539429,
    0.9839147329330444,
    0.7185195684432983
  ],
  "symmetry_ratio": [
    0.6893375515937805,
    0.952552318572998,
    1.093325138092041
  ],
  "energy_distribution": [
    0.2132885456085205,
    0.24001316726207733,
    0.1791389435529709
  ],
  "motion_stability": [
    2.947850227355957,
    2.5985398292541504,
    3.8149399757385254
  ],
  "freq_entropy": [
    10.249174118041992,
    10.344120025634766,
    10.228939056396484
  ]
}