{
  "dominant_freq": [
    2.5922023182297154,
    0.46736842105263166,
    3.275026343519494
  ],
  "amp_mean_x": [
    0.41727808117866516,
    0.1892537921667099,
    0.2659492790699005
  ],
  "amp_mean_y": [
    0.8090855479240417,
    0.2368982583284378,
    0.3364785313606262
  ],
  "symmetry_ratio": [
    0.5157403945922852,
    0.7988821864128113,
    0.7903900146484375
  ],
  "energy_distribution": [
    0.22391575574874878,
    0.2623569071292877,
    0.3111517131328583
  ],
  "motion_stability": [
    2.8632349967956543,
    2.3494300842285156,
    3.5813653469085693
  ],
  "freq_entropy": [
    9.067085266113281,
    8.666135787963867,
    9.024383544921875
  ]
}