{
  "dominant_freq": [
    1.7752460305651794,
    0.10721816513980056
  ],
  "amp_mean_x": [
    0.12545911967754364,
    0.24178344011306763
  ],
  "amp_mean_y": [
    0.19288219511508942,
    0.44853925704956055
  ],
  "symmetry_ratio": [
    0.6504442691802979,
    0.5390463471412659
  ],
  "energy_distribution": [
    0.1861824095249176,
    0.4281769394874573
  ],
  "motion_stability": [
    2.4461989402770996,
    3.190053939819336
  ],
  "freq_entropy": [
    10.429608345031738,
    9.908903121948242
  ]
}