{
  "dominant_freq": [
    4.493348378240465,
    5.004368378557276
  ],
  "amp_mean_x": [
    0.6682106256484985,
    0.8376558423042297
  ],
  "amp_mean_y": [
    1.134568691253662,
    1.4177817106246948
  ],
  "symmetry_ratio": [
    0.5889556407928467,
    0.5908214449882507
  ],
  "energy_distribution": [
    0.2904048562049866,
    0.1714235246181488
  ],
  "motion_stability": [
    2.2381129264831543,
    2.0030274391174316
  ],
  "freq_entropy": [
    9.236263275146484,
    9.371284484863281
  ]
}