{
  "dominant_freq": [
    2.4209378407851694,
    0.12288367012561444
  ],
  "amp_mean_x": [
    0.7262893319129944,
    1.0499978065490723
  ],
  "amp_mean_y": [
    1.7359001636505127,
    1.968593716621399
  ],
  "symmetry_ratio": [
    0.41839349269866943,
    0.533374547958374
  ],
  "energy_distribution": [
    0.242882639169693,
    0.22608380019664764
  ],
  "motion_stability": [
    3.8534419536590576,
    3.249988317489624
  ],
  "freq_entropy": [
    9.515478134155273,
    9.580577850341797
  ]
}