{
  "dominant_freq": [
    0.48750000000000004,
    1.0
  ],
  "amp_mean_x": [
    0.03990597277879715,
    0.0466119758784771
  ],
  "amp_mean_y": [
    0.062144264578819275,
    0.0567159466445446
  ],
  "symmetry_ratio": [
    0.6421505212783813,
    0.8218495845794678
  ],
  "energy_distribution": [
    0.21554405987262726,
    0.1797645092010498
  ],
  "motion_stability": [
    1.2342820167541504,
    1.2558830976486206
  ],
  "freq_entropy": [
    8.92329216003418,
    8.89875316619873
  ]
}