{
  "dominant_freq": [
    1.9437685714285715,
    0.9247885714285714
  ],
  "amp_mean_x": [
    0.11227410286664963,
    0.04813714697957039
  ],
  "amp_mean_y": [
    0.8092206716537476,
    0.9695565104484558
  ],
  "symmetry_ratio": [
    0.13874348998069763,
    0.049648623913526535
  ],
  "energy_distribution": [
    0.29817450046539307,
    0.23774565756320953
  ],
  "motion_stability": [
    2.3318581581115723,
    0.8089256286621094
  ],
  "freq_entropy": [
    9.560837745666504,
    9.477566719055176
  ]
}