{
  "dominant_freq": [
    0.12618947368421052,
    2.526448893572181,
    3.1168799999999997
  ],
  "amp_mean_x": [
    0.23284000158309937,
    0.5779777765274048,
    0.19511407613754272
  ],
  "amp_mean_y": [
    0.5383103489875793,
    0.5393924713134766,
    0.4751870036125183
  ],
  "symmetry_ratio": [
    0.43253859877586365,
    1.0715347528457642,
    0.4106048345565796
  ],
  "energy_distribution": [
    0.26257213950157166,
    0.4156458377838135,
    0.20905588567256927
  ],
  "motion_stability": [
    3.5270280838012695,
    3.660562515258789,
    4.532562255859375
  ],
  "freq_entropy": [
    8.807804107666016,
    8.545076370239258,
    9.153600692749023
  ]
}