{
  "dominant_freq": [
    7.0546972860125265
  ],
  "amp_mean_x": [
    0.8186742663383484
  ],
  "amp_mean_y": [
    1.5988572835922241
  ],
  "symmetry_ratio": [
    0.5120370984077454
  ],
  "energy_distribution": [
    0.19898627698421478
  ],
  "motion_stability": [
    3.590519428253174
  ],
  "freq_entropy": [
    10.404333114624023
  ]
}