{
  "dominant_freq": [
    4.54276726342711,
    0.9862250639386189,
    0.15820689655172412
  ],
  "amp_mean_x": [
    0.4647153317928314,
    0.28464779257774353,
    0.41602984070777893
  ],
  "amp_mean_y": [
    0.44294455647468567,
    0.5887585282325745,
    0.694107174873352
  ],
  "symmetry_ratio": [
    1.0491501092910767,
    0.48347121477127075,
    0.5993740558624268
  ],
  "energy_distribution": [
    0.2123977690935135,
    0.23102658987045288,
    0.19832584261894226
  ],
  "motion_stability": [
    4.146439552307129,
    2.4790310859680176,
    4.180152893066406
  ],
  "freq_entropy": [
    10.623786926269531,
    10.32933521270752,
    10.408707618713379
  ]
}