{
  "dominant_freq": [
    0.43000000000000005,
    0.63
  ],
  "amp_mean_x": [
    0.35822010040283203,
    0.5751022696495056
  ],
  "amp_mean_y": [
    0.4217812120914459,
    0.9151076078414917
  ],
  "symmetry_ratio": [
    0.849303126335144,
    0.6284531354904175
  ],
  "energy_distribution": [
    0.2535189986228943,
    0.22710999846458435
  ],
  "motion_stability": [
    1.7553761005401611,
    2.1113555431365967
  ],
  "freq_entropy": [
    10.311134338378906,
    10.36406135559082
  ]
}