{
  "dominant_freq": [
    0.30285473684210523,
    7.086689146469967,
    5.090794520547944
  ],
  "amp_mean_x": [
    0.25584179162979126,
    0.23086804151535034,
    0.15124550461769104
  ],
  "amp_mean_y": [
    0.48117688298225403,
    0.6032947897911072,
    0.30173975229263306
  ],
  "symmetry_ratio": [
    0.531700074672699,
    0.38267865777015686,
    0.5012449026107788
  ],
  "energy_distribution": [
    0.20088444650173187,
    0.16291168332099915,
    0.19988587498664856
  ],
  "motion_stability": [
    1.7422516345977783,
    2.005981922149658,
    2.591629981994629
  ],
  "freq_entropy": [
    9.05124282836914,
    9.015142440795898,
    9.09583854675293
  ]
}