{
  "dominant_freq": [
    5.472083352018452,
    0.28512028512028514
  ],
  "amp_mean_x": [
    0.38785165548324585,
    0.6603575944900513
  ],
  "amp_mean_y": [
    0.5904131531715393,
    0.8815037608146667
  ],
  "symmetry_ratio": [
    0.6569156646728516,
    0.7491262555122375
  ],
  "energy_distribution": [
    0.19774511456489563,
    0.2276986539363861
  ],
  "motion_stability": [
    2.0485031604766846,
    1.5692046880722046
  ],
  "freq_entropy": [
    10.002567291259766,
    9.889281272888184
  ]
}