{
  "dominant_freq": [
    0.12065354000837872,
    2.4422110552763816
  ],
  "amp_mean_x": [
    0.8631935119628906,
    0.7451356649398804
  ],
  "amp_mean_y": [
    1.3465251922607422,
    1.3376718759536743
  ],
  "symmetry_ratio": [
    0.6410526037216187,
    0.557039201259613
  ],
  "energy_distribution": [
    0.2836500108242035,
    0.21714213490486145
  ],
  "motion_stability": [
    3.6373257637023926,
    3.774848461151123
  ],
  "freq_entropy": [
    10.143067359924316,
    10.268074035644531
  ]
}