{
  "dominant_freq": [
    0.29023578947368417,
    0.1009515789473684,
    0.30285473684210523
  ],
  "amp_mean_x": [
    0.12067347019910812,
    0.2114153802394867,
    0.06083734333515167
  ],
  "amp_mean_y": [
    0.12694565951824188,
    0.19913259148597717,
    0.07394995540380478
  ],
  "symmetry_ratio": [
    0.9505915641784668,
    1.0616815090179443,
    0.8226826190948486
  ],
  "energy_distribution": [
    0.4828181564807892,
    0.40710797905921936,
    0.20970289409160614
  ],
  "motion_stability": [
    1.5241780281066895,
    4.714829921722412,
    2.0298635959625244
  ],
  "freq_entropy": [
    8.031875610351562,
    8.328943252563477,
    9.082478523254395
  ]
}