{
  "dominant_freq": [
    4.095608671484158,
    3.567021873247336
  ],
  "amp_mean_x": [
    0.8548064827919006,
    1.226623296737671
  ],
  "amp_mean_y": [
    0.9095019102096558,
    1.3176496028900146
  ],
  "symmetry_ratio": [
    0.9398621916770935,
    0.9309176802635193
  ],
  "energy_distribution": [
    0.22769136726856232,
    0.3265628218650818
  ],
  "motion_stability": [
    3.208141326904297,
    2.9668126106262207
  ],
  "freq_entropy": [
    9.908950805664062,
    9.486213684082031
  ]
}