{
  "dominant_freq": [
    0.195,
    0.12558606831882116,
    0.11499999999999999
  ],
  "amp_mean_x": [
    0.14425063133239746,
    0.6215775012969971,
    0.1507834792137146
  ],
  "amp_mean_y": [
    0.13130730390548706,
    0.9099943041801453,
    0.1857740879058838
  ],
  "symmetry_ratio": [
    1.098572850227356,
    0.6830564737319946,
    0.8116496801376343
  ],
  "energy_distribution": [
    0.19594503939151764,
    0.37642019987106323,
    0.4901977479457855
  ],
  "motion_stability": [
    11.194851875305176,
    7.565560817718506,
    1.574610948562622
  ],
  "freq_entropy": [
    10.476288795471191,
    10.19144344329834,
    9.676027297973633
  ]
}