{
  "dominant_freq": [
    4.164845070422534,
    0.1122758620689655
  ],
  "amp_mean_x": [
    0.4434168040752411,
    0.15706218779087067
  ],
  "amp_mean_y": [
    0.2969541549682617,
    0.20505765080451965
  ],
  "symmetry_ratio": [
    1.4932163953781128,
    0.7659416198730469
  ],
  "energy_distribution": [
    0.2259482592344284,
    0.22593776881694794
  ],
  "motion_stability": [
    2.2242202758789062,
    1.3273253440856934
  ],
  "freq_entropy": [
    10.339824676513672,
    10.154220581054688
  ]
}