{
  "dominant_freq": [
    3.605066024096385,
    2.856475703324808
  ],
  "amp_mean_x": [
    4.9361653327941895,
    0.7128294110298157
  ],
  "amp_mean_y": [
    5.438061714172363,
    0.6495348811149597
  ],
  "symmetry_ratio": [
    0.9077067375183105,
    1.0974459648132324
  ],
  "energy_distribution": [
    0.2789539396762848,
    0.32173338532447815
  ],
  "motion_stability": [
    3.1972203254699707,
    4.240923881530762
  ],
  "freq_entropy": [
    10.135835647583008,
    10.258384704589844
  ]
}