{
  "dominant_freq": [
    0.1009515789473684,
    0.12618947368421052,
    0.3031738672286617
  ],
  "amp_mean_x": [
    0.18659073114395142,
    0.9393756985664368,
    0.47535568475723267
  ],
  "amp_mean_y": [
    0.37411415576934814,
    1.6187070608139038,
    0.6255034804344177
  ],
  "symmetry_ratio": [
    0.49875345826148987,
    0.5803247094154358,
    0.7599568963050842
  ],
  "energy_distribution": [
    0.3309228718280792,
    0.22856365144252777,
    0.2057417631149292
  ],
  "motion_stability": [
    1.609990119934082,
    2.030893325805664,
    2.0771448612213135
  ],
  "freq_entropy": [
    8.84268569946289,
    9.04954719543457,
    8.916830062866211
  ]
}