{
  "dominant_freq": [
    0.49,
    0.10500000000000001
  ],
  "amp_mean_x": [
    0.29032668471336365,
    0.24125531315803528
  ],
  "amp_mean_y": [
    0.3049545884132385,
    0.31306082010269165
  ],
  "symmetry_ratio": [
    0.9520325064659119,
    0.7706339955329895
  ],
  "energy_distribution": [
    0.34012657403945923,
    0.4318927526473999
  ],
  "motion_stability": [
    1.6539084911346436,
    1.7688345909118652
  ],
  "freq_entropy": [
    10.084775924682617,
    9.74142074584961
  ]
}