{
  "dominant_freq": [
    0.12753191489361698,
    0.44891234042553185,
    0.4744187234042553
  ],
  "amp_mean_x": [
    0.255352258682251,
    0.29490751028060913,
    0.30671340227127075
  ],
  "amp_mean_y": [
    0.41463959217071533,
    0.6135753393173218,
    0.5735673904418945
  ],
  "symmetry_ratio": [
    0.6158414483070374,
    0.4806378185749054,
    0.5347469449043274
  ],
  "energy_distribution": [
    0.24846205115318298,
    0.21894584596157074,
    0.21255551278591156
  ],
  "motion_stability": [
    2.1011011600494385,
    1.800811767578125,
    1.9020094871520996
  ],
  "freq_entropy": [
    10.286343574523926,
    10.256547927856445,
    10.263404846191406
  ]
}