{
  "dominant_freq": [
    0.31547368421052624,
    1.0095157894736841,
    0.6940421052631578
  ],
  "amp_mean_x": [
    0.07853357493877411,
    0.10388685017824173,
    0.10022731125354767
  ],
  "amp_mean_y": [
    0.07728811353445053,
    0.12625065445899963,
    0.10259020328521729
  ],
  "symmetry_ratio": [
    1.0161144733428955,
    0.8228618502616882,
    0.9769676923751831
  ],
  "energy_distribution": [
    0.2824068069458008,
    0.19151408970355988,
    0.26854270696640015
  ],
  "motion_stability": [
    0.9929296970367432,
    1.2629302740097046,
    1.245894193649292
  ],
  "freq_entropy": [
    8.75063419342041,
    8.965824127197266,
    8.93535041809082
  ]
}