{
  "dominant_freq": [
    6.786271138741099,
    6.636794840548191,
    3.113352510942872
  ],
  "amp_mean_x": [
    0.4284135103225708,
    0.5940781831741333,
    0.4119083881378174
  ],
  "amp_mean_y": [
    0.9799667596817017,
    2.2501285076141357,
    1.1513007879257202
  ],
  "symmetry_ratio": [
    0.43717145919799805,
    0.2640196681022644,
    0.3577765226364136
  ],
  "energy_distribution": [
    0.13593167066574097,
    0.20434531569480896,
    0.21676307916641235
  ],
  "motion_stability": [
    2.228879928588867,
    2.8040449619293213,
    2.6426897048950195
  ],
  "freq_entropy": [
    8.679670333862305,
    8.705301284790039,
    8.599093437194824
  ]
}