{
  "dominant_freq": [
    2.939732484076433,
    3.253343189017951,
    6.114514285714286
  ],
  "amp_mean_x": [
    0.6464268565177917,
    0.9050567746162415,
    1.3684053421020508
  ],
  "amp_mean_y": [
    1.191360592842102,
    1.065608263015747,
    0.9395915865898132
  ],
  "symmetry_ratio": [
    0.5425954461097717,
    0.8493334650993347,
    1.4563831090927124
  ],
  "energy_distribution": [
    0.20896190404891968,
    0.20058953762054443,
    0.20450115203857422
  ],
  "motion_stability": [
    1.6544549465179443,
    1.8698701858520508,
    1.740452766418457
  ],
  "freq_entropy": [
    8.990381240844727,
    9.05325698852539,
    8.983196258544922
  ]
}