{
  "dominant_freq": [
    2.152016895459345,
    5.181254237288135,
    0.6828607594936709
  ],
  "amp_mean_x": [
    0.9274737238883972,
    0.9115514755249023,
    0.48674675822257996
  ],
  "amp_mean_y": [
    1.395557165145874,
    1.9870481491088867,
    1.237494707107544
  ],
  "symmetry_ratio": [
    0.6645902991294861,
    0.4587465524673462,
    0.3933323919773102
  ],
  "energy_distribution": [
    0.22478173673152924,
    0.15986604988574982,
    0.37429186701774597
  ],
  "motion_stability": [
    1.999946117401123,
    2.51969051361084,
    2.2751286029815674
  ],
  "freq_entropy": [
    8.876729965209961,
    8.971991539001465,
    9.064611434936523
  ]
}