{
  "dominant_freq": [
    0.26666666666666666,
    0.32,
    2.8000000000000003,
    0.48000000000000004,
    1.52,
    0.45333333333333337
  ],
  "amp_mean_x": [
    0.06675530225038528,
    0.029993370175361633,
    0.07138083875179291,
    0.07146168500185013,
    0.14319834113121033,
    0.05223344638943672
  ],
  "amp_mean_y": [
    0.10930866003036499,
    0.07492270320653915,
    0.08251624554395676,
    0.0858033075928688,
    0.08914663642644882,
    0.08532235026359558
  ],
  "symmetry_ratio": [
    0.6107046008110046,
    0.4003241956233978,
    0.8650519251823425,
    0.832854688167572,
    1.6063235998153687,
    0.6121894717216492
  ],
  "energy_distribution": [
    0.3550506830215454,
    0.28143301606178284,
    0.1443512886762619,
    0.20286773145198822,
    0.32378050684928894,
    0.43095314502716064
  ],
  "motion_stability": [
    1.3803884983062744,
    1.3715810775756836,
    1.1102359294891357,
    1.3201433420181274,
    1.6514990329742432,
    1.210307240486145
  ],
  "freq_entropy": [
    7.506621837615967,
    7.70442008972168,
    7.891576766967773,
    7.87168025970459,
    7.891211032867432,
    7.3668413162231445
  ]
}