{
  "dominant_freq": [
    0.8077202558635393,
    0.3111778723404255
  ],
  "amp_mean_x": [
    0.8643007278442383,
    0.376886248588562
  ],
  "amp_mean_y": [
    1.596245527267456,
    1.0481621026992798
  ],
  "symmetry_ratio": [
    0.5414584875106812,
    0.35956865549087524
  ],
  "energy_distribution": [
    0.21669355034828186,
    0.34221404790878296
  ],
  "motion_stability": [
    2.471529722213745,
    1.4760609865188599
  ],
  "freq_entropy": [
    10.231457710266113,
    10.13534927368164
  ]
}