{
  "dominant_freq": [
    0.5173768421052631,
    0.29023578947368417,
    0.13880842105263155
  ],
  "amp_mean_x": [
    0.14815349876880646,
    0.11675065010786057,
    0.3708040714263916
  ],
  "amp_mean_y": [
    0.20525161921977997,
    0.20568814873695374,
    0.31050875782966614
  ],
  "symmetry_ratio": [
    0.7218140363693237,
    0.5676100254058838,
    1.194182276725769
  ],
  "energy_distribution": [
    0.2508646249771118,
    0.31283658742904663,
    0.2856667935848236
  ],
  "motion_stability": [
    1.4364595413208008,
    1.105525016784668,
    4.059609413146973
  ],
  "freq_entropy": [
    8.877365112304688,
    8.66508674621582,
    9.004470825195312
  ]
}