{
  "dominant_freq": [
    4.320802005012531,
    4.994161801501252
  ],
  "amp_mean_x": [
    0.6658465266227722,
    0.9158577919006348
  ],
  "amp_mean_y": [
    1.3338487148284912,
    1.4419759511947632
  ],
  "symmetry_ratio": [
    0.49919193983078003,
    0.6351408362388611
  ],
  "energy_distribution": [
    0.23671889305114746,
    0.23158524930477142
  ],
  "motion_stability": [
    3.261594295501709,
    2.5344324111938477
  ],
  "freq_entropy": [
    9.309425354003906,
    9.329824447631836
  ]
}