{
  "dominant_freq": [
    0.11357052631578946,
    0.13895468914646994,
    0.11357052631578946
  ],
  "amp_mean_x": [
    0.3452169597148895,
    0.4875105321407318,
    0.24306948482990265
  ],
  "amp_mean_y": [
    0.49771079421043396,
    0.37870410084724426,
    0.5648193955421448
  ],
  "symmetry_ratio": [
    0.6936095356941223,
    1.2873125076293945,
    0.43034905195236206
  ],
  "energy_distribution": [
    0.43649208545684814,
    0.2980014681816101,
    0.28751707077026367
  ],
  "motion_stability": [
    2.056136131286621,
    1.69039785861969,
    1.349118947982788
  ],
  "freq_entropy": [
    8.288341522216797,
    8.839691162109375,
    8.865490913391113
  ]
}