{
  "dominant_freq": [
    0.16762898118830322,
    0.11683232022215073
  ],
  "amp_mean_x": [
    0.23737449944019318,
    0.18575212359428406
  ],
  "amp_mean_y": [
    0.14928819239139557,
    0.11834453791379929
  ],
  "symmetry_ratio": [
    1.590041995048523,
    1.5695875883102417
  ],
  "energy_distribution": [
    0.286978542804718,
    0.6446763277053833
  ],
  "motion_stability": [
    2.5098071098327637,
    1.8920161724090576
  ],
  "freq_entropy": [
    10.1686429977417,
    9.359640121459961
  ]
}