{
  "dominant_freq": [
    3.140859140859141,
    0.7112887112887113
  ],
  "amp_mean_x": [
    0.23593635857105255,
    0.16380660235881805
  ],
  "amp_mean_y": [
    0.23243530094623566,
    0.2962174415588379
  ],
  "symmetry_ratio": [
    1.0150624513626099,
    0.552994430065155
  ],
  "energy_distribution": [
    0.19386844336986542,
    0.2153959721326828
  ],
  "motion_stability": [
    1.4012978076934814,
    1.1251803636550903
  ],
  "freq_entropy": [
    9.65475845336914,
    9.49545955657959
  ]
}