{
  "dominant_freq": [
    7.364438839848676,
    0.11,
    0.1409308394954328
  ],
  "amp_mean_x": [
    0.9018082618713379,
    0.23396974802017212,
    1.695780634880066
  ],
  "amp_mean_y": [
    1.257016897201538,
    0.399640828371048,
    1.991044044494629
  ],
  "symmetry_ratio": [
    0.7174193859100342,
    0.5854500532150269,
    0.8517042398452759
  ],
  "energy_distribution": [
    0.15987254679203033,
    0.2437184900045395,
    0.5158005952835083
  ],
  "motion_stability": [
    4.509523868560791,
    2.7691845893859863,
    5.190474510192871
  ],
  "freq_entropy": [
    10.394838333129883,
    10.410123825073242,
    9.702018737792969
  ]
}