{
  "dominant_freq": [
    1.3471177944862154,
    0.3119621342512908
  ],
  "amp_mean_x": [
    2.28035831451416,
    4.383168697357178
  ],
  "amp_mean_y": [
    1.570824146270752,
    3.844801425933838
  ],
  "symmetry_ratio": [
    1.451695442199707,
    1.1400247812271118
  ],
  "energy_distribution": [
    0.24625873565673828,
    0.22957061231136322
  ],
  "motion_stability": [
    2.033033847808838,
    2.353851318359375
  ],
  "freq_entropy": [
    9.140430450439453,
    9.236346244812012
  ]
}