{
  "dominant_freq": [
    2.142857142857143,
    0.4795204795204795,
    0.7042957042957043
  ],
  "amp_mean_x": [
    0.23157019913196564,
    0.29455888271331787,
    0.27557727694511414
  ],
  "amp_mean_y": [
    0.1608617752790451,
    0.2694447338581085,
    0.18623217940330505
  ],
  "symmetry_ratio": [
    1.4395601749420166,
    1.0932070016860962,
    1.4797511100769043
  ],
  "energy_distribution": [
    0.2213945984840393,
    0.2744287848472595,
    0.17134009301662445
  ],
  "motion_stability": [
    1.509026288986206,
    1.4221477508544922,
    1.3580670356750488
  ],
  "freq_entropy": [
    8.720436096191406,
    8.707818031311035,
    8.747319221496582
  ]
}