{
  "dominant_freq": [
    4.9233128834355835,
    5.995345228859582
  ],
  "amp_mean_x": [
    1.6281094551086426,
    3.5677778720855713
  ],
  "amp_mean_y": [
    3.3580284118652344,
    4.634711265563965
  ],
  "symmetry_ratio": [
    0.48484086990356445,
    0.7697950601577759
  ],
  "energy_distribution": [
    0.19547158479690552,
    0.16182689368724823
  ],
  "motion_stability": [
    2.6335642337799072,
    2.4530200958251953
  ],
  "freq_entropy": [
    9.472142219543457,
    9.450118064880371
  ]
}