{
  "dominant_freq": [
    0.4504586322768141,
    0.4722550177095632
  ],
  "amp_mean_x": [
    0.07643888145685196,
    0.1757344901561737
  ],
  "amp_mean_y": [
    0.16764815151691437,
    0.19822996854782104
  ],
  "symmetry_ratio": [
    0.45594826340675354,
    0.8865182995796204
  ],
  "energy_distribution": [
    0.25218474864959717,
    0.23803669214248657
  ],
  "motion_stability": [
    1.3127729892730713,
    1.2689638137817383
  ],
  "freq_entropy": [
    9.658096313476562,
    9.692387580871582
  ]
}