{
  "dominant_freq": [
    0.4542821052631578,
    4.32829894736842,
    0.47951999999999995
  ],
  "amp_mean_x": [
    0.041034676134586334,
    0.16335371136665344,
    0.07865224778652191
  ],
  "amp_mean_y": [
    0.0716780424118042,
    0.23851998150348663,
    0.10533379763364792
  ],
  "symmetry_ratio": [
    0.5724859833717346,
    0.6848638653755188,
    0.7466952800750732
  ],
  "energy_distribution": [
    0.2776181399822235,
    0.25695592164993286,
    0.3313558101654053
  ],
  "motion_stability": [
    1.5585496425628662,
    6.696320533752441,
    1.1291279792785645
  ],
  "freq_entropy": [
    8.796407699584961,
    9.0770263671875,
    8.588520050048828
  ]
}