{
  "dominant_freq": [
    1.489035789473684,
    2.668215189873418,
    1.8297473684210523
  ],
  "amp_mean_x": [
    0.20544147491455078,
    0.2641400098800659,
    0.29275402426719666
  ],
  "amp_mean_y": [
    0.27733510732650757,
    0.7997860312461853,
    0.5624382495880127
  ],
  "symmetry_ratio": [
    0.7407698035240173,
    0.3302633464336395,
    0.5205087661743164
  ],
  "energy_distribution": [
    0.18382476270198822,
    0.25555235147476196,
    0.20450854301452637
  ],
  "motion_stability": [
    1.9529321193695068,
    2.2905211448669434,
    2.3711981773376465
  ],
  "freq_entropy": [
    8.96772575378418,
    9.047903060913086,
    9.045001983642578
  ]
}