{
  "dominant_freq": [
    2.866146458583433,
    0.5554443554843874,
    2.7661064425770303
  ],
  "amp_mean_x": [
    0.5703392028808594,
    0.5001292824745178,
    0.55014568567276
  ],
  "amp_mean_y": [
    0.37848103046417236,
    0.5941539406776428,
    0.7159116864204407
  ],
  "symmetry_ratio": [
    1.5069161653518677,
    0.8417503237724304,
    0.7684546709060669
  ],
  "energy_distribution": [
    0.2986483871936798,
    0.1403348594903946,
    0.20038548111915588
  ],
  "motion_stability": [
    2.1271300315856934,
    1.851086139678955,
    1.8834254741668701
  ],
  "freq_entropy": [
    10.290733337402344,
    10.341320037841797,
    10.417015075683594
  ]
}