{
  "dominant_freq": [
    1.2844285714285715,
    2.6801742857142856
  ],
  "amp_mean_x": [
    0.1947517842054367,
    0.2268000990152359
  ],
  "amp_mean_y": [
    0.1680968850851059,
    0.2394903153181076
  ],
  "symmetry_ratio": [
    1.1585686206817627,
    0.9470115900039673
  ],
  "energy_distribution": [
    0.19571354985237122,
    0.19106122851371765
  ],
  "motion_stability": [
    1.8979564905166626,
    1.5107858180999756
  ],
  "freq_entropy": [
    9.66409969329834,
    9.548351287841797
  ]
}