{
  "dominant_freq": [
    0.10105263157894738,
    1.9957894736842108,
    0.3031578947368421
  ],
  "amp_mean_x": [
    0.21202437579631805,
    0.19472460448741913,
    0.16387265920639038
  ],
  "amp_mean_y": [
    0.28693684935569763,
    0.25848981738090515,
    0.28514957427978516
  ],
  "symmetry_ratio": [
    0.7389234900474548,
    0.753316342830658,
    0.5746901631355286
  ],
  "energy_distribution": [
    0.31212228536605835,
    0.26455575227737427,
    0.20147676765918732
  ],
  "motion_stability": [
    1.8751059770584106,
    1.8087170124053955,
    2.1228058338165283
  ],
  "freq_entropy": [
    8.765592575073242,
    8.89326286315918,
    9.021822929382324
  ]
}