{
  "dominant_freq": [
    6.422142857142857,
    4.588749638205498
  ],
  "amp_mean_x": [
    0.4176672697067261,
    1.2035717964172363
  ],
  "amp_mean_y": [
    0.7324463725090027,
    2.6868746280670166
  ],
  "symmetry_ratio": [
    0.5702359676361084,
    0.44794490933418274
  ],
  "energy_distribution": [
    0.2504582405090332,
    0.21351876854896545
  ],
  "motion_stability": [
    1.541865587234497,
    2.6477253437042236
  ],
  "freq_entropy": [
    9.551931381225586,
    9.538833618164062
  ]
}