{
  "dominant_freq": [
    0.9933110367892977,
    4.055030094582975
  ],
  "amp_mean_x": [
    0.5337426662445068,
    1.0823302268981934
  ],
  "amp_mean_y": [
    0.920782208442688,
    1.3676621913909912
  ],
  "symmetry_ratio": [
    0.5796622037887573,
    0.7913724780082703
  ],
  "energy_distribution": [
    0.21850688755512238,
    0.293897420167923
  ],
  "motion_stability": [
    2.7409515380859375,
    2.8973207473754883
  ],
  "freq_entropy": [
    9.42824935913086,
    9.116005897521973
  ]
}