{
  "dominant_freq": [
    2.8043582718651203,
    0.5173768421052631,
    2.422837894736842
  ],
  "amp_mean_x": [
    0.03538646548986435,
    0.02688491903245449,
    0.02486203983426094
  ],
  "amp_mean_y": [
    0.11501583456993103,
    0.17612022161483765,
    0.10754301398992538
  ],
  "symmetry_ratio": [
    0.30766603350639343,
    0.15265095233917236,
    0.2311822921037674
  ],
  "energy_distribution": [
    0.16894200444221497,
    0.3022420108318329,
    0.5493885278701782
  ],
  "motion_stability": [
    4.424130439758301,
    0.8693242073059082,
    1.1635551452636719
  ],
  "freq_entropy": [
    9.190146446228027,
    8.812065124511719,
    8.154430389404297
  ]
}