{
  "dominant_freq": [
    1.441627292110874,
    0.4744187234042553
  ],
  "amp_mean_x": [
    0.3280004858970642,
    0.14353133738040924
  ],
  "amp_mean_y": [
    0.6952850818634033,
    0.36659032106399536
  ],
  "symmetry_ratio": [
    0.4717496335506439,
    0.3915306329727173
  ],
  "energy_distribution": [
    0.27910611033439636,
    0.268729031085968
  ],
  "motion_stability": [
    3.0018372535705566,
    1.3041865825653076
  ],
  "freq_entropy": [
    10.373062133789062,
    10.148606300354004
  ]
}