{
  "dominant_freq": [
    0.9230769230769231,
    0.4711538461538462
  ],
  "amp_mean_x": [
    0.07414235919713974,
    0.04925021901726723
  ],
  "amp_mean_y": [
    0.19877289235591888,
    0.10427211225032806
  ],
  "symmetry_ratio": [
    0.3730003535747528,
    0.4723239839076996
  ],
  "energy_distribution": [
    0.27049753069877625,
    0.30359581112861633
  ],
  "motion_stability": [
    5.746685028076172,
    1.6739383935928345
  ],
  "freq_entropy": [
    9.66583251953125,
    9.180752754211426
  ]
}