{
  "dominant_freq": [
    2.6031085714285713,
    1.4330680028632783
  ],
  "amp_mean_x": [
    0.07414615154266357,
    0.16453716158866882
  ],
  "amp_mean_y": [
    0.2322889119386673,
    0.4836393892765045
  ],
  "symmetry_ratio": [
    0.31919798254966736,
    0.3402062952518463
  ],
  "energy_distribution": [
    0.24797478318214417,
    0.2331208437681198
  ],
  "motion_stability": [
    1.2291209697723389,
    1.544548511505127
  ],
  "freq_entropy": [
    9.493413925170898,
    9.499673843383789
  ]
}