{
  "dominant_freq": [
    0.1679353448275862,
    6.448282105263157,
    1.4527081138040039
  ],
  "amp_mean_x": [
    1.5229123830795288,
    0.12005648761987686,
    0.06871598958969116
  ],
  "amp_mean_y": [
    4.018429756164551,
    0.2142028510570526,
    0.1066664457321167
  ],
  "symmetry_ratio": [
    0.37898194789886475,
    0.5604803562164307,
    0.6442137360572815
  ],
  "energy_distribution": [
    0.2872413396835327,
    0.17649804055690765,
    0.17613713443279266
  ],
  "motion_stability": [
    4.598191738128662,
    3.8721210956573486,
    4.750194072723389
  ],
  "freq_entropy": [
    8.94992446899414,
    9.314218521118164,
    9.336104393005371
  ]
}