{
  "dominant_freq": [
    0.4540136170212765,
    0.36917707442258335
  ],
  "amp_mean_x": [
    0.28464052081108093,
    1.4094246625900269
  ],
  "amp_mean_y": [
    0.3538598120212555,
    1.577163577079773
  ],
  "symmetry_ratio": [
    0.8043878078460693,
    0.8936452269554138
  ],
  "energy_distribution": [
    0.25948598980903625,
    0.5783679485321045
  ],
  "motion_stability": [
    2.328336238861084,
    5.0716166496276855
  ],
  "freq_entropy": [
    10.165937423706055,
    9.789323806762695
  ]
}