{
  "dominant_freq": [
    3.300525957446808,
    0.45911489361702124
  ],
  "amp_mean_x": [
    0.05243585258722305,
    0.049556948244571686
  ],
  "amp_mean_y": [
    0.11267969012260437,
    0.10145805031061172
  ],
  "symmetry_ratio": [
    0.46535319089889526,
    0.4884476661682129
  ],
  "energy_distribution": [
    0.1960044801235199,
    0.19883906841278076
  ],
  "motion_stability": [
    3.303706645965576,
    1.320009708404541
  ],
  "freq_entropy": [
    10.391636848449707,
    10.215505599975586
  ]
}