{
  "dominant_freq": [
    0.29023578947368417,
    1.6152252631578945,
    2.006412631578947
  ],
  "amp_mean_x": [
    0.16701458394527435,
    0.10547403991222382,
    0.08060640096664429
  ],
  "amp_mean_y": [
    0.09136437624692917,
    0.16135479509830475,
    0.13785432279109955
  ],
  "symmetry_ratio": [
    1.8280055522918701,
    0.653677761554718,
    0.5847216248512268
  ],
  "energy_distribution": [
    0.2398499846458435,
    0.14598646759986877,
    0.24718719720840454
  ],
  "motion_stability": [
    1.6445937156677246,
    3.2864990234375,
    2.628005266189575
  ],
  "freq_entropy": [
    8.959858894348145,
    9.117197036743164,
    9.07093620300293
  ]
}