{
  "dominant_freq": [
    4.900110992529347,
    4.186891719745223,
    4.359272727272728
  ],
  "amp_mean_x": [
    1.2402187585830688,
    0.7017481327056885,
    0.7706118226051331
  ],
  "amp_mean_y": [
    2.0905067920684814,
    1.9925951957702637,
    0.990879476070404
  ],
  "symmetry_ratio": [
    0.593262255191803,
    0.3521779775619507,
    0.7777048945426941
  ],
  "energy_distribution": [
    0.15257005393505096,
    0.2770785987377167,
    0.23432686924934387
  ],
  "motion_stability": [
    3.129568099975586,
    1.842890977859497,
    4.751064300537109
  ],
  "freq_entropy": [
    9.051200866699219,
    8.923502922058105,
    9.01248836517334
  ]
}