{
  "dominant_freq": [
    0.4688752642706131,
    0.4542821052631578,
    0.47951999999999995
  ],
  "amp_mean_x": [
    0.05209881439805031,
    0.07239630818367004,
    0.04924378544092178
  ],
  "amp_mean_y": [
    0.14818891882896423,
    0.05723587051033974,
    0.0323762521147728
  ],
  "symmetry_ratio": [
    0.3515702486038208,
    1.2648764848709106,
    1.5209847688674927
  ],
  "energy_distribution": [
    0.19124431908130646,
    0.32721462845802307,
    0.36864760518074036
  ],
  "motion_stability": [
    9.03011703491211,
    1.6459403038024902,
    1.7933391332626343
  ],
  "freq_entropy": [
    9.536030769348145,
    8.533288955688477,
    8.604086875915527
  ]
}