{
  "dominant_freq": [
    6.134555100072341,
    1.1988011988011986
  ],
  "amp_mean_x": [
    0.27323123812675476,
    0.3109056055545807
  ],
  "amp_mean_y": [
    0.6432388424873352,
    0.6239223480224609
  ],
  "symmetry_ratio": [
    0.424774169921875,
    0.4983081817626953
  ],
  "energy_distribution": [
    0.17171353101730347,
    0.2085949182510376
  ],
  "motion_stability": [
    1.7637791633605957,
    1.462183952331543
  ],
  "freq_entropy": [
    9.583892822265625,
    9.584945678710938
  ]
}