{
  "dominant_freq": [
    2.072765943733686,
    0.1237472205214141
  ],
  "amp_mean_x": [
    0.11685383319854736,
    0.2673477828502655
  ],
  "amp_mean_y": [
    0.1748608946800232,
    0.25102847814559937
  ],
  "symmetry_ratio": [
    0.6682673692703247,
    1.0650098323822021
  ],
  "energy_distribution": [
    0.2045377790927887,
    0.27280890941619873
  ],
  "motion_stability": [
    1.6025093793869019,
    3.007498264312744
  ],
  "freq_entropy": [
    9.704305648803711,
    9.58266544342041
  ]
}