{
  "dominant_freq": [
    5.58,
    0.10293066476054326
  ],
  "amp_mean_x": [
    0.1573425531387329,
    0.44487735629081726
  ],
  "amp_mean_y": [
    0.17076243460178375,
    0.3563061058521271
  ],
  "symmetry_ratio": [
    0.9214119911193848,
    1.248581886291504
  ],
  "energy_distribution": [
    0.17522858083248138,
    0.3735313415527344
  ],
  "motion_stability": [
    2.022291660308838,
    2.3639259338378906
  ],
  "freq_entropy": [
    9.599600791931152,
    9.220637321472168
  ]
}