{
  "dominant_freq": [
    0.2649978947368421,
    0.44166315789473676,
    4.3156799999999995
  ],
  "amp_mean_x": [
    0.07673845440149307,
    0.05544358864426613,
    0.04439976066350937
  ],
  "amp_mean_y": [
    0.09966225177049637,
    0.07237397879362106,
    0.07902827858924866
  ],
  "symmetry_ratio": [
    0.7699851393699646,
    0.7660707831382751,
    0.5618211627006531
  ],
  "energy_distribution": [
    0.394205778837204,
    0.2654004395008087,
    0.23607635498046875
  ],
  "motion_stability": [
    1.924241542816162,
    1.9088025093078613,
    2.557549238204956
  ],
  "freq_entropy": [
    8.623408317565918,
    8.82375717163086,
    8.990276336669922
  ]
}