{
  "dominant_freq": [
    2.1578399999999998,
    0.27245454545454545
  ],
  "amp_mean_x": [
    0.25598645210266113,
    0.29451730847358704
  ],
  "amp_mean_y": [
    0.5198424458503723,
    0.7425333857536316
  ],
  "symmetry_ratio": [
    0.49243083596229553,
    0.3966384828090668
  ],
  "energy_distribution": [
    0.19264847040176392,
    0.2929035425186157
  ],
  "motion_stability": [
    2.0016050338745117,
    1.4448113441467285
  ],
  "freq_entropy": [
    9.242700576782227,
    9.182544708251953
  ]
}