{
  "dominant_freq": [
    5.565492765957446,
    0.3113103448275862
  ],
  "amp_mean_x": [
    0.3707316815853119,
    0.5151203870773315
  ],
  "amp_mean_y": [
    0.3972920775413513,
    0.7813122272491455
  ],
  "symmetry_ratio": [
    0.9331464171409607,
    0.6593015789985657
  ],
  "energy_distribution": [
    0.19774478673934937,
    0.23725418746471405
  ],
  "motion_stability": [
    2.0058789253234863,
    2.2195632457733154
  ],
  "freq_entropy": [
    10.321165084838867,
    10.138426780700684
  ]
}