{
  "dominant_freq": [
    6.788993684210525,
    2.0211591148577446,
    0.13910126582278481
  ],
  "amp_mean_x": [
    0.5741406083106995,
    0.9432153701782227,
    0.4460750222206116
  ],
  "amp_mean_y": [
    0.5897161364555359,
    0.6175257563591003,
    0.38292717933654785
  ],
  "symmetry_ratio": [
    0.9735881090164185,
    1.527410626411438,
    1.1649081707000732
  ],
  "energy_distribution": [
    0.20819079875946045,
    0.18961597979068756,
    0.24151822924613953
  ],
  "motion_stability": [
    1.8695664405822754,
    2.7812042236328125,
    2.759248733520508
  ],
  "freq_entropy": [
    9.065428733825684,
    9.008877754211426,
    9.054428100585938
  ]
}