{
  "dominant_freq": [
    0.10500000000000001,
    0.28500000000000003
  ],
  "amp_mean_x": [
    0.07902146875858307,
    0.08756036311388016
  ],
  "amp_mean_y": [
    0.1939370483160019,
    0.31452876329421997
  ],
  "symmetry_ratio": [
    0.4074593782424927,
    0.27838587760925293
  ],
  "energy_distribution": [
    0.37439027428627014,
    0.36307376623153687
  ],
  "motion_stability": [
    1.2363390922546387,
    1.1264586448669434
  ],
  "freq_entropy": [
    9.928339004516602,
    10.016214370727539
  ]
}