{
  "dominant_freq": [
    0.11022964509394574,
    0.10500000000000001
  ],
  "amp_mean_x": [
    1.0175070762634277,
    0.6449160575866699
  ],
  "amp_mean_y": [
    0.43671977519989014,
    0.38222166895866394
  ],
  "symmetry_ratio": [
    2.329885482788086,
    1.6872828006744385
  ],
  "energy_distribution": [
    0.24759772419929504,
    0.33178195357322693
  ],
  "motion_stability": [
    3.133820056915283,
    2.056464433670044
  ],
  "freq_entropy": [
    10.380514144897461,
    10.113780975341797
  ]
}