{
  "dominant_freq": [
    4.1090909090909085,
    0.5636363636363636
  ],
  "amp_mean_x": [
    0.21619421243667603,
    0.14692023396492004
  ],
  "amp_mean_y": [
    0.18947051465511322,
    0.22588108479976654
  ],
  "symmetry_ratio": [
    1.1410441398620605,
    0.650431752204895
  ],
  "energy_distribution": [
    0.23925283551216125,
    0.4060510993003845
  ],
  "motion_stability": [
    1.8040447235107422,
    1.4081368446350098
  ],
  "freq_entropy": [
    9.415103912353516,
    9.086175918579102
  ]
}