{
  "dominant_freq": [
    0.11357052631578946,
    2.0568884210526313,
    0.1009515789473684
  ],
  "amp_mean_x": [
    0.1932002305984497,
    0.2187732309103012,
    0.16539070010185242
  ],
  "amp_mean_y": [
    0.31291165947914124,
    0.2756369113922119,
    0.25959402322769165
  ],
  "symmetry_ratio": [
    0.617427408695221,
    0.7937007546424866,
    0.6371129155158997
  ],
  "energy_distribution": [
    0.335411012172699,
    0.21944232285022736,
    0.34920498728752136
  ],
  "motion_stability": [
    1.6976418495178223,
    1.9832264184951782,
    1.546259880065918
  ],
  "freq_entropy": [
    8.914684295654297,
    9.075021743774414,
    8.935458183288574
  ]
}