{
  "dominant_freq": [
    0.12052290872666208,
    0.47152847152847155
  ],
  "amp_mean_x": [
    1.8235015869140625,
    0.10000011324882507
  ],
  "amp_mean_y": [
    0.805800199508667,
    0.2060801237821579
  ],
  "symmetry_ratio": [
    2.262969970703125,
    0.48524871468544006
  ],
  "energy_distribution": [
    0.6405428051948547,
    0.27971500158309937
  ],
  "motion_stability": [
    5.941138744354248,
    1.4762892723083496
  ],
  "freq_entropy": [
    8.700084686279297,
    9.45279312133789
  ]
}