{
  "dominant_freq": [
    0.2778947368421053,
    0.1136842105263158,
    1.1115789473684212
  ],
  "amp_mean_x": [
    0.37757959961891174,
    0.2825682759284973,
    0.07407838851213455
  ],
  "amp_mean_y": [
    0.350085973739624,
    0.30332860350608826,
    0.13187175989151
  ],
  "symmetry_ratio": [
    1.0785338878631592,
    0.9315583109855652,
    0.5617456436157227
  ],
  "energy_distribution": [
    0.25866079330444336,
    0.5224453806877136,
    0.2617006003856659
  ],
  "motion_stability": [
    1.7908183336257935,
    2.774427890777588,
    1.581130027770996
  ],
  "freq_entropy": [
    8.84461498260498,
    8.214117050170898,
    8.932933807373047
  ]
}