{
  "dominant_freq": [
    3.6781400417764054,
    3.4716414806912543,
    3.8628038628038626
  ],
  "amp_mean_x": [
    1.1055278778076172,
    0.8085238933563232,
    0.13523845374584198
  ],
  "amp_mean_y": [
    1.7748284339904785,
    1.1884583234786987,
    0.21773767471313477
  ],
  "symmetry_ratio": [
    0.6228927969932556,
    0.680313229560852,
    0.621107280254364
  ],
  "energy_distribution": [
    0.18912355601787567,
    0.23222194612026215,
    0.28058362007141113
  ],
  "motion_stability": [
    5.27670431137085,
    4.454627990722656,
    2.224991798400879
  ],
  "freq_entropy": [
    8.842887878417969,
    8.99163818359375,
    8.931163787841797
  ]
}