{
  "dominant_freq": [
    0.2776168421052631,
    0.4669010526315789,
    3.255688421052631
  ],
  "amp_mean_x": [
    0.31480854749679565,
    0.2517561614513397,
    0.31641024351119995
  ],
  "amp_mean_y": [
    0.17072972655296326,
    0.13565590977668762,
    0.3171875774860382
  ],
  "symmetry_ratio": [
    1.8439000844955444,
    1.8558436632156372,
    0.997549295425415
  ],
  "energy_distribution": [
    0.3847983181476593,
    0.3889220356941223,
    0.2121202051639557
  ],
  "motion_stability": [
    2.460272789001465,
    2.1937367916107178,
    5.420948028564453
  ],
  "freq_entropy": [
    8.785219192504883,
    8.457275390625,
    8.823354721069336
  ]
}