{
  "dominant_freq": [
    3.491590274185204,
    0.11886118980169971
  ],
  "amp_mean_x": [
    2.8857874870300293,
    3.6888043880462646
  ],
  "amp_mean_y": [
    4.827247619628906,
    5.651669502258301
  ],
  "symmetry_ratio": [
    0.5978121757507324,
    0.6526928544044495
  ],
  "energy_distribution": [
    0.25617676973342896,
    0.2878324091434479
  ],
  "motion_stability": [
    2.9748635292053223,
    2.746058464050293
  ],
  "freq_entropy": [
    10.018779754638672,
    9.873089790344238
  ]
}