{
  "dominant_freq": [
    0.15413142857142859,
    0.10290128755364807
  ],
  "amp_mean_x": [
    0.13921186327934265,
    0.471407026052475
  ],
  "amp_mean_y": [
    0.3545795977115631,
    1.0743345022201538
  ],
  "symmetry_ratio": [
    0.392611026763916,
    0.43878981471061707
  ],
  "energy_distribution": [
    0.2300502359867096,
    0.2653231620788574
  ],
  "motion_stability": [
    1.5921406745910645,
    2.971646308898926
  ],
  "freq_entropy": [
    9.502772331237793,
    9.293962478637695
  ]
}