{
  "dominant_freq": [
    0.21425361702127654,
    0.29089655172413786
  ],
  "amp_mean_x": [
    0.4510377049446106,
    0.5738063454627991
  ],
  "amp_mean_y": [
    0.4317621886730194,
    0.3520655930042267
  ],
  "symmetry_ratio": [
    1.0446438789367676,
    1.6298279762268066
  ],
  "energy_distribution": [
    0.17759092152118683,
    0.5508790016174316
  ],
  "motion_stability": [
    3.8767733573913574,
    2.064518451690674
  ],
  "freq_entropy": [
    10.428058624267578,
    9.841817855834961
  ]
}