{
  "dominant_freq": [
    1.3957457142857141,
    2.6973000000000003
  ],
  "amp_mean_x": [
    0.14519818127155304,
    0.15302228927612305
  ],
  "amp_mean_y": [
    0.19012333452701569,
    0.23104296624660492
  ],
  "symmetry_ratio": [
    0.7637051939964294,
    0.6623109579086304
  ],
  "energy_distribution": [
    0.19627763330936432,
    0.18949410319328308
  ],
  "motion_stability": [
    1.3486665487289429,
    1.243065357208252
  ],
  "freq_entropy": [
    9.534534454345703,
    9.557304382324219
  ]
}