{
  "dominant_freq": [
    4.410130909090909,
    2.1133860182370814
  ],
  "amp_mean_x": [
    0.423134446144104,
    0.7646914124488831
  ],
  "amp_mean_y": [
    0.4502807557582855,
    0.6411745548248291
  ],
  "symmetry_ratio": [
    0.9397124648094177,
    1.1926414966583252
  ],
  "energy_distribution": [
    0.2930689752101898,
    0.21757298707962036
  ],
  "motion_stability": [
    4.137497901916504,
    3.417965888977051
  ],
  "freq_entropy": [
    9.872598648071289,
    9.847721099853516
  ]
}