{
  "dominant_freq": [
    0.30285473684210523,
    0.1009515789473684,
    4.214728421052631
  ],
  "amp_mean_x": [
    0.11294469982385635,
    0.06261011958122253,
    0.08265822380781174
  ],
  "amp_mean_y": [
    0.15269708633422852,
    0.0873715803027153,
    0.16962970793247223
  ],
  "symmetry_ratio": [
    0.7396650910377502,
    0.7165959477424622,
    0.487286239862442
  ],
  "energy_distribution": [
    0.2089974284172058,
    0.36178258061408997,
    0.1945902705192566
  ],
  "motion_stability": [
    3.556817054748535,
    1.7287819385528564,
    1.3895182609558105
  ],
  "freq_entropy": [
    9.1171236038208,
    8.684530258178711,
    8.97583293914795
  ]
}