{
  "dominant_freq": [
    2.6121221052631576,
    4.782581052631579,
    0.29023578947368417
  ],
  "amp_mean_x": [
    0.12093643099069595,
    0.06754778325557709,
    0.04243636131286621
  ],
  "amp_mean_y": [
    0.08914337307214737,
    0.11895319819450378,
    0.05457203835248947
  ],
  "symmetry_ratio": [
    1.3566508293151855,
    0.5678517818450928,
    0.7776209712028503
  ],
  "energy_distribution": [
    0.20960763096809387,
    0.1312067210674286,
    0.2534079849720001
  ],
  "motion_stability": [
    2.8278865814208984,
    2.944749355316162,
    1.6406937837600708
  ],
  "freq_entropy": [
    9.026640892028809,
    8.956686019897461,
    8.871856689453125
  ]
}