{
  "dominant_freq": [
    0.14856923076923073,
    0.1705924967658473
  ],
  "amp_mean_x": [
    0.7894299030303955,
    0.9673448204994202
  ],
  "amp_mean_y": [
    1.1554458141326904,
    2.1154987812042236
  ],
  "symmetry_ratio": [
    0.6832253932952881,
    0.45726558566093445
  ],
  "energy_distribution": [
    0.26575136184692383,
    0.4141325354576111
  ],
  "motion_stability": [
    2.903446912765503,
    5.7158002853393555
  ],
  "freq_entropy": [
    10.170040130615234,
    10.090354919433594
  ]
}