{
  "dominant_freq": [
    4.21978021978022,
    3.6581974726304622
  ],
  "amp_mean_x": [
    1.1275410652160645,
    1.0538033246994019
  ],
  "amp_mean_y": [
    1.9679220914840698,
    1.5120899677276611
  ],
  "symmetry_ratio": [
    0.5729601979255676,
    0.6969184279441833
  ],
  "energy_distribution": [
    0.18195663392543793,
    0.15260812640190125
  ],
  "motion_stability": [
    2.635068893432617,
    2.7586183547973633
  ],
  "freq_entropy": [
    9.079383850097656,
    9.04536247253418
  ]
}