{
  "dominant_freq": [
    0.2333430656934306,
    2.445639344262295
  ],
  "amp_mean_x": [
    0.5527986884117126,
    0.7319222688674927
  ],
  "amp_mean_y": [
    0.9399847984313965,
    1.4099140167236328
  ],
  "symmetry_ratio": [
    0.5880932211875916,
    0.5191254615783691
  ],
  "energy_distribution": [
    0.2636270821094513,
    0.23275962471961975
  ],
  "motion_stability": [
    2.7670955657958984,
    1.8112854957580566
  ],
  "freq_entropy": [
    9.735588073730469,
    9.763538360595703
  ]
}