{
  "dominant_freq": [
    0.11357052631578946,
    0.12618947368421052,
    0.30285473684210523
  ],
  "amp_mean_x": [
    0.0981418788433075,
    0.13533912599086761,
    0.22115358710289001
  ],
  "amp_mean_y": [
    0.26158076524734497,
    0.24431325495243073,
    0.24392101168632507
  ],
  "symmetry_ratio": [
    0.3751876652240753,
    0.5539573431015015,
    0.9066606760025024
  ],
  "energy_distribution": [
    0.2593652009963989,
    0.3656182289123535,
    0.26008325815200806
  ],
  "motion_stability": [
    1.3609002828598022,
    1.7081398963928223,
    1.3806431293487549
  ],
  "freq_entropy": [
    8.796704292297363,
    8.81336784362793,
    8.963705062866211
  ]
}