{
  "dominant_freq": [
    4.185683544303798,
    0.10105795574288723,
    0.265277133825079
  ],
  "amp_mean_x": [
    0.30054792761802673,
    0.29079219698905945,
    0.4624059796333313
  ],
  "amp_mean_y": [
    0.7088817358016968,
    0.6336545944213867,
    0.865452766418457
  ],
  "symmetry_ratio": [
    0.4239747226238251,
    0.45891278982162476,
    0.5342937111854553
  ],
  "energy_distribution": [
    0.21417589485645294,
    0.32453984022140503,
    0.2710961699485779
  ],
  "motion_stability": [
    1.6194031238555908,
    1.1214814186096191,
    1.5940372943878174
  ],
  "freq_entropy": [
    9.026369094848633,
    8.835559844970703,
    8.959796905517578
  ]
}