{
  "dominant_freq": [
    0.2805702127659574,
    2.9944493617021273,
    0.47951999999999995
  ],
  "amp_mean_x": [
    0.309662401676178,
    0.5256226062774658,
    0.4509712755680084
  ],
  "amp_mean_y": [
    0.3086465299129486,
    0.4823254644870758,
    0.2759602665901184
  ],
  "symmetry_ratio": [
    1.003291368484497,
    1.0897674560546875,
    1.6341891288757324
  ],
  "energy_distribution": [
    0.23919729888439178,
    0.23048311471939087,
    0.23574598133563995
  ],
  "motion_stability": [
    1.9082045555114746,
    2.0148444175720215,
    2.2892134189605713
  ],
  "freq_entropy": [
    10.369745254516602,
    10.311128616333008,
    10.21082878112793
  ]
}