{
  "dominant_freq": [
    8.618741052631577,
    0.11357052631578946,
    1.943317894736842
  ],
  "amp_mean_x": [
    0.1941540241241455,
    0.11922845989465714,
    0.13667243719100952
  ],
  "amp_mean_y": [
    0.4036724865436554,
    0.3259883224964142,
    0.3350538909435272
  ],
  "symmetry_ratio": [
    0.4809691905975342,
    0.36574456095695496,
    0.4079118072986603
  ],
  "energy_distribution": [
    0.20464158058166504,
    0.4326329827308655,
    0.18767929077148438
  ],
  "motion_stability": [
    3.4102301597595215,
    2.227828025817871,
    2.7325007915496826
  ],
  "freq_entropy": [
    9.210240364074707,
    8.428056716918945,
    9.110107421875
  ]
}