{
  "dominant_freq": [
    1.6413379549393412,
    0.1453720225205717,
    0.4646115843270869
  ],
  "amp_mean_x": [
    2.8198459148406982,
    1.5934590101242065,
    0.3613051474094391
  ],
  "amp_mean_y": [
    2.68369460105896,
    1.6324042081832886,
    0.47106435894966125
  ],
  "symmetry_ratio": [
    1.0507327318191528,
    0.976142406463623,
    0.7669973969459534
  ],
  "energy_distribution": [
    0.26744529604911804,
    0.2895606458187103,
    0.2763998508453369
  ],
  "motion_stability": [
    4.067448616027832,
    3.615145444869995,
    1.7390408515930176
  ],
  "freq_entropy": [
    10.204843521118164,
    10.174566268920898,
    10.166391372680664
  ]
}