{
  "dominant_freq": [
    3.366845920037409,
    3.6015048781006227
  ],
  "amp_mean_x": [
    0.16297446191310883,
    0.21435584127902985
  ],
  "amp_mean_y": [
    0.2342223823070526,
    0.32627561688423157
  ],
  "symmetry_ratio": [
    0.6958107948303223,
    0.6569778323173523
  ],
  "energy_distribution": [
    0.19670458137989044,
    0.18630880117416382
  ],
  "motion_stability": [
    1.8023886680603027,
    1.6525015830993652
  ],
  "freq_entropy": [
    10.329955101013184,
    10.302980422973633
  ]
}