{
  "dominant_freq": [
    5.521042084168337
  ],
  "amp_mean_x": [
    0.7150415778160095
  ],
  "amp_mean_y": [
    0.715023398399353
  ],
  "symmetry_ratio": [
    1.0000253915786743
  ],
  "energy_distribution": [
    0.2505851686000824
  ],
  "motion_stability": [
    2.098926544189453
  ],
  "freq_entropy": [
    10.357415199279785
  ]
}