{
  "dominant_freq": [
    0.5299957894736842,
    4.802803382663847,
    0.47951999999999995
  ],
  "amp_mean_x": [
    0.04868987947702408,
    0.24212907254695892,
    0.03562605381011963
  ],
  "amp_mean_y": [
    0.07476159185171127,
    0.38983216881752014,
    0.09236457943916321
  ],
  "symmetry_ratio": [
    0.6512686014175415,
    0.6211110353469849,
    0.3857112228870392
  ],
  "energy_distribution": [
    0.25274327397346497,
    0.16657860577106476,
    0.41462355852127075
  ],
  "motion_stability": [
    1.4851208925247192,
    9.356197357177734,
    1.5978575944900513
  ],
  "freq_entropy": [
    8.881109237670898,
    9.329859733581543,
    8.324716567993164
  ]
}