{
  "dominant_freq": [
    3.056,
    1.5861148197596797,
    0.32
  ],
  "amp_mean_x": [
    0.17976462841033936,
    0.40320613980293274,
    0.15643484890460968
  ],
  "amp_mean_y": [
    0.3571432828903198,
    0.19847817718982697,
    0.06735768914222717
  ],
  "symmetry_ratio": [
    0.5033403635025024,
    2.0314884185791016,
    2.3224496841430664
  ],
  "energy_distribution": [
    0.22084757685661316,
    0.2088528424501419,
    0.2738017141819
  ],
  "motion_stability": [
    3.6381163597106934,
    4.148963451385498,
    0.987045407295227
  ],
  "freq_entropy": [
    8.713848114013672,
    8.773641586303711,
    8.564800262451172
  ]
}