{
  "dominant_freq": [
    0.2742857142857143,
    0.30021443888491783
  ],
  "amp_mean_x": [
    0.0837143138051033,
    0.2774311304092407
  ],
  "amp_mean_y": [
    0.1698179990053177,
    0.47540923953056335
  ],
  "symmetry_ratio": [
    0.49296489357948303,
    0.5835627913475037
  ],
  "energy_distribution": [
    0.24409514665603638,
    0.2734208405017853
  ],
  "motion_stability": [
    1.6350257396697998,
    1.3363962173461914
  ],
  "freq_entropy": [
    9.481590270996094,
    9.394525527954102
  ]
}