{
  "dominant_freq": [
    1.645,
    0.1404095277893857,
    0.1151439299123905
  ],
  "amp_mean_x": [
    0.24081043899059296,
    0.42421334981918335,
    0.4292636811733246
  ],
  "amp_mean_y": [
    0.4171077609062195,
    0.40335723757743835,
    0.336407333612442
  ],
  "symmetry_ratio": [
    0.5773338675498962,
    1.051706314086914,
    1.276023507118225
  ],
  "energy_distribution": [
    0.2135147601366043,
    0.2877817153930664,
    0.4077189862728119
  ],
  "motion_stability": [
    4.312408447265625,
    5.294953346252441,
    5.655135154724121
  ],
  "freq_entropy": [
    10.247092247009277,
    10.258780479431152,
    9.985384941101074
  ]
}