{
  "dominant_freq": [
    0.20594989262705798,
    5.072834882058613
  ],
  "amp_mean_x": [
    0.738230288028717,
    0.3329733908176422
  ],
  "amp_mean_y": [
    1.0715705156326294,
    0.37679362297058105
  ],
  "symmetry_ratio": [
    0.6889236569404602,
    0.883702278137207
  ],
  "energy_distribution": [
    0.36964190006256104,
    0.20582889020442963
  ],
  "motion_stability": [
    3.3007469177246094,
    3.0090713500976562
  ],
  "freq_entropy": [
    9.561834335327148,
    9.607144355773926
  ]
}