{
  "dominant_freq": [
    0.3031578947368421,
    0.5431578947368422,
    2.336842105263158
  ],
  "amp_mean_x": [
    0.07091080397367477,
    0.06673803925514221,
    0.05367361754179001
  ],
  "amp_mean_y": [
    0.236776664853096,
    0.23036400973796844,
    0.13896796107292175
  ],
  "symmetry_ratio": [
    0.29948392510414124,
    0.28970688581466675,
    0.3862301707267761
  ],
  "energy_distribution": [
    0.21105392277240753,
    0.1959674209356308,
    0.21248118579387665
  ],
  "motion_stability": [
    1.0824775695800781,
    1.1509497165679932,
    1.2413157224655151
  ],
  "freq_entropy": [
    8.938626289367676,
    8.997848510742188,
    8.962576866149902
  ]
}