{
  "dominant_freq": [
    0.7702927659574468,
    0.47951999999999995,
    0.9335336170212765
  ],
  "amp_mean_x": [
    0.0260695219039917,
    0.09534471482038498,
    0.12310390919446945
  ],
  "amp_mean_y": [
    0.03868943825364113,
    0.21269011497497559,
    0.11112478375434875
  ],
  "symmetry_ratio": [
    0.6738149523735046,
    0.4482799470424652,
    1.1077988147735596
  ],
  "energy_distribution": [
    0.27647092938423157,
    0.23225869238376617,
    0.1951170265674591
  ],
  "motion_stability": [
    1.606907606124878,
    1.3640434741973877,
    1.1965528726577759
  ],
  "freq_entropy": [
    10.00222396850586,
    10.090707778930664,
    10.255529403686523
  ]
}