{
  "dominant_freq": [
    1.2326283987915407,
    2.761809045226131
  ],
  "amp_mean_x": [
    0.36963123083114624,
    0.3925057053565979
  ],
  "amp_mean_y": [
    0.7978171706199646,
    0.5377908945083618
  ],
  "symmetry_ratio": [
    0.46330317854881287,
    0.7298482060432434
  ],
  "energy_distribution": [
    0.3131096661090851,
    0.21932967007160187
  ],
  "motion_stability": [
    3.4736170768737793,
    4.443820953369141
  ],
  "freq_entropy": [
    8.990350723266602,
    9.05243968963623
  ]
}