{
  "dominant_freq": [
    0.27440343347639484,
    0.1371036454610436
  ],
  "amp_mean_x": [
    0.32888317108154297,
    0.34374701976776123
  ],
  "amp_mean_y": [
    0.541678786277771,
    0.5414143204689026
  ],
  "symmetry_ratio": [
    0.6071553230285645,
    0.6349056363105774
  ],
  "energy_distribution": [
    0.22917497158050537,
    0.2607608437538147
  ],
  "motion_stability": [
    1.3077940940856934,
    1.7480237483978271
  ],
  "freq_entropy": [
    9.495779991149902,
    9.514531135559082
  ]
}