{
  "dominant_freq": [
    0.29023578947368417,
    1.1483242105263156,
    0.7823747368421052
  ],
  "amp_mean_x": [
    0.13090258836746216,
    0.10852980613708496,
    0.06679382175207138
  ],
  "amp_mean_y": [
    0.17918181419372559,
    0.16506704688072205,
    0.13192667067050934
  ],
  "symmetry_ratio": [
    0.7305573225021362,
    0.6574892401695251,
    0.5062950849533081
  ],
  "energy_distribution": [
    0.3290875554084778,
    0.29080531001091003,
    0.2892870008945465
  ],
  "motion_stability": [
    1.3489558696746826,
    1.2435171604156494,
    1.4541707038879395
  ],
  "freq_entropy": [
    8.684818267822266,
    8.647741317749023,
    8.83115005493164
  ]
}