{
  "dominant_freq": [
    1.5521305263157892,
    0.10116455696202531,
    0.1009515789473684
  ],
  "amp_mean_x": [
    0.5247632265090942,
    0.5255988240242004,
    0.3560737073421478
  ],
  "amp_mean_y": [
    0.5900653600692749,
    0.5414081811904907,
    0.2767193019390106
  ],
  "symmetry_ratio": [
    0.8893306851387024,
    0.9707995653152466,
    1.2867685556411743
  ],
  "energy_distribution": [
    0.19077177345752716,
    0.2980784773826599,
    0.3165014088153839
  ],
  "motion_stability": [
    1.9760491847991943,
    1.5880072116851807,
    1.3720051050186157
  ],
  "freq_entropy": [
    9.0037260055542,
    8.921235084533691,
    8.650056838989258
  ]
}