{
  "dominant_freq": [
    0.10105795574288723,
    0.12618947368421052,
    0.1009515789473684
  ],
  "amp_mean_x": [
    0.09883558005094528,
    0.05524149537086487,
    0.06801372766494751
  ],
  "amp_mean_y": [
    0.19189222157001495,
    0.2031075656414032,
    0.12144903838634491
  ],
  "symmetry_ratio": [
    0.5150577425956726,
    0.27198147773742676,
    0.5600186586380005
  ],
  "energy_distribution": [
    0.6055377721786499,
    0.40038979053497314,
    0.35474103689193726
  ],
  "motion_stability": [
    2.4026551246643066,
    1.1156039237976074,
    1.2848966121673584
  ],
  "freq_entropy": [
    7.625484466552734,
    8.68608283996582,
    8.656000137329102
  ]
}