{
  "dominant_freq": [
    0.22317596566523606,
    2.095238095238095,
    4.968481375358166,
    7.10028653295129
  ],
  "amp_mean_x": [
    1.6714555025100708,
    1.350191593170166,
    0.4191991686820984,
    0.6553187370300293
  ],
  "amp_mean_y": [
    2.2588489055633545,
    2.785372257232666,
    0.9568089842796326,
    0.6226968169212341
  ],
  "symmetry_ratio": [
    0.7399589419364929,
    0.4847436845302582,
    0.43812209367752075,
    1.052388072013855
  ],
  "energy_distribution": [
    0.2531631886959076,
    0.2364429086446762,
    0.20729725062847137,
    0.21728114783763885
  ],
  "motion_stability": [
    2.2265799045562744,
    2.7583625316619873,
    2.1607258319854736,
    2.262695789337158
  ],
  "freq_entropy": [
    8.503134727478027,
    8.382341384887695,
    8.661212921142578,
    8.578317642211914
  ]
}