{
  "dominant_freq": [
    2.4129038297872336,
    5.999101276595744
  ],
  "amp_mean_x": [
    0.217748761177063,
    0.3519347012042999
  ],
  "amp_mean_y": [
    0.25986504554748535,
    0.33101847767829895
  ],
  "symmetry_ratio": [
    0.8379301428794861,
    1.0631874799728394
  ],
  "energy_distribution": [
    0.21313148736953735,
    0.2395123392343521
  ],
  "motion_stability": [
    1.939063310623169,
    2.397744655609131
  ],
  "freq_entropy": [
    10.356657028198242,
    10.29901123046875
  ]
}