{
  "dominant_freq": [
    5.199800199800199,
    0.3146853146853147,
    2.0430697122426444
  ],
  "amp_mean_x": [
    0.082166887819767,
    0.2691551148891449,
    0.6793641448020935
  ],
  "amp_mean_y": [
    0.09408020228147507,
    0.41670945286750793,
    0.4117202162742615
  ],
  "symmetry_ratio": [
    0.8733706474304199,
    0.6459059715270996,
    1.6500626802444458
  ],
  "energy_distribution": [
    0.20127616822719574,
    0.32551002502441406,
    0.34855613112449646
  ],
  "motion_stability": [
    1.6881109476089478,
    2.791522264480591,
    4.496944427490234
  ],
  "freq_entropy": [
    8.746697425842285,
    8.364723205566406,
    8.555713653564453
  ]
}