{
  "dominant_freq": [
    0.1384282624369142,
    0.11445341159207631
  ],
  "amp_mean_x": [
    2.1266250610351562,
    2.2068581581115723
  ],
  "amp_mean_y": [
    1.952818751335144,
    2.318852186203003
  ],
  "symmetry_ratio": [
    1.0890027284622192,
    0.9517028331756592
  ],
  "energy_distribution": [
    0.18297713994979858,
    0.2534196078777313
  ],
  "motion_stability": [
    3.326597213745117,
    2.9283463954925537
  ],
  "freq_entropy": [
    9.549287796020508,
    9.505773544311523
  ]
}