{
  "dominant_freq": [
    0.2789108143041792,
    2.095338461538461
  ],
  "amp_mean_x": [
    0.4743255376815796,
    0.8862624168395996
  ],
  "amp_mean_y": [
    0.522685170173645,
    0.8938944935798645
  ],
  "symmetry_ratio": [
    0.9074784517288208,
    0.991461992263794
  ],
  "energy_distribution": [
    0.334737628698349,
    0.20473043620586395
  ],
  "motion_stability": [
    2.4998273849487305,
    3.365920305252075
  ],
  "freq_entropy": [
    10.236780166625977,
    10.352215766906738
  ]
}