{
  "dominant_freq": [
    0.7705263157894737,
    2.071578947368421,
    0.796573875802998
  ],
  "amp_mean_x": [
    0.1396668404340744,
    0.25466182827949524,
    1.5646811723709106
  ],
  "amp_mean_y": [
    0.13348007202148438,
    0.2656201720237732,
    2.870753049850464
  ],
  "symmetry_ratio": [
    1.0463497638702393,
    0.9587442874908447,
    0.5450420379638672
  ],
  "energy_distribution": [
    0.2524527907371521,
    0.35764461755752563,
    0.24068474769592285
  ],
  "motion_stability": [
    1.3692114353179932,
    2.8873813152313232,
    2.7507753372192383
  ],
  "freq_entropy": [
    8.917460441589355,
    8.835986137390137,
    9.003578186035156
  ]
}