{
  "dominant_freq": [
    0.75,
    0.2852281825460368,
    0.1753507014028056
  ],
  "amp_mean_x": [
    0.12199120968580246,
    0.4252867102622986,
    0.7796976566314697
  ],
  "amp_mean_y": [
    0.2086724191904068,
    0.5852086544036865,
    0.8247615098953247
  ],
  "symmetry_ratio": [
    0.5846062898635864,
    0.7267266511917114,
    0.9453613758087158
  ],
  "energy_distribution": [
    0.18368792533874512,
    0.21715764701366425,
    0.3052743077278137
  ],
  "motion_stability": [
    2.107402801513672,
    2.919902801513672,
    3.4080898761749268
  ],
  "freq_entropy": [
    10.316951751708984,
    10.345856666564941,
    10.214526176452637
  ]
}