{
  "dominant_freq": [
    4.499325957446808,
    0.2201041844577284,
    0.11742930153321976
  ],
  "amp_mean_x": [
    0.17017751932144165,
    0.39547932147979736,
    0.5765261054039001
  ],
  "amp_mean_y": [
    0.2714870274066925,
    0.48214566707611084,
    0.4082026481628418
  ],
  "symmetry_ratio": [
    0.6268348097801208,
    0.8202486038208008,
    1.4123526811599731
  ],
  "energy_distribution": [
    0.20764049887657166,
    0.2957128584384918,
    0.558634877204895
  ],
  "motion_stability": [
    2.6046407222747803,
    6.101200103759766,
    3.6968741416931152
  ],
  "freq_entropy": [
    10.290613174438477,
    10.29385757446289,
    9.322314262390137
  ]
}