{
  "dominant_freq": [
    4.257254086181278,
    4.060593681116826
  ],
  "amp_mean_x": [
    2.1550886631011963,
    2.480440139770508
  ],
  "amp_mean_y": [
    4.986876487731934,
    2.7361769676208496
  ],
  "symmetry_ratio": [
    0.43215200304985046,
    0.9065349698066711
  ],
  "energy_distribution": [
    0.2808290421962738,
    0.20138795673847198
  ],
  "motion_stability": [
    3.284632444381714,
    3.0496954917907715
  ],
  "freq_entropy": [
    9.460933685302734,
    9.528817176818848
  ]
}