{
  "dominant_freq": [
    0.12487499999999999,
    0.12487499999999999
  ],
  "amp_mean_x": [
    0.11576998233795166,
    0.18738965690135956
  ],
  "amp_mean_y": [
    0.20519529283046722,
    0.29255715012550354
  ],
  "symmetry_ratio": [
    0.5641941428184509,
    0.6405232548713684
  ],
  "energy_distribution": [
    0.26150721311569214,
    0.4526108503341675
  ],
  "motion_stability": [
    1.359956979751587,
    1.581824779510498
  ],
  "freq_entropy": [
    8.98414421081543,
    8.632859230041504
  ]
}