{
  "dominant_freq": [
    0.1009515789473684,
    0.11357052631578946,
    0.3154736842105263
  ],
  "amp_mean_x": [
    0.10422123223543167,
    0.07808057963848114,
    0.0543251596391201
  ],
  "amp_mean_y": [
    0.3694436848163605,
    0.44164732098579407,
    0.269453227519989
  ],
  "symmetry_ratio": [
    0.28210315108299255,
    0.17679396271705627,
    0.20161257684230804
  ],
  "energy_distribution": [
    0.3408294916152954,
    0.4435800313949585,
    0.28356823325157166
  ],
  "motion_stability": [
    1.2711191177368164,
    1.4690330028533936,
    1.4696197509765625
  ],
  "freq_entropy": [
    8.778812408447266,
    8.772987365722656,
    8.931825637817383
  ]
}