{
  "dominant_freq": [
    0.15012510425354464,
    0.12531328320802004
  ],
  "amp_mean_x": [
    0.8193796873092651,
    1.0981388092041016
  ],
  "amp_mean_y": [
    0.5681940913200378,
    1.0323702096939087
  ],
  "symmetry_ratio": [
    1.4420770406723022,
    1.063706398010254
  ],
  "energy_distribution": [
    0.4589504897594452,
    0.4499889612197876
  ],
  "motion_stability": [
    2.765324115753174,
    2.9937429428100586
  ],
  "freq_entropy": [
    9.832100868225098,
    9.364988327026367
  ]
}