{
  "dominant_freq": [
    3.885526238467415,
    4.738790621143562
  ],
  "amp_mean_x": [
    0.10527107119560242,
    0.06230277568101883
  ],
  "amp_mean_y": [
    0.11822782456874847,
    0.10049093514680862
  ],
  "symmetry_ratio": [
    0.8904085755348206,
    0.6199840307235718
  ],
  "energy_distribution": [
    0.19215267896652222,
    0.19875049591064453
  ],
  "motion_stability": [
    1.412753939628601,
    1.2464103698730469
  ],
  "freq_entropy": [
    9.789346694946289,
    9.740303039550781
  ]
}