{
  "dominant_freq": [
    0.35049696066645214,
    0.5994005994005993,
    0.5892412672073688,
    0.5892412672073688,
    0.10159332193230497
  ],
  "amp_mean_x": [
    0.04088902473449707,
    0.10246949642896652,
    0.06347642093896866,
    0.12079989165067673,
    0.12763866782188416
  ],
  "amp_mean_y": [
    0.04725760221481323,
    0.10249073803424835,
    0.09438300877809525,
    0.19876044988632202,
    0.14242742955684662
  ],
  "symmetry_ratio": [
    0.8652369976043701,
    0.999792754650116,
    0.6725407838821411,
    0.6077662706375122,
    0.8961663246154785
  ],
  "energy_distribution": [
    0.24502603709697723,
    0.21397851407527924,
    0.19787652790546417,
    0.2103581428527832,
    0.24114364385604858
  ],
  "motion_stability": [
    1.7574188709259033,
    1.2617554664611816,
    1.2819461822509766,
    0.9514380693435669,
    1.1566987037658691
  ],
  "freq_entropy": [
    10.130399703979492,
    10.202889442443848,
    10.152839660644531,
    10.208925247192383,
    10.166923522949219
  ]
}