{
  "dominant_freq": [
    0.8769230769230769,
    3.992307692307692,
    0.6,
    0.6461538461538461
  ],
  "amp_mean_x": [
    0.18124620616436005,
    0.13262218236923218,
    0.14128589630126953,
    0.077792689204216
  ],
  "amp_mean_y": [
    0.16147753596305847,
    0.12527421116828918,
    0.0894281268119812,
    0.08968008309602737
  ],
  "symmetry_ratio": [
    1.1224236488342285,
    1.0586551427841187,
    1.5798821449279785,
    0.8674466609954834
  ],
  "energy_distribution": [
    0.2054654359817505,
    0.2456355094909668,
    0.30774325132369995,
    0.23020049929618835
  ],
  "motion_stability": [
    1.4237046241760254,
    1.2117536067962646,
    0.7796827554702759,
    1.1831164360046387
  ],
  "freq_entropy": [
    8.084205627441406,
    8.087799072265625,
    7.912099838256836,
    8.177353858947754
  ]
}