{
  "dominant_freq": [
    0.4542857142857143,
    1.0114285714285716
  ],
  "amp_mean_x": [
    0.07060021907091141,
    0.042661309242248535
  ],
  "amp_mean_y": [
    0.11951463669538498,
    0.1503874659538269
  ],
  "symmetry_ratio": [
    0.5907244682312012,
    0.2836759686470032
  ],
  "energy_distribution": [
    0.26122257113456726,
    0.3208335340023041
  ],
  "motion_stability": [
    0.8526943922042847,
    0.9605284333229065
  ],
  "freq_entropy": [
    9.426393508911133,
    9.366861343383789
  ]
}