{
  "dominant_freq": [
    0.2665480822679266,
    0.297
  ],
  "amp_mean_x": [
    0.5960573554039001,
    0.5402363538742065
  ],
  "amp_mean_y": [
    0.9454281330108643,
    1.726534128189087
  ],
  "symmetry_ratio": [
    0.6304628849029541,
    0.31290221214294434
  ],
  "energy_distribution": [
    0.20381200313568115,
    0.24990178644657135
  ],
  "motion_stability": [
    3.9410789012908936,
    2.1943960189819336
  ],
  "freq_entropy": [
    9.944679260253906,
    9.699254989624023
  ]
}