{
  "dominant_freq": [
    1.416579223504722,
    0.2783400809716599
  ],
  "amp_mean_x": [
    0.9973361492156982,
    1.1582812070846558
  ],
  "amp_mean_y": [
    2.053394317626953,
    1.3802391290664673
  ],
  "symmetry_ratio": [
    0.48570123314857483,
    0.839188814163208
  ],
  "energy_distribution": [
    0.18927864730358124,
    0.24646209180355072
  ],
  "motion_stability": [
    3.0981550216674805,
    1.9135279655456543
  ],
  "freq_entropy": [
    8.954919815063477,
    8.737039566040039
  ]
}