{
  "dominant_freq": [
    1.4230769230769231,
    3.421608448415922
  ],
  "amp_mean_x": [
    0.3722110986709595,
    0.6375851631164551
  ],
  "amp_mean_y": [
    0.4917447566986084,
    1.229310393333435
  ],
  "symmetry_ratio": [
    0.7569193243980408,
    0.5186526775360107
  ],
  "energy_distribution": [
    0.21998079121112823,
    0.1978958398103714
  ],
  "motion_stability": [
    1.6332099437713623,
    2.368001937866211
  ],
  "freq_entropy": [
    9.388895988464355,
    9.37337875366211
  ]
}