{
  "dominant_freq": [
    1.4283588751673857,
    0.44381150764129484
  ],
  "amp_mean_x": [
    0.10367552191019058,
    0.11713027954101562
  ],
  "amp_mean_y": [
    0.42413413524627686,
    0.5042166709899902
  ],
  "symmetry_ratio": [
    0.24444040656089783,
    0.2323014885187149
  ],
  "energy_distribution": [
    0.2227548509836197,
    0.27627819776535034
  ],
  "motion_stability": [
    1.6739557981491089,
    1.4449057579040527
  ],
  "freq_entropy": [
    10.256571769714355,
    10.211587905883789
  ]
}