{
  "dominant_freq": [
    5.212845076558875,
    4.269772780411078
  ],
  "amp_mean_x": [
    0.09841885417699814,
    0.1266636699438095
  ],
  "amp_mean_y": [
    0.11463788151741028,
    0.1433478146791458
  ],
  "symmetry_ratio": [
    0.8585194945335388,
    0.883610725402832
  ],
  "energy_distribution": [
    0.21624226868152618,
    0.18285639584064484
  ],
  "motion_stability": [
    8.813994407653809,
    4.597765922546387
  ],
  "freq_entropy": [
    10.274068832397461,
    10.281200408935547
  ]
}