{
  "dominant_freq": [
    0.7192799999999999,
    1.981174736842105,
    0.47951999999999995
  ],
  "amp_mean_x": [
    0.129190132021904,
    0.2029547095298767,
    0.141435906291008
  ],
  "amp_mean_y": [
    0.3785640597343445,
    0.2767782509326935,
    0.2569960355758667
  ],
  "symmetry_ratio": [
    0.3412635922431946,
    0.7332754731178284,
    0.5503427386283875
  ],
  "energy_distribution": [
    0.26759928464889526,
    0.2221779227256775,
    0.2613276243209839
  ],
  "motion_stability": [
    1.4717333316802979,
    0.9725155830383301,
    1.431739330291748
  ],
  "freq_entropy": [
    8.956497192382812,
    8.887014389038086,
    8.942432403564453
  ]
}