{
  "dominant_freq": [
    0.27570357751277685,
    0.24486127659574466
  ],
  "amp_mean_x": [
    0.19531571865081787,
    0.2413962185382843
  ],
  "amp_mean_y": [
    0.41118288040161133,
    0.6177673935890198
  ],
  "symmetry_ratio": [
    0.47500935196876526,
    0.390755832195282
  ],
  "energy_distribution": [
    0.20996251702308655,
    0.24409407377243042
  ],
  "motion_stability": [
    1.5521197319030762,
    1.6595683097839355
  ],
  "freq_entropy": [
    10.263529777526855,
    10.28152084350586
  ]
}