{
  "dominant_freq": [
    4.884317369549678,
    0.7021542857142857
  ],
  "amp_mean_x": [
    0.08787596225738525,
    0.04218859598040581
  ],
  "amp_mean_y": [
    0.08941448479890823,
    0.09438575804233551
  ],
  "symmetry_ratio": [
    0.982793390750885,
    0.4469805359840393
  ],
  "energy_distribution": [
    0.2927161157131195,
    0.20214197039604187
  ],
  "motion_stability": [
    3.970975399017334,
    1.2188135385513306
  ],
  "freq_entropy": [
    9.37112808227539,
    9.485092163085938
  ]
}