{
  "dominant_freq": [
    5.517276776246023,
    5.690751345532831,
    5.961877813504823
  ],
  "amp_mean_x": [
    1.3041648864746094,
    1.651668667793274,
    1.3334424495697021
  ],
  "amp_mean_y": [
    2.078191041946411,
    2.9968185424804688,
    1.7654730081558228
  ],
  "symmetry_ratio": [
    0.627548098564148,
    0.5511407256126404,
    0.7552890777587891
  ],
  "energy_distribution": [
    0.18156158924102783,
    0.21785029768943787,
    0.18896600604057312
  ],
  "motion_stability": [
    2.4740428924560547,
    2.5083985328674316,
    3.2309842109680176
  ],
  "freq_entropy": [
    9.026780128479004,
    9.007898330688477,
    9.013116836547852
  ]
}