{
  "dominant_freq": [
    0.3242368421052631,
    0.30587634936211966
  ],
  "amp_mean_x": [
    0.7380733489990234,
    2.08221173286438
  ],
  "amp_mean_y": [
    2.5932745933532715,
    7.7433180809021
  ],
  "symmetry_ratio": [
    0.2846105694770813,
    0.26890432834625244
  ],
  "energy_distribution": [
    0.2516123354434967,
    0.2031610608100891
  ],
  "motion_stability": [
    2.583716869354248,
    2.0372745990753174
  ],
  "freq_entropy": [
    9.533479690551758,
    9.097764015197754
  ]
}