{
  "dominant_freq": [
    0.7391304347826086,
    1.7701048951048952
  ],
  "amp_mean_x": [
    0.2411191761493683,
    0.32185181975364685
  ],
  "amp_mean_y": [
    0.524719774723053,
    1.1671775579452515
  ],
  "symmetry_ratio": [
    0.4595198929309845,
    0.2757522463798523
  ],
  "energy_distribution": [
    0.2042815387248993,
    0.19387617707252502
  ],
  "motion_stability": [
    1.3167846202850342,
    1.692921757698059
  ],
  "freq_entropy": [
    9.223899841308594,
    9.195150375366211
  ]
}