{
  "dominant_freq": [
    0.12462908011869436,
    2.8130563798219583
  ],
  "amp_mean_x": [
    0.3375249207019806,
    1.1943798065185547
  ],
  "amp_mean_y": [
    0.4644625186920166,
    1.6819130182266235
  ],
  "symmetry_ratio": [
    0.7267000079154968,
    0.7101317048072815
  ],
  "energy_distribution": [
    0.33796942234039307,
    0.19008056819438934
  ],
  "motion_stability": [
    2.183030366897583,
    2.1045010089874268
  ],
  "freq_entropy": [
    9.33811092376709,
    9.48678207397461
  ]
}