{
  "dominant_freq": [
    3.144477535301669,
    0.27593861892583116,
    2.375860103626943,
    0.27546893617021273
  ],
  "amp_mean_x": [
    0.14604605734348297,
    0.9305171966552734,
    0.44225847721099854,
    0.19666016101837158
  ],
  "amp_mean_y": [
    0.21072763204574585,
    0.9936617016792297,
    2.028454542160034,
    0.2665216326713562
  ],
  "symmetry_ratio": [
    0.693056046962738,
    0.9364526867866516,
    0.21802730858325958,
    0.7378768920898438
  ],
  "energy_distribution": [
    0.3909917175769806,
    0.36158111691474915,
    0.34563586115837097,
    0.31360146403312683
  ],
  "motion_stability": [
    5.417430877685547,
    5.354178428649902,
    3.2579216957092285,
    2.020479202270508
  ],
  "freq_entropy": [
    10.240782737731934,
    10.317523956298828,
    10.204187393188477,
    10.105549812316895
  ]
}