{
  "dominant_freq": [
    0.47952,
    0.49093714285714285
  ],
  "amp_mean_x": [
    0.20995274186134338,
    0.21878628432750702
  ],
  "amp_mean_y": [
    0.18576566874980927,
    0.3801458477973938
  ],
  "symmetry_ratio": [
    1.130202054977417,
    0.5755324959754944
  ],
  "energy_distribution": [
    0.2753467261791229,
    0.24441014230251312
  ],
  "motion_stability": [
    1.2106928825378418,
    1.5184047222137451
  ],
  "freq_entropy": [
    8.907730102539062,
    9.145212173461914
  ]
}