{
  "dominant_freq": [
    4.099255813953488,
    4.543420916162489
  ],
  "amp_mean_x": [
    0.7977622747421265,
    0.9615192413330078
  ],
  "amp_mean_y": [
    1.5099618434906006,
    1.7770411968231201
  ],
  "symmetry_ratio": [
    0.5283327102661133,
    0.5410787463188171
  ],
  "energy_distribution": [
    0.26197466254234314,
    0.1837501972913742
  ],
  "motion_stability": [
    5.973324775695801,
    3.314159393310547
  ],
  "freq_entropy": [
    10.41638469696045,
    10.120513916015625
  ]
}