{
  "dominant_freq": [
    0.5179225411048383,
    2.9397354238118565,
    3.2475461046889613
  ],
  "amp_mean_x": [
    0.4128120243549347,
    0.41973361372947693,
    0.3684287369251251
  ],
  "amp_mean_y": [
    0.6909847259521484,
    0.9327638149261475,
    1.0493667125701904
  ],
  "symmetry_ratio": [
    0.5974256992340088,
    0.4499891698360443,
    0.3510962724685669
  ],
  "energy_distribution": [
    0.2693403959274292,
    0.17130710184574127,
    0.22845275700092316
  ],
  "motion_stability": [
    2.555414915084839,
    1.8901126384735107,
    2.3194432258605957
  ],
  "freq_entropy": [
    9.0299711227417,
    9.026824951171875,
    9.069925308227539
  ]
}