{
  "dominant_freq": [
    7.671706263498921,
    1.163793103448276,
    4.51585623678647
  ],
  "amp_mean_x": [
    6.371079921722412,
    4.548715591430664,
    1.0782499313354492
  ],
  "amp_mean_y": [
    6.976979732513428,
    5.450684070587158,
    1.4394705295562744
  ],
  "symmetry_ratio": [
    0.9131572842597961,
    0.8345219492912292,
    0.7490600943565369
  ],
  "energy_distribution": [
    0.22446149587631226,
    0.24138547480106354,
    0.177471324801445
  ],
  "motion_stability": [
    2.2392685413360596,
    2.856757164001465,
    2.6122851371765137
  ],
  "freq_entropy": [
    9.009987831115723,
    8.988733291625977,
    9.045907974243164
  ]
}