{
  "dominant_freq": [
    0.10105263157894738,
    0.1136842105263158,
    6.48
  ],
  "amp_mean_x": [
    0.16705764830112457,
    0.24837826192378998,
    0.14604130387306213
  ],
  "amp_mean_y": [
    0.07943198829889297,
    0.10279658436775208,
    0.10090424865484238
  ],
  "symmetry_ratio": [
    2.1031532287597656,
    2.4162111282348633,
    1.447325587272644
  ],
  "energy_distribution": [
    0.364259272813797,
    0.5933211445808411,
    0.21148009598255157
  ],
  "motion_stability": [
    1.3093791007995605,
    1.7983603477478027,
    2.0932862758636475
  ],
  "freq_entropy": [
    8.725740432739258,
    8.188373565673828,
    9.055628776550293
  ]
}