{
  "dominant_freq": [
    4.313131313131314,
    3.5162790697674424
  ],
  "amp_mean_x": [
    1.2237285375595093,
    1.8988755941390991
  ],
  "amp_mean_y": [
    2.554612398147583,
    4.156118869781494
  ],
  "symmetry_ratio": [
    0.4790270924568176,
    0.45688673853874207
  ],
  "energy_distribution": [
    0.24271848797798157,
    0.20675601065158844
  ],
  "motion_stability": [
    1.9894790649414062,
    2.1984314918518066
  ],
  "freq_entropy": [
    10.318402290344238,
    10.33637523651123
  ]
}