{
  "dominant_freq": [
    0.11222819733458031,
    0.10712691563755393
  ],
  "amp_mean_x": [
    0.1721406728029251,
    0.44601738452911377
  ],
  "amp_mean_y": [
    0.21321114897727966,
    0.39905232191085815
  ],
  "symmetry_ratio": [
    0.8073717951774597,
    1.1176915168762207
  ],
  "energy_distribution": [
    0.3137091398239136,
    0.36767059564590454
  ],
  "motion_stability": [
    1.874873161315918,
    1.3835015296936035
  ],
  "freq_entropy": [
    10.069755554199219,
    9.923932075500488
  ]
}