{
  "dominant_freq": [
    4.906361686919229,
    0.14825581395348836
  ],
  "amp_mean_x": [
    0.14151394367218018,
    0.8292990326881409
  ],
  "amp_mean_y": [
    0.35363778471946716,
    0.7694793343544006
  ],
  "symmetry_ratio": [
    0.4001663625240326,
    1.0777404308319092
  ],
  "energy_distribution": [
    0.18971370160579681,
    0.24315820634365082
  ],
  "motion_stability": [
    1.46612548828125,
    4.533504962921143
  ],
  "freq_entropy": [
    9.591049194335938,
    9.382312774658203
  ]
}