{
  "dominant_freq": [
    5.060648571428572,
    0.18302290076335873
  ],
  "amp_mean_x": [
    0.08287660777568817,
    4.501866817474365
  ],
  "amp_mean_y": [
    0.054480697959661484,
    4.141172885894775
  ],
  "symmetry_ratio": [
    1.5212104320526123,
    1.0870994329452515
  ],
  "energy_distribution": [
    0.21267610788345337,
    0.3696296811103821
  ],
  "motion_stability": [
    2.5464329719543457,
    3.393521547317505
  ],
  "freq_entropy": [
    9.542041778564453,
    9.35324478149414
  ]
}