{
  "dominant_freq": [
    5.018632258064516,
    0.4623942857142857
  ],
  "amp_mean_x": [
    0.7892796993255615,
    0.4108182191848755
  ],
  "amp_mean_y": [
    1.2233089208602905,
    0.40487754344940186
  ],
  "symmetry_ratio": [
    0.6452006697654724,
    1.0146727561950684
  ],
  "energy_distribution": [
    0.21765635907649994,
    0.32828253507614136
  ],
  "motion_stability": [
    3.138070583343506,
    1.3422846794128418
  ],
  "freq_entropy": [
    9.640755653381348,
    9.274916648864746
  ]
}