{
  "dominant_freq": [
    3.4165799999999997,
    0.5993999999999999,
    0.7642349999999999
  ],
  "amp_mean_x": [
    0.1325262188911438,
    0.2255142629146576,
    0.23091956973075867
  ],
  "amp_mean_y": [
    0.19581104815006256,
    0.26070570945739746,
    0.33831986784935
  ],
  "symmetry_ratio": [
    0.676806628704071,
    0.8650146722793579,
    0.6825480461120605
  ],
  "energy_distribution": [
    0.20168176293373108,
    0.18234208226203918,
    0.25069138407707214
  ],
  "motion_stability": [
    1.1343231201171875,
    2.292736053466797,
    2.7935678958892822
  ],
  "freq_entropy": [
    8.727084159851074,
    8.836930274963379,
    8.704181671142578
  ]
}