{
  "dominant_freq": [
    0.312,
    3.972
  ],
  "amp_mean_x": [
    0.0541406087577343,
    0.19849421083927155
  ],
  "amp_mean_y": [
    0.08803543448448181,
    0.30844390392303467
  ],
  "symmetry_ratio": [
    0.6149865388870239,
    0.643534243106842
  ],
  "energy_distribution": [
    0.19804681837558746,
    0.22601783275604248
  ],
  "motion_stability": [
    1.5904974937438965,
    1.6574270725250244
  ],
  "freq_entropy": [
    8.999939918518066,
    9.073718070983887
  ]
}