{
  "dominant_freq": [
    5.034965034965035,
    0.10656010656010656,
    0.10656010656010656
  ],
  "amp_mean_x": [
    0.17214050889015198,
    0.26434192061424255,
    0.23864105343818665
  ],
  "amp_mean_y": [
    0.2586539089679718,
    0.286028116941452,
    0.38589903712272644
  ],
  "symmetry_ratio": [
    0.6655244827270508,
    0.9241815805435181,
    0.6184028387069702
  ],
  "energy_distribution": [
    0.292798787355423,
    0.39702293276786804,
    0.28692004084587097
  ],
  "motion_stability": [
    1.338118553161621,
    1.4623723030090332,
    1.626694679260254
  ],
  "freq_entropy": [
    8.848864555358887,
    8.288454055786133,
    8.747526168823242
  ]
}