{
  "dominant_freq": [
    1.828171828171828,
    3.056943056943057,
    1.018981018981019
  ],
  "amp_mean_x": [
    0.3165172338485718,
    0.3930319845676422,
    0.25870978832244873
  ],
  "amp_mean_y": [
    0.35527899861335754,
    0.3449759781360626,
    0.3455408215522766
  ],
  "symmetry_ratio": [
    0.8908976912498474,
    1.1393024921417236,
    0.7487097382545471
  ],
  "energy_distribution": [
    0.18807406723499298,
    0.24772270023822784,
    0.2563866078853607
  ],
  "motion_stability": [
    3.308650016784668,
    2.1869699954986572,
    2.319375514984131
  ],
  "freq_entropy": [
    8.717788696289062,
    8.769994735717773,
    8.716047286987305
  ]
}