{
  "dominant_freq": [
    4.658194285714285,
    7.6209428571428575
  ],
  "amp_mean_x": [
    0.03948010131716728,
    0.07537028938531876
  ],
  "amp_mean_y": [
    0.04957297071814537,
    0.13947837054729462
  ],
  "symmetry_ratio": [
    0.7964037656784058,
    0.5403726100921631
  ],
  "energy_distribution": [
    0.19520597159862518,
    0.14146064221858978
  ],
  "motion_stability": [
    2.030691385269165,
    4.764043807983398
  ],
  "freq_entropy": [
    9.642845153808594,
    9.593481063842773
  ]
}