{
  "dominant_freq": [
    0.5,
    4.78
  ],
  "amp_mean_x": [
    0.06327185034751892,
    0.037860095500946045
  ],
  "amp_mean_y": [
    0.0921599492430687,
    0.10162613540887833
  ],
  "symmetry_ratio": [
    0.686543881893158,
    0.3725429177284241
  ],
  "energy_distribution": [
    0.1909196972846985,
    0.17449679970741272
  ],
  "motion_stability": [
    1.3294992446899414,
    1.1582859754562378
  ],
  "freq_entropy": [
    9.267890930175781,
    9.340118408203125
  ]
}