{
  "dominant_freq": [
    0.46931744680851056,
    0.7141787234042553,
    0.494823829787234,
    3.769843404255319
  ],
  "amp_mean_x": [
    0.13339415192604065,
    0.1891700029373169,
    0.14452888071537018,
    0.13217532634735107
  ],
  "amp_mean_y": [
    0.12293054163455963,
    0.1669231802225113,
    0.16524142026901245,
    0.11907759308815002
  ],
  "symmetry_ratio": [
    1.085118055343628,
    1.1332758665084839,
    0.8746528625488281,
    1.1099932193756104
  ],
  "energy_distribution": [
    0.19128261506557465,
    0.19173994660377502,
    0.19182677567005157,
    0.19849473237991333
  ],
  "motion_stability": [
    1.5308620929718018,
    1.2837367057800293,
    1.3655240535736084,
    1.328769326210022
  ],
  "freq_entropy": [
    10.231639862060547,
    10.244694709777832,
    10.205143928527832,
    10.240876197814941
  ]
}