{
  "dominant_freq": [
    0.10105263157894738,
    0.13894736842105265,
    0.3031578947368421
  ],
  "amp_mean_x": [
    0.12703558802604675,
    0.20423011481761932,
    0.341340571641922
  ],
  "amp_mean_y": [
    0.15019328892230988,
    0.15559014678001404,
    0.9250552654266357
  ],
  "symmetry_ratio": [
    0.8458139896392822,
    1.312615990638733,
    0.368994802236557
  ],
  "energy_distribution": [
    0.4421953856945038,
    0.4315698742866516,
    0.25376468896865845
  ],
  "motion_stability": [
    1.4560818672180176,
    1.8845648765563965,
    1.5079437494277954
  ],
  "freq_entropy": [
    8.323076248168945,
    8.526256561279297,
    8.980005264282227
  ]
}