{
  "dominant_freq": [
    0.524959081119885,
    0.11131714285714286
  ],
  "amp_mean_x": [
    1.0406619310379028,
    0.30649155378341675
  ],
  "amp_mean_y": [
    1.6859296560287476,
    0.5064390301704407
  ],
  "symmetry_ratio": [
    0.6172629594802856,
    0.6051894426345825
  ],
  "energy_distribution": [
    0.3181557357311249,
    0.32998377084732056
  ],
  "motion_stability": [
    4.041935443878174,
    1.2694382667541504
  ],
  "freq_entropy": [
    9.474346160888672,
    9.407060623168945
  ]
}