{
  "dominant_freq": [
    1.8416666666666666,
    1.853707414829659
  ],
  "amp_mean_x": [
    0.15396584570407867,
    0.20218802988529205
  ],
  "amp_mean_y": [
    0.2662438154220581,
    0.4606708586215973
  ],
  "symmetry_ratio": [
    0.5782889127731323,
    0.43889909982681274
  ],
  "energy_distribution": [
    0.22439801692962646,
    0.3343348205089569
  ],
  "motion_stability": [
    2.2294764518737793,
    2.8068971633911133
  ],
  "freq_entropy": [
    9.591255187988281,
    9.546150207519531
  ]
}