{
  "dominant_freq": [
    0.296000296000296,
    5.6015871163496325
  ],
  "amp_mean_x": [
    0.2517249286174774,
    0.5916450023651123
  ],
  "amp_mean_y": [
    0.3016481101512909,
    0.9125092625617981
  ],
  "symmetry_ratio": [
    0.8344985842704773,
    0.6483715176582336
  ],
  "energy_distribution": [
    0.17888350784778595,
    0.19759532809257507
  ],
  "motion_stability": [
    2.1746010780334473,
    2.8958423137664795
  ],
  "freq_entropy": [
    10.327292442321777,
    10.362476348876953
  ]
}