{
  "dominant_freq": [
    0.11032177183451736
  ],
  "amp_mean_x": [
    0.3461311161518097
  ],
  "amp_mean_y": [
    0.6445800065994263
  ],
  "symmetry_ratio": [
    0.5369870662689209
  ],
  "energy_distribution": [
    0.238822802901268
  ],
  "motion_stability": [
    2.5380496978759766
  ],
  "freq_entropy": [
    10.331467628479004
  ]
}