{
  "dominant_freq": [
    0.7195862068965516,
    0.10721805792163544,
    4.457207836456559,
    6.813801448657861,
    0.27546893617021273
  ],
  "amp_mean_x": [
    0.34086498618125916,
    0.35941553115844727,
    0.2176467329263687,
    0.20661894977092743,
    0.16093796491622925
  ],
  "amp_mean_y": [
    0.4959721863269806,
    0.633236825466156,
    0.35837677121162415,
    0.3551877737045288,
    0.2671438157558441
  ],
  "symmetry_ratio": [
    0.6872663497924805,
    0.5675846934318542,
    0.6073126196861267,
    0.5817174911499023,
    0.6024394035339355
  ],
  "energy_distribution": [
    0.20507383346557617,
    0.24524211883544922,
    0.21273863315582275,
    0.1792430728673935,
    0.20948243141174316
  ],
  "motion_stability": [
    5.151224136352539,
    3.3376431465148926,
    2.3836047649383545,
    2.113166093826294,
    1.981072187423706
  ],
  "freq_entropy": [
    10.408966064453125,
    10.324926376342773,
    10.273183822631836,
    10.291409492492676,
    10.30109977722168
  ]
}