{
  "dominant_freq": [
    0.11555555555555555,
    8.702222222222222
  ],
  "amp_mean_x": [
    0.15819227695465088,
    0.43381527066230774
  ],
  "amp_mean_y": [
    0.4005981385707855,
    0.4033724069595337
  ],
  "symmetry_ratio": [
    0.3948901891708374,
    1.0754708051681519
  ],
  "energy_distribution": [
    0.29028698801994324,
    0.20341873168945312
  ],
  "motion_stability": [
    2.3849358558654785,
    1.4821298122406006
  ],
  "freq_entropy": [
    9.421245574951172,
    9.488365173339844
  ]
}