{
  "dominant_freq": [
    6.873119999999999,
    2.8533254835996633
  ],
  "amp_mean_x": [
    0.5877708792686462,
    0.7855551838874817
  ],
  "amp_mean_y": [
    1.2605983018875122,
    1.6988165378570557
  ],
  "symmetry_ratio": [
    0.46626341342926025,
    0.4624131917953491
  ],
  "energy_distribution": [
    0.22678348422050476,
    0.20626790821552277
  ],
  "motion_stability": [
    2.6957948207855225,
    2.5634076595306396
  ],
  "freq_entropy": [
    9.401571273803711,
    9.283580780029297
  ]
}