{
  "dominant_freq": [
    0.11823510965878033,
    1.5329274106907396,
    1.984556493304811,
    0.12536483124718417
  ],
  "amp_mean_x": [
    1.4928592443466187,
    1.8953958749771118,
    2.571835994720459,
    2.0090367794036865
  ],
  "amp_mean_y": [
    0.7393044829368591,
    0.7780929207801819,
    1.8475463390350342,
    1.1735409498214722
  ],
  "symmetry_ratio": [
    2.019275188446045,
    2.435950517654419,
    1.3920278549194336,
    1.711944341659546
  ],
  "energy_distribution": [
    0.44012725353240967,
    0.2510743737220764,
    0.27715152502059937,
    0.48724815249443054
  ],
  "motion_stability": [
    2.7959704399108887,
    3.5427682399749756,
    3.5237879753112793,
    3.352358818054199
  ],
  "freq_entropy": [
    10.023213386535645,
    10.384871482849121,
    10.067442893981934,
    9.701128959655762
  ]
}