{
  "dominant_freq": [
    0.47951999999999995,
    0.7039761702127659,
    2.1629412765957445
  ],
  "amp_mean_x": [
    0.06976456940174103,
    0.06670376658439636,
    0.06814999133348465
  ],
  "amp_mean_y": [
    0.1259603351354599,
    0.16349798440933228,
    0.17426766455173492
  ],
  "symmetry_ratio": [
    0.5538614392280579,
    0.4079791307449341,
    0.3910650312900543
  ],
  "energy_distribution": [
    0.30195942521095276,
    0.24293234944343567,
    0.1917591243982315
  ],
  "motion_stability": [
    1.3116073608398438,
    1.152224063873291,
    1.3061171770095825
  ],
  "freq_entropy": [
    9.749996185302734,
    10.185481071472168,
    10.22724723815918
  ]
}