{
  "dominant_freq": [
    3.4762643923240937,
    0.32295258620689654,
    0.6397011739594449
  ],
  "amp_mean_x": [
    1.140442967414856,
    2.3660736083984375,
    1.4529569149017334
  ],
  "amp_mean_y": [
    1.6536766290664673,
    4.701275825500488,
    2.8087315559387207
  ],
  "symmetry_ratio": [
    0.6896408796310425,
    0.5032833218574524,
    0.517300009727478
  ],
  "energy_distribution": [
    0.21690957248210907,
    0.2750816345214844,
    0.19507946074008942
  ],
  "motion_stability": [
    2.3856515884399414,
    2.179488182067871,
    2.499941825866699
  ],
  "freq_entropy": [
    8.96426010131836,
    8.936857223510742,
    8.981663703918457
  ]
}