{
  "dominant_freq": [
    1.4385614385614385,
    5.710652983380255,
    0.7192807192807192,
    1.6783216783216781,
    2.3758060121696487
  ],
  "amp_mean_x": [
    0.11968794465065002,
    0.10820363461971283,
    0.12416939437389374,
    0.1373196542263031,
    0.11859247088432312
  ],
  "amp_mean_y": [
    0.23481296002864838,
    0.15249022841453552,
    0.27167773246765137,
    0.2568262815475464,
    0.2670935094356537
  ],
  "symmetry_ratio": [
    0.5097160935401917,
    0.7095775008201599,
    0.45704662799835205,
    0.534679114818573,
    0.44401106238365173
  ],
  "energy_distribution": [
    0.20212586224079132,
    0.18942631781101227,
    0.2709719240665436,
    0.23742665350437164,
    0.3659975230693817
  ],
  "motion_stability": [
    1.1783225536346436,
    1.8563432693481445,
    1.4160327911376953,
    1.579543113708496,
    2.158275604248047
  ],
  "freq_entropy": [
    8.170949935913086,
    8.205709457397461,
    8.209711074829102,
    8.103324890136719,
    8.137605667114258
  ]
}