{
  "dominant_freq": [
    5.28733894736842,
    5.514479999999999,
    4.32829894736842
  ],
  "amp_mean_x": [
    0.20617561042308807,
    0.1658502221107483,
    0.10489342361688614
  ],
  "amp_mean_y": [
    0.22995559871196747,
    0.14792948961257935,
    0.1459265798330307
  ],
  "symmetry_ratio": [
    0.8965888023376465,
    1.1211436986923218,
    0.7188096046447754
  ],
  "energy_distribution": [
    0.18295307457447052,
    0.1707722395658493,
    0.21758487820625305
  ],
  "motion_stability": [
    2.9159977436065674,
    1.453437328338623,
    2.123610258102417
  ],
  "freq_entropy": [
    9.018034934997559,
    8.997628211975098,
    9.002233505249023
  ]
}