{
  "dominant_freq": [
    3.782956772334294,
    2.5526773255813953
  ],
  "amp_mean_x": [
    1.3324543237686157,
    1.8367650508880615
  ],
  "amp_mean_y": [
    1.9065359830856323,
    3.403059482574463
  ],
  "symmetry_ratio": [
    0.6988875865936279,
    0.5397393107414246
  ],
  "energy_distribution": [
    0.1908905953168869,
    0.24346840381622314
  ],
  "motion_stability": [
    1.9934580326080322,
    1.718686819076538
  ],
  "freq_entropy": [
    9.576118469238281,
    9.566411972045898
  ]
}