{
  "dominant_freq": [
    4.698947368421053,
    3.066808059384942,
    0.4547368421052632
  ],
  "amp_mean_x": [
    0.12885688245296478,
    0.16881217062473297,
    0.10456926375627518
  ],
  "amp_mean_y": [
    0.19651192426681519,
    0.13992613554000854,
    0.1070452556014061
  ],
  "symmetry_ratio": [
    0.6557204127311707,
    1.2064377069473267,
    0.9768696427345276
  ],
  "energy_distribution": [
    0.21067900955677032,
    0.278976172208786,
    0.30579057335853577
  ],
  "motion_stability": [
    2.093101978302002,
    1.2961864471435547,
    1.189600944519043
  ],
  "freq_entropy": [
    8.994789123535156,
    8.81340217590332,
    8.786779403686523
  ]
}