{
  "dominant_freq": [
    1.847165991902834,
    0.3,
    0.1,
    1.25,
    0.35
  ],
  "amp_mean_x": [
    0.4113216996192932,
    0.3620151877403259,
    0.34668242931365967,
    0.6191868782043457,
    0.4397072196006775
  ],
  "amp_mean_y": [
    0.9686523079872131,
    0.6294382214546204,
    0.44185614585876465,
    0.29879680275917053,
    0.19561947882175446
  ],
  "symmetry_ratio": [
    0.4246329665184021,
    0.575140118598938,
    0.7846047282218933,
    2.072267532348633,
    2.2477681636810303
  ],
  "energy_distribution": [
    0.23298977315425873,
    0.33125147223472595,
    0.3834723234176636,
    0.2891198992729187,
    0.3031948506832123
  ],
  "motion_stability": [
    2.2662904262542725,
    1.0064482688903809,
    1.2352359294891357,
    1.1213390827178955,
    1.053891658782959
  ],
  "freq_entropy": [
    7.931041717529297,
    7.933676242828369,
    7.311553478240967,
    7.984175682067871,
    7.609492301940918
  ]
}