{
  "dominant_freq": [
    0.11453744493392072,
    0.13215859030837007
  ],
  "amp_mean_x": [
    1.1589723825454712,
    1.062749981880188
  ],
  "amp_mean_y": [
    2.8894689083099365,
    2.8184070587158203
  ],
  "symmetry_ratio": [
    0.401102215051651,
    0.3770746886730194
  ],
  "energy_distribution": [
    0.5025843977928162,
    0.31399762630462646
  ],
  "motion_stability": [
    2.4446866512298584,
    1.806110143661499
  ],
  "freq_entropy": [
    8.83877182006836,
    9.281397819519043
  ]
}