{
  "dominant_freq": [
    2.539083677123719,
    0.30285503969714495,
    4.202113675797886
  ],
  "amp_mean_x": [
    0.2255711406469345,
    0.42592594027519226,
    0.4907943606376648
  ],
  "amp_mean_y": [
    0.16065631806850433,
    0.3181512653827667,
    0.20425865054130554
  ],
  "symmetry_ratio": [
    1.4040602445602417,
    1.3387529850006104,
    2.40280818939209
  ],
  "energy_distribution": [
    0.24314014613628387,
    0.26967963576316833,
    0.272760808467865
  ],
  "motion_stability": [
    2.8344101905822754,
    1.9950090646743774,
    2.2968273162841797
  ],
  "freq_entropy": [
    9.008734703063965,
    8.906085968017578,
    9.001829147338867
  ]
}