{
  "dominant_freq": [
    0.2907727659574468,
    0.10717241379310344,
    0.1022866894197952
  ],
  "amp_mean_x": [
    0.18985238671302795,
    0.2644067406654358,
    0.38184717297554016
  ],
  "amp_mean_y": [
    0.2533959150314331,
    0.1837838739156723,
    0.20243485271930695
  ],
  "symmetry_ratio": [
    0.7492322325706482,
    1.438683032989502,
    1.8862718343734741
  ],
  "energy_distribution": [
    0.2760140597820282,
    0.6011462807655334,
    0.32513687014579773
  ],
  "motion_stability": [
    1.6785566806793213,
    2.1071577072143555,
    2.3264455795288086
  ],
  "freq_entropy": [
    10.219350814819336,
    9.132719039916992,
    10.19122314453125
  ]
}