{
  "dominant_freq": [
    1.0972413793103448,
    0.4744187234042553
  ],
  "amp_mean_x": [
    0.3198823630809784,
    0.2777053415775299
  ],
  "amp_mean_y": [
    0.6547715663909912,
    0.5149780511856079
  ],
  "symmetry_ratio": [
    0.4885404109954834,
    0.5392566323280334
  ],
  "energy_distribution": [
    0.19292815029621124,
    0.25409823656082153
  ],
  "motion_stability": [
    3.56982684135437,
    1.4131619930267334
  ],
  "freq_entropy": [
    10.450599670410156,
    10.134773254394531
  ]
}