{
  "dominant_freq": [
    2.566037321624588,
    2.1912178533475024,
    0.6309473684210527
  ],
  "amp_mean_x": [
    2.1947214603424072,
    1.578262209892273,
    2.783963441848755
  ],
  "amp_mean_y": [
    3.9260969161987305,
    3.562649726867676,
    7.228847026824951
  ],
  "symmetry_ratio": [
    0.5590084791183472,
    0.4430023431777954,
    0.38511860370635986
  ],
  "energy_distribution": [
    0.24616216123104095,
    0.21760594844818115,
    0.25385019183158875
  ],
  "motion_stability": [
    2.3620266914367676,
    2.244586944580078,
    1.8596484661102295
  ],
  "freq_entropy": [
    8.971439361572266,
    9.012392044067383,
    8.872851371765137
  ]
}