{
  "dominant_freq": [
    0.2914285714285715,
    0.7028571428571428
  ],
  "amp_mean_x": [
    0.0834137424826622,
    0.1221826821565628
  ],
  "amp_mean_y": [
    0.23058964312076569,
    0.2244032472372055
  ],
  "symmetry_ratio": [
    0.3617410659790039,
    0.5444782376289368
  ],
  "energy_distribution": [
    0.23290522396564484,
    0.18447233736515045
  ],
  "motion_stability": [
    1.1160881519317627,
    1.0029922723770142
  ],
  "freq_entropy": [
    9.473296165466309,
    9.4942045211792
  ]
}