{
  "dominant_freq": [
    3.0689655172413794,
    3.243010752688172
  ],
  "amp_mean_x": [
    0.8653396368026733,
    1.661959171295166
  ],
  "amp_mean_y": [
    1.4054855108261108,
    2.2479076385498047
  ],
  "symmetry_ratio": [
    0.615687370300293,
    0.7393360733985901
  ],
  "energy_distribution": [
    0.28347447514533997,
    0.18915237486362457
  ],
  "motion_stability": [
    3.209660530090332,
    2.2076504230499268
  ],
  "freq_entropy": [
    9.509222030639648,
    9.508904457092285
  ]
}