{
  "dominant_freq": [
    4.444126074498568,
    0.6608695652173913
  ],
  "amp_mean_x": [
    0.6814227104187012,
    0.952947735786438
  ],
  "amp_mean_y": [
    1.389298439025879,
    2.4963150024414062
  ],
  "symmetry_ratio": [
    0.4904797077178955,
    0.38174179196357727
  ],
  "energy_distribution": [
    0.30213606357574463,
    0.23239076137542725
  ],
  "motion_stability": [
    2.544233798980713,
    2.382338047027588
  ],
  "freq_entropy": [
    9.12986946105957,
    9.498196601867676
  ]
}