{
  "dominant_freq": [
    0.38,
    7.207333333333333,
    0.24066666666666667
  ],
  "amp_mean_x": [
    0.08028411865234375,
    0.11992152780294418,
    0.10186959058046341
  ],
  "amp_mean_y": [
    0.10641307383775711,
    0.23259560763835907,
    0.1735469400882721
  ],
  "symmetry_ratio": [
    0.7544572949409485,
    0.5155795216560364,
    0.5869858264923096
  ],
  "energy_distribution": [
    0.2729363441467285,
    0.21757927536964417,
    0.23444391787052155
  ],
  "motion_stability": [
    2.086737871170044,
    1.5527607202529907,
    1.2364966869354248
  ],
  "freq_entropy": [
    8.8764066696167,
    9.007984161376953,
    8.880273818969727
  ]
}