{
  "dominant_freq": [
    4.182857142857143,
    0.12000000000000001
  ],
  "amp_mean_x": [
    0.32061251997947693,
    0.460357666015625
  ],
  "amp_mean_y": [
    0.6256985664367676,
    0.8248025178909302
  ],
  "symmetry_ratio": [
    0.5124073028564453,
    0.558142900466919
  ],
  "energy_distribution": [
    0.22417747974395752,
    0.290892630815506
  ],
  "motion_stability": [
    1.6071317195892334,
    2.24752140045166
  ],
  "freq_entropy": [
    9.592000007629395,
    9.38344955444336
  ]
}