{
  "dominant_freq": [
    1.174798735511064,
    6.4424446786090614,
    2.0107261146496813
  ],
  "amp_mean_x": [
    0.643906831741333,
    0.9298365712165833,
    0.641852855682373
  ],
  "amp_mean_y": [
    0.5638598203659058,
    1.1213196516036987,
    0.7493310570716858
  ],
  "symmetry_ratio": [
    1.1419626474380493,
    0.8292341828346252,
    0.8565678000450134
  ],
  "energy_distribution": [
    0.24190454185009003,
    0.21047328412532806,
    0.2622883915901184
  ],
  "motion_stability": [
    3.3164544105529785,
    2.2830605506896973,
    2.7000467777252197
  ],
  "freq_entropy": [
    8.958409309387207,
    8.995126724243164,
    9.046236038208008
  ]
}