{
  "dominant_freq": [
    2.1266558635394457,
    3.677206484641638
  ],
  "amp_mean_x": [
    0.9906551837921143,
    0.7353188395500183
  ],
  "amp_mean_y": [
    1.570509433746338,
    0.9233593344688416
  ],
  "symmetry_ratio": [
    0.6307858824729919,
    0.7963517904281616
  ],
  "energy_distribution": [
    0.22299297153949738,
    0.19222959876060486
  ],
  "motion_stability": [
    2.6266374588012695,
    3.5243020057678223
  ],
  "freq_entropy": [
    10.294532775878906,
    10.301473617553711
  ]
}