{
  "dominant_freq": [
    0.48089398280802287,
    4.130247319513938
  ],
  "amp_mean_x": [
    0.5667564868927002,
    1.0995287895202637
  ],
  "amp_mean_y": [
    0.9803777933120728,
    2.2177770137786865
  ],
  "symmetry_ratio": [
    0.5781000852584839,
    0.49577969312667847
  ],
  "energy_distribution": [
    0.21482600271701813,
    0.24515409767627716
  ],
  "motion_stability": [
    1.5433425903320312,
    2.3980586528778076
  ],
  "freq_entropy": [
    9.510015487670898,
    9.358555793762207
  ]
}