{
  "dominant_freq": [
    5.233470967741935,
    7.622636285468616
  ],
  "amp_mean_x": [
    0.6494997143745422,
    1.619508147239685
  ],
  "amp_mean_y": [
    1.1247632503509521,
    2.7824349403381348
  ],
  "symmetry_ratio": [
    0.5774546265602112,
    0.5820471048355103
  ],
  "energy_distribution": [
    0.2124214768409729,
    0.23877161741256714
  ],
  "motion_stability": [
    3.9141626358032227,
    2.4157984256744385
  ],
  "freq_entropy": [
    10.278700828552246,
    10.314159393310547
  ]
}