{
  "dominant_freq": [
    0.101159114857745,
    0.11404435058078143,
    0.12631578947368421
  ],
  "amp_mean_x": [
    0.39293956756591797,
    0.35433846712112427,
    0.20084351301193237
  ],
  "amp_mean_y": [
    0.6077963709831238,
    0.833692193031311,
    1.1159288883209229
  ],
  "symmetry_ratio": [
    0.6464986801147461,
    0.4250231385231018,
    0.17997877299785614
  ],
  "energy_distribution": [
    0.28275272250175476,
    0.3677162826061249,
    0.3786318004131317
  ],
  "motion_stability": [
    1.295560359954834,
    1.1140072345733643,
    1.083148717880249
  ],
  "freq_entropy": [
    8.88376522064209,
    8.753602981567383,
    8.824999809265137
  ]
}