{
  "dominant_freq": [
    4.8637606597421135,
    0.2860880459032884
  ],
  "amp_mean_x": [
    0.9022539258003235,
    0.6076455116271973
  ],
  "amp_mean_y": [
    1.962978720664978,
    0.6409046053886414
  ],
  "symmetry_ratio": [
    0.4596351087093353,
    0.9481059908866882
  ],
  "energy_distribution": [
    0.26129671931266785,
    0.21371741592884064
  ],
  "motion_stability": [
    3.628570318222046,
    2.1032097339630127
  ],
  "freq_entropy": [
    9.411062240600586,
    9.306924819946289
  ]
}