{
  "dominant_freq": [
    1.2591727818545697,
    2.2309491978609626
  ],
  "amp_mean_x": [
    0.20735783874988556,
    0.3758583962917328
  ],
  "amp_mean_y": [
    0.23604220151901245,
    0.4161730706691742
  ],
  "symmetry_ratio": [
    0.8784778118133545,
    0.903130054473877
  ],
  "energy_distribution": [
    0.37124279141426086,
    0.25790935754776
  ],
  "motion_stability": [
    2.2057900428771973,
    3.597059726715088
  ],
  "freq_entropy": [
    9.260658264160156,
    8.914055824279785
  ]
}