{
  "dominant_freq": [
    0.10105263157894738,
    0.12631578947368421,
    3.6378947368421057
  ],
  "amp_mean_x": [
    0.05107343941926956,
    0.32336825132369995,
    0.08354373276233673
  ],
  "amp_mean_y": [
    0.060898307710886,
    0.31204891204833984,
    0.22287380695343018
  ],
  "symmetry_ratio": [
    0.838667631149292,
    1.0362741947174072,
    0.3748476803302765
  ],
  "energy_distribution": [
    0.38284578919410706,
    0.4753057658672333,
    0.175297349691391
  ],
  "motion_stability": [
    1.6211183071136475,
    4.896188259124756,
    3.3284966945648193
  ],
  "freq_entropy": [
    8.581258773803711,
    7.734031677246094,
    9.056093215942383
  ]
}