{
  "dominant_freq": [
    3.2062825130052017,
    0.750300120048019
  ],
  "amp_mean_x": [
    0.4519506096839905,
    0.29104283452033997
  ],
  "amp_mean_y": [
    0.7706105709075928,
    0.5357810854911804
  ],
  "symmetry_ratio": [
    0.5864837765693665,
    0.5432122349739075
  ],
  "energy_distribution": [
    0.2739359438419342,
    0.21802902221679688
  ],
  "motion_stability": [
    2.111934185028076,
    1.6313586235046387
  ],
  "freq_entropy": [
    10.291423797607422,
    10.375381469726562
  ]
}