{
  "dominant_freq": [
    4.237959633027523,
    0.9989999999999999
  ],
  "amp_mean_x": [
    2.8679727495992586,
    1.9361721235844824
  ],
  "amp_mean_y": [
    4.028751718596945,
    3.4301503234439426
  ],
  "symmetry_ratio": [
    0.7118762708460128,
    0.5644569307506399
  ],
  "energy_distribution": [
    0.19855002295384064,
    0.21693682017980484
  ],
  "motion_stability": [
    3.9966790183587078,
    2.4894900853337623
  ],
  "freq_entropy": [
    9.934636719769472,
    8.281455930754136
  ]
}