{
  "dominant_freq": [
    0.21588559322033896,
    0.13910126582278481,
    8.376393234672303
  ],
  "amp_mean_x": [
    0.4570571482181549,
    0.42536717653274536,
    0.25509345531463623
  ],
  "amp_mean_y": [
    0.7985565662384033,
    0.9273824095726013,
    0.639741063117981
  ],
  "symmetry_ratio": [
    0.5723541378974915,
    0.4586750566959381,
    0.3987448513507843
  ],
  "energy_distribution": [
    0.2662099003791809,
    0.2783571779727936,
    0.22014378011226654
  ],
  "motion_stability": [
    3.6793229579925537,
    2.131941318511963,
    2.1547794342041016
  ],
  "freq_entropy": [
    9.058164596557617,
    8.919398307800293,
    9.044241905212402
  ]
}