{
  "dominant_freq": [
    0.11988,
    0.10275428571428571
  ],
  "amp_mean_x": [
    0.2512364983558655,
    0.31249964237213135
  ],
  "amp_mean_y": [
    0.38392573595046997,
    0.3431295156478882
  ],
  "symmetry_ratio": [
    0.6543882489204407,
    0.9107337594032288
  ],
  "energy_distribution": [
    0.2722608745098114,
    0.6170299649238586
  ],
  "motion_stability": [
    1.946828842163086,
    1.8287830352783203
  ],
  "freq_entropy": [
    9.612266540527344,
    8.577733039855957
  ]
}