{
  "dominant_freq": [
    2.112827586206896,
    0.10712680851063829
  ],
  "amp_mean_x": [
    0.3230512738227844,
    0.1454787403345108
  ],
  "amp_mean_y": [
    0.5649323463439941,
    0.34581780433654785
  ],
  "symmetry_ratio": [
    0.5718406438827515,
    0.42068031430244446
  ],
  "energy_distribution": [
    0.21558557450771332,
    0.2889259159564972
  ],
  "motion_stability": [
    2.9368815422058105,
    1.5370705127716064
  ],
  "freq_entropy": [
    10.232294082641602,
    10.178654670715332
  ]
}