{
  "dominant_freq": [
    3.1421178947368418,
    0.971658947368421,
    2.119983157894737
  ],
  "amp_mean_x": [
    0.08581473678350449,
    0.14110775291919708,
    0.16966892778873444
  ],
  "amp_mean_y": [
    0.33597347140312195,
    0.3432280421257019,
    0.3782917261123657
  ],
  "symmetry_ratio": [
    0.25542116165161133,
    0.4111195206642151,
    0.4485134482383728
  ],
  "energy_distribution": [
    0.22426344454288483,
    0.2753942012786865,
    0.24167905747890472
  ],
  "motion_stability": [
    1.2570490837097168,
    1.2235374450683594,
    1.6380627155303955
  ],
  "freq_entropy": [
    9.010015487670898,
    8.917879104614258,
    9.078641891479492
  ]
}