{
  "dominant_freq": [
    0.49992510638297866,
    2.091523404255319
  ],
  "amp_mean_x": [
    0.24547050893306732,
    0.3895687758922577
  ],
  "amp_mean_y": [
    0.2864546477794647,
    0.4103214740753174
  ],
  "symmetry_ratio": [
    0.8569262623786926,
    0.9494233131408691
  ],
  "energy_distribution": [
    0.22020992636680603,
    0.2260179966688156
  ],
  "motion_stability": [
    1.5066206455230713,
    1.7420274019241333
  ],
  "freq_entropy": [
    10.295015335083008,
    10.295841217041016
  ]
}