{
  "dominant_freq": [
    2.3798798877996346,
    5.552342394447657,
    0.7705676831071984
  ],
  "amp_mean_x": [
    0.5469974279403687,
    0.49431151151657104,
    0.4486764967441559
  ],
  "amp_mean_y": [
    0.9663530588150024,
    1.0794029235839844,
    0.7844094038009644
  ],
  "symmetry_ratio": [
    0.5660430192947388,
    0.4579490125179291,
    0.5719927549362183
  ],
  "energy_distribution": [
    0.14563985168933868,
    0.1996193826198578,
    0.19996099174022675
  ],
  "motion_stability": [
    3.259619951248169,
    2.6008150577545166,
    2.4626548290252686
  ],
  "freq_entropy": [
    9.127063751220703,
    9.108129501342773,
    8.96397876739502
  ]
}