{
  "dominant_freq": [
    0.465,
    1.685
  ],
  "amp_mean_x": [
    0.1492905467748642,
    0.09146031737327576
  ],
  "amp_mean_y": [
    0.36183780431747437,
    0.16455474495887756
  ],
  "symmetry_ratio": [
    0.4125896990299225,
    0.5558047890663147
  ],
  "energy_distribution": [
    0.20378638803958893,
    0.198927104473114
  ],
  "motion_stability": [
    1.2176051139831543,
    1.27528715133667
  ],
  "freq_entropy": [
    10.297051429748535,
    10.228143692016602
  ]
}