{
  "dominant_freq": [
    4.837894736842105,
    0.1136842105263158,
    0.3157894736842105
  ],
  "amp_mean_x": [
    0.7562821507453918,
    0.5415191054344177,
    0.22492416203022003
  ],
  "amp_mean_y": [
    1.0795681476593018,
    0.5503056645393372,
    0.28224340081214905
  ],
  "symmetry_ratio": [
    0.7005413770675659,
    0.9840332865715027,
    0.796915590763092
  ],
  "energy_distribution": [
    0.18731628358364105,
    0.2725813090801239,
    0.26449835300445557
  ],
  "motion_stability": [
    1.7476534843444824,
    1.1110438108444214,
    0.9613011479377747
  ],
  "freq_entropy": [
    8.994562149047852,
    8.874210357666016,
    8.896622657775879
  ]
}