{
  "dominant_freq": [
    0.11188811188811189,
    0.11188811188811189
  ],
  "amp_mean_x": [
    0.12124184519052505,
    0.2533065974712372
  ],
  "amp_mean_y": [
    0.18629825115203857,
    0.3191439211368561
  ],
  "symmetry_ratio": [
    0.6507943272590637,
    0.793706476688385
  ],
  "energy_distribution": [
    0.28890401124954224,
    0.3734583854675293
  ],
  "motion_stability": [
    1.4986116886138916,
    1.1725518703460693
  ],
  "freq_entropy": [
    9.607368469238281,
    9.203996658325195
  ]
}