{
  "dominant_freq": [
    0.12149848126898413,
    0.12,
    0.3651217072357452
  ],
  "amp_mean_x": [
    0.737388014793396,
    0.10773716121912003,
    0.19274425506591797
  ],
  "amp_mean_y": [
    0.8851149678230286,
    0.46037912368774414,
    0.3315437138080597
  ],
  "symmetry_ratio": [
    0.8330985903739929,
    0.23401834070682526,
    0.5813539624214172
  ],
  "energy_distribution": [
    0.41596853733062744,
    0.2553083896636963,
    0.22689196467399597
  ],
  "motion_stability": [
    4.9628095626831055,
    1.7290011644363403,
    1.6002912521362305
  ],
  "freq_entropy": [
    9.944648742675781,
    10.308086395263672,
    10.214509010314941
  ]
}