{
  "dominant_freq": [
    3.9279039504260265,
    4.84716591928251
  ],
  "amp_mean_x": [
    2.7136502265930176,
    1.612117886543274
  ],
  "amp_mean_y": [
    4.130917072296143,
    2.422658920288086
  ],
  "symmetry_ratio": [
    0.6569123268127441,
    0.6654332876205444
  ],
  "energy_distribution": [
    0.19422411918640137,
    0.2135874330997467
  ],
  "motion_stability": [
    3.7422986030578613,
    3.983841896057129
  ],
  "freq_entropy": [
    9.472887992858887,
    9.521049499511719
  ]
}