{
  "dominant_freq": [
    0.72,
    3.4800000000000004,
    1.416,
    0.14516129032258066,
    2.136
  ],
  "amp_mean_x": [
    0.19982627034187317,
    0.3180869221687317,
    0.3044942319393158,
    1.3961275815963745,
    0.29024457931518555
  ],
  "amp_mean_y": [
    0.19844931364059448,
    0.2045622169971466,
    0.3113751709461212,
    1.0246474742889404,
    0.14490143954753876
  ],
  "symmetry_ratio": [
    1.0069385766983032,
    1.5549641847610474,
    0.9779014587402344,
    1.362544298171997,
    2.0030481815338135
  ],
  "energy_distribution": [
    0.24206461012363434,
    0.16678369045257568,
    0.2269662469625473,
    0.5674518346786499,
    0.18159089982509613
  ],
  "motion_stability": [
    1.6355555057525635,
    1.3151347637176514,
    1.5028576850891113,
    2.914673089981079,
    1.1260625123977661
  ],
  "freq_entropy": [
    7.987182140350342,
    8.056142807006836,
    8.010286331176758,
    7.112212181091309,
    8.068635940551758
  ]
}