{
  "dominant_freq": [
    3.876970212765957,
    0.4846212765957446
  ],
  "amp_mean_x": [
    0.17513661086559296,
    0.22781488299369812
  ],
  "amp_mean_y": [
    0.2315012514591217,
    0.24381090700626373
  ],
  "symmetry_ratio": [
    0.7565255761146545,
    0.9343916773796082
  ],
  "energy_distribution": [
    0.20845460891723633,
    0.22287702560424805
  ],
  "motion_stability": [
    0.929584264755249,
    1.42372465133667
  ],
  "freq_entropy": [
    10.236974716186523,
    10.132362365722656
  ]
}