{
  "dominant_freq": [
    3.3600000000000003,
    2.64,
    0.48000000000000004
  ],
  "amp_mean_x": [
    0.0660291314125061,
    0.064581498503685,
    0.04061216488480568
  ],
  "amp_mean_y": [
    0.09762085229158401,
    0.06640759855508804,
    0.07105181366205215
  ],
  "symmetry_ratio": [
    0.6763834953308105,
    0.9725016355514526,
    0.5715851783752441
  ],
  "energy_distribution": [
    0.19046464562416077,
    0.22050534188747406,
    0.19792716205120087
  ],
  "motion_stability": [
    1.2765254974365234,
    1.7219784259796143,
    1.8017752170562744
  ],
  "freq_entropy": [
    8.824004173278809,
    8.761804580688477,
    8.81278133392334
  ]
}