{
  "dominant_freq": [
    0.15584415584415584,
    3.896103896103896
  ],
  "amp_mean_x": [
    0.1873593032360077,
    0.1362941563129425
  ],
  "amp_mean_y": [
    0.21253155171871185,
    0.08487308025360107
  ],
  "symmetry_ratio": [
    0.8815599679946899,
    1.6058584451675415
  ],
  "energy_distribution": [
    0.5118311047554016,
    0.441371887922287
  ],
  "motion_stability": [
    1.7547158002853394,
    1.2805795669555664
  ],
  "freq_entropy": [
    8.193958282470703,
    8.46345043182373
  ]
}