{
  "dominant_freq": [
    1.4177993664202744,
    0.49684590860786393,
    2.2635569620253166
  ],
  "amp_mean_x": [
    0.417270302772522,
    1.3753279447555542,
    0.37419599294662476
  ],
  "amp_mean_y": [
    0.502125084400177,
    1.8261998891830444,
    0.35587337613105774
  ],
  "symmetry_ratio": [
    0.8310086727142334,
    0.7531092166900635,
    1.0514863729476929
  ],
  "energy_distribution": [
    0.20348036289215088,
    0.3728104531764984,
    0.22474585473537445
  ],
  "motion_stability": [
    5.0875468254089355,
    3.822338581085205,
    4.735185623168945
  ],
  "freq_entropy": [
    9.046884536743164,
    8.793340682983398,
    9.164790153503418
  ]
}