{
  "dominant_freq": [
    5.23989898989899
  ],
  "amp_mean_x": [
    1.0195839405059814
  ],
  "amp_mean_y": [
    2.8204798698425293
  ],
  "symmetry_ratio": [
    0.3614930808544159
  ],
  "energy_distribution": [
    0.22274956107139587
  ],
  "motion_stability": [
    4.066911697387695
  ],
  "freq_entropy": [
    10.317087173461914
  ]
}