{
  "dominant_freq": [
    2.496068620443174,
    0.3085714285714286
  ],
  "amp_mean_x": [
    0.24100717902183533,
    0.06467091292142868
  ],
  "amp_mean_y": [
    0.2886667847633362,
    0.23383240401744843
  ],
  "symmetry_ratio": [
    0.834897518157959,
    0.27656951546669006
  ],
  "energy_distribution": [
    0.14620018005371094,
    0.19868934154510498
  ],
  "motion_stability": [
    7.2156291007995605,
    1.1183637380599976
  ],
  "freq_entropy": [
    9.588603973388672,
    9.55445671081543
  ]
}