{
  "dominant_freq": [
    0.300240192153723,
    0.3205128205128205
  ],
  "amp_mean_x": [
    0.40017250180244446,
    0.7728255987167358
  ],
  "amp_mean_y": [
    0.46713846921920776,
    0.3682951033115387
  ],
  "symmetry_ratio": [
    0.8566464185714722,
    2.098386764526367
  ],
  "energy_distribution": [
    0.4934561848640442,
    0.6031968593597412
  ],
  "motion_stability": [
    2.8521523475646973,
    3.7164955139160156
  ],
  "freq_entropy": [
    9.745418548583984,
    9.676192283630371
  ]
}