{
  "dominant_freq": [
    0.2740114285714286,
    1.7309335239456753
  ],
  "amp_mean_x": [
    0.12599025666713715,
    0.2161744385957718
  ],
  "amp_mean_y": [
    0.20937687158584595,
    0.38697314262390137
  ],
  "symmetry_ratio": [
    0.6017391085624695,
    0.558629035949707
  ],
  "energy_distribution": [
    0.23648492991924286,
    0.30968523025512695
  ],
  "motion_stability": [
    1.6759421825408936,
    1.75356125831604
  ],
  "freq_entropy": [
    9.508243560791016,
    9.26129150390625
  ]
}