{
  "dominant_freq": [
    1.3055222088835532,
    0.29,
    0.49
  ],
  "amp_mean_x": [
    0.08726168423891068,
    0.10643716901540756,
    0.07744356989860535
  ],
  "amp_mean_y": [
    0.27936917543411255,
    0.40205880999565125,
    0.19859760999679565
  ],
  "symmetry_ratio": [
    0.31235259771347046,
    0.2647303342819214,
    0.3899521827697754
  ],
  "energy_distribution": [
    0.21644221246242523,
    0.2435648888349533,
    0.24090267717838287
  ],
  "motion_stability": [
    1.5089627504348755,
    1.5969061851501465,
    1.6883779764175415
  ],
  "freq_entropy": [
    10.301504135131836,
    10.24374008178711,
    10.225975036621094
  ]
}