{
  "dominant_freq": [
    0.2905263157894737,
    0.1136842105263158,
    0.1136842105263158
  ],
  "amp_mean_x": [
    0.17103947699069977,
    0.14652526378631592,
    0.1344200074672699
  ],
  "amp_mean_y": [
    0.20721831917762756,
    0.2808510661125183,
    0.16604970395565033
  ],
  "symmetry_ratio": [
    0.8254071474075317,
    0.5217187404632568,
    0.8095166683197021
  ],
  "energy_distribution": [
    0.2564173638820648,
    0.3282371759414673,
    0.34598711133003235
  ],
  "motion_stability": [
    1.1246490478515625,
    2.243650436401367,
    1.1294035911560059
  ],
  "freq_entropy": [
    8.84608268737793,
    8.937944412231445,
    8.690804481506348
  ]
}