{
  "dominant_freq": [
    0.1525746980292435,
    0.11667164951836485
  ],
  "amp_mean_x": [
    0.1985541135072708,
    0.6634498238563538
  ],
  "amp_mean_y": [
    0.21623897552490234,
    0.47610846161842346
  ],
  "symmetry_ratio": [
    0.9182161092758179,
    1.3934845924377441
  ],
  "energy_distribution": [
    0.29185667634010315,
    0.6625831127166748
  ],
  "motion_stability": [
    1.9754557609558105,
    3.1154255867004395
  ],
  "freq_entropy": [
    9.65223503112793,
    8.554256439208984
  ]
}