{
  "dominant_freq": [
    1.4142857142857144,
    0.9514285714285714
  ],
  "amp_mean_x": [
    0.14682543277740479,
    0.15983033180236816
  ],
  "amp_mean_y": [
    0.25023603439331055,
    0.3730657994747162
  ],
  "symmetry_ratio": [
    0.5867477655410767,
    0.4284239709377289
  ],
  "energy_distribution": [
    0.27815279364585876,
    0.22956572473049164
  ],
  "motion_stability": [
    1.6565465927124023,
    1.746271014213562
  ],
  "freq_entropy": [
    9.431007385253906,
    9.534238815307617
  ]
}