{
  "dominant_freq": [
    0.11131714285714286,
    4.25574
  ],
  "amp_mean_x": [
    0.6846349835395813,
    0.6898242235183716
  ],
  "amp_mean_y": [
    0.30616000294685364,
    0.14308114349842072
  ],
  "symmetry_ratio": [
    2.2361998558044434,
    4.821209907531738
  ],
  "energy_distribution": [
    0.3553406000137329,
    0.5755294561386108
  ],
  "motion_stability": [
    3.678837299346924,
    3.152113199234009
  ],
  "freq_entropy": [
    9.310892105102539,
    8.964414596557617
  ]
}