{
  "dominant_freq": [
    0.293040293040293,
    0.4795204795204795
  ],
  "amp_mean_x": [
    0.08829290419816971,
    0.1888761669397354
  ],
  "amp_mean_y": [
    0.14001218974590302,
    0.19783295691013336
  ],
  "symmetry_ratio": [
    0.6306086778640747,
    0.9547255039215088
  ],
  "energy_distribution": [
    0.2486914098262787,
    0.21183887124061584
  ],
  "motion_stability": [
    1.3446999788284302,
    1.5543458461761475
  ],
  "freq_entropy": [
    9.360198974609375,
    9.548629760742188
  ]
}