{
  "dominant_freq": [
    0.47294117647058825,
    0.45882352941176474
  ],
  "amp_mean_x": [
    0.10178527981042862,
    0.19080565869808197
  ],
  "amp_mean_y": [
    0.2492208480834961,
    0.2108621448278427
  ],
  "symmetry_ratio": [
    0.40841397643089294,
    0.9048834443092346
  ],
  "energy_distribution": [
    0.19818587601184845,
    0.38488873839378357
  ],
  "motion_stability": [
    1.7970852851867676,
    1.7275044918060303
  ],
  "freq_entropy": [
    9.844453811645508,
    9.644054412841797
  ]
}