{
  "dominant_freq": [
    2.003710575139147,
    0.4709576138147567
  ],
  "amp_mean_x": [
    0.2061946541070938,
    0.19155648350715637
  ],
  "amp_mean_y": [
    0.3485122323036194,
    0.7331469058990479
  ],
  "symmetry_ratio": [
    0.5916424989700317,
    0.261279821395874
  ],
  "energy_distribution": [
    0.2399824857711792,
    0.31131860613822937
  ],
  "motion_stability": [
    1.284724235534668,
    1.4362754821777344
  ],
  "freq_entropy": [
    9.578414916992188,
    9.414678573608398
  ]
}