{
  "dominant_freq": [
    0.11982790091264665,
    3.9823501280956437
  ],
  "amp_mean_x": [
    0.5817636847496033,
    1.0699914693832397
  ],
  "amp_mean_y": [
    0.946592390537262,
    2.421205759048462
  ],
  "symmetry_ratio": [
    0.6145873069763184,
    0.441925048828125
  ],
  "energy_distribution": [
    0.23288367688655853,
    0.2587724030017853
  ],
  "motion_stability": [
    3.39292049407959,
    5.509641647338867
  ],
  "freq_entropy": [
    10.257237434387207,
    10.23624038696289
  ]
}