{
  "dominant_freq": [
    4.83,
    0.5617816091954023,
    3.2199999999999998,
    3.8278571428571424
  ],
  "amp_mean_x": [
    0.13580851256847382,
    0.34647804498672485,
    0.2613338828086853,
    0.12951284646987915
  ],
  "amp_mean_y": [
    0.1875602751970291,
    0.6249491572380066,
    0.4766990542411804,
    0.37582337856292725
  ],
  "symmetry_ratio": [
    0.7240793108940125,
    0.5544099807739258,
    0.5482156276702881,
    0.34461092948913574
  ],
  "energy_distribution": [
    0.16647501289844513,
    0.26872751116752625,
    0.11477215588092804,
    0.1815992146730423
  ],
  "motion_stability": [
    1.6049339771270752,
    2.97841215133667,
    2.6033377647399902,
    2.1519641876220703
  ],
  "freq_entropy": [
    8.587498664855957,
    8.787561416625977,
    8.67965316772461,
    8.81785774230957
  ]
}