{
  "dominant_freq": [
    3.8275900344865863,
    2.3046007700739155
  ],
  "amp_mean_x": [
    0.23520968854427338,
    0.20233945548534393
  ],
  "amp_mean_y": [
    0.46894311904907227,
    0.47538450360298157
  ],
  "symmetry_ratio": [
    0.5015740394592285,
    0.4256332516670227
  ],
  "energy_distribution": [
    0.18120600283145905,
    0.25565579533576965
  ],
  "motion_stability": [
    3.5607638359069824,
    4.059807300567627
  ],
  "freq_entropy": [
    10.313074111938477,
    10.22697639465332
  ]
}