{
  "dominant_freq": [
    9.423157894736843,
    3.587368421052632,
    4.762105263157895
  ],
  "amp_mean_x": [
    0.06916364282369614,
    0.10335425287485123,
    0.04256012290716171
  ],
  "amp_mean_y": [
    0.06987892836332321,
    0.091340072453022,
    0.08293112367391586
  ],
  "symmetry_ratio": [
    0.9897639155387878,
    1.1315324306488037,
    0.5131984353065491
  ],
  "energy_distribution": [
    0.19871334731578827,
    0.18556083738803864,
    0.17193974554538727
  ],
  "motion_stability": [
    1.171834945678711,
    1.036754846572876,
    1.2719099521636963
  ],
  "freq_entropy": [
    8.963449478149414,
    8.913398742675781,
    8.886979103088379
  ]
}