{
  "dominant_freq": [
    2.3929765886287626,
    3.1639839034205233
  ],
  "amp_mean_x": [
    0.45221102237701416,
    0.7777753472328186
  ],
  "amp_mean_y": [
    1.1387739181518555,
    1.1837036609649658
  ],
  "symmetry_ratio": [
    0.3971034288406372,
    0.6570693254470825
  ],
  "energy_distribution": [
    0.2829292416572571,
    0.23225010931491852
  ],
  "motion_stability": [
    1.9808167219161987,
    2.041884422302246
  ],
  "freq_entropy": [
    10.315177917480469,
    10.286466598510742
  ]
}