{
  "dominant_freq": [
    0.5173768421052631,
    1.4259410526315788,
    4.366155789473684
  ],
  "amp_mean_x": [
    0.07018959522247314,
    0.09311840683221817,
    0.05770162492990494
  ],
  "amp_mean_y": [
    0.1821272373199463,
    0.15491081774234772,
    0.06990961730480194
  ],
  "symmetry_ratio": [
    0.38538768887519836,
    0.6011098027229309,
    0.8253746628761292
  ],
  "energy_distribution": [
    0.2840537130832672,
    0.23869453370571136,
    0.24620693922042847
  ],
  "motion_stability": [
    1.2995654344558716,
    1.6407928466796875,
    1.7291994094848633
  ],
  "freq_entropy": [
    8.856176376342773,
    8.969706535339355,
    8.961413383483887
  ]
}