{
  "dominant_freq": [
    0.11236049026676279,
    3.819034285714286
  ],
  "amp_mean_x": [
    0.5800836682319641,
    0.1815911829471588
  ],
  "amp_mean_y": [
    0.727452278137207,
    0.25443294644355774
  ],
  "symmetry_ratio": [
    0.7974181771278381,
    0.7137094140052795
  ],
  "energy_distribution": [
    0.3454817235469818,
    0.2535622715950012
  ],
  "motion_stability": [
    4.6497297286987305,
    2.9406323432922363
  ],
  "freq_entropy": [
    9.452375411987305,
    9.584091186523438
  ]
}