{
  "dominant_freq": [
    4.694248421052631,
    0.12632244467860904,
    0.11357052631578946
  ],
  "amp_mean_x": [
    0.14386716485023499,
    0.39500340819358826,
    0.4143409729003906
  ],
  "amp_mean_y": [
    0.5243192911148071,
    0.6949764490127563,
    0.39816153049468994
  ],
  "symmetry_ratio": [
    0.27438846230506897,
    0.5683695077896118,
    1.040635347366333
  ],
  "energy_distribution": [
    0.24006816744804382,
    0.31714192032814026,
    0.198079913854599
  ],
  "motion_stability": [
    1.8743127584457397,
    1.3287467956542969,
    1.6716742515563965
  ],
  "freq_entropy": [
    8.953651428222656,
    8.787328720092773,
    8.920730590820312
  ]
}