{
  "dominant_freq": [
    0.95904,
    0.9847285714285714
  ],
  "amp_mean_x": [
    0.12175977230072021,
    0.24004516005516052
  ],
  "amp_mean_y": [
    0.1390017420053482,
    0.17499151825904846
  ],
  "symmetry_ratio": [
    0.8759586215019226,
    1.3717530965805054
  ],
  "energy_distribution": [
    0.2528230547904968,
    0.24367648363113403
  ],
  "motion_stability": [
    1.18088698387146,
    1.0240620374679565
  ],
  "freq_entropy": [
    9.50657844543457,
    9.413572311401367
  ]
}