{
  "dominant_freq": [
    0.2907727659574468,
    0.11742930153321976,
    3.3952385008517885
  ],
  "amp_mean_x": [
    0.503414511680603,
    0.8155394792556763,
    0.4696223735809326
  ],
  "amp_mean_y": [
    0.5309329628944397,
    0.9419664740562439,
    0.7107732892036438
  ],
  "symmetry_ratio": [
    0.9481696486473083,
    0.8657839894294739,
    0.6607203483581543
  ],
  "energy_distribution": [
    0.3490913212299347,
    0.5852506756782532,
    0.20036526024341583
  ],
  "motion_stability": [
    1.0166091918945312,
    2.220534563064575,
    2.3898086547851562
  ],
  "freq_entropy": [
    10.039670944213867,
    9.085378646850586,
    10.442659378051758
  ]
}