{
  "dominant_freq": [
    4.1014263829787225,
    0.9641412765957446
  ],
  "amp_mean_x": [
    0.10897360742092133,
    0.17336083948612213
  ],
  "amp_mean_y": [
    0.1517917811870575,
    0.23667225241661072
  ],
  "symmetry_ratio": [
    0.7179150581359863,
    0.7324932813644409
  ],
  "energy_distribution": [
    0.2142544984817505,
    0.18582041561603546
  ],
  "motion_stability": [
    1.566252589225769,
    0.9308722615242004
  ],
  "freq_entropy": [
    10.291400909423828,
    10.180983543395996
  ]
}