{
  "dominant_freq": [
    5.396145610278373,
    0.12698412698412698,
    0.11587982832618027
  ],
  "amp_mean_x": [
    0.6298666596412659,
    1.0890119075775146,
    1.4510010480880737
  ],
  "amp_mean_y": [
    1.8694908618927002,
    2.011260747909546,
    2.0837807655334473
  ],
  "symmetry_ratio": [
    0.33691883087158203,
    0.5414573550224304,
    0.6963309645652771
  ],
  "energy_distribution": [
    0.1563190519809723,
    0.3074232041835785,
    0.3728938102722168
  ],
  "motion_stability": [
    3.3941965103149414,
    3.4047622680664062,
    3.734666347503662
  ],
  "freq_entropy": [
    8.999326705932617,
    8.89273452758789,
    8.308777809143066
  ]
}