{
  "dominant_freq": [
    0.10126582278481013,
    4.218947368421054,
    5.20421052631579
  ],
  "amp_mean_x": [
    0.5167353749275208,
    0.5240758061408997,
    0.2416449338197708
  ],
  "amp_mean_y": [
    0.3688886761665344,
    0.3589840531349182,
    0.3319634795188904
  ],
  "symmetry_ratio": [
    1.400789499282837,
    1.459886074066162,
    0.7279262542724609
  ],
  "energy_distribution": [
    0.3931669294834137,
    0.4829331040382385,
    0.19877396523952484
  ],
  "motion_stability": [
    3.275559425354004,
    1.838027000427246,
    1.6024327278137207
  ],
  "freq_entropy": [
    8.613791465759277,
    8.52133560180664,
    9.138301849365234
  ]
}