{
  "dominant_freq": [
    7.456570155902004,
    4.5600000000000005,
    4.933333333333334,
    1.530201342281879,
    1.1237458193979932,
    1.581818181818182
  ],
  "amp_mean_x": [
    0.338535338640213,
    0.4301144778728485,
    0.5926469564437866,
    0.7798730731010437,
    5.255284309387207,
    1.7147259712219238
  ],
  "amp_mean_y": [
    0.8087229132652283,
    0.8064646124839783,
    0.5288852453231812,
    0.7650344371795654,
    14.718890190124512,
    2.9007246494293213
  ],
  "symmetry_ratio": [
    0.41860485076904297,
    0.5333333611488342,
    1.120558738708496,
    1.0193960666656494,
    0.3570435047149658,
    0.5911371111869812
  ],
  "energy_distribution": [
    0.16191861033439636,
    0.19055204093456268,
    0.21674157679080963,
    0.21223708987236023,
    0.18979603052139282,
    0.2670454978942871
  ],
  "motion_stability": [
    1.8651087284088135,
    1.8682887554168701,
    1.303088665008545,
    1.6619330644607544,
    2.376826763153076,
    1.9908833503723145
  ],
  "freq_entropy": [
    7.917315483093262,
    7.962513446807861,
    7.840144157409668,
    7.871663570404053,
    7.3438825607299805,
    7.97374153137207
  ]
}