{
  "dominant_freq": [
    0.47095714285714285,
    0.7540700500357397
  ],
  "amp_mean_x": [
    0.3955962657928467,
    1.0771417617797852
  ],
  "amp_mean_y": [
    0.6985254287719727,
    1.062193512916565
  ],
  "symmetry_ratio": [
    0.5663304924964905,
    1.0140730142593384
  ],
  "energy_distribution": [
    0.23361128568649292,
    0.5367698669433594
  ],
  "motion_stability": [
    1.8336201906204224,
    2.40618896484375
  ],
  "freq_entropy": [
    9.520545959472656,
    8.903097152709961
  ]
}