{
  "dominant_freq": [
    6.993006993006993,
    1.660746785158352
  ],
  "amp_mean_x": [
    0.09438759088516235,
    0.9812588095664978
  ],
  "amp_mean_y": [
    0.09718447923660278,
    2.1034183502197266
  ],
  "symmetry_ratio": [
    0.971220850944519,
    0.4665067195892334
  ],
  "energy_distribution": [
    0.1645699292421341,
    0.17536012828350067
  ],
  "motion_stability": [
    1.498610019683838,
    5.831381797790527
  ],
  "freq_entropy": [
    9.66344165802002,
    9.682315826416016
  ]
}