{
  "dominant_freq": [
    9.445409786125289,
    3.028006476282338
  ],
  "amp_mean_x": [
    3.118539571762085,
    1.2058777809143066
  ],
  "amp_mean_y": [
    4.012868404388428,
    1.6008892059326172
  ],
  "symmetry_ratio": [
    0.7771347761154175,
    0.7532550096511841
  ],
  "energy_distribution": [
    0.1475508064031601,
    0.2671582102775574
  ],
  "motion_stability": [
    2.2182862758636475,
    2.040177583694458
  ],
  "freq_entropy": [
    9.314094543457031,
    9.249820709228516
  ]
}