{
  "dominant_freq": [
    2.036764705882353,
    0.11764705882352941
  ],
  "amp_mean_x": [
    0.17342115938663483,
    0.20890560746192932
  ],
  "amp_mean_y": [
    0.31986212730407715,
    0.4411148130893707
  ],
  "symmetry_ratio": [
    0.5421746969223022,
    0.4735855758190155
  ],
  "energy_distribution": [
    0.1839381754398346,
    0.24323515594005585
  ],
  "motion_stability": [
    1.6351720094680786,
    1.4501030445098877
  ],
  "freq_entropy": [
    9.766019821166992,
    9.595947265625
  ]
}