{
  "dominant_freq": [
    4.909090909090909,
    0.136986301369863
  ],
  "amp_mean_x": [
    0.36580201983451843,
    0.7303488254547119
  ],
  "amp_mean_y": [
    0.5005588531494141,
    0.974128782749176
  ],
  "symmetry_ratio": [
    0.7307872176170349,
    0.7497456669807434
  ],
  "energy_distribution": [
    0.19616585969924927,
    0.23078368604183197
  ],
  "motion_stability": [
    1.4500505924224854,
    1.7625399827957153
  ],
  "freq_entropy": [
    9.176661491394043,
    9.18295669555664
  ]
}