{
  "dominant_freq": [
    0.46002190580503843,
    2.7750791974656814,
    2.7272727272727275
  ],
  "amp_mean_x": [
    1.5107793807983398,
    0.8313961625099182,
    0.5792093873023987
  ],
  "amp_mean_y": [
    5.198993682861328,
    2.16294002532959,
    1.439314365386963
  ],
  "symmetry_ratio": [
    0.29059073328971863,
    0.384382426738739,
    0.4024203419685364
  ],
  "energy_distribution": [
    0.27765870094299316,
    0.36680757999420166,
    0.2371085286140442
  ],
  "motion_stability": [
    2.3376471996307373,
    2.306403160095215,
    2.16359281539917
  ],
  "freq_entropy": [
    8.917773246765137,
    8.680463790893555,
    8.985152244567871
  ]
}