{
  "dominant_freq": [
    0.7396858460688247,
    0.8929426737645917
  ],
  "amp_mean_x": [
    0.05052997171878815,
    0.7085947394371033
  ],
  "amp_mean_y": [
    0.16139905154705048,
    1.4500097036361694
  ],
  "symmetry_ratio": [
    0.3130747675895691,
    0.48868274688720703
  ],
  "energy_distribution": [
    0.24514274299144745,
    0.2435542643070221
  ],
  "motion_stability": [
    1.5883212089538574,
    2.6772208213806152
  ],
  "freq_entropy": [
    10.208754539489746,
    10.199515342712402
  ]
}