{
  "dominant_freq": [
    0.4164252631578947,
    0.11526923076923078,
    6.499822784810126
  ],
  "amp_mean_x": [
    0.037223756313323975,
    1.7329527139663696,
    0.3521411120891571
  ],
  "amp_mean_y": [
    0.0796109139919281,
    2.201603651046753,
    0.3854466676712036
  ],
  "symmetry_ratio": [
    0.4675710201263428,
    0.7871320247650146,
    0.9135923385620117
  ],
  "energy_distribution": [
    0.2008659392595291,
    0.7005082964897156,
    0.18761466443538666
  ],
  "motion_stability": [
    3.0058913230895996,
    4.687949180603027,
    1.96061110496521
  ],
  "freq_entropy": [
    9.171842575073242,
    7.1999101638793945,
    9.151664733886719
  ]
}