{
  "dominant_freq": [
    4.2596566523605155,
    2.3484848484848486
  ],
  "amp_mean_x": [
    0.4713824689388275,
    1.2436039447784424
  ],
  "amp_mean_y": [
    0.7626517415046692,
    1.6321179866790771
  ],
  "symmetry_ratio": [
    0.6180835366249084,
    0.7619571089744568
  ],
  "energy_distribution": [
    0.22413650155067444,
    0.33621057868003845
  ],
  "motion_stability": [
    3.459219455718994,
    4.843972682952881
  ],
  "freq_entropy": [
    9.311809539794922,
    9.167491912841797
  ]
}