{
  "dominant_freq": [
    2.956097587580754,
    2.125147579693034
  ],
  "amp_mean_x": [
    0.311674028635025,
    0.19618180394172668
  ],
  "amp_mean_y": [
    0.301277756690979,
    0.15370312333106995
  ],
  "symmetry_ratio": [
    1.0345072746276855,
    1.2763683795928955
  ],
  "energy_distribution": [
    0.2271309196949005,
    0.2012595683336258
  ],
  "motion_stability": [
    1.3131871223449707,
    1.1892253160476685
  ],
  "freq_entropy": [
    9.22637939453125,
    9.20749282836914
  ]
}