{
  "dominant_freq": [
    0.29023578947368417,
    1.6034904458598727,
    4.44186947368421
  ],
  "amp_mean_x": [
    0.07739986479282379,
    0.4713382422924042,
    0.370697021484375
  ],
  "amp_mean_y": [
    0.1116257905960083,
    0.516687273979187,
    0.3813357353210449
  ],
  "symmetry_ratio": [
    0.6933869123458862,
    0.9122312068939209,
    0.9721014499664307
  ],
  "energy_distribution": [
    0.23223695158958435,
    0.23914885520935059,
    0.1260402351617813
  ],
  "motion_stability": [
    1.3151345252990723,
    2.440394878387451,
    2.2409234046936035
  ],
  "freq_entropy": [
    8.844497680664062,
    9.002908706665039,
    8.792001724243164
  ]
}