{
  "dominant_freq": [
    4.911844911844912,
    3.022951074899127
  ],
  "amp_mean_x": [
    0.18449155986309052,
    0.6005652546882629
  ],
  "amp_mean_y": [
    0.34526240825653076,
    1.0507702827453613
  ],
  "symmetry_ratio": [
    0.5343517065048218,
    0.5715476274490356
  ],
  "energy_distribution": [
    0.22143378853797913,
    0.17486758530139923
  ],
  "motion_stability": [
    1.4980531930923462,
    2.0064125061035156
  ],
  "freq_entropy": [
    9.908167839050293,
    10.007591247558594
  ]
}