{
  "dominant_freq": [
    5.249031428571429,
    0.10275428571428571
  ],
  "amp_mean_x": [
    0.20396602153778076,
    0.18164409697055817
  ],
  "amp_mean_y": [
    0.3590622842311859,
    0.3181799650192261
  ],
  "symmetry_ratio": [
    0.5680519342422485,
    0.5708847641944885
  ],
  "energy_distribution": [
    0.1795342117547989,
    0.27734917402267456
  ],
  "motion_stability": [
    1.5543313026428223,
    1.7692958116531372
  ],
  "freq_entropy": [
    9.5792236328125,
    9.394372940063477
  ]
}