{
  "dominant_freq": [
    4.193909357239178,
    0.9968978390031021,
    5.9940059940059935
  ],
  "amp_mean_x": [
    0.2281097024679184,
    0.11235539615154266,
    0.07186290621757507
  ],
  "amp_mean_y": [
    0.19505912065505981,
    0.12394371628761292,
    0.08829113095998764
  ],
  "symmetry_ratio": [
    1.1694388389587402,
    0.9065033793449402,
    0.8139312267303467
  ],
  "energy_distribution": [
    0.23980407416820526,
    0.31449779868125916,
    0.17036691308021545
  ],
  "motion_stability": [
    3.338712215423584,
    3.0657317638397217,
    2.1659586429595947
  ],
  "freq_entropy": [
    9.02515983581543,
    9.052827835083008,
    9.011582374572754
  ]
}