{
  "dominant_freq": [
    2.807142857142857,
    4.832142857142857
  ],
  "amp_mean_x": [
    0.055986084043979645,
    0.10953257977962494
  ],
  "amp_mean_y": [
    0.19798117876052856,
    0.325489342212677
  ],
  "symmetry_ratio": [
    0.2827848792076111,
    0.3365166485309601
  ],
  "energy_distribution": [
    0.2162143737077713,
    0.24124988913536072
  ],
  "motion_stability": [
    1.8780934810638428,
    3.6601057052612305
  ],
  "freq_entropy": [
    9.292190551757812,
    9.437286376953125
  ]
}