{
  "dominant_freq": [
    0.50949,
    0.47951999999999995
  ],
  "amp_mean_x": [
    0.11491989344358444,
    0.1099693775177002
  ],
  "amp_mean_y": [
    0.2135351002216339,
    0.29241272807121277
  ],
  "symmetry_ratio": [
    0.538178026676178,
    0.3760758936405182
  ],
  "energy_distribution": [
    0.28472378849983215,
    0.2385074645280838
  ],
  "motion_stability": [
    1.3711150884628296,
    1.376001238822937
  ],
  "freq_entropy": [
    9.23088264465332,
    9.298511505126953
  ]
}