{
  "dominant_freq": [
    0.32521681120747165,
    1.0
  ],
  "amp_mean_x": [
    0.3475889563560486,
    0.22902324795722961
  ],
  "amp_mean_y": [
    0.880386233329773,
    0.3351426124572754
  ],
  "symmetry_ratio": [
    0.3948141634464264,
    0.6833605766296387
  ],
  "energy_distribution": [
    0.25405991077423096,
    0.21656940877437592
  ],
  "motion_stability": [
    2.4329943656921387,
    1.5804210901260376
  ],
  "freq_entropy": [
    9.562782287597656,
    9.549837112426758
  ]
}