{
  "dominant_freq": [
    4.411998272138229,
    4.240793787748059
  ],
  "amp_mean_x": [
    1.1246026754379272,
    1.6236343383789062
  ],
  "amp_mean_y": [
    2.1040706634521484,
    2.3540241718292236
  ],
  "symmetry_ratio": [
    0.5344890356063843,
    0.6897271275520325
  ],
  "energy_distribution": [
    0.2343416064977646,
    0.211015522480011
  ],
  "motion_stability": [
    2.3431317806243896,
    3.2804625034332275
  ],
  "freq_entropy": [
    10.300540924072266,
    10.275300979614258
  ]
}