{
  "dominant_freq": [
    3.9087510917030563,
    1.0405652797704448
  ],
  "amp_mean_x": [
    1.557356357574463,
    0.8097779154777527
  ],
  "amp_mean_y": [
    2.312932014465332,
    1.7160828113555908
  ],
  "symmetry_ratio": [
    0.6733255982398987,
    0.47187578678131104
  ],
  "energy_distribution": [
    0.16903139650821686,
    0.22221624851226807
  ],
  "motion_stability": [
    2.474485397338867,
    1.821892261505127
  ],
  "freq_entropy": [
    9.577291488647461,
    9.578657150268555
  ]
}