{
  "dominant_freq": [
    0.13513513513513514,
    3.942359978249048
  ],
  "amp_mean_x": [
    0.26649385690689087,
    0.8433943390846252
  ],
  "amp_mean_y": [
    0.26129084825515747,
    1.4217944145202637
  ],
  "symmetry_ratio": [
    1.0199127197265625,
    0.59319007396698
  ],
  "energy_distribution": [
    0.3288227617740631,
    0.31639915704727173
  ],
  "motion_stability": [
    2.0096378326416016,
    2.4356517791748047
  ],
  "freq_entropy": [
    9.839317321777344,
    9.088530540466309
  ]
}