{
  "dominant_freq": [
    3.863310344827586,
    2.4632876712328766
  ],
  "amp_mean_x": [
    0.17344367504119873,
    0.3097006380558014
  ],
  "amp_mean_y": [
    0.4793846011161804,
    0.9299297332763672
  ],
  "symmetry_ratio": [
    0.3618048429489136,
    0.3330366015434265
  ],
  "energy_distribution": [
    0.2155958116054535,
    0.22824083268642426
  ],
  "motion_stability": [
    2.543391227722168,
    2.4422507286071777
  ],
  "freq_entropy": [
    10.388697624206543,
    10.325843811035156
  ]
}