{
  "dominant_freq": [
    0.10424347826086956,
    0.530554267650158,
    2.649978947368421
  ],
  "amp_mean_x": [
    0.6604968309402466,
    0.1695559024810791,
    0.12498846650123596
  ],
  "amp_mean_y": [
    1.322906494140625,
    0.2278016060590744,
    0.17196957767009735
  ],
  "symmetry_ratio": [
    0.4992770254611969,
    0.7443138957023621,
    0.7268056869506836
  ],
  "energy_distribution": [
    0.3767473101615906,
    0.4159003794193268,
    0.1996617466211319
  ],
  "motion_stability": [
    5.733800888061523,
    3.2745299339294434,
    1.4830583333969116
  ],
  "freq_entropy": [
    8.171089172363281,
    8.75823974609375,
    9.029796600341797
  ]
}