{
  "dominant_freq": [
    1.067364238410596,
    0.19711210762331835
  ],
  "amp_mean_x": [
    2.4343490600585938,
    1.7162257432937622
  ],
  "amp_mean_y": [
    2.9254212379455566,
    3.0371837615966797
  ],
  "symmetry_ratio": [
    0.8321362733840942,
    0.5650714039802551
  ],
  "energy_distribution": [
    0.25519758462905884,
    0.275543749332428
  ],
  "motion_stability": [
    2.2722387313842773,
    3.103297710418701
  ],
  "freq_entropy": [
    9.44969367980957,
    8.565164566040039
  ]
}