{
  "dominant_freq": [
    1.9935608499678044,
    0.7363807138384472
  ],
  "amp_mean_x": [
    1.9199501276016235,
    0.8033095002174377
  ],
  "amp_mean_y": [
    2.8820271492004395,
    0.6803891658782959
  ],
  "symmetry_ratio": [
    0.666180431842804,
    1.1806617975234985
  ],
  "energy_distribution": [
    0.2640113830566406,
    0.2212388962507248
  ],
  "motion_stability": [
    3.104044198989868,
    1.281965732574463
  ],
  "freq_entropy": [
    9.75423812866211,
    9.721864700317383
  ]
}