{
  "dominant_freq": [
    1.196638655462185,
    6.205042016806723
  ],
  "amp_mean_x": [
    0.8457675576210022,
    1.1587750911712646
  ],
  "amp_mean_y": [
    2.3021483421325684,
    2.6065306663513184
  ],
  "symmetry_ratio": [
    0.36738187074661255,
    0.4445660710334778
  ],
  "energy_distribution": [
    0.23870500922203064,
    0.2032831460237503
  ],
  "motion_stability": [
    1.8600456714630127,
    1.8570351600646973
  ],
  "freq_entropy": [
    9.89097785949707,
    9.917303085327148
  ]
}