{
  "dominant_freq": [
    0.17433361847733103,
    0.1122758620689655
  ],
  "amp_mean_x": [
    0.5370054244995117,
    0.21831810474395752
  ],
  "amp_mean_y": [
    0.6687739491462708,
    0.5472514629364014
  ],
  "symmetry_ratio": [
    0.8029699921607971,
    0.39893561601638794
  ],
  "energy_distribution": [
    0.3670820891857147,
    0.5259310603141785
  ],
  "motion_stability": [
    3.6465044021606445,
    2.429661273956299
  ],
  "freq_entropy": [
    10.053890228271484,
    9.676250457763672
  ]
}