{
  "dominant_freq": [
    3.0504017531044556,
    6.517543859649122
  ],
  "amp_mean_x": [
    3.8572332859039307,
    1.4208585023880005
  ],
  "amp_mean_y": [
    9.925494194030762,
    3.947131872177124
  ],
  "symmetry_ratio": [
    0.3886187672615051,
    0.35997238755226135
  ],
  "energy_distribution": [
    0.2299002707004547,
    0.23824626207351685
  ],
  "motion_stability": [
    2.426405668258667,
    3.165003538131714
  ],
  "freq_entropy": [
    9.548772811889648,
    9.56886100769043
  ]
}