{
  "dominant_freq": [
    0.16783216783216784,
    0.3356643356643356,
    0.3116883116883117,
    0.14385614385614387,
    3.5004995004995005
  ],
  "amp_mean_x": [
    0.09093833714723587,
    0.2473750114440918,
    0.10434641689062119,
    0.40125879645347595,
    0.4413296580314636
  ],
  "amp_mean_y": [
    0.21208040416240692,
    0.22445836663246155,
    0.24005869030952454,
    0.37561553716659546,
    0.9823266863822937
  ],
  "symmetry_ratio": [
    0.4287917912006378,
    1.102097511291504,
    0.43467044830322266,
    1.068269968032837,
    0.44926974177360535
  ],
  "energy_distribution": [
    0.32193225622177124,
    0.25793537497520447,
    0.5139531493186951,
    0.4555066227912903,
    0.19339768588542938
  ],
  "motion_stability": [
    0.9590177536010742,
    0.8375220894813538,
    0.9204307794570923,
    1.9691791534423828,
    1.6067843437194824
  ],
  "freq_entropy": [
    7.820282936096191,
    7.8733038902282715,
    7.34562873840332,
    7.557812213897705,
    8.000178337097168
  ]
}