{
  "dominant_freq": [
    2.694620689655172,
    0.7141787234042553
  ],
  "amp_mean_x": [
    0.08931206911802292,
    0.06022274121642113
  ],
  "amp_mean_y": [
    0.11997415125370026,
    0.1900709569454193
  ],
  "symmetry_ratio": [
    0.7444276213645935,
    0.3168434798717499
  ],
  "energy_distribution": [
    0.1843944638967514,
    0.22866970300674438
  ],
  "motion_stability": [
    5.340948104858398,
    1.928682565689087
  ],
  "freq_entropy": [
    10.323587417602539,
    10.173139572143555
  ]
}