{
  "dominant_freq": [
    0.2905263157894737,
    0.10105263157894738,
    1.793684210526316
  ],
  "amp_mean_x": [
    0.14160850644111633,
    0.17226870357990265,
    0.2848075330257416
  ],
  "amp_mean_y": [
    0.12806235253810883,
    0.11148790270090103,
    0.6393539309501648
  ],
  "symmetry_ratio": [
    1.1057777404785156,
    1.5451784133911133,
    0.4454614520072937
  ],
  "energy_distribution": [
    0.27091774344444275,
    0.24133607745170593,
    0.2879399061203003
  ],
  "motion_stability": [
    0.8728252649307251,
    1.1121233701705933,
    1.5610342025756836
  ],
  "freq_entropy": [
    8.783045768737793,
    8.891266822814941,
    8.963433265686035
  ]
}