{
  "dominant_freq": [
    3.297096432207932,
    4.45104633586309
  ],
  "amp_mean_x": [
    1.022270917892456,
    1.4418214559555054
  ],
  "amp_mean_y": [
    1.8296241760253906,
    2.430182695388794
  ],
  "symmetry_ratio": [
    0.5587327480316162,
    0.59329754114151
  ],
  "energy_distribution": [
    0.21220499277114868,
    0.19930236041545868
  ],
  "motion_stability": [
    2.588219165802002,
    3.210266590118408
  ],
  "freq_entropy": [
    10.280518531799316,
    10.269893646240234
  ]
}