{
  "dominant_freq": [
    4.658972727272727,
    0.95904,
    0.47952,
    0.29304,
    0.26878923766816143,
    0.31968
  ],
  "amp_mean_x": [
    0.7482858896255493,
    0.4672623574733734,
    0.42120498418807983,
    0.40101441740989685,
    0.3372141718864441,
    0.16553880274295807
  ],
  "amp_mean_y": [
    1.9902660846710205,
    0.8059870600700378,
    0.5184063911437988,
    0.5016038417816162,
    0.9907038807868958,
    0.2523834705352783
  ],
  "symmetry_ratio": [
    0.37597277760505676,
    0.5797392725944519,
    0.8124995827674866,
    0.7994644045829773,
    0.34037837386131287,
    0.6559019088745117
  ],
  "energy_distribution": [
    0.21190132200717926,
    0.3557630777359009,
    0.3583398759365082,
    0.3170470595359802,
    0.4980255365371704,
    0.3576178252696991
  ],
  "motion_stability": [
    2.3323569297790527,
    1.2471373081207275,
    1.0372967720031738,
    0.9931274652481079,
    1.5262424945831299,
    1.7593767642974854
  ],
  "freq_entropy": [
    7.931865215301514,
    7.786898612976074,
    7.679712295532227,
    7.671684265136719,
    7.436315536499023,
    7.651682376861572
  ]
}