{
  "dominant_freq": [
    0.47952,
    0.47095714285714285
  ],
  "amp_mean_x": [
    0.16258712112903595,
    0.1658060997724533
  ],
  "amp_mean_y": [
    0.15408238768577576,
    0.08182558417320251
  ],
  "symmetry_ratio": [
    1.0551960468292236,
    2.0263357162475586
  ],
  "energy_distribution": [
    0.2536541223526001,
    0.2612247169017792
  ],
  "motion_stability": [
    1.627213716506958,
    2.805501699447632
  ],
  "freq_entropy": [
    9.501530647277832,
    9.537678718566895
  ]
}