{
  "dominant_freq": [
    0.1009515789473684,
    0.47951999999999995,
    0.4542821052631578
  ],
  "amp_mean_x": [
    0.37917250394821167,
    0.14685948193073273,
    0.08427723497152328
  ],
  "amp_mean_y": [
    0.27757516503334045,
    0.13228601217269897,
    0.07865958660840988
  ],
  "symmetry_ratio": [
    1.3660173416137695,
    1.110166311264038,
    1.071417212486267
  ],
  "energy_distribution": [
    0.4197036027908325,
    0.30485251545906067,
    0.3132965564727783
  ],
  "motion_stability": [
    1.455666422843933,
    1.1379897594451904,
    1.3849538564682007
  ],
  "freq_entropy": [
    8.57508373260498,
    8.764155387878418,
    8.733102798461914
  ]
}