{
  "dominant_freq": [
    0.10105795574288723,
    0.11369020021074813,
    0.12618947368421052
  ],
  "amp_mean_x": [
    0.2919573187828064,
    0.5136620998382568,
    0.315824031829834
  ],
  "amp_mean_y": [
    0.25384852290153503,
    0.6535179615020752,
    0.40772855281829834
  ],
  "symmetry_ratio": [
    1.150124192237854,
    0.785995364189148,
    0.7745938301086426
  ],
  "energy_distribution": [
    0.32729074358940125,
    0.4282321333885193,
    0.24848458170890808
  ],
  "motion_stability": [
    1.9843963384628296,
    2.8332009315490723,
    2.0581207275390625
  ],
  "freq_entropy": [
    8.843277931213379,
    8.78350830078125,
    8.966680526733398
  ]
}