{
  "dominant_freq": [
    0.4277566539923955,
    2.5297619047619047,
    3.785714285714285,
    4.353323699421966
  ],
  "amp_mean_x": [
    6.977728366851807,
    4.848145484924316,
    0.681688666343689,
    1.1857606172561646
  ],
  "amp_mean_y": [
    14.304412841796875,
    10.403423309326172,
    1.1342629194259644,
    2.240666627883911
  ],
  "symmetry_ratio": [
    0.48780250549316406,
    0.46601444482803345,
    0.6009970307350159,
    0.5291998982429504
  ],
  "energy_distribution": [
    0.3189801573753357,
    0.2033647894859314,
    0.21711526811122894,
    0.1441800445318222
  ],
  "motion_stability": [
    2.167065143585205,
    2.526567220687866,
    2.9716100692749023,
    3.105311870574951
  ],
  "freq_entropy": [
    6.789858818054199,
    7.080469131469727,
    8.59653091430664,
    8.60824203491211
  ]
}