{
  "dominant_freq": [
    0.16160310277957338,
    0.10202563394052756
  ],
  "amp_mean_x": [
    1.4768359661102295,
    0.87337726354599
  ],
  "amp_mean_y": [
    1.791311502456665,
    1.4043703079223633
  ],
  "symmetry_ratio": [
    0.8244439959526062,
    0.6218995451927185
  ],
  "energy_distribution": [
    0.21537765860557556,
    0.39384397864341736
  ],
  "motion_stability": [
    2.5077309608459473,
    2.4804859161376953
  ],
  "freq_entropy": [
    9.78530502319336,
    9.578773498535156
  ]
}