{
  "dominant_freq": [
    2.739675352413498,
    0.4441890971039182,
    0.1021994884910486
  ],
  "amp_mean_x": [
    0.6877135038375854,
    0.3039233088493347,
    0.21556904911994934
  ],
  "amp_mean_y": [
    1.1695473194122314,
    0.8637086749076843,
    0.6864365935325623
  ],
  "symmetry_ratio": [
    0.5880168080329895,
    0.351881742477417,
    0.3140407204627991
  ],
  "energy_distribution": [
    0.19310206174850464,
    0.21804876625537872,
    0.2429848313331604
  ],
  "motion_stability": [
    2.5303714275360107,
    1.4318724870681763,
    1.4775903224945068
  ],
  "freq_entropy": [
    10.280052185058594,
    10.347908020019531,
    10.266517639160156
  ]
}