{
  "dominant_freq": [
    3.984375,
    3.9729899497487433
  ],
  "amp_mean_x": [
    0.152425616979599,
    0.6211754679679871
  ],
  "amp_mean_y": [
    0.1884378045797348,
    1.000723123550415
  ],
  "symmetry_ratio": [
    0.8088908791542053,
    0.6207265853881836
  ],
  "energy_distribution": [
    0.1121164932847023,
    0.3043031096458435
  ],
  "motion_stability": [
    3.985234260559082,
    5.538760185241699
  ],
  "freq_entropy": [
    9.674745559692383,
    9.673810958862305
  ]
}