{
  "dominant_freq": [
    0.3583333333333333,
    0.725
  ],
  "amp_mean_x": [
    0.04437244310975075,
    0.028119971975684166
  ],
  "amp_mean_y": [
    0.0743618756532669,
    0.07528513669967651
  ],
  "symmetry_ratio": [
    0.5967095494270325,
    0.3735129237174988
  ],
  "energy_distribution": [
    0.19604706764221191,
    0.20513492822647095
  ],
  "motion_stability": [
    2.2912747859954834,
    2.5011096000671387
  ],
  "freq_entropy": [
    9.779058456420898,
    9.498671531677246
  ]
}