{
  "dominant_freq": [
    0.10105263157894738,
    1.8189473684210529,
    2.5515789473684216
  ],
  "amp_mean_x": [
    0.07877905666828156,
    0.07472724467515945,
    0.028360117226839066
  ],
  "amp_mean_y": [
    0.21247372031211853,
    0.17724917829036713,
    0.10235192626714706
  ],
  "symmetry_ratio": [
    0.37077081203460693,
    0.4215943217277527,
    0.2770843505859375
  ],
  "energy_distribution": [
    0.515804648399353,
    0.291427344083786,
    0.4208323657512665
  ],
  "motion_stability": [
    1.7916992902755737,
    1.3898136615753174,
    1.752447485923767
  ],
  "freq_entropy": [
    8.497943878173828,
    8.861774444580078,
    8.837250709533691
  ]
}