{
  "dominant_freq": [
    0.1392481520591341,
    0.11357052631578946,
    1.4133221052631577
  ],
  "amp_mean_x": [
    0.24376370012760162,
    0.2766657769680023,
    0.11864282190799713
  ],
  "amp_mean_y": [
    0.5264477133750916,
    0.24774456024169922,
    0.4365161955356598
  ],
  "symmetry_ratio": [
    0.4630349576473236,
    1.1167380809783936,
    0.27179476618766785
  ],
  "energy_distribution": [
    0.4126201868057251,
    0.4354889392852783,
    0.21951931715011597
  ],
  "motion_stability": [
    4.113884449005127,
    1.3562155961990356,
    1.670072078704834
  ],
  "freq_entropy": [
    8.497654914855957,
    8.621902465820312,
    9.037334442138672
  ]
}