{
  "dominant_freq": [
    0.29113714285714287,
    0.12844285714285714
  ],
  "amp_mean_x": [
    0.15841160714626312,
    0.139483243227005
  ],
  "amp_mean_y": [
    0.27160874009132385,
    0.2082495093345642
  ],
  "symmetry_ratio": [
    0.5832345485687256,
    0.6697890758514404
  ],
  "energy_distribution": [
    0.24729709327220917,
    0.3188764452934265
  ],
  "motion_stability": [
    0.9931793212890625,
    2.2558727264404297
  ],
  "freq_entropy": [
    9.404796600341797,
    9.267605781555176
  ]
}