{
  "dominant_freq": [
    3.346968152866242,
    0.10148571428571428,
    0.1009515789473684
  ],
  "amp_mean_x": [
    0.5275995135307312,
    1.0438867807388306,
    0.3296911120414734
  ],
  "amp_mean_y": [
    1.0153696537017822,
    0.8136376142501831,
    0.3371880352497101
  ],
  "symmetry_ratio": [
    0.5196132659912109,
    1.282987356185913,
    0.9777663350105286
  ],
  "energy_distribution": [
    0.4213833808898926,
    0.46693041920661926,
    0.24610434472560883
  ],
  "motion_stability": [
    4.018537998199463,
    3.731980800628662,
    3.3762989044189453
  ],
  "freq_entropy": [
    8.868842124938965,
    7.695128440856934,
    8.406779289245605
  ]
}