{
  "dominant_freq": [
    3.4304123076923068,
    3.1321679626749606,
    4.211500770416024,
    0.35041846153846146
  ],
  "amp_mean_x": [
    0.03426123410463333,
    1.1348999738693237,
    0.5083239674568176,
    0.30165261030197144
  ],
  "amp_mean_y": [
    0.08672915399074554,
    3.078596591949463,
    1.5925230979919434,
    0.7307968139648438
  ],
  "symmetry_ratio": [
    0.39503711462020874,
    0.36864200234413147,
    0.31919410824775696,
    0.41277220845222473
  ],
  "energy_distribution": [
    0.19136588275432587,
    0.294613778591156,
    0.3580794632434845,
    0.24373821914196014
  ],
  "motion_stability": [
    3.9776740074157715,
    3.0180792808532715,
    2.631666660308838,
    1.471238613128662
  ],
  "freq_entropy": [
    8.63839340209961,
    8.402986526489258,
    8.343450546264648,
    8.436628341674805
  ]
}