{
  "dominant_freq": [
    7.43313708999159,
    0.78,
    0.48
  ],
  "amp_mean_x": [
    0.6673316955566406,
    0.600721001625061,
    0.13705860078334808
  ],
  "amp_mean_y": [
    1.6940723657608032,
    0.6939728856086731,
    0.2949693202972412
  ],
  "symmetry_ratio": [
    0.3939216136932373,
    0.8656260371208191,
    0.46465376019477844
  ],
  "energy_distribution": [
    0.1725449115037918,
    0.20722967386245728,
    0.23245425522327423
  ],
  "motion_stability": [
    2.5527968406677246,
    1.6092512607574463,
    1.3240113258361816
  ],
  "freq_entropy": [
    10.332160949707031,
    10.292905807495117,
    10.163395881652832
  ]
}