{
  "dominant_freq": [
    0.47095714285714285,
    3.8361600000000005
  ],
  "amp_mean_x": [
    0.08493997901678085,
    0.16511975228786469
  ],
  "amp_mean_y": [
    0.07748527824878693,
    0.12819427251815796
  ],
  "symmetry_ratio": [
    1.0962079763412476,
    1.2880431413650513
  ],
  "energy_distribution": [
    0.25500890612602234,
    0.19205163419246674
  ],
  "motion_stability": [
    1.7520582675933838,
    3.649012804031372
  ],
  "freq_entropy": [
    9.398719787597656,
    9.617513656616211
  ]
}