{
  "dominant_freq": [
    0.7991999999999999,
    3.0569399999999995,
    1.65834,
    2.2977
  ],
  "amp_mean_x": [
    0.39428550004959106,
    0.4339773952960968,
    0.42200687527656555,
    0.6379392147064209
  ],
  "amp_mean_y": [
    0.498184472322464,
    0.6291172504425049,
    0.5759275555610657,
    0.5385112762451172
  ],
  "symmetry_ratio": [
    0.7914447784423828,
    0.6898195743560791,
    0.732742965221405,
    1.184634804725647
  ],
  "energy_distribution": [
    0.2145853191614151,
    0.2123740315437317,
    0.2245248556137085,
    0.18312811851501465
  ],
  "motion_stability": [
    1.9647188186645508,
    1.4176383018493652,
    1.8341408967971802,
    3.436800003051758
  ],
  "freq_entropy": [
    8.423030853271484,
    8.31683349609375,
    8.432255744934082,
    8.530050277709961
  ]
}