{
  "dominant_freq": [
    1.1508479999999999,
    4.763232,
    4.907088
  ],
  "amp_mean_x": [
    0.04814163222908974,
    0.08808030933141708,
    0.06026842072606087
  ],
  "amp_mean_y": [
    0.08289488404989243,
    0.1218649297952652,
    0.100323885679245
  ],
  "symmetry_ratio": [
    0.5807551741600037,
    0.7227699756622314,
    0.600738525390625
  ],
  "energy_distribution": [
    0.20753617584705353,
    0.2043028473854065,
    0.18677844107151031
  ],
  "motion_stability": [
    1.5500338077545166,
    1.508771300315857,
    1.6651113033294678
  ],
  "freq_entropy": [
    8.659055709838867,
    8.567262649536133,
    8.697090148925781
  ]
}