{
  "dominant_freq": [
    4.392841210833775,
    0.13822300596852954
  ],
  "amp_mean_x": [
    1.1803827285766602,
    2.9629569053649902
  ],
  "amp_mean_y": [
    1.6219395399093628,
    2.6823341846466064
  ],
  "symmetry_ratio": [
    0.7277600169181824,
    1.1046189069747925
  ],
  "energy_distribution": [
    0.2444857358932495,
    0.22364886105060577
  ],
  "motion_stability": [
    2.433120012283325,
    1.7969932556152344
  ],
  "freq_entropy": [
    9.675430297851562,
    9.650884628295898
  ]
}