{
  "dominant_freq": [
    0.12618947368421052,
    0.29023578947368417,
    0.12618947368421052
  ],
  "amp_mean_x": [
    0.14752119779586792,
    0.33101049065589905,
    0.2826828360557556
  ],
  "amp_mean_y": [
    0.1892344206571579,
    0.2719455361366272,
    0.35559922456741333
  ],
  "symmetry_ratio": [
    0.7795684933662415,
    1.2171940803527832,
    0.7949478626251221
  ],
  "energy_distribution": [
    0.4010440409183502,
    0.360000878572464,
    0.23669330775737762
  ],
  "motion_stability": [
    1.4198076725006104,
    1.5827763080596924,
    1.191784381866455
  ],
  "freq_entropy": [
    8.59601879119873,
    8.714042663574219,
    8.965933799743652
  ]
}