{
  "dominant_freq": [
    3.419923736892278,
    4.133685136323659
  ],
  "amp_mean_x": [
    3.185272216796875,
    1.3319631814956665
  ],
  "amp_mean_y": [
    8.286772727966309,
    2.9133193492889404
  ],
  "symmetry_ratio": [
    0.3843803107738495,
    0.45719778537750244
  ],
  "energy_distribution": [
    0.16829627752304077,
    0.21324127912521362
  ],
  "motion_stability": [
    2.463953971862793,
    1.853980302810669
  ],
  "freq_entropy": [
    9.078750610351562,
    9.199317932128906
  ]
}