{
  "dominant_freq": [
    0.984277894736842,
    2.6121221052631576,
    4.7321052631578935
  ],
  "amp_mean_x": [
    0.04200620949268341,
    0.28810110688209534,
    0.16000555455684662
  ],
  "amp_mean_y": [
    0.04754292592406273,
    0.28088095784187317,
    0.19597283005714417
  ],
  "symmetry_ratio": [
    0.8835427761077881,
    1.025705337524414,
    0.8164680600166321
  ],
  "energy_distribution": [
    0.28770413994789124,
    0.20494063198566437,
    0.21970166265964508
  ],
  "motion_stability": [
    1.7001183032989502,
    2.131056547164917,
    2.1426479816436768
  ],
  "freq_entropy": [
    8.903691291809082,
    8.948877334594727,
    8.988523483276367
  ]
}