{
  "dominant_freq": [
    4.09718228867165,
    2.9945683247570036
  ],
  "amp_mean_x": [
    0.49675190448760986,
    0.730886697769165
  ],
  "amp_mean_y": [
    0.9997314810752869,
    0.7948262691497803
  ],
  "symmetry_ratio": [
    0.4968853294849396,
    0.9195553064346313
  ],
  "energy_distribution": [
    0.15775829553604126,
    0.3304145634174347
  ],
  "motion_stability": [
    5.19516134262085,
    2.822803020477295
  ],
  "freq_entropy": [
    9.839362144470215,
    9.569280624389648
  ]
}