{
  "dominant_freq": [
    0.13135135135135134,
    3.9217885714285714
  ],
  "amp_mean_x": [
    0.9996529817581177,
    0.33559849858283997
  ],
  "amp_mean_y": [
    1.324141025543213,
    0.07210630923509598
  ],
  "symmetry_ratio": [
    0.7549445033073425,
    4.6542181968688965
  ],
  "energy_distribution": [
    0.2841235101222992,
    0.2645307779312134
  ],
  "motion_stability": [
    6.593276023864746,
    0.9839615821838379
  ],
  "freq_entropy": [
    9.475128173828125,
    9.490164756774902
  ]
}