{
  "dominant_freq": [
    0.49140563916541047,
    0.3088514538896218
  ],
  "amp_mean_x": [
    0.19666233658790588,
    0.43740370869636536
  ],
  "amp_mean_y": [
    0.22435830533504486,
    0.9628965258598328
  ],
  "symmetry_ratio": [
    0.8765547275543213,
    0.4542582631111145
  ],
  "energy_distribution": [
    0.18945841491222382,
    0.3500858247280121
  ],
  "motion_stability": [
    2.6072816848754883,
    6.010767936706543
  ],
  "freq_entropy": [
    9.240350723266602,
    9.182966232299805
  ]
}