{
  "dominant_freq": [
    0.1117223867964452,
    0.10646387832699619,
    0.13584905660377358
  ],
  "amp_mean_x": [
    1.3045616149902344,
    1.7215214967727661,
    1.305721402168274
  ],
  "amp_mean_y": [
    1.7895557880401611,
    3.173217535018921,
    2.770420551300049
  ],
  "symmetry_ratio": [
    0.7289862632751465,
    0.5425160527229309,
    0.47130802273750305
  ],
  "energy_distribution": [
    0.22361591458320618,
    0.2780022621154785,
    0.2632492482662201
  ],
  "motion_stability": [
    2.816467046737671,
    1.6942062377929688,
    1.524015188217163
  ],
  "freq_entropy": [
    10.301599502563477,
    10.219206809997559,
    10.25973892211914
  ]
}