{
  "dominant_freq": [
    3.774193548387097,
    2.296908698777858
  ],
  "amp_mean_x": [
    0.2556471824645996,
    0.7675465941429138
  ],
  "amp_mean_y": [
    0.6871993541717529,
    1.620953917503357
  ],
  "symmetry_ratio": [
    0.372013121843338,
    0.4735153615474701
  ],
  "energy_distribution": [
    0.1403045952320099,
    0.4601214826107025
  ],
  "motion_stability": [
    3.342573404312134,
    5.08287239074707
  ],
  "freq_entropy": [
    9.301603317260742,
    8.897424697875977
  ]
}