{
  "dominant_freq": [
    0.3910100277780041,
    1.9995031264753276
  ],
  "amp_mean_x": [
    0.42745521664619446,
    1.4188309907913208
  ],
  "amp_mean_y": [
    0.7740495800971985,
    3.207977294921875
  ],
  "symmetry_ratio": [
    0.5522323250770569,
    0.442282110452652
  ],
  "energy_distribution": [
    0.21849733591079712,
    0.21073924005031586
  ],
  "motion_stability": [
    2.4187028408050537,
    2.228550910949707
  ],
  "freq_entropy": [
    9.592440605163574,
    9.214141845703125
  ]
}