{
  "dominant_freq": [
    2.25,
    0.346875
  ],
  "amp_mean_x": [
    0.054543569684028625,
    0.09554482251405716
  ],
  "amp_mean_y": [
    0.16838842630386353,
    0.3171333074569702
  ],
  "symmetry_ratio": [
    0.32391518354415894,
    0.3012765347957611
  ],
  "energy_distribution": [
    0.22849135100841522,
    0.3376261293888092
  ],
  "motion_stability": [
    1.8103797435760498,
    1.9354214668273926
  ],
  "freq_entropy": [
    9.449378967285156,
    9.3236722946167
  ]
}