{
  "dominant_freq": [
    0.36327309054581786,
    0.12330526616240903
  ],
  "amp_mean_x": [
    0.3572366535663605,
    0.5297098755836487
  ],
  "amp_mean_y": [
    0.33154207468032837,
    0.7604193687438965
  ],
  "symmetry_ratio": [
    1.0775002241134644,
    0.6966022849082947
  ],
  "energy_distribution": [
    0.2328803390264511,
    0.5097248554229736
  ],
  "motion_stability": [
    2.1647958755493164,
    2.671259641647339
  ],
  "freq_entropy": [
    9.925443649291992,
    8.997193336486816
  ]
}