{
  "dominant_freq": [
    0.9494192185850052,
    3.569816261879619,
    3.2809263157894732
  ],
  "amp_mean_x": [
    1.0078812837600708,
    0.4738747477531433,
    0.8161720037460327
  ],
  "amp_mean_y": [
    1.535953402519226,
    0.5947495102882385,
    1.6122162342071533
  ],
  "symmetry_ratio": [
    0.6561926007270813,
    0.7967635989189148,
    0.5062422752380371
  ],
  "energy_distribution": [
    0.2274010181427002,
    0.3932665288448334,
    0.2647632956504822
  ],
  "motion_stability": [
    2.431438446044922,
    1.934887409210205,
    2.332387924194336
  ],
  "freq_entropy": [
    8.920381546020508,
    8.431194305419922,
    8.905927658081055
  ]
}