{
  "dominant_freq": [
    3.3111185567010306,
    1.29984021071115,
    3.9782950819672123
  ],
  "amp_mean_x": [
    1.0629477500915527,
    2.178788423538208,
    1.970866084098816
  ],
  "amp_mean_y": [
    2.040571928024292,
    4.659423351287842,
    6.130534648895264
  ],
  "symmetry_ratio": [
    0.5209068059921265,
    0.4676090180873871,
    0.3214835524559021
  ],
  "energy_distribution": [
    0.20208972692489624,
    0.20143218338489532,
    0.2523038387298584
  ],
  "motion_stability": [
    1.9036667346954346,
    1.9391285181045532,
    1.913116693496704
  ],
  "freq_entropy": [
    10.305278778076172,
    10.282833099365234,
    10.287405967712402
  ]
}