{
  "dominant_freq": [
    1.751292186074795,
    0.43782304651869874
  ],
  "amp_mean_x": [
    0.055090177804231644,
    0.06514626741409302
  ],
  "amp_mean_y": [
    0.21549655497074127,
    0.10909069329500198
  ],
  "symmetry_ratio": [
    0.25564295053482056,
    0.5971753001213074
  ],
  "energy_distribution": [
    0.19526146352291107,
    0.24427668750286102
  ],
  "motion_stability": [
    0.9987940192222595,
    1.0422546863555908
  ],
  "freq_entropy": [
    9.287199020385742,
    9.191997528076172
  ]
}