{
  "dominant_freq": [
    1.830026548672566,
    0.4669010526315789,
    0.492138947368421
  ],
  "amp_mean_x": [
    2.249732732772827,
    0.08383955806493759,
    0.16117750108242035
  ],
  "amp_mean_y": [
    4.219413757324219,
    0.1632552295923233,
    0.2829579710960388
  ],
  "symmetry_ratio": [
    0.5331860780715942,
    0.5135489702224731,
    0.5696163773536682
  ],
  "energy_distribution": [
    0.40857797861099243,
    0.23711921274662018,
    0.22362035512924194
  ],
  "motion_stability": [
    3.6025075912475586,
    1.3205130100250244,
    1.5908490419387817
  ],
  "freq_entropy": [
    8.94516372680664,
    8.778668403625488,
    8.95090103149414
  ]
}