{
  "dominant_freq": [
    0.47952,
    6.524897142857143
  ],
  "amp_mean_x": [
    0.0756022185087204,
    0.35750097036361694
  ],
  "amp_mean_y": [
    0.10144281387329102,
    0.6652553081512451
  ],
  "symmetry_ratio": [
    0.7452693581581116,
    0.5373890995979309
  ],
  "energy_distribution": [
    0.2089892327785492,
    0.21244731545448303
  ],
  "motion_stability": [
    1.5044877529144287,
    4.659087181091309
  ],
  "freq_entropy": [
    9.517123222351074,
    9.59676742553711
  ]
}