{
  "dominant_freq": [
    0.2974261201143947,
    3.249760765550239
  ],
  "amp_mean_x": [
    0.44604167342185974,
    1.5633114576339722
  ],
  "amp_mean_y": [
    0.5301477313041687,
    1.0536106824874878
  ],
  "symmetry_ratio": [
    0.8413535356521606,
    1.483765721321106
  ],
  "energy_distribution": [
    0.16261054575443268,
    0.3883965015411377
  ],
  "motion_stability": [
    1.928410291671753,
    2.416750431060791
  ],
  "freq_entropy": [
    9.179229736328125,
    8.811687469482422
  ]
}