{
  "dominant_freq": [
    0.4669010526315789,
    3.5837810526315783,
    0.1009515789473684
  ],
  "amp_mean_x": [
    0.05818311870098114,
    0.0808815211057663,
    0.0415332093834877
  ],
  "amp_mean_y": [
    0.10897363722324371,
    0.13189798593521118,
    0.11139805614948273
  ],
  "symmetry_ratio": [
    0.5339192152023315,
    0.6132127046585083,
    0.37283602356910706
  ],
  "energy_distribution": [
    0.2426139861345291,
    0.19974291324615479,
    0.3102149963378906
  ],
  "motion_stability": [
    1.3968982696533203,
    1.3967112302780151,
    2.944249153137207
  ],
  "freq_entropy": [
    8.853630065917969,
    8.915712356567383,
    9.056689262390137
  ]
}