{
  "dominant_freq": [
    4.925000000000001
  ],
  "amp_mean_x": [
    0.07532896101474762
  ],
  "amp_mean_y": [
    0.13025464117527008
  ],
  "symmetry_ratio": [
    0.5783207416534424
  ],
  "energy_distribution": [
    0.18055406212806702
  ],
  "motion_stability": [
    5.955228805541992
  ],
  "freq_entropy": [
    10.19224739074707
  ]
}