{
  "dominant_freq": [
    0.2776168421052631,
    0.25237894736842104,
    7.848985263157894
  ],
  "amp_mean_x": [
    0.13239018619060516,
    0.07648099958896637,
    0.08513928204774857
  ],
  "amp_mean_y": [
    0.2881971299648285,
    0.1240510642528534,
    0.08315791189670563
  ],
  "symmetry_ratio": [
    0.45937371253967285,
    0.6165283918380737,
    1.0238265991210938
  ],
  "energy_distribution": [
    0.6768314838409424,
    0.2031770795583725,
    0.19871696829795837
  ],
  "motion_stability": [
    2.088970422744751,
    5.117972373962402,
    5.341122150421143
  ],
  "freq_entropy": [
    7.9928436279296875,
    8.987068176269531,
    9.344402313232422
  ]
}