{
  "dominant_freq": [
    3.0098157051282053,
    0.3156312625250501,
    0.10504201680672268,
    0.46499999999999997
  ],
  "amp_mean_x": [
    0.6017037034034729,
    0.7143550515174866,
    0.5550890564918518,
    0.4278271496295929
  ],
  "amp_mean_y": [
    0.9352511763572693,
    0.5348163843154907,
    0.8279921412467957,
    0.6701607704162598
  ],
  "symmetry_ratio": [
    0.6433605551719666,
    1.3357014656066895,
    0.670403778553009,
    0.6383947730064392
  ],
  "energy_distribution": [
    0.163967102766037,
    0.18683886528015137,
    0.24193136394023895,
    0.2251291573047638
  ],
  "motion_stability": [
    2.7002406120300293,
    1.3453490734100342,
    1.4162516593933105,
    1.3286089897155762
  ],
  "freq_entropy": [
    10.34459400177002,
    10.271001815795898,
    10.255778312683105,
    10.239500045776367
  ]
}