{
  "dominant_freq": [
    0.10275428571428571,
    0.5308971428571428
  ],
  "amp_mean_x": [
    0.057430628687143326,
    0.05003713443875313
  ],
  "amp_mean_y": [
    0.09775909781455994,
    0.16387081146240234
  ],
  "symmetry_ratio": [
    0.5874709486961365,
    0.30534499883651733
  ],
  "energy_distribution": [
    0.23285062611103058,
    0.34324735403060913
  ],
  "motion_stability": [
    1.0921108722686768,
    1.6293222904205322
  ],
  "freq_entropy": [
    9.476787567138672,
    9.35964584350586
  ]
}