{
  "dominant_freq": [
    0.2654485714285714,
    0.12844285714285714
  ],
  "amp_mean_x": [
    0.22446244955062866,
    0.24128060042858124
  ],
  "amp_mean_y": [
    0.20295283198356628,
    0.29910072684288025
  ],
  "symmetry_ratio": [
    1.1059833765029907,
    0.8066867589950562
  ],
  "energy_distribution": [
    0.27727073431015015,
    0.29460471868515015
  ],
  "motion_stability": [
    1.4313647747039795,
    1.2696925401687622
  ],
  "freq_entropy": [
    9.459108352661133,
    9.446988105773926
  ]
}