{
  "dominant_freq": [
    1.8779484978540772,
    0.10275428571428571
  ],
  "amp_mean_x": [
    0.17426098883152008,
    0.22662679851055145
  ],
  "amp_mean_y": [
    0.15606394410133362,
    0.29136353731155396
  ],
  "symmetry_ratio": [
    1.1165999174118042,
    0.7778145670890808
  ],
  "energy_distribution": [
    0.224648579955101,
    0.47322800755500793
  ],
  "motion_stability": [
    3.9616026878356934,
    2.405611515045166
  ],
  "freq_entropy": [
    9.645652770996094,
    8.832983016967773
  ]
}