{
  "dominant_freq": [
    0.23629434954007883,
    0.11319141630901286
  ],
  "amp_mean_x": [
    1.6264861822128296,
    1.0411783456802368
  ],
  "amp_mean_y": [
    3.3377909660339355,
    1.3773542642593384
  ],
  "symmetry_ratio": [
    0.48729419708251953,
    0.7559263110160828
  ],
  "energy_distribution": [
    0.24341243505477905,
    0.4169730842113495
  ],
  "motion_stability": [
    2.756700038909912,
    3.7848825454711914
  ],
  "freq_entropy": [
    10.229673385620117,
    9.236845970153809
  ]
}