{
  "dominant_freq": [
    0.44166315789473676,
    4.2604098185699035,
    3.3944968421052626
  ],
  "amp_mean_x": [
    0.0322716049849987,
    1.2281497716903687,
    0.19578632712364197
  ],
  "amp_mean_y": [
    0.04101172834634781,
    1.1003824472427368,
    0.40687650442123413
  ],
  "symmetry_ratio": [
    0.7868872284889221,
    1.1161117553710938,
    0.481193482875824
  ],
  "energy_distribution": [
    0.3143811821937561,
    0.18442992866039276,
    0.2603069543838501
  ],
  "motion_stability": [
    1.5924381017684937,
    5.235537528991699,
    3.0444557666778564
  ],
  "freq_entropy": [
    8.54362678527832,
    9.042499542236328,
    9.032231330871582
  ]
}