{
  "dominant_freq": [
    5.419232876712328,
    0.47951999999999995,
    0.7066610526315789
  ],
  "amp_mean_x": [
    0.22322091460227966,
    0.07745711505413055,
    0.0426357239484787
  ],
  "amp_mean_y": [
    0.18306665122509003,
    0.16352619230747223,
    0.076507069170475
  ],
  "symmetry_ratio": [
    1.2193423509597778,
    0.4736679494380951,
    0.5572782158851624
  ],
  "energy_distribution": [
    0.1613774448633194,
    0.22814656794071198,
    0.226064071059227
  ],
  "motion_stability": [
    6.780701637268066,
    1.7712996006011963,
    2.052591323852539
  ],
  "freq_entropy": [
    9.051595687866211,
    8.911043167114258,
    8.818134307861328
  ]
}