{
  "dominant_freq": [
    3.22065671641791,
    0.4544003407155025
  ],
  "amp_mean_x": [
    0.4059099555015564,
    0.8621456623077393
  ],
  "amp_mean_y": [
    0.5452041029930115,
    0.6637125611305237
  ],
  "symmetry_ratio": [
    0.7445101141929626,
    1.2989745140075684
  ],
  "energy_distribution": [
    0.19898466765880585,
    0.18553894758224487
  ],
  "motion_stability": [
    1.6899394989013672,
    1.014509916305542
  ],
  "freq_entropy": [
    10.282943725585938,
    10.263538360595703
  ]
}