{
  "dominant_freq": [
    4.745,
    3.905,
    3.1462925851703405,
    0.5460921843687374
  ],
  "amp_mean_x": [
    0.13735780119895935,
    0.15742260217666626,
    0.2738908529281616,
    0.6972522735595703
  ],
  "amp_mean_y": [
    0.21262869238853455,
    0.35300126671791077,
    0.604485034942627,
    0.9060791730880737
  ],
  "symmetry_ratio": [
    0.6459984183311462,
    0.4459547698497772,
    0.4530978202819824,
    0.7695268988609314
  ],
  "energy_distribution": [
    0.21280831098556519,
    0.19779595732688904,
    0.29222193360328674,
    0.24347759783267975
  ],
  "motion_stability": [
    1.4055848121643066,
    1.7685195207595825,
    3.110489845275879,
    1.4027836322784424
  ],
  "freq_entropy": [
    10.263456344604492,
    10.375779151916504,
    10.39571475982666,
    10.235852241516113
  ]
}