{
  "dominant_freq": [
    0.304,
    0.472
  ],
  "amp_mean_x": [
    0.11504801362752914,
    0.14017225801944733
  ],
  "amp_mean_y": [
    0.1880984902381897,
    0.15619264543056488
  ],
  "symmetry_ratio": [
    0.6116371154785156,
    0.8974318504333496
  ],
  "energy_distribution": [
    0.25537270307540894,
    0.24099960923194885
  ],
  "motion_stability": [
    1.2609691619873047,
    1.1346759796142578
  ],
  "freq_entropy": [
    9.579412460327148,
    9.555694580078125
  ]
}