{
  "dominant_freq": [
    5.867810526315789,
    0.30285473684210523,
    0.731898947368421
  ],
  "amp_mean_x": [
    0.1147712841629982,
    0.14376619458198547,
    0.07843606919050217
  ],
  "amp_mean_y": [
    0.15560559928417206,
    0.15531425178050995,
    0.17764580249786377
  ],
  "symmetry_ratio": [
    0.7375780940055847,
    0.9256471395492554,
    0.44153067469596863
  ],
  "energy_distribution": [
    0.20755082368850708,
    0.23722799122333527,
    0.2855690121650696
  ],
  "motion_stability": [
    1.6281981468200684,
    1.2268339395523071,
    1.2777562141418457
  ],
  "freq_entropy": [
    9.00181770324707,
    8.914165496826172,
    8.846607208251953
  ]
}