{
  "dominant_freq": [
    1.0580713043478258,
    0.24244234079173835,
    4.828213425129087
  ],
  "amp_mean_x": [
    1.0271050930023193,
    0.6176117062568665,
    0.8572841286659241
  ],
  "amp_mean_y": [
    2.0143909454345703,
    1.5853861570358276,
    1.807201623916626
  ],
  "symmetry_ratio": [
    0.5098837018013,
    0.38956546783447266,
    0.4743710458278656
  ],
  "energy_distribution": [
    0.19056610763072968,
    0.3347344398498535,
    0.21429334580898285
  ],
  "motion_stability": [
    3.507786989212036,
    4.10858154296875,
    3.910069465637207
  ],
  "freq_entropy": [
    10.269426345825195,
    10.213563919067383,
    10.13643741607666
  ]
}