{
  "dominant_freq": [
    6.592986184909671,
    0.5460317460317461,
    4.337197049525817
  ],
  "amp_mean_x": [
    0.5336146950721741,
    0.5373585820198059,
    0.29834216833114624
  ],
  "amp_mean_y": [
    1.3170900344848633,
    1.0925943851470947,
    0.45572006702423096
  ],
  "symmetry_ratio": [
    0.4051467180252075,
    0.491818904876709,
    0.6546610593795776
  ],
  "energy_distribution": [
    0.21490614116191864,
    0.21418748795986176,
    0.18028301000595093
  ],
  "motion_stability": [
    4.8978271484375,
    2.4035086631774902,
    1.423482894897461
  ],
  "freq_entropy": [
    9.083795547485352,
    9.034042358398438,
    8.988077163696289
  ]
}