{
  "dominant_freq": [
    4.697705252233903,
    0.4577240940877304,
    0.18198120664913833,
    0.35718471472661417,
    3.007981029959052
  ],
  "amp_mean_x": [
    0.16039934754371643,
    0.3340418040752411,
    0.8856090903282166,
    1.023165225982666,
    0.5127991437911987
  ],
  "amp_mean_y": [
    0.5263304114341736,
    0.3900308609008789,
    1.2487695217132568,
    1.164522409439087,
    1.095762014389038
  ],
  "symmetry_ratio": [
    0.3047502934932709,
    0.8564496636390686,
    0.7091853618621826,
    0.8786135911941528,
    0.46798405051231384
  ],
  "energy_distribution": [
    0.18378834426403046,
    0.23014752566814423,
    0.32109177112579346,
    0.2526908814907074,
    0.20906682312488556
  ],
  "motion_stability": [
    4.837733268737793,
    2.675978660583496,
    2.9064407348632812,
    2.2902612686157227,
    2.2935311794281006
  ],
  "freq_entropy": [
    8.323225021362305,
    8.218419075012207,
    7.974250793457031,
    8.137977600097656,
    8.219751358032227
  ]
}