{
  "dominant_freq": [
    0.11282823529411763,
    0.7766077738515901,
    1.832289099526066
  ],
  "amp_mean_x": [
    0.12006977945566177,
    0.32497885823249817,
    0.40943413972854614
  ],
  "amp_mean_y": [
    0.2839197814464569,
    0.7415935397148132,
    0.4230209290981293
  ],
  "symmetry_ratio": [
    0.42290037870407104,
    0.4382169544696808,
    0.9678815007209778
  ],
  "energy_distribution": [
    0.20244371891021729,
    0.274172306060791,
    0.17543989419937134
  ],
  "motion_stability": [
    1.2398582696914673,
    2.002973794937134,
    3.403341293334961
  ],
  "freq_entropy": [
    8.839642524719238,
    8.825974464416504,
    9.128361701965332
  ]
}