{
  "dominant_freq": [
    2.0509271523178807,
    4.625391120507399,
    2.3975999999999997
  ],
  "amp_mean_x": [
    0.9363458752632141,
    0.15988469123840332,
    0.08506603538990021
  ],
  "amp_mean_y": [
    1.6345936059951782,
    0.30845704674720764,
    0.16003839671611786
  ],
  "symmetry_ratio": [
    0.5728309750556946,
    0.5183369517326355,
    0.5315351486206055
  ],
  "energy_distribution": [
    0.2560301721096039,
    0.14173270761966705,
    0.18770650029182434
  ],
  "motion_stability": [
    4.2163848876953125,
    6.04431676864624,
    1.5883753299713135
  ],
  "freq_entropy": [
    8.894441604614258,
    9.342974662780762,
    8.982460021972656
  ]
}