{
  "dominant_freq": [
    0.13690215006581835
  ],
  "amp_mean_x": [
    2.651451826095581
  ],
  "amp_mean_y": [
    7.0655293464660645
  ],
  "symmetry_ratio": [
    0.37526583671569824
  ],
  "energy_distribution": [
    0.3153902590274811
  ],
  "motion_stability": [
    2.416348934173584
  ],
  "freq_entropy": [
    10.167217254638672
  ]
}