{
  "dominant_freq": [
    2.7465499831706497,
    0.555
  ],
  "amp_mean_x": [
    0.19814454019069672,
    0.0397445373237133
  ],
  "amp_mean_y": [
    0.17007966339588165,
    0.07799786329269409
  ],
  "symmetry_ratio": [
    1.1650102138519287,
    0.5095593333244324
  ],
  "energy_distribution": [
    0.19246353209018707,
    0.28617674112319946
  ],
  "motion_stability": [
    12.106815338134766,
    4.839946746826172
  ],
  "freq_entropy": [
    10.311762809753418,
    10.267459869384766
  ]
}