{
  "dominant_freq": [
    2.0660702023427473,
    0.11988011988011987
  ],
  "amp_mean_x": [
    0.38650280237197876,
    0.18774361908435822
  ],
  "amp_mean_y": [
    0.5760515928268433,
    0.3590942919254303
  ],
  "symmetry_ratio": [
    0.6709517240524292,
    0.5228254199028015
  ],
  "energy_distribution": [
    0.2213599979877472,
    0.2769466042518616
  ],
  "motion_stability": [
    4.707370758056641,
    2.228172540664673
  ],
  "freq_entropy": [
    9.113155364990234,
    9.034017562866211
  ]
}