{
  "dominant_freq": [
    4.151633684210526,
    4.7194863157894735,
    0.47951999999999995
  ],
  "amp_mean_x": [
    0.18769435584545135,
    0.12111538648605347,
    0.11185161024332047
  ],
  "amp_mean_y": [
    0.16687490046024323,
    0.17435407638549805,
    0.14967888593673706
  ],
  "symmetry_ratio": [
    1.1247608661651611,
    0.6946519017219543,
    0.7472771406173706
  ],
  "energy_distribution": [
    0.1998974084854126,
    0.18088717758655548,
    0.2381148785352707
  ],
  "motion_stability": [
    1.4477108716964722,
    1.3894795179367065,
    1.1946887969970703
  ],
  "freq_entropy": [
    9.016763687133789,
    8.970051765441895,
    8.922157287597656
  ]
}