{
  "dominant_freq": [
    0.29023578947368417,
    0.7192799999999999,
    2.725692631578947
  ],
  "amp_mean_x": [
    0.047231487929821014,
    0.07179795205593109,
    0.07636308670043945
  ],
  "amp_mean_y": [
    0.08828014880418777,
    0.07172378897666931,
    0.12331834435462952
  ],
  "symmetry_ratio": [
    0.5350182056427002,
    1.0010340213775635,
    0.6192353963851929
  ],
  "energy_distribution": [
    0.25544923543930054,
    0.2124582827091217,
    0.19290791451931
  ],
  "motion_stability": [
    1.340355396270752,
    1.0403711795806885,
    1.5335984230041504
  ],
  "freq_entropy": [
    8.872993469238281,
    8.873920440673828,
    8.973712921142578
  ]
}