{
  "dominant_freq": [
    0.10105263157894738,
    1.9200000000000004,
    4.597894736842106
  ],
  "amp_mean_x": [
    0.1479855477809906,
    0.11084281653165817,
    0.12261306494474411
  ],
  "amp_mean_y": [
    0.22895430028438568,
    0.24488186836242676,
    0.22633303701877594
  ],
  "symmetry_ratio": [
    0.646354079246521,
    0.4526379108428955,
    0.5417373776435852
  ],
  "energy_distribution": [
    0.22599855065345764,
    0.2446601241827011,
    0.2814428210258484
  ],
  "motion_stability": [
    1.1768791675567627,
    1.1252137422561646,
    1.2918670177459717
  ],
  "freq_entropy": [
    8.817400932312012,
    8.683643341064453,
    8.684307098388672
  ]
}