{
  "dominant_freq": [
    1.6171062979573616,
    4.901856056689247,
    0.2805704933364508,
    0.46931791612642676,
    0.474823302761974
  ],
  "amp_mean_x": [
    0.2574257254600525,
    0.611190915107727,
    0.5810414552688599,
    0.8979397416114807,
    0.6172282695770264
  ],
  "amp_mean_y": [
    0.19375717639923096,
    0.7066956758499146,
    0.23759151995182037,
    0.3618449866771698,
    0.3863688111305237
  ],
  "symmetry_ratio": [
    1.3285996913909912,
    0.8648573160171509,
    2.4455480575561523,
    2.4815592765808105,
    1.597510576248169
  ],
  "energy_distribution": [
    0.19813811779022217,
    0.22346287965774536,
    0.24436748027801514,
    0.23482555150985718,
    0.23006276786327362
  ],
  "motion_stability": [
    0.9408555030822754,
    5.420783519744873,
    1.3076519966125488,
    0.9847540855407715,
    1.1658680438995361
  ],
  "freq_entropy": [
    10.270391464233398,
    10.316971778869629,
    10.182531356811523,
    10.216636657714844,
    10.184215545654297
  ]
}