{
  "dominant_freq": [
    1.5000000000000002,
    2.4703359542530383
  ],
  "amp_mean_x": [
    0.1204972192645073,
    0.537322461605072
  ],
  "amp_mean_y": [
    0.2708100974559784,
    0.4692477583885193
  ],
  "symmetry_ratio": [
    0.44495099782943726,
    1.1450719833374023
  ],
  "energy_distribution": [
    0.23282434046268463,
    0.16616936028003693
  ],
  "motion_stability": [
    1.5482655763626099,
    3.6290316581726074
  ],
  "freq_entropy": [
    9.567977905273438,
    9.393651962280273
  ]
}