{
  "dominant_freq": [
    0.8113907065289334,
    0.11460814520087943
  ],
  "amp_mean_x": [
    0.38993433117866516,
    1.4119179248809814
  ],
  "amp_mean_y": [
    0.6519554853439331,
    2.355513334274292
  ],
  "symmetry_ratio": [
    0.5980996489524841,
    0.5994098782539368
  ],
  "energy_distribution": [
    0.1871793270111084,
    0.38809773325920105
  ],
  "motion_stability": [
    1.305902361869812,
    3.5978658199310303
  ],
  "freq_entropy": [
    9.193155288696289,
    8.851456642150879
  ]
}