{
  "dominant_freq": [
    0.10282783692361963,
    2.2087738850744634
  ],
  "amp_mean_x": [
    0.32933712005615234,
    1.8730982542037964
  ],
  "amp_mean_y": [
    0.5921735763549805,
    2.679460287094116
  ],
  "symmetry_ratio": [
    0.5561496615409851,
    0.6990580558776855
  ],
  "energy_distribution": [
    0.28525421023368835,
    0.200821191072464
  ],
  "motion_stability": [
    1.6406142711639404,
    1.7955350875854492
  ],
  "freq_entropy": [
    9.372644424438477,
    9.553572654724121
  ]
}