{
  "dominant_freq": [
    0.158341871166754,
    0.4897230429145323
  ],
  "amp_mean_x": [
    0.6385717391967773,
    0.6585201025009155
  ],
  "amp_mean_y": [
    1.0900124311447144,
    0.4976547360420227
  ],
  "symmetry_ratio": [
    0.5858389735221863,
    1.323246955871582
  ],
  "energy_distribution": [
    0.24209338426589966,
    0.2083834856748581
  ],
  "motion_stability": [
    2.6315293312072754,
    1.2756890058517456
  ],
  "freq_entropy": [
    10.281229019165039,
    10.307415008544922
  ]
}