{
  "dominant_freq": [
    1.5354857908049395,
    4.774799668416689
  ],
  "amp_mean_x": [
    0.14484815299510956,
    0.2329830825328827
  ],
  "amp_mean_y": [
    0.27874064445495605,
    0.22644203901290894
  ],
  "symmetry_ratio": [
    0.5196520686149597,
    1.0288861989974976
  ],
  "energy_distribution": [
    0.45609357953071594,
    0.21051493287086487
  ],
  "motion_stability": [
    4.49914026260376,
    2.561335563659668
  ],
  "freq_entropy": [
    10.029093742370605,
    10.323099136352539
  ]
}