{
  "dominant_freq": [
    4.2,
    1.575,
    0.7,
    4.458917835671342,
    4.904426559356137
  ],
  "amp_mean_x": [
    0.16063296794891357,
    0.2980600893497467,
    0.645442008972168,
    0.42190834879875183,
    0.5204088091850281
  ],
  "amp_mean_y": [
    0.2672766149044037,
    0.2710486352443695,
    0.8786382675170898,
    0.5891901850700378,
    1.0021284818649292
  ],
  "symmetry_ratio": [
    0.6009989380836487,
    1.0996553897857666,
    0.7345935702323914,
    0.7160817384719849,
    0.5193035006523132
  ],
  "energy_distribution": [
    0.16497693955898285,
    0.23176974058151245,
    0.2187548279762268,
    0.20111772418022156,
    0.1888081133365631
  ],
  "motion_stability": [
    1.7489416599273682,
    1.3641493320465088,
    1.9823453426361084,
    1.5177016258239746,
    5.761296272277832
  ],
  "freq_entropy": [
    7.955852508544922,
    7.9889936447143555,
    8.07082748413086,
    8.076391220092773,
    8.178556442260742
  ]
}