{
  "dominant_freq": [
    0.11147639484978542,
    0.13106413994169094
  ],
  "amp_mean_x": [
    0.2972573935985565,
    2.510162830352783
  ],
  "amp_mean_y": [
    0.34765368700027466,
    3.567450761795044
  ],
  "symmetry_ratio": [
    0.8550388216972351,
    0.7036293148994446
  ],
  "energy_distribution": [
    0.23032146692276,
    0.28654584288597107
  ],
  "motion_stability": [
    2.338759660720825,
    3.6768345832824707
  ],
  "freq_entropy": [
    9.6447172164917,
    9.379093170166016
  ]
}