{
  "dominant_freq": [
    1.0587152209492634,
    7.078067672238076
  ],
  "amp_mean_x": [
    1.9667365550994873,
    2.520470380783081
  ],
  "amp_mean_y": [
    2.5001518726348877,
    2.0844297409057617
  ],
  "symmetry_ratio": [
    0.786646842956543,
    1.2091894149780273
  ],
  "energy_distribution": [
    0.23198428750038147,
    0.2005150318145752
  ],
  "motion_stability": [
    2.3469185829162598,
    2.164074420928955
  ],
  "freq_entropy": [
    10.317529678344727,
    10.339041709899902
  ]
}