{
  "dominant_freq": [
    0.7377230769230767,
    3.2541528861154445
  ],
  "amp_mean_x": [
    0.11276540905237198,
    0.19559068977832794
  ],
  "amp_mean_y": [
    0.13148163259029388,
    0.2061759978532791
  ],
  "symmetry_ratio": [
    0.85765141248703,
    0.9486588835716248
  ],
  "energy_distribution": [
    0.17635855078697205,
    0.18945738673210144
  ],
  "motion_stability": [
    1.2886173725128174,
    3.841914653778076
  ],
  "freq_entropy": [
    9.443573951721191,
    9.543331146240234
  ]
}