{
  "dominant_freq": [
    4.3,
    3.4022681787858575
  ],
  "amp_mean_x": [
    0.15883396565914154,
    0.4118606746196747
  ],
  "amp_mean_y": [
    0.10193280130624771,
    0.3321799337863922
  ],
  "symmetry_ratio": [
    1.5582222938537598,
    1.2398722171783447
  ],
  "energy_distribution": [
    0.5053076148033142,
    0.4153839945793152
  ],
  "motion_stability": [
    2.230121612548828,
    2.9779984951019287
  ],
  "freq_entropy": [
    8.823176383972168,
    9.33548355102539
  ]
}