{
  "dominant_freq": [
    3.5964035964035963,
    1.143471912702682
  ],
  "amp_mean_x": [
    0.11550931632518768,
    0.08473678678274155
  ],
  "amp_mean_y": [
    0.18326671421527863,
    0.2255731225013733
  ],
  "symmetry_ratio": [
    0.6302798390388489,
    0.375651091337204
  ],
  "energy_distribution": [
    0.2039821892976761,
    0.2270990014076233
  ],
  "motion_stability": [
    2.650691509246826,
    1.5057384967803955
  ],
  "freq_entropy": [
    9.582923889160156,
    9.487159729003906
  ]
}