{
  "dominant_freq": [
    0.11997240634654029,
    0.12910166756320604
  ],
  "amp_mean_x": [
    0.26161882281303406,
    0.14455261826515198
  ],
  "amp_mean_y": [
    0.18718276917934418,
    0.14440208673477173
  ],
  "symmetry_ratio": [
    1.3976651430130005,
    1.0010424852371216
  ],
  "energy_distribution": [
    0.19337156414985657,
    0.31130146980285645
  ],
  "motion_stability": [
    4.09450101852417,
    1.463212013244629
  ],
  "freq_entropy": [
    9.412854194641113,
    9.184174537658691
  ]
}