{
  "dominant_freq": [
    0.11436947094535993,
    1.9069475494411003
  ],
  "amp_mean_x": [
    2.5738282203674316,
    1.872111201286316
  ],
  "amp_mean_y": [
    5.512312412261963,
    2.4848556518554688
  ],
  "symmetry_ratio": [
    0.4669235050678253,
    0.7534084320068359
  ],
  "energy_distribution": [
    0.48119696974754333,
    0.12996752560138702
  ],
  "motion_stability": [
    2.4179201126098633,
    2.501572608947754
  ],
  "freq_entropy": [
    8.73984146118164,
    9.340653419494629
  ]
}