{
  "dominant_freq": [
    2.599961538461539,
    0.13101639344262292,
    1.1717593984962404
  ],
  "amp_mean_x": [
    1.0411903858184814,
    2.4262447357177734,
    1.175199031829834
  ],
  "amp_mean_y": [
    1.7433969974517822,
    4.538546085357666,
    4.196200847625732
  ],
  "symmetry_ratio": [
    0.5972193479537964,
    0.5345863103866577,
    0.28006261587142944
  ],
  "energy_distribution": [
    0.27117130160331726,
    0.452116996049881,
    0.19711345434188843
  ],
  "motion_stability": [
    2.7426939010620117,
    2.6803817749023438,
    1.9335579872131348
  ],
  "freq_entropy": [
    8.905876159667969,
    7.765120029449463,
    8.977934837341309
  ]
}