{
  "dominant_freq": [
    0.29113714285714287,
    5.047127948534667
  ],
  "amp_mean_x": [
    0.22079694271087646,
    0.5045267343521118
  ],
  "amp_mean_y": [
    0.38682398200035095,
    0.7197988629341125
  ],
  "symmetry_ratio": [
    0.5707943439483643,
    0.7009273767471313
  ],
  "energy_distribution": [
    0.26095759868621826,
    0.19633539021015167
  ],
  "motion_stability": [
    1.6799942255020142,
    2.3282272815704346
  ],
  "freq_entropy": [
    9.534194946289062,
    9.480880737304688
  ]
}