{
  "dominant_freq": [
    1.2000766773162939,
    0.10170095440084835,
    4.90131085353003
  ],
  "amp_mean_x": [
    1.914483904838562,
    1.281111717224121,
    0.3792092502117157
  ],
  "amp_mean_y": [
    2.2196145057678223,
    1.4481390714645386,
    0.33981096744537354
  ],
  "symmetry_ratio": [
    0.8625299334526062,
    0.8846607208251953,
    1.1159417629241943
  ],
  "energy_distribution": [
    0.2477411925792694,
    0.2618362307548523,
    0.19699016213417053
  ],
  "motion_stability": [
    1.8799521923065186,
    4.392118453979492,
    2.5681190490722656
  ],
  "freq_entropy": [
    8.924315452575684,
    9.018705368041992,
    8.99226188659668
  ]
}