{
  "dominant_freq": [
    1.395,
    0.10062893081761005
  ],
  "amp_mean_x": [
    0.47548767924308777,
    0.5018707513809204
  ],
  "amp_mean_y": [
    0.5895904302597046,
    0.563227117061615
  ],
  "symmetry_ratio": [
    0.8064711689949036,
    0.89106285572052
  ],
  "energy_distribution": [
    0.22736309468746185,
    0.3996363580226898
  ],
  "motion_stability": [
    7.3074116706848145,
    5.508280277252197
  ],
  "freq_entropy": [
    10.44107437133789,
    9.882838249206543
  ]
}