{
  "dominant_freq": [
    0.8625,
    3.5
  ],
  "amp_mean_x": [
    0.1664748191833496,
    0.21345984935760498
  ],
  "amp_mean_y": [
    0.1714077740907669,
    0.14052124321460724
  ],
  "symmetry_ratio": [
    0.9712209105491638,
    1.5190575122833252
  ],
  "energy_distribution": [
    0.1631704568862915,
    0.25625109672546387
  ],
  "motion_stability": [
    1.607267141342163,
    1.459656000137329
  ],
  "freq_entropy": [
    8.986466407775879,
    8.83356761932373
  ]
}