{
  "dominant_freq": [
    0.10763061137238134,
    0.10206896551724137
  ],
  "amp_mean_x": [
    0.49374160170555115,
    0.44630151987075806
  ],
  "amp_mean_y": [
    0.5937724709510803,
    0.493903249502182
  ],
  "symmetry_ratio": [
    0.8315333127975464,
    0.9036213755607605
  ],
  "energy_distribution": [
    0.3449166715145111,
    0.598499596118927
  ],
  "motion_stability": [
    2.8320186138153076,
    2.683995008468628
  ],
  "freq_entropy": [
    10.104151725769043,
    8.973093032836914
  ]
}