{
  "dominant_freq": [
    3.4949784791965572,
    0.21598272138228944
  ],
  "amp_mean_x": [
    0.44992053508758545,
    0.41418033838272095
  ],
  "amp_mean_y": [
    0.6245595216751099,
    0.748938798904419
  ],
  "symmetry_ratio": [
    0.7203805446624756,
    0.5530229210853577
  ],
  "energy_distribution": [
    0.1788506656885147,
    0.25832462310791016
  ],
  "motion_stability": [
    1.4965394735336304,
    2.286242961883545
  ],
  "freq_entropy": [
    9.533599853515625,
    9.490842819213867
  ]
}