{
  "dominant_freq": [
    0.16685653104925052,
    1.047372631578947,
    3.6837465681098203
  ],
  "amp_mean_x": [
    1.588930368423462,
    0.7611820697784424,
    0.7885339856147766
  ],
  "amp_mean_y": [
    1.7442843914031982,
    0.9037041068077087,
    0.7809361815452576
  ],
  "symmetry_ratio": [
    0.9109354019165039,
    0.8422912359237671,
    1.0097291469573975
  ],
  "energy_distribution": [
    0.2909899950027466,
    0.23726363480091095,
    0.2049526423215866
  ],
  "motion_stability": [
    3.3719117641448975,
    3.0322020053863525,
    2.863915205001831
  ],
  "freq_entropy": [
    8.836456298828125,
    9.19537353515625,
    9.008419036865234
  ]
}