{
  "dominant_freq": [
    6.328877005347595,
    5.979770734996629
  ],
  "amp_mean_x": [
    0.7924256324768066,
    1.5562340021133423
  ],
  "amp_mean_y": [
    2.0693750381469727,
    2.883366346359253
  ],
  "symmetry_ratio": [
    0.3829299211502075,
    0.5397281646728516
  ],
  "energy_distribution": [
    0.18352219462394714,
    0.1520387828350067
  ],
  "motion_stability": [
    2.34104061126709,
    3.9819483757019043
  ],
  "freq_entropy": [
    9.658902168273926,
    9.700420379638672
  ]
}