{
  "dominant_freq": [
    1.211418947368421,
    1.716176842105263,
    0.1009515789473684
  ],
  "amp_mean_x": [
    0.05311782658100128,
    0.07132666558027267,
    0.07416863739490509
  ],
  "amp_mean_y": [
    0.06777697056531906,
    0.06237340718507767,
    0.054962821304798126
  ],
  "symmetry_ratio": [
    0.7837149500846863,
    1.1435428857803345,
    1.3494328260421753
  ],
  "energy_distribution": [
    0.20091116428375244,
    0.21553945541381836,
    0.24980637431144714
  ],
  "motion_stability": [
    1.1861063241958618,
    1.216455340385437,
    1.2176378965377808
  ],
  "freq_entropy": [
    8.98315715789795,
    8.98515796661377,
    8.967823028564453
  ]
}