{
  "dominant_freq": [
    0.10127138331573389,
    0.21843086816720256,
    0.6780832443970116
  ],
  "amp_mean_x": [
    1.5773006677627563,
    1.9384527206420898,
    1.3464304208755493
  ],
  "amp_mean_y": [
    1.8449962139129639,
    2.3132920265197754,
    1.3367189168930054
  ],
  "symmetry_ratio": [
    0.8549072742462158,
    0.837962806224823,
    1.0072652101516724
  ],
  "energy_distribution": [
    0.3043385148048401,
    0.36926549673080444,
    0.22396689653396606
  ],
  "motion_stability": [
    3.0577516555786133,
    3.6271588802337646,
    2.1220576763153076
  ],
  "freq_entropy": [
    8.956457138061523,
    9.041325569152832,
    8.992992401123047
  ]
}