{
  "dominant_freq": [
    5.78,
    0.25
  ],
  "amp_mean_x": [
    0.10059742629528046,
    0.10080093890428543
  ],
  "amp_mean_y": [
    0.2301378846168518,
    0.25499770045280457
  ],
  "symmetry_ratio": [
    0.4371180534362793,
    0.39530137181282043
  ],
  "energy_distribution": [
    0.23756520450115204,
    0.25736337900161743
  ],
  "motion_stability": [
    4.70047664642334,
    1.4771422147750854
  ],
  "freq_entropy": [
    10.657142639160156,
    10.098331451416016
  ]
}