{
  "dominant_freq": [
    5.330098024520648,
    0.11282834812246578
  ],
  "amp_mean_x": [
    1.5232082605361938,
    2.3011720180511475
  ],
  "amp_mean_y": [
    1.402997374534607,
    1.9969630241394043
  ],
  "symmetry_ratio": [
    1.085681438446045,
    1.1523357629776
  ],
  "energy_distribution": [
    0.21297040581703186,
    0.20301194489002228
  ],
  "motion_stability": [
    2.8550679683685303,
    1.82069993019104
  ],
  "freq_entropy": [
    9.599977493286133,
    9.479554176330566
  ]
}