{
  "dominant_freq": [
    0.55,
    0.27580442958629336
  ],
  "amp_mean_x": [
    0.29982447624206543,
    0.5440145134925842
  ],
  "amp_mean_y": [
    0.900388777256012,
    2.0043697357177734
  ],
  "symmetry_ratio": [
    0.3329944610595703,
    0.27141425013542175
  ],
  "energy_distribution": [
    0.26223647594451904,
    0.24464131891727448
  ],
  "motion_stability": [
    2.064619779586792,
    2.3133363723754883
  ],
  "freq_entropy": [
    10.374616622924805,
    10.368000984191895
  ]
}