{
  "dominant_freq": [
    0.41585781584582443,
    0.15478717720391805
  ],
  "amp_mean_x": [
    2.1440999507904053,
    4.19960355758667
  ],
  "amp_mean_y": [
    2.4646856784820557,
    3.4205501079559326
  ],
  "symmetry_ratio": [
    0.8699283599853516,
    1.2277567386627197
  ],
  "energy_distribution": [
    0.23563633859157562,
    0.2436816394329071
  ],
  "motion_stability": [
    2.9616904258728027,
    3.340571880340576
  ],
  "freq_entropy": [
    10.275054931640625,
    10.205074310302734
  ]
}