{
  "dominant_freq": [
    3.2729550321199143,
    0.10191710945802336,
    3.9664312896405916
  ],
  "amp_mean_x": [
    0.9794164896011353,
    2.33901309967041,
    0.8925120830535889
  ],
  "amp_mean_y": [
    1.5035617351531982,
    2.717190742492676,
    0.9236833453178406
  ],
  "symmetry_ratio": [
    0.6513975858688354,
    0.8608203530311584,
    0.9662532806396484
  ],
  "energy_distribution": [
    0.1527877300977707,
    0.3860255479812622,
    0.20974349975585938
  ],
  "motion_stability": [
    2.3284218311309814,
    2.5881729125976562,
    2.750286102294922
  ],
  "freq_entropy": [
    9.009848594665527,
    8.437742233276367,
    9.015777587890625
  ]
}