{
  "dominant_freq": [
    0.10206896551724137,
    0.10712680851063829,
    0.10712680851063829,
    0.27546893617021273
  ],
  "amp_mean_x": [
    0.15329913794994354,
    0.10480599850416183,
    0.11674477159976959,
    0.10150810331106186
  ],
  "amp_mean_y": [
    0.23835419118404388,
    0.27769848704338074,
    0.2006002962589264,
    0.1914151906967163
  ],
  "symmetry_ratio": [
    0.643156886100769,
    0.37740933895111084,
    0.5819770693778992,
    0.5303032994270325
  ],
  "energy_distribution": [
    0.24748769402503967,
    0.3961438536643982,
    0.3320619463920593,
    0.26921579241752625
  ],
  "motion_stability": [
    1.7937328815460205,
    1.6311194896697998,
    1.5410919189453125,
    1.48714017868042
  ],
  "freq_entropy": [
    10.296045303344727,
    10.095756530761719,
    10.099183082580566,
    10.268425941467285
  ]
}