{
  "dominant_freq": [
    1.8771428571428572,
    5.708571428571429
  ],
  "amp_mean_x": [
    0.05754726007580757,
    0.029560131952166557
  ],
  "amp_mean_y": [
    0.04986289516091347,
    0.03633009269833565
  ],
  "symmetry_ratio": [
    1.1541098356246948,
    0.8136541843414307
  ],
  "energy_distribution": [
    0.21062466502189636,
    0.19414912164211273
  ],
  "motion_stability": [
    1.9724979400634766,
    1.9971141815185547
  ],
  "freq_entropy": [
    9.516972541809082,
    9.572994232177734
  ]
}