{
  "dominant_freq": [
    0.30022701375952693,
    0.22394418191265825
  ],
  "amp_mean_x": [
    1.893409252166748,
    3.436868906021118
  ],
  "amp_mean_y": [
    1.992815613746643,
    5.0742106437683105
  ],
  "symmetry_ratio": [
    0.9501176476478577,
    0.6773208975791931
  ],
  "energy_distribution": [
    0.4251558482646942,
    0.25632402300834656
  ],
  "motion_stability": [
    4.850978374481201,
    2.823876142501831
  ],
  "freq_entropy": [
    10.085529327392578,
    9.875629425048828
  ]
}