{
  "dominant_freq": [
    5.25094739970773,
    5.057941171517037,
    8.577012707347723,
    0.16048208819293158
  ],
  "amp_mean_x": [
    2.468496322631836,
    4.239147663116455,
    2.984243631362915,
    3.7013628482818604
  ],
  "amp_mean_y": [
    3.6646745204925537,
    5.591028213500977,
    4.202217102050781,
    7.856556415557861
  ],
  "symmetry_ratio": [
    0.6735922694206238,
    0.7582053542137146,
    0.7101593017578125,
    0.47111770510673523
  ],
  "energy_distribution": [
    0.2088436335325241,
    0.30259209871292114,
    0.21729102730751038,
    0.2409042865037918
  ],
  "motion_stability": [
    1.8263088464736938,
    1.930558443069458,
    2.063568353652954,
    1.723044514656067
  ],
  "freq_entropy": [
    10.329198837280273,
    10.181467056274414,
    10.187594413757324,
    10.233490943908691
  ]
}