{
  "dominant_freq": [
    2.2644022644022646,
    0.2678885360449606,
    4.6076372606984854
  ],
  "amp_mean_x": [
    0.6341093182563782,
    1.3889678716659546,
    1.1089833974838257
  ],
  "amp_mean_y": [
    0.7152236700057983,
    1.6922597885131836,
    2.559861183166504
  ],
  "symmetry_ratio": [
    0.8865888118743896,
    0.8207769989967346,
    0.43322011828422546
  ],
  "energy_distribution": [
    0.21812233328819275,
    0.23593191802501678,
    0.17659743130207062
  ],
  "motion_stability": [
    1.5699527263641357,
    1.4234119653701782,
    3.0542337894439697
  ],
  "freq_entropy": [
    8.923395156860352,
    8.884742736816406,
    8.801189422607422
  ]
}