{
  "dominant_freq": [
    3.5974263698630136,
    3.954910025706941
  ],
  "amp_mean_x": [
    1.3967336416244507,
    1.4893429279327393
  ],
  "amp_mean_y": [
    1.7020530700683594,
    2.6417768001556396
  ],
  "symmetry_ratio": [
    0.8206169605255127,
    0.5637656450271606
  ],
  "energy_distribution": [
    0.1902598738670349,
    0.17204105854034424
  ],
  "motion_stability": [
    2.8294472694396973,
    2.529932737350464
  ],
  "freq_entropy": [
    10.331296920776367,
    10.274592399597168
  ]
}