{
  "dominant_freq": [
    4.295172413793104,
    0.463448275862069
  ],
  "amp_mean_x": [
    0.2362831085920334,
    0.33647462725639343
  ],
  "amp_mean_y": [
    0.32379254698753357,
    0.516137421131134
  ],
  "symmetry_ratio": [
    0.7297360897064209,
    0.6519089937210083
  ],
  "energy_distribution": [
    0.16015611588954926,
    0.23653729259967804
  ],
  "motion_stability": [
    2.733898639678955,
    1.2735297679901123
  ],
  "freq_entropy": [
    9.794124603271484,
    9.403400421142578
  ]
}