{
  "dominant_freq": [
    1.5016547368421052,
    2.334505263157894,
    0.4669010526315789
  ],
  "amp_mean_x": [
    0.06860576570034027,
    0.08001801371574402,
    0.029161345213651657
  ],
  "amp_mean_y": [
    0.0816255509853363,
    0.09064555913209915,
    0.04730881005525589
  ],
  "symmetry_ratio": [
    0.8404937386512756,
    0.8827571272850037,
    0.616404116153717
  ],
  "energy_distribution": [
    0.242147296667099,
    0.250993937253952,
    0.20690122246742249
  ],
  "motion_stability": [
    1.5120952129364014,
    1.3854966163635254,
    1.510393500328064
  ],
  "freq_entropy": [
    8.997262954711914,
    8.747343063354492,
    8.972395896911621
  ]
}