{
  "dominant_freq": [
    1.9988584069167008,
    3.8429003946245324
  ],
  "amp_mean_x": [
    1.1887834072113037,
    0.4461352825164795
  ],
  "amp_mean_y": [
    1.5535892248153687,
    0.5947960615158081
  ],
  "symmetry_ratio": [
    0.7651851773262024,
    0.7500643134117126
  ],
  "energy_distribution": [
    0.19484257698059082,
    0.20155997574329376
  ],
  "motion_stability": [
    2.9877939224243164,
    2.2611758708953857
  ],
  "freq_entropy": [
    10.355746269226074,
    10.358695983886719
  ]
}