{
  "dominant_freq": [
    0.6405140794223826,
    3.1766036101083035
  ],
  "amp_mean_x": [
    1.3363242149353027,
    0.4334583580493927
  ],
  "amp_mean_y": [
    1.2357300519943237,
    0.9483126997947693
  ],
  "symmetry_ratio": [
    1.081404685974121,
    0.4570837914943695
  ],
  "energy_distribution": [
    0.27321526408195496,
    0.22955787181854248
  ],
  "motion_stability": [
    3.07535457611084,
    3.523146152496338
  ],
  "freq_entropy": [
    9.445062637329102,
    9.550346374511719
  ]
}