{
  "dominant_freq": [
    3.4928390901432187,
    1.373310810810811
  ],
  "amp_mean_x": [
    2.506364107131958,
    1.800620198249817
  ],
  "amp_mean_y": [
    2.765255928039551,
    1.9415333271026611
  ],
  "symmetry_ratio": [
    0.9063768982887268,
    0.9274217486381531
  ],
  "energy_distribution": [
    0.1859557181596756,
    0.28723230957984924
  ],
  "motion_stability": [
    2.3382086753845215,
    2.4358558654785156
  ],
  "freq_entropy": [
    10.357184410095215,
    10.041248321533203
  ]
}