{
  "dominant_freq": [
    4.011988011988012,
    2.2727606172198964,
    4.875124875124875
  ],
  "amp_mean_x": [
    0.22900612652301788,
    0.29716062545776367,
    0.17763452231884003
  ],
  "amp_mean_y": [
    0.2162867784500122,
    0.1893594115972519,
    0.1542970985174179
  ],
  "symmetry_ratio": [
    1.0588078498840332,
    1.5692942142486572,
    1.151249885559082
  ],
  "energy_distribution": [
    0.21366973221302032,
    0.1922428160905838,
    0.19169186055660248
  ],
  "motion_stability": [
    1.300096035003662,
    1.302610158920288,
    2.4954137802124023
  ],
  "freq_entropy": [
    8.599311828613281,
    8.71186637878418,
    8.788103103637695
  ]
}