{
  "dominant_freq": [
    1.627307234042553,
    2.537605839416058,
    0.4756331058020477
  ],
  "amp_mean_x": [
    0.20256724953651428,
    0.6743797063827515,
    0.31481146812438965
  ],
  "amp_mean_y": [
    0.23216791450977325,
    1.17021906375885,
    0.9650672674179077
  ],
  "symmetry_ratio": [
    0.8725032210350037,
    0.5762850046157837,
    0.326206773519516
  ],
  "energy_distribution": [
    0.2151421159505844,
    0.3850831985473633,
    0.20374347269535065
  ],
  "motion_stability": [
    2.1475729942321777,
    4.831840991973877,
    1.6243634223937988
  ],
  "freq_entropy": [
    10.490924835205078,
    10.158595085144043,
    10.266193389892578
  ]
}