{
  "dominant_freq": [
    4.908391416309012,
    0.11833648068669528
  ],
  "amp_mean_x": [
    0.8312062621116638,
    0.8549656867980957
  ],
  "amp_mean_y": [
    1.4483764171600342,
    1.12345290184021
  ],
  "symmetry_ratio": [
    0.5738883018493652,
    0.7610160708427429
  ],
  "energy_distribution": [
    0.25666749477386475,
    0.21048469841480255
  ],
  "motion_stability": [
    6.012493133544922,
    4.642976760864258
  ],
  "freq_entropy": [
    10.308499336242676,
    10.251152038574219
  ]
}