{
  "dominant_freq": [
    0.1401630988786952,
    4.116008105369807
  ],
  "amp_mean_x": [
    2.52724552154541,
    0.9760926365852356
  ],
  "amp_mean_y": [
    4.3581132888793945,
    3.607419490814209
  ],
  "symmetry_ratio": [
    0.5798944234848022,
    0.27057918906211853
  ],
  "energy_distribution": [
    0.478166401386261,
    0.27401846647262573
  ],
  "motion_stability": [
    2.1306467056274414,
    1.5065598487854004
  ],
  "freq_entropy": [
    8.514644622802734,
    8.940998077392578
  ]
}