{
  "dominant_freq": [
    0.5092592592592593,
    2.3425925925925926
  ],
  "amp_mean_x": [
    0.2985396683216095,
    0.26089999079704285
  ],
  "amp_mean_y": [
    0.09309423714876175,
    0.14354856312274933
  ],
  "symmetry_ratio": [
    3.2068543434143066,
    1.8175033330917358
  ],
  "energy_distribution": [
    0.32289841771125793,
    0.23439063131809235
  ],
  "motion_stability": [
    1.5363240242004395,
    1.441831111907959
  ],
  "freq_entropy": [
    9.341965675354004,
    9.38051986694336
  ]
}