{
  "dominant_freq": [
    3.9004010695187166,
    3.664199192462988,
    3.4341577540106956,
    3.4209645010046885
  ],
  "amp_mean_x": [
    0.3205506503582001,
    0.4217769503593445,
    0.7981187105178833,
    1.4853659868240356
  ],
  "amp_mean_y": [
    0.5251232981681824,
    0.7532036304473877,
    1.493718147277832,
    1.4574050903320312
  ],
  "symmetry_ratio": [
    0.6104292869567871,
    0.5599772930145264,
    0.5343167781829834,
    1.0191854238510132
  ],
  "energy_distribution": [
    0.22488446533679962,
    0.2680213153362274,
    0.24429279565811157,
    0.30601075291633606
  ],
  "motion_stability": [
    4.6572675704956055,
    3.5114028453826904,
    3.8135793209075928,
    3.373642921447754
  ],
  "freq_entropy": [
    9.977778434753418,
    9.948829650878906,
    9.840883255004883,
    9.898674011230469
  ]
}