{
  "dominant_freq": [
    3.8083463497828136,
    0.1202079597704028
  ],
  "amp_mean_x": [
    1.4671831130981445,
    0.8579949140548706
  ],
  "amp_mean_y": [
    1.6896915435791016,
    0.4832926094532013
  ],
  "symmetry_ratio": [
    0.8683141469955444,
    1.7753114700317383
  ],
  "energy_distribution": [
    0.22191274166107178,
    0.3507836163043976
  ],
  "motion_stability": [
    3.3104825019836426,
    2.4769420623779297
  ],
  "freq_entropy": [
    9.234940528869629,
    9.074843406677246
  ]
}