{
  "dominant_freq": [
    0.10105263157894738,
    0.10105263157894738,
    0.10105263157894738
  ],
  "amp_mean_x": [
    0.07403098046779633,
    0.10514495521783829,
    0.20678603649139404
  ],
  "amp_mean_y": [
    0.3257214426994324,
    0.6866375207901001,
    0.3157087564468384
  ],
  "symmetry_ratio": [
    0.22728310525417328,
    0.15313021838665009,
    0.6549898386001587
  ],
  "energy_distribution": [
    0.3967365324497223,
    0.348213791847229,
    0.224844828248024
  ],
  "motion_stability": [
    1.0903602838516235,
    0.9672836065292358,
    1.1569544076919556
  ],
  "freq_entropy": [
    8.452449798583984,
    8.594837188720703,
    9.206342697143555
  ]
}