{
  "dominant_freq": [
    0.10105263157894738,
    0.10105263157894738,
    0.10105263157894738
  ],
  "amp_mean_x": [
    0.3303881585597992,
    0.26297852396965027,
    0.3742147386074066
  ],
  "amp_mean_y": [
    0.45897769927978516,
    0.7690784335136414,
    0.551293671131134
  ],
  "symmetry_ratio": [
    0.7198348641395569,
    0.3419398069381714,
    0.6787938475608826
  ],
  "energy_distribution": [
    0.21270646154880524,
    0.2921809256076813,
    0.23792478442192078
  ],
  "motion_stability": [
    1.3992350101470947,
    1.7744858264923096,
    1.5189536809921265
  ],
  "freq_entropy": [
    8.887539863586426,
    8.931507110595703,
    9.077983856201172
  ]
}