{
  "dominant_freq": [
    0.2825742857142857,
    0.11131714285714286
  ],
  "amp_mean_x": [
    0.07989096641540527,
    0.10958559066057205
  ],
  "amp_mean_y": [
    0.10413432866334915,
    0.1347637176513672
  ],
  "symmetry_ratio": [
    0.767191469669342,
    0.8131683468818665
  ],
  "energy_distribution": [
    0.2720372974872589,
    0.236796036362648
  ],
  "motion_stability": [
    1.9958152770996094,
    2.3494434356689453
  ],
  "freq_entropy": [
    9.590799331665039,
    9.478141784667969
  ]
}