{
  "dominant_freq": [
    2.0716880927291883,
    0.29023578947368417,
    0.2649978947368421
  ],
  "amp_mean_x": [
    0.8361933827400208,
    0.12117600440979004,
    0.07416040450334549
  ],
  "amp_mean_y": [
    0.5258426070213318,
    0.21773318946361542,
    0.17782831192016602
  ],
  "symmetry_ratio": [
    1.5901970863342285,
    0.5565343499183655,
    0.41703373193740845
  ],
  "energy_distribution": [
    0.5307335257530212,
    0.27675241231918335,
    0.3976736068725586
  ],
  "motion_stability": [
    4.415436744689941,
    1.7285534143447876,
    1.5040085315704346
  ],
  "freq_entropy": [
    8.117310523986816,
    8.893768310546875,
    8.743837356567383
  ]
}