{
  "dominant_freq": [
    1.7402758620689651,
    0.7192799999999999,
    0.7042758620689654,
    0.4693174468085106
  ],
  "amp_mean_x": [
    0.3703354597091675,
    0.568034291267395,
    0.33694571256637573,
    0.1723805069923401
  ],
  "amp_mean_y": [
    0.4605596363544464,
    0.4192504584789276,
    0.2722027003765106,
    0.1478969156742096
  ],
  "symmetry_ratio": [
    0.8040988445281982,
    1.3548805713653564,
    1.2378485202789307,
    1.1655449867248535
  ],
  "energy_distribution": [
    0.10930698364973068,
    0.2003522366285324,
    0.19022054970264435,
    0.20103198289871216
  ],
  "motion_stability": [
    2.869929790496826,
    1.8724617958068848,
    1.9512676000595093,
    1.6734169721603394
  ],
  "freq_entropy": [
    10.321660995483398,
    10.273504257202148,
    10.256769180297852,
    10.200945854187012
  ]
}