{
  "dominant_freq": [
    3.3899999999999997,
    2.7300000000000004
  ],
  "amp_mean_x": [
    0.23737478256225586,
    0.18563255667686462
  ],
  "amp_mean_y": [
    0.11833915114402771,
    0.11010942608118057
  ],
  "symmetry_ratio": [
    2.005885362625122,
    1.6858916282653809
  ],
  "energy_distribution": [
    0.36763596534729004,
    0.360474556684494
  ],
  "motion_stability": [
    4.505020618438721,
    3.3448996543884277
  ],
  "freq_entropy": [
    10.346358299255371,
    10.327305793762207
  ]
}