{
  "dominant_freq": [
    1.6628516129032256,
    4.5476080084299255,
    0.6969767441860465
  ],
  "amp_mean_x": [
    0.6906487345695496,
    0.2678390443325043,
    0.19692184031009674
  ],
  "amp_mean_y": [
    1.2967017889022827,
    0.5465111136436462,
    0.39336520433425903
  ],
  "symmetry_ratio": [
    0.5326195359230042,
    0.49008893966674805,
    0.5006082057952881
  ],
  "energy_distribution": [
    0.23621174693107605,
    0.1616235077381134,
    0.22212058305740356
  ],
  "motion_stability": [
    4.581811904907227,
    1.9520126581192017,
    2.3422610759735107
  ],
  "freq_entropy": [
    8.971534729003906,
    8.993227005004883,
    9.034952163696289
  ]
}