{
  "dominant_freq": [
    0.4666666666666667,
    0.7133333333333334
  ],
  "amp_mean_x": [
    0.30310899019241333,
    0.19739478826522827
  ],
  "amp_mean_y": [
    0.7278792262077332,
    0.4311584234237671
  ],
  "symmetry_ratio": [
    0.4164275825023651,
    0.4578242599964142
  ],
  "energy_distribution": [
    0.28582271933555603,
    0.19791148602962494
  ],
  "motion_stability": [
    1.729453206062317,
    2.0236990451812744
  ],
  "freq_entropy": [
    9.828362464904785,
    9.893754959106445
  ]
}