{
  "dominant_freq": [
    1.2387612387612388,
    0.9116967088948409
  ],
  "amp_mean_x": [
    0.13421067595481873,
    0.4030435085296631
  ],
  "amp_mean_y": [
    0.28444555401802063,
    0.39341363310813904
  ],
  "symmetry_ratio": [
    0.4718325734138489,
    1.0244777202606201
  ],
  "energy_distribution": [
    0.21384108066558838,
    0.44013044238090515
  ],
  "motion_stability": [
    1.5880861282348633,
    2.715423107147217
  ],
  "freq_entropy": [
    9.634073257446289,
    9.35845947265625
  ]
}