{
  "dominant_freq": [
    4.404012631578947,
    2.4985515789473682,
    1.5537660695468913
  ],
  "amp_mean_x": [
    0.3096093535423279,
    0.4245188236236572,
    0.6872104406356812
  ],
  "amp_mean_y": [
    0.2806805670261383,
    0.507147490978241,
    0.5901113748550415
  ],
  "symmetry_ratio": [
    1.1030665636062622,
    0.8370717167854309,
    1.164543628692627
  ],
  "energy_distribution": [
    0.2459365725517273,
    0.21955923736095428,
    0.3115760385990143
  ],
  "motion_stability": [
    1.9234061241149902,
    2.5265581607818604,
    2.8274025917053223
  ],
  "freq_entropy": [
    9.010005950927734,
    9.056502342224121,
    8.96426010131836
  ]
}