{
  "dominant_freq": [
    4.226538461538462,
    0.11357052631578946,
    3.4052502639915523
  ],
  "amp_mean_x": [
    0.5122690200805664,
    0.23229467868804932,
    0.4989549219608307
  ],
  "amp_mean_y": [
    1.2487698793411255,
    0.6035666465759277,
    1.2240163087844849
  ],
  "symmetry_ratio": [
    0.4102189242839813,
    0.3848699629306793,
    0.40763747692108154
  ],
  "energy_distribution": [
    0.15801678597927094,
    0.4015161395072937,
    0.1397942751646042
  ],
  "motion_stability": [
    4.120538711547852,
    1.1720643043518066,
    3.502523899078369
  ],
  "freq_entropy": [
    9.147397994995117,
    8.771675109863281,
    9.003547668457031
  ]
}