{
  "dominant_freq": [
    0.47952,
    0.29304,
    0.47952,
    0.45288,
    4.385853658536585,
    3.5964
  ],
  "amp_mean_x": [
    0.07040338218212128,
    0.01893109641969204,
    0.07106927782297134,
    0.11090808361768723,
    1.1968616247177124,
    0.23514235019683838
  ],
  "amp_mean_y": [
    0.0425143837928772,
    0.021857909858226776,
    0.045952726155519485,
    0.06528191268444061,
    2.0809402465820312,
    0.11266297847032547
  ],
  "symmetry_ratio": [
    1.6559897661209106,
    0.8660982251167297,
    1.5465737581253052,
    1.698909878730774,
    0.5751542448997498,
    2.087130546569824
  ],
  "energy_distribution": [
    0.46978792548179626,
    0.37239766120910645,
    0.4452354311943054,
    0.3891700506210327,
    0.5295288562774658,
    0.254566490650177
  ],
  "motion_stability": [
    1.3909156322479248,
    1.5976600646972656,
    1.08498215675354,
    1.3657327890396118,
    5.465631484985352,
    1.2664201259613037
  ],
  "freq_entropy": [
    7.243173599243164,
    7.419740676879883,
    6.763489723205566,
    7.020864009857178,
    7.616161823272705,
    7.65273380279541
  ]
}