{
  "dominant_freq": [
    0.15022091310751107,
    0.29608127721335264
  ],
  "amp_mean_x": [
    0.7190077900886536,
    0.8667766451835632
  ],
  "amp_mean_y": [
    2.3223624229431152,
    1.9718430042266846
  ],
  "symmetry_ratio": [
    0.30960187315940857,
    0.4395768940448761
  ],
  "energy_distribution": [
    0.326478511095047,
    0.2636738717556
  ],
  "motion_stability": [
    3.4793052673339844,
    2.473228693008423
  ],
  "freq_entropy": [
    9.350748062133789,
    9.503503799438477
  ]
}