{
  "dominant_freq": [
    4.065,
    0.12355212355212356,
    4.212121212121212
  ],
  "amp_mean_x": [
    0.6260273456573486,
    0.8897237777709961,
    0.7696434855461121
  ],
  "amp_mean_y": [
    2.2643134593963623,
    2.548271417617798,
    0.9323996901512146
  ],
  "symmetry_ratio": [
    0.27647557854652405,
    0.3491479754447937,
    0.8254437446594238
  ],
  "energy_distribution": [
    0.27963384985923767,
    0.19757544994354248,
    0.17336922883987427
  ],
  "motion_stability": [
    3.3729300498962402,
    2.7791576385498047,
    4.656018257141113
  ],
  "freq_entropy": [
    8.794469833374023,
    8.710182189941406,
    8.857124328613281
  ]
}