{
  "dominant_freq": [
    0.3375,
    0.525
  ],
  "amp_mean_x": [
    0.11374229192733765,
    0.14498406648635864
  ],
  "amp_mean_y": [
    0.1320134550333023,
    0.12910354137420654
  ],
  "symmetry_ratio": [
    0.8615962266921997,
    1.1230061054229736
  ],
  "energy_distribution": [
    0.39798521995544434,
    0.3136036992073059
  ],
  "motion_stability": [
    1.9725713729858398,
    1.2695032358169556
  ],
  "freq_entropy": [
    8.945699691772461,
    8.804368019104004
  ]
}