{
  "dominant_freq": [
    7.184482184482183,
    4.170397366158659
  ],
  "amp_mean_x": [
    0.1066121906042099,
    0.37967434525489807
  ],
  "amp_mean_y": [
    0.21831631660461426,
    0.9634000062942505
  ],
  "symmetry_ratio": [
    0.4883381724357605,
    0.39409834146499634
  ],
  "energy_distribution": [
    0.20059655606746674,
    0.19792622327804565
  ],
  "motion_stability": [
    1.4656085968017578,
    3.196005344390869
  ],
  "freq_entropy": [
    9.658447265625,
    9.523497581481934
  ]
}