{
  "dominant_freq": [
    5.022341052631578,
    1.943317894736842,
    0.1009515789473684
  ],
  "amp_mean_x": [
    0.13765357434749603,
    0.2844569981098175,
    0.05974838137626648
  ],
  "amp_mean_y": [
    0.0810837596654892,
    0.11420224606990814,
    0.08903136849403381
  ],
  "symmetry_ratio": [
    1.6976712942123413,
    2.4908177852630615,
    0.6710935831069946
  ],
  "energy_distribution": [
    0.45562008023262024,
    0.5555606484413147,
    0.32200390100479126
  ],
  "motion_stability": [
    2.4381606578826904,
    4.9206438064575195,
    1.565744400024414
  ],
  "freq_entropy": [
    8.565330505371094,
    8.42514419555664,
    8.865635871887207
  ]
}