{
  "dominant_freq": [
    0.4693179161264267,
    0.4744191978234531
  ],
  "amp_mean_x": [
    0.06331218779087067,
    0.05983293429017067
  ],
  "amp_mean_y": [
    0.07824504375457764,
    0.08354383707046509
  ],
  "symmetry_ratio": [
    0.8091526627540588,
    0.7161861062049866
  ],
  "energy_distribution": [
    0.2164721041917801,
    0.2268552929162979
  ],
  "motion_stability": [
    1.648668646812439,
    1.5287034511566162
  ],
  "freq_entropy": [
    10.231575012207031,
    10.202658653259277
  ]
}