{
  "dominant_freq": [
    0.8933500627352572,
    2.925,
    2.085
  ],
  "amp_mean_x": [
    0.40419164299964905,
    0.09576050937175751,
    0.07917580008506775
  ],
  "amp_mean_y": [
    0.6569392085075378,
    0.1782229095697403,
    0.13002155721187592
  ],
  "symmetry_ratio": [
    0.615264892578125,
    0.5373075008392334,
    0.6089436411857605
  ],
  "energy_distribution": [
    0.3345641791820526,
    0.20177260041236877,
    0.17147018015384674
  ],
  "motion_stability": [
    4.919613361358643,
    1.6199901103973389,
    1.9664428234100342
  ],
  "freq_entropy": [
    9.966495513916016,
    10.237557411193848,
    10.34156608581543
  ]
}