{
  "dominant_freq": [
    2.0892930118512467,
    0.30561122244488975,
    0.10233319688907082,
    0.10326311441553077,
    0.25520416333066454
  ],
  "amp_mean_x": [
    0.2992357015609741,
    0.11574073135852814,
    0.6080926060676575,
    0.397918701171875,
    0.10503342002630234
  ],
  "amp_mean_y": [
    1.686262845993042,
    0.09005064517259598,
    1.2102677822113037,
    2.84015154838562,
    0.08900962024927139
  ],
  "symmetry_ratio": [
    0.17745496332645416,
    1.2852848768234253,
    0.5024446845054626,
    0.140104740858078,
    1.180023193359375
  ],
  "energy_distribution": [
    0.44842395186424255,
    0.18552517890930176,
    0.3229464590549469,
    0.3001152575016022,
    0.27365168929100037
  ],
  "motion_stability": [
    6.228598594665527,
    4.84986686706543,
    5.953495979309082,
    5.525026321411133,
    3.697049617767334
  ],
  "freq_entropy": [
    10.147075653076172,
    10.460079193115234,
    10.133199691772461,
    10.08366870880127,
    10.379256248474121
  ]
}