{
  "dominant_freq": [
    3.9587078248384775,
    1.0796912080057182
  ],
  "amp_mean_x": [
    0.22864770889282227,
    0.30798763036727905
  ],
  "amp_mean_y": [
    0.81328946352005,
    0.3245098888874054
  ],
  "symmetry_ratio": [
    0.28113940358161926,
    0.9490854740142822
  ],
  "energy_distribution": [
    0.32286331057548523,
    0.24408477544784546
  ],
  "motion_stability": [
    7.263492584228516,
    5.312751293182373
  ],
  "freq_entropy": [
    9.538169860839844,
    9.584331512451172
  ]
}