{
  "dominant_freq": [
    4.413303797468354,
    5.039375947995667,
    0.1520676532769556
  ],
  "amp_mean_x": [
    0.5271692872047424,
    1.1148680448532104,
    0.4441574811935425
  ],
  "amp_mean_y": [
    0.573937177658081,
    2.1322691440582275,
    0.5554563403129578
  ],
  "symmetry_ratio": [
    0.9185138940811157,
    0.5228552222251892,
    0.7996262907981873
  ],
  "energy_distribution": [
    0.28550249338150024,
    0.3271108865737915,
    0.28306710720062256
  ],
  "motion_stability": [
    4.5213518142700195,
    5.119797706604004,
    5.059498310089111
  ],
  "freq_entropy": [
    8.661849021911621,
    8.95338249206543,
    9.103967666625977
  ]
}