{
  "dominant_freq": [
    5.608671428571428,
    0.4623942857142857
  ],
  "amp_mean_x": [
    0.07683006674051285,
    0.07397886365652084
  ],
  "amp_mean_y": [
    0.11844509840011597,
    0.1605967879295349
  ],
  "symmetry_ratio": [
    0.6486555337905884,
    0.460649698972702
  ],
  "energy_distribution": [
    0.09072522073984146,
    0.20637162029743195
  ],
  "motion_stability": [
    3.215115547180176,
    1.666217565536499
  ],
  "freq_entropy": [
    9.581548690795898,
    9.390507698059082
  ]
}