{
  "dominant_freq": [
    0.43360851063829786,
    0.29289155593656235
  ],
  "amp_mean_x": [
    0.08772891014814377,
    0.09455437958240509
  ],
  "amp_mean_y": [
    0.1674584448337555,
    0.2940041720867157
  ],
  "symmetry_ratio": [
    0.523884654045105,
    0.3216089606285095
  ],
  "energy_distribution": [
    0.3322807848453522,
    0.19782814383506775
  ],
  "motion_stability": [
    1.3859293460845947,
    3.0688116550445557
  ],
  "freq_entropy": [
    10.051647186279297,
    10.783395767211914
  ]
}