{
  "dominant_freq": [
    1.2966207759699624,
    0.9650000000000001
  ],
  "amp_mean_x": [
    0.31515753269195557,
    0.2698579430580139
  ],
  "amp_mean_y": [
    0.32733646035194397,
    0.3940410912036896
  ],
  "symmetry_ratio": [
    0.9627938270568848,
    0.6848472356796265
  ],
  "energy_distribution": [
    0.2587728798389435,
    0.22671788930892944
  ],
  "motion_stability": [
    4.0300068855285645,
    5.4444780349731445
  ],
  "freq_entropy": [
    10.544486999511719,
    10.613962173461914
  ]
}