{
  "dominant_freq": [
    0.10795368782161235,
    0.12316438356164383
  ],
  "amp_mean_x": [
    1.075728178024292,
    1.08470618724823
  ],
  "amp_mean_y": [
    2.34051513671875,
    2.2283031940460205
  ],
  "symmetry_ratio": [
    0.459611713886261,
    0.48678573966026306
  ],
  "energy_distribution": [
    0.28799110651016235,
    0.26382750272750854
  ],
  "motion_stability": [
    3.217452049255371,
    1.9467206001281738
  ],
  "freq_entropy": [
    10.210908889770508,
    10.153882026672363
  ]
}