{
  "dominant_freq": [
    2.006412631578947,
    0.11357052631578946,
    0.11357052631578946
  ],
  "amp_mean_x": [
    0.5091323256492615,
    0.32987168431282043,
    0.12113963812589645
  ],
  "amp_mean_y": [
    0.4688150882720947,
    0.4533393085002899,
    0.4668777585029602
  ],
  "symmetry_ratio": [
    1.0859981775283813,
    0.7276485562324524,
    0.25946757197380066
  ],
  "energy_distribution": [
    0.23386090993881226,
    0.2210380584001541,
    0.3897888958454132
  ],
  "motion_stability": [
    1.8805463314056396,
    1.4022891521453857,
    1.3576767444610596
  ],
  "freq_entropy": [
    8.945497512817383,
    8.99754524230957,
    8.761804580688477
  ]
}