{
  "dominant_freq": [
    3.446997776130467,
    0.1388888888888889
  ],
  "amp_mean_x": [
    0.19857744872570038,
    0.27257105708122253
  ],
  "amp_mean_y": [
    0.19820646941661835,
    0.3591748774051666
  ],
  "symmetry_ratio": [
    1.0018717050552368,
    0.7588812112808228
  ],
  "energy_distribution": [
    0.18105749785900116,
    0.1998693346977234
  ],
  "motion_stability": [
    2.116565465927124,
    2.106325626373291
  ],
  "freq_entropy": [
    9.564727783203125,
    9.444511413574219
  ]
}