{
  "dominant_freq": [
    1.5696087352138306,
    1.5013648771610555
  ],
  "amp_mean_x": [
    0.4513944685459137,
    0.4125767946243286
  ],
  "amp_mean_y": [
    0.49640026688575745,
    0.2709527015686035
  ],
  "symmetry_ratio": [
    0.9093356728553772,
    1.5226893424987793
  ],
  "energy_distribution": [
    0.236347496509552,
    0.19195084273815155
  ],
  "motion_stability": [
    2.8012428283691406,
    1.9359660148620605
  ],
  "freq_entropy": [
    9.157648086547852,
    9.159200668334961
  ]
}