{
  "dominant_freq": [
    4.32,
    0.10666666666666667,
    0.10666666666666667,
    3.5200000000000005,
    0.10666666666666667,
    0.48000000000000004
  ],
  "amp_mean_x": [
    0.18520979583263397,
    4.156794548034668,
    0.09022856503725052,
    0.09790007025003433,
    0.11195864528417587,
    0.08810992538928986
  ],
  "amp_mean_y": [
    0.21387027204036713,
    1.6294056177139282,
    0.1591869741678238,
    0.10918645560741425,
    0.2561896741390228,
    0.06229494884610176
  ],
  "symmetry_ratio": [
    0.8659912943840027,
    2.5511109828948975,
    0.5668087005615234,
    0.8966320157051086,
    0.4370146691799164,
    1.4143991470336914
  ],
  "energy_distribution": [
    0.18030637502670288,
    0.4566851258277893,
    0.31854045391082764,
    0.22760702669620514,
    0.29422518610954285,
    0.30377593636512756
  ],
  "motion_stability": [
    2.5085973739624023,
    3.108806610107422,
    1.0294480323791504,
    1.1010770797729492,
    0.6822540163993835,
    0.9657284021377563
  ],
  "freq_entropy": [
    7.97781229019165,
    7.4226789474487305,
    7.646956443786621,
    7.91077995300293,
    7.754654407501221,
    7.870616912841797
  ]
}