{
  "dominant_freq": [
    3.3440210526315783,
    0.1009515789473684,
    2.0821263157894734
  ],
  "amp_mean_x": [
    0.17286604642868042,
    0.29863426089286804,
    0.12784384191036224
  ],
  "amp_mean_y": [
    1.0512958765029907,
    1.1416385173797607,
    0.39352792501449585
  ],
  "symmetry_ratio": [
    0.1644313931465149,
    0.2615838944911957,
    0.32486599683761597
  ],
  "energy_distribution": [
    0.3832709789276123,
    0.3503364622592926,
    0.2652989625930786
  ],
  "motion_stability": [
    1.7136287689208984,
    2.026456356048584,
    4.061795234680176
  ],
  "freq_entropy": [
    8.84904670715332,
    8.70309066772461,
    9.180493354797363
  ]
}