{
  "dominant_freq": [
    2.4985515789473682,
    1.2997515789473684,
    4.729443037974684
  ],
  "amp_mean_x": [
    0.36557841300964355,
    0.5402131676673889,
    0.6093822121620178
  ],
  "amp_mean_y": [
    0.2913298010826111,
    0.3585183024406433,
    0.4425880014896393
  ],
  "symmetry_ratio": [
    1.2548609972000122,
    1.5067938566207886,
    1.3768610954284668
  ],
  "energy_distribution": [
    0.22249285876750946,
    0.2973617911338806,
    0.1824275553226471
  ],
  "motion_stability": [
    1.7556695938110352,
    1.9558302164077759,
    2.4980878829956055
  ],
  "freq_entropy": [
    8.85976791381836,
    8.94363784790039,
    9.044922828674316
  ]
}