{
  "dominant_freq": [
    3.348,
    0.4846212765957446
  ],
  "amp_mean_x": [
    0.2677638828754425,
    0.12384983897209167
  ],
  "amp_mean_y": [
    0.5879102349281311,
    0.18966472148895264
  ],
  "symmetry_ratio": [
    0.45545029640197754,
    0.6529935598373413
  ],
  "energy_distribution": [
    0.20450301468372345,
    0.17295409739017487
  ],
  "motion_stability": [
    8.411123275756836,
    2.0730879306793213
  ],
  "freq_entropy": [
    10.063989639282227,
    10.236059188842773
  ]
}