{
  "dominant_freq": [
    0.9071005257849871,
    4.070448781987243
  ],
  "amp_mean_x": [
    0.22620359063148499,
    0.4801907241344452
  ],
  "amp_mean_y": [
    0.37954965233802795,
    0.9349212646484375
  ],
  "symmetry_ratio": [
    0.5959789156913757,
    0.5136162042617798
  ],
  "energy_distribution": [
    0.24609163403511047,
    0.19069571793079376
  ],
  "motion_stability": [
    2.2393994331359863,
    2.744476318359375
  ],
  "freq_entropy": [
    9.773767471313477,
    9.842504501342773
  ]
}