{
  "dominant_freq": [
    1.022977022977023,
    0.1508980529959551
  ],
  "amp_mean_x": [
    0.15281760692596436,
    2.2037339210510254
  ],
  "amp_mean_y": [
    0.1474064290523529,
    4.4270710945129395
  ],
  "symmetry_ratio": [
    1.036709189414978,
    0.4977859854698181
  ],
  "energy_distribution": [
    0.28788280487060547,
    0.2691914439201355
  ],
  "motion_stability": [
    2.3214688301086426,
    3.0684170722961426
  ],
  "freq_entropy": [
    9.358333587646484,
    9.603315353393555
  ]
}