{
  "dominant_freq": [
    3.2314629258517034,
    4.9125000000000005
  ],
  "amp_mean_x": [
    0.22484508156776428,
    0.2291937619447708
  ],
  "amp_mean_y": [
    0.30293774604797363,
    0.20437537133693695
  ],
  "symmetry_ratio": [
    0.7422154545783997,
    1.121435284614563
  ],
  "energy_distribution": [
    0.28795668482780457,
    0.31434744596481323
  ],
  "motion_stability": [
    3.833108901977539,
    2.072826385498047
  ],
  "freq_entropy": [
    8.573474884033203,
    8.344583511352539
  ]
}