{
  "dominant_freq": [
    1.9528426439232407,
    0.44891234042553185
  ],
  "amp_mean_x": [
    0.04771944507956505,
    0.05373900383710861
  ],
  "amp_mean_y": [
    0.07635261118412018,
    0.08799578994512558
  ],
  "symmetry_ratio": [
    0.6249877214431763,
    0.6106997132301331
  ],
  "energy_distribution": [
    0.1922067552804947,
    0.2874372899532318
  ],
  "motion_stability": [
    10.345169067382812,
    2.1330771446228027
  ],
  "freq_entropy": [
    10.884639739990234,
    10.029692649841309
  ]
}