{
  "dominant_freq": [
    4.21578,
    0.12008013355592653
  ],
  "amp_mean_x": [
    0.18618111312389374,
    0.30101847648620605
  ],
  "amp_mean_y": [
    0.30693501234054565,
    0.4115065038204193
  ],
  "symmetry_ratio": [
    0.6065815687179565,
    0.7315035462379456
  ],
  "energy_distribution": [
    0.18560625612735748,
    0.30307015776634216
  ],
  "motion_stability": [
    1.8548630475997925,
    2.6534674167633057
  ],
  "freq_entropy": [
    9.358813285827637,
    9.10238265991211
  ]
}