{
  "dominant_freq": [
    3.348077142857143,
    0.30826285714285717
  ],
  "amp_mean_x": [
    0.18770495057106018,
    0.41828522086143494
  ],
  "amp_mean_y": [
    0.4177355468273163,
    1.328916311264038
  ],
  "symmetry_ratio": [
    0.4493391811847687,
    0.3147566318511963
  ],
  "energy_distribution": [
    0.15620823204517365,
    0.20453394949436188
  ],
  "motion_stability": [
    1.7505881786346436,
    1.826637864112854
  ],
  "freq_entropy": [
    9.583795547485352,
    9.565759658813477
  ]
}