{
  "dominant_freq": [
    3.1794727374377083,
    4.3875722267682065
  ],
  "amp_mean_x": [
    0.49587419629096985,
    0.7402011752128601
  ],
  "amp_mean_y": [
    0.8202756643295288,
    1.4983985424041748
  ],
  "symmetry_ratio": [
    0.6045213937759399,
    0.4939948618412018
  ],
  "energy_distribution": [
    0.27767640352249146,
    0.18748705089092255
  ],
  "motion_stability": [
    2.525151252746582,
    2.9450745582580566
  ],
  "freq_entropy": [
    9.425735473632812,
    9.318990707397461
  ]
}