{
  "dominant_freq": [
    0.37711646998460746,
    0.5861182519280206
  ],
  "amp_mean_x": [
    0.2241898477077484,
    0.2414490282535553
  ],
  "amp_mean_y": [
    0.45132043957710266,
    0.5651000738143921
  ],
  "symmetry_ratio": [
    0.4967420697212219,
    0.42726773023605347
  ],
  "energy_distribution": [
    0.21167327463626862,
    0.25136932730674744
  ],
  "motion_stability": [
    2.2796404361724854,
    1.9307444095611572
  ],
  "freq_entropy": [
    9.724813461303711,
    9.589187622070312
  ]
}