{
  "dominant_freq": [
    0.26666666666666666,
    0.5333333333333333,
    0.16,
    0.10666666666666667,
    0.10666666666666667,
    2.2399999999999998
  ],
  "amp_mean_x": [
    0.06364911049604416,
    0.07750923931598663,
    0.0924825519323349,
    0.08689475059509277,
    0.5880278944969177,
    0.06151025742292404
  ],
  "amp_mean_y": [
    0.0980287492275238,
    0.062131740152835846,
    0.04871755838394165,
    0.11736281216144562,
    0.23311392962932587,
    0.03454703092575073
  ],
  "symmetry_ratio": [
    0.6492902636528015,
    1.2474982738494873,
    1.8983412981033325,
    0.7403942346572876,
    2.522491455078125,
    1.780478835105896
  ],
  "energy_distribution": [
    0.3645322322845459,
    0.19941186904907227,
    0.3210250437259674,
    0.2826976180076599,
    0.821011483669281,
    0.23701436817646027
  ],
  "motion_stability": [
    1.214461326599121,
    5.906131744384766,
    0.7934656143188477,
    0.6416809558868408,
    2.437133550643921,
    1.1914788484573364
  ],
  "freq_entropy": [
    7.620026111602783,
    8.520173072814941,
    7.699623107910156,
    7.877110481262207,
    6.460126876831055,
    7.7766547203063965
  ]
}