{
  "dominant_freq": [
    2.4935064935064934,
    4.224004224004223
  ],
  "amp_mean_x": [
    0.48922547698020935,
    1.0110310316085815
  ],
  "amp_mean_y": [
    0.5271509885787964,
    0.9836075305938721
  ],
  "symmetry_ratio": [
    0.9280557036399841,
    1.0278805494308472
  ],
  "energy_distribution": [
    0.19690468907356262,
    0.22046880424022675
  ],
  "motion_stability": [
    1.5098085403442383,
    2.9512248039245605
  ],
  "freq_entropy": [
    9.046630859375,
    9.083871841430664
  ]
}