{
  "dominant_freq": [
    2.439655172413793,
    1.2188841201716738
  ],
  "amp_mean_x": [
    0.2545301914215088,
    0.44776585698127747
  ],
  "amp_mean_y": [
    0.6526520848274231,
    0.8394562602043152
  ],
  "symmetry_ratio": [
    0.38999369740486145,
    0.5333998799324036
  ],
  "energy_distribution": [
    0.15874385833740234,
    0.20304112136363983
  ],
  "motion_stability": [
    4.590152740478516,
    3.7384214401245117
  ],
  "freq_entropy": [
    9.661153793334961,
    9.602088928222656
  ]
}