{
  "dominant_freq": [
    0.4547877237851662,
    0.4438110638297872,
    0.4866923076923076
  ],
  "amp_mean_x": [
    0.20782670378684998,
    0.11827430129051208,
    0.17055284976959229
  ],
  "amp_mean_y": [
    0.31169354915618896,
    0.1500130593776703,
    0.25818049907684326
  ],
  "symmetry_ratio": [
    0.6667661666870117,
    0.7884266972541809,
    0.6605954170227051
  ],
  "energy_distribution": [
    0.19771140813827515,
    0.48739930987358093,
    0.35075852274894714
  ],
  "motion_stability": [
    3.8607335090637207,
    1.8608956336975098,
    3.088728904724121
  ],
  "freq_entropy": [
    10.248912811279297,
    8.96009635925293,
    10.327265739440918
  ]
}