{
  "dominant_freq": [
    4.356490212765957,
    0.47951999999999995
  ],
  "amp_mean_x": [
    0.1688300222158432,
    0.22059565782546997
  ],
  "amp_mean_y": [
    0.3692167103290558,
    0.39437058568000793
  ],
  "symmetry_ratio": [
    0.45726537704467773,
    0.5593613386154175
  ],
  "energy_distribution": [
    0.20321111381053925,
    0.22914373874664307
  ],
  "motion_stability": [
    1.9349098205566406,
    1.4771461486816406
  ],
  "freq_entropy": [
    10.284228324890137,
    10.279982566833496
  ]
}