{
  "dominant_freq": [
    8.384012658227848,
    1.5521305263157892,
    0.11357052631578946
  ],
  "amp_mean_x": [
    0.21243956685066223,
    0.1224130317568779,
    0.08096804469823837
  ],
  "amp_mean_y": [
    0.42060530185699463,
    0.3462664484977722,
    0.09639506042003632
  ],
  "symmetry_ratio": [
    0.5050805807113647,
    0.3535226583480835,
    0.839960515499115
  ],
  "energy_distribution": [
    0.21396911144256592,
    0.21489794552326202,
    0.30467790365219116
  ],
  "motion_stability": [
    7.412508010864258,
    1.9703636169433594,
    1.9411485195159912
  ],
  "freq_entropy": [
    9.13504409790039,
    8.924049377441406,
    8.344470977783203
  ]
}