{
  "dominant_freq": [
    0.12631578947368421,
    0.2905263157894737,
    0.12631578947368421
  ],
  "amp_mean_x": [
    0.1382485181093216,
    0.13514356315135956,
    0.0579255111515522
  ],
  "amp_mean_y": [
    0.13229599595069885,
    0.15478907525539398,
    0.09765474498271942
  ],
  "symmetry_ratio": [
    1.0449939966201782,
    0.8730820417404175,
    0.5931663513183594
  ],
  "energy_distribution": [
    0.5013182759284973,
    0.41672632098197937,
    0.32664820551872253
  ],
  "motion_stability": [
    2.0110931396484375,
    1.0625524520874023,
    1.566962480545044
  ],
  "freq_entropy": [
    8.055752754211426,
    8.054023742675781,
    8.6699800491333
  ]
}