{
  "dominant_freq": [
    2.3496503496503496,
    0.4795204795204795
  ],
  "amp_mean_x": [
    0.1027192771434784,
    0.08868829905986786
  ],
  "amp_mean_y": [
    0.19846272468566895,
    0.1389336735010147
  ],
  "symmetry_ratio": [
    0.517574667930603,
    0.6383498907089233
  ],
  "energy_distribution": [
    0.20741873979568481,
    0.2724302411079407
  ],
  "motion_stability": [
    1.3296369314193726,
    1.3409240245819092
  ],
  "freq_entropy": [
    9.456228256225586,
    9.216781616210938
  ]
}