{
  "dominant_freq": [
    4.0059940059940065,
    4.035964035964036
  ],
  "amp_mean_x": [
    0.08423323184251785,
    0.15052194893360138
  ],
  "amp_mean_y": [
    0.0592464841902256,
    0.08943770080804825
  ],
  "symmetry_ratio": [
    1.42174232006073,
    1.682981014251709
  ],
  "energy_distribution": [
    0.23283196985721588,
    0.20610620081424713
  ],
  "motion_stability": [
    1.5456156730651855,
    1.5649179220199585
  ],
  "freq_entropy": [
    9.227177619934082,
    9.294391632080078
  ]
}