{
  "dominant_freq": [
    3.8463663995578887,
    0.2199166021691619
  ],
  "amp_mean_x": [
    0.2355370819568634,
    0.41715994477272034
  ],
  "amp_mean_y": [
    0.2038138210773468,
    0.49071359634399414
  ],
  "symmetry_ratio": [
    1.1556482315063477,
    0.850108802318573
  ],
  "energy_distribution": [
    0.20110926032066345,
    0.3802831768989563
  ],
  "motion_stability": [
    2.0945377349853516,
    2.35929536819458
  ],
  "freq_entropy": [
    10.255735397338867,
    10.064985275268555
  ]
}