{
  "dominant_freq": [
    0.44166315789473676,
    0.30285473684210523,
    0.29023578947368417
  ],
  "amp_mean_x": [
    0.2543814778327942,
    0.2823672592639923,
    0.45893147587776184
  ],
  "amp_mean_y": [
    0.2709081470966339,
    0.30194446444511414,
    0.2369241714477539
  ],
  "symmetry_ratio": [
    0.9389953017234802,
    0.9351629018783569,
    1.9370394945144653
  ],
  "energy_distribution": [
    0.23631282150745392,
    0.16706599295139313,
    0.2603014409542084
  ],
  "motion_stability": [
    1.1287734508514404,
    1.1690818071365356,
    1.0267683267593384
  ],
  "freq_entropy": [
    8.885653495788574,
    8.883033752441406,
    8.908944129943848
  ]
}