{
  "dominant_freq": [
    3.6711937097927096,
    6.450321658327377
  ],
  "amp_mean_x": [
    0.32334011793136597,
    0.4087660014629364
  ],
  "amp_mean_y": [
    0.8752589821815491,
    1.0876641273498535
  ],
  "symmetry_ratio": [
    0.36942222714424133,
    0.3758200705051422
  ],
  "energy_distribution": [
    0.17679116129875183,
    0.17760919034481049
  ],
  "motion_stability": [
    2.4618911743164062,
    2.129762649536133
  ],
  "freq_entropy": [
    9.654389381408691,
    9.60317325592041
  ]
}