{
  "dominant_freq": [
    3.2694578149123603,
    0.3202903966262745
  ],
  "amp_mean_x": [
    0.6334517002105713,
    1.0148357152938843
  ],
  "amp_mean_y": [
    0.8139145970344543,
    1.217760682106018
  ],
  "symmetry_ratio": [
    0.7782778739929199,
    0.8333622217178345
  ],
  "energy_distribution": [
    0.2079155594110489,
    0.25710543990135193
  ],
  "motion_stability": [
    2.6699342727661133,
    2.6612625122070312
  ],
  "freq_entropy": [
    9.160452842712402,
    9.20309066772461
  ]
}