{
  "dominant_freq": [
    3.59767126193001,
    0.4669010526315789,
    5.102913368983957
  ],
  "amp_mean_x": [
    0.09925276041030884,
    0.036997705698013306,
    0.11756301671266556
  ],
  "amp_mean_y": [
    0.15981407463550568,
    0.055720750242471695,
    0.22271114587783813
  ],
  "symmetry_ratio": [
    0.6210514307022095,
    0.6639843583106995,
    0.5278721451759338
  ],
  "energy_distribution": [
    0.21221548318862915,
    0.3078676164150238,
    0.5011389851570129
  ],
  "motion_stability": [
    8.624217987060547,
    1.5207898616790771,
    7.619276523590088
  ],
  "freq_entropy": [
    9.135553359985352,
    8.755792617797852,
    8.980278968811035
  ]
}