{
  "dominant_freq": [
    3.655,
    3.0063051702395964
  ],
  "amp_mean_x": [
    0.3718002736568451,
    0.9112716913223267
  ],
  "amp_mean_y": [
    0.756430983543396,
    1.601965308189392
  ],
  "symmetry_ratio": [
    0.49151909351348877,
    0.5688461065292358
  ],
  "energy_distribution": [
    0.2203715592622757,
    0.257892906665802
  ],
  "motion_stability": [
    2.2080678939819336,
    2.3231773376464844
  ],
  "freq_entropy": [
    10.328798294067383,
    10.22109603881836
  ]
}