{
  "dominant_freq": [
    1.8857142857142857,
    1.5816618911174785
  ],
  "amp_mean_x": [
    0.2505134046077728,
    0.44143152236938477
  ],
  "amp_mean_y": [
    0.4992576241493225,
    1.8679490089416504
  ],
  "symmetry_ratio": [
    0.5017718076705933,
    0.23631882667541504
  ],
  "energy_distribution": [
    0.17904339730739594,
    0.20020869374275208
  ],
  "motion_stability": [
    1.4692111015319824,
    1.533249855041504
  ],
  "freq_entropy": [
    9.565113067626953,
    9.561508178710938
  ]
}