{
  "dominant_freq": [
    0.1090909090909091,
    1.1127272727272728
  ],
  "amp_mean_x": [
    0.07011613249778748,
    0.3186950385570526
  ],
  "amp_mean_y": [
    0.16287463903427124,
    0.5212832093238831
  ],
  "symmetry_ratio": [
    0.4304914176464081,
    0.6113663911819458
  ],
  "energy_distribution": [
    0.2063746601343155,
    0.26260390877723694
  ],
  "motion_stability": [
    2.3788185119628906,
    1.8375177383422852
  ],
  "freq_entropy": [
    9.347211837768555,
    9.232860565185547
  ]
}