{
  "dominant_freq": [
    0.12248275862068964,
    0.14568749999999997
  ],
  "amp_mean_x": [
    0.262712687253952,
    1.5875632762908936
  ],
  "amp_mean_y": [
    0.49083542823791504,
    3.3357179164886475
  ],
  "symmetry_ratio": [
    0.5352357625961304,
    0.47592851519584656
  ],
  "energy_distribution": [
    0.37600603699684143,
    0.23803694546222687
  ],
  "motion_stability": [
    1.806946873664856,
    2.5754566192626953
  ],
  "freq_entropy": [
    9.966156005859375,
    10.10806941986084
  ]
}