{
  "dominant_freq": [
    0.10148571428571428,
    1.4007031578947367,
    0.29054162276080076
  ],
  "amp_mean_x": [
    0.4956302046775818,
    0.5386859178543091,
    0.4490399658679962
  ],
  "amp_mean_y": [
    0.9951502084732056,
    1.83170485496521,
    0.8807772397994995
  ],
  "symmetry_ratio": [
    0.4980456233024597,
    0.2940899133682251,
    0.509822428226471
  ],
  "energy_distribution": [
    0.32016676664352417,
    0.24070218205451965,
    0.23296402394771576
  ],
  "motion_stability": [
    1.779977560043335,
    1.2841885089874268,
    1.6054757833480835
  ],
  "freq_entropy": [
    8.850305557250977,
    8.92734146118164,
    8.997640609741211
  ]
}