{
  "dominant_freq": [
    4.135864135864136,
    0.971028971028971
  ],
  "amp_mean_x": [
    0.28227555751800537,
    0.37881359457969666
  ],
  "amp_mean_y": [
    0.3206808567047119,
    0.8870799541473389
  ],
  "symmetry_ratio": [
    0.8802382349967957,
    0.42703431844711304
  ],
  "energy_distribution": [
    0.23830559849739075,
    0.24687093496322632
  ],
  "motion_stability": [
    1.113860011100769,
    2.1651527881622314
  ],
  "freq_entropy": [
    8.953447341918945,
    9.09205436706543
  ]
}