{
  "dominant_freq": [
    0.1009515789473684,
    2.209652542372881,
    2.488552160168598
  ],
  "amp_mean_x": [
    0.4629780948162079,
    1.204560399055481,
    0.6811544299125671
  ],
  "amp_mean_y": [
    0.7834429144859314,
    0.7874646782875061,
    0.47821134328842163
  ],
  "symmetry_ratio": [
    0.5909531712532043,
    1.529669165611267,
    1.4243794679641724
  ],
  "energy_distribution": [
    0.29985126852989197,
    0.28439897298812866,
    0.20012183487415314
  ],
  "motion_stability": [
    0.9054676294326782,
    2.4364125728607178,
    3.035689353942871
  ],
  "freq_entropy": [
    8.730345726013184,
    8.628339767456055,
    9.010409355163574
  ]
}