{
  "dominant_freq": [
    3.718980935875216,
    4.2533117270788905,
    3.284313591819344
  ],
  "amp_mean_x": [
    0.544396698474884,
    0.7129849791526794,
    0.48120662569999695
  ],
  "amp_mean_y": [
    1.3139946460723877,
    0.5627834796905518,
    0.5384535789489746
  ],
  "symmetry_ratio": [
    0.414306640625,
    1.2668904066085815,
    0.8936826586723328
  ],
  "energy_distribution": [
    0.21712090075016022,
    0.22221717238426208,
    0.2503580152988434
  ],
  "motion_stability": [
    3.467726230621338,
    2.243602752685547,
    2.7922983169555664
  ],
  "freq_entropy": [
    10.296716690063477,
    10.307514190673828,
    10.228132247924805
  ]
}