{
  "dominant_freq": [
    3.533305263157894,
    4.694248421052631,
    1.0095157894736841
  ],
  "amp_mean_x": [
    0.4646352529525757,
    0.33047690987586975,
    0.2391979992389679
  ],
  "amp_mean_y": [
    1.1972622871398926,
    0.7357483506202698,
    0.7166456580162048
  ],
  "symmetry_ratio": [
    0.388081431388855,
    0.44917112588882446,
    0.3337744474411011
  ],
  "energy_distribution": [
    0.20141200721263885,
    0.24856814742088318,
    0.24644550681114197
  ],
  "motion_stability": [
    2.508643627166748,
    1.550445556640625,
    1.5158591270446777
  ],
  "freq_entropy": [
    8.99351978302002,
    8.754890441894531,
    8.982463836669922
  ]
}