{
  "dominant_freq": [
    0.568922033898305,
    0.5740016949152541
  ],
  "amp_mean_x": [
    0.13885800540447235,
    0.11168121546506882
  ],
  "amp_mean_y": [
    0.28670018911361694,
    0.16021783649921417
  ],
  "symmetry_ratio": [
    0.48433175683021545,
    0.6970585584640503
  ],
  "energy_distribution": [
    0.28286805748939514,
    0.38377150893211365
  ],
  "motion_stability": [
    1.6676712036132812,
    2.3321661949157715
  ],
  "freq_entropy": [
    10.091411590576172,
    10.299861907958984
  ]
}