{
  "dominant_freq": [
    0.41987991422444604,
    3.0463421617752324
  ],
  "amp_mean_x": [
    0.19885502755641937,
    0.10027839988470078
  ],
  "amp_mean_y": [
    0.712851345539093,
    0.36198365688323975
  ],
  "symmetry_ratio": [
    0.27895721793174744,
    0.27702465653419495
  ],
  "energy_distribution": [
    0.2405964434146881,
    0.4015040397644043
  ],
  "motion_stability": [
    3.402397394180298,
    1.9781818389892578
  ],
  "freq_entropy": [
    9.727887153625488,
    9.460827827453613
  ]
}