{
  "dominant_freq": [
    1.0590393595730487,
    0.11682242990654204
  ],
  "amp_mean_x": [
    0.29970723390579224,
    0.44503194093704224
  ],
  "amp_mean_y": [
    0.4946958124637604,
    0.6592550873756409
  ],
  "symmetry_ratio": [
    0.6058414578437805,
    0.6750527024269104
  ],
  "energy_distribution": [
    0.2137245088815689,
    0.37306347489356995
  ],
  "motion_stability": [
    2.953690528869629,
    2.497398853302002
  ],
  "freq_entropy": [
    9.63685417175293,
    9.319880485534668
  ]
}