{
  "dominant_freq": [
    1.6984731369150776,
    2.3026354344122657
  ],
  "amp_mean_x": [
    0.4548659920692444,
    0.580376148223877
  ],
  "amp_mean_y": [
    0.923514187335968,
    0.2293092906475067
  ],
  "symmetry_ratio": [
    0.492538183927536,
    2.530975341796875
  ],
  "energy_distribution": [
    0.2813810110092163,
    0.29981791973114014
  ],
  "motion_stability": [
    10.718146324157715,
    9.454357147216797
  ],
  "freq_entropy": [
    10.151575088500977,
    10.424538612365723
  ]
}