{
  "dominant_freq": [
    0.44166315789473676,
    0.4542821052631578,
    0.30285473684210523
  ],
  "amp_mean_x": [
    0.026167960837483406,
    0.06871049851179123,
    0.06551280617713928
  ],
  "amp_mean_y": [
    0.09390060603618622,
    0.08464597910642624,
    0.09708742052316666
  ],
  "symmetry_ratio": [
    0.27867722511291504,
    0.8117396831512451,
    0.6747816205024719
  ],
  "energy_distribution": [
    0.4183271527290344,
    0.48147818446159363,
    0.40846186876296997
  ],
  "motion_stability": [
    1.318670630455017,
    1.0880377292633057,
    1.2786052227020264
  ],
  "freq_entropy": [
    8.591743469238281,
    8.078511238098145,
    8.490045547485352
  ]
}