{
  "dominant_freq": [
    0.4031838565022421,
    2.746972191323693,
    0.10848868778280542
  ],
  "amp_mean_x": [
    0.2878510355949402,
    0.7838846445083618,
    0.5830445885658264
  ],
  "amp_mean_y": [
    0.5124252438545227,
    1.0157561302185059,
    1.2522541284561157
  ],
  "symmetry_ratio": [
    0.5617424845695496,
    0.7717252373695374,
    0.4655960500240326
  ],
  "energy_distribution": [
    0.2695958614349365,
    0.3593027889728546,
    0.3174171447753906
  ],
  "motion_stability": [
    2.815898895263672,
    2.2928805351257324,
    3.524423599243164
  ],
  "freq_entropy": [
    8.957925796508789,
    8.748405456542969,
    8.75722599029541
  ]
}