{
  "dominant_freq": [
    0.1265893557340231,
    0.18948385650177008,
    0.10105805680094404
  ],
  "amp_mean_x": [
    0.30740129947662354,
    0.4325932562351227,
    0.3561532497406006
  ],
  "amp_mean_y": [
    0.4121464490890503,
    0.8003712892532349,
    0.5708121061325073
  ],
  "symmetry_ratio": [
    0.7458545565605164,
    0.5404907464981079,
    0.6239413022994995
  ],
  "energy_distribution": [
    0.2513761818408966,
    0.24143247306346893,
    0.41726943850517273
  ],
  "motion_stability": [
    1.6881744861602783,
    1.67926025390625,
    2.0253748893737793
  ],
  "freq_entropy": [
    8.95754337310791,
    8.92551040649414,
    8.856792449951172
  ]
}