{
  "dominant_freq": [
    1.3059281144387527,
    3.842455576288754
  ],
  "amp_mean_x": [
    1.0569677352905273,
    1.3039381504058838
  ],
  "amp_mean_y": [
    0.7461917996406555,
    2.4829983711242676
  ],
  "symmetry_ratio": [
    1.41648268699646,
    0.5251466035842896
  ],
  "energy_distribution": [
    0.23291568458080292,
    0.2297479510307312
  ],
  "motion_stability": [
    5.698452949523926,
    3.734005928039551
  ],
  "freq_entropy": [
    10.376253128051758,
    10.14028549194336
  ]
}