{
  "dominant_freq": [
    3.7856842105263153,
    2.682362672322375,
    1.3475376458112407
  ],
  "amp_mean_x": [
    0.5554064512252808,
    1.1137415170669556,
    1.0933201313018799
  ],
  "amp_mean_y": [
    0.6336055994033813,
    1.0096848011016846,
    1.8876029253005981
  ],
  "symmetry_ratio": [
    0.8765807151794434,
    1.1030585765838623,
    0.5792108774185181
  ],
  "energy_distribution": [
    0.17980101704597473,
    0.3755032420158386,
    0.19334276020526886
  ],
  "motion_stability": [
    1.4572803974151611,
    2.741077184677124,
    3.162050724029541
  ],
  "freq_entropy": [
    8.95403003692627,
    8.827554702758789,
    8.919222831726074
  ]
}