{
  "dominant_freq": [
    0.10058675607711651,
    0.13010842368640535
  ],
  "amp_mean_x": [
    0.8817365765571594,
    0.20791342854499817
  ],
  "amp_mean_y": [
    1.200900673866272,
    0.7175701260566711
  ],
  "symmetry_ratio": [
    0.7342293858528137,
    0.28974649310112
  ],
  "energy_distribution": [
    0.2538299858570099,
    0.44605958461761475
  ],
  "motion_stability": [
    3.0990724563598633,
    2.8621749877929688
  ],
  "freq_entropy": [
    9.19369125366211,
    8.93417739868164
  ]
}