{
  "dominant_freq": [
    1.210909090909091,
    1.2436363636363637
  ],
  "amp_mean_x": [
    0.13616228103637695,
    0.23133806884288788
  ],
  "amp_mean_y": [
    0.2383808195590973,
    0.23866932094097137
  ],
  "symmetry_ratio": [
    0.571196436882019,
    0.9692828059196472
  ],
  "energy_distribution": [
    0.2258697897195816,
    0.19407245516777039
  ],
  "motion_stability": [
    1.6494941711425781,
    2.8096861839294434
  ],
  "freq_entropy": [
    9.189787864685059,
    9.419599533081055
  ]
}