{
  "dominant_freq": [
    0.10869565217391303,
    3.643384822028207
  ],
  "amp_mean_x": [
    0.454912930727005,
    0.6696281433105469
  ],
  "amp_mean_y": [
    1.0427327156066895,
    1.6358994245529175
  ],
  "symmetry_ratio": [
    0.43626993894577026,
    0.40933331847190857
  ],
  "energy_distribution": [
    0.2893204391002655,
    0.22231429815292358
  ],
  "motion_stability": [
    2.5491926670074463,
    2.446948289871216
  ],
  "freq_entropy": [
    9.604049682617188,
    9.244287490844727
  ]
}