{
  "dominant_freq": [
    0.275,
    0.2952361889511609,
    3.04,
    0.31,
    0.5,
    0.545,
    0.145,
    0.14500000000000002,
    0.11,
    0.10500000000000001,
    0.29,
    0.295,
    0.535,
    0.29
  ],
  "amp_mean_x": [
    0.15209907293319702,
    0.2750338912010193,
    0.16351249814033508,
    0.1592177450656891,
    0.08821310102939606,
    0.10458499938249588,
    0.15209613740444183,
    0.21353794634342194,
    0.20064115524291992,
    0.25612372159957886,
    0.0896574929356575,
    0.11878973245620728,
    0.14856377243995667,
    0.08171945810317993
  ],
  "amp_mean_y": [
    0.17273466289043427,
    0.32514697313308716,
    0.24448783695697784,
    0.23609252274036407,
    0.16651766002178192,
    0.15673372149467468,
    0.28076499700546265,
    0.3003620505332947,
    0.22475577890872955,
    0.2547526955604553,
    0.10576596856117249,
    0.11213469505310059,
    0.1618124097585678,
    0.09666579961776733
  ],
  "symmetry_ratio": [
    0.880535900592804,
    0.84587562084198,
    0.6687960624694824,
    0.6743870973587036,
    0.529752254486084,
    0.6672782301902771,
    0.541720449924469,
    0.7109351754188538,
    0.8927074074745178,
    1.0053818225860596,
    0.8476969599723816,
    1.0593485832214355,
    0.9181234836578369,
    0.8453812599182129
  ],
  "energy_distribution": [
    0.25197356939315796,
    0.20850630104541779,
    0.2325958013534546,
    0.30005472898483276,
    0.28625190258026123,
    0.3379015624523163,
    0.2913367450237274,
    0.34287816286087036,
    0.26847901940345764,
    0.22082257270812988,
    0.2381274700164795,
    0.35046061873435974,
    0.26766300201416016,
    0.3086808919906616
  ],
  "motion_stability": [
    1.3902373313903809,
    1.527512788772583,
    1.2677993774414062,
    1.448452115058899,
    1.242311954498291,
    1.6604480743408203,
    1.568150520324707,
    1.5611913204193115,
    1.60934317111969,
    1.2415294647216797,
    1.3047857284545898,
    1.2517857551574707,
    1.4061192274093628,
    1.3621282577514648
  ],
  "freq_entropy": [
    10.103001594543457,
    10.34351921081543,
    10.23344612121582,
    10.200130462646484,
    10.170618057250977,
    9.97217845916748,
    10.180031776428223,
    10.082483291625977,
    10.249988555908203,
    10.195759773254395,
    9.88775634765625,
    9.788040161132812,
    10.287981033325195,
    9.904495239257812
  ]
}