{
  "dominant_freq": [
    2.2034182305630026,
    3.390823844608172
  ],
  "amp_mean_x": [
    1.0175787210464478,
    1.3913700580596924
  ],
  "amp_mean_y": [
    1.495798110961914,
    1.1817680597305298
  ],
  "symmetry_ratio": [
    0.680291473865509,
    1.1773630380630493
  ],
  "energy_distribution": [
    0.17519523203372955,
    0.19095762073993683
  ],
  "motion_stability": [
    3.026775360107422,
    2.086402416229248
  ],
  "freq_entropy": [
    9.640466690063477,
    9.55738639831543
  ]
}