{
  "dominant_freq": [
    0.2905263157894737,
    0.10105263157894738,
    0.10105263157894738
  ],
  "amp_mean_x": [
    0.5205922722816467,
    0.37730416655540466,
    0.22229993343353271
  ],
  "amp_mean_y": [
    0.7500059008598328,
    0.2977951467037201,
    0.2601650655269623
  ],
  "symmetry_ratio": [
    0.694117546081543,
    1.2669923305511475,
    0.8544572591781616
  ],
  "energy_distribution": [
    0.22003817558288574,
    0.3258088529109955,
    0.3707720637321472
  ],
  "motion_stability": [
    1.5017669200897217,
    1.154656171798706,
    0.9062524437904358
  ],
  "freq_entropy": [
    9.085896492004395,
    8.662878036499023,
    8.679076194763184
  ]
}