{
  "dominant_freq": [
    0.5750000000000001,
    1.054166666666667,
    0.11500000000000002,
    3.935726210350585
  ],
  "amp_mean_x": [
    0.19235223531723022,
    0.24541833996772766,
    0.5187258124351501,
    0.46635138988494873
  ],
  "amp_mean_y": [
    0.2504825294017792,
    0.3861771523952484,
    0.7549536228179932,
    1.2528879642486572
  ],
  "symmetry_ratio": [
    0.7679267525672913,
    0.6355071663856506,
    0.6870962381362915,
    0.3722211420536041
  ],
  "energy_distribution": [
    0.22886450588703156,
    0.20481039583683014,
    0.3341917097568512,
    0.2102101892232895
  ],
  "motion_stability": [
    1.56547212600708,
    1.610334873199463,
    2.021272897720337,
    1.9931774139404297
  ],
  "freq_entropy": [
    8.518431663513184,
    8.503085136413574,
    8.178363800048828,
    8.376667976379395
  ]
}