{
  "dominant_freq": [
    0.4540136170212765,
    0.4693174468085106
  ],
  "amp_mean_x": [
    0.15668745338916779,
    0.20300868153572083
  ],
  "amp_mean_y": [
    0.1922450214624405,
    0.2565487325191498
  ],
  "symmetry_ratio": [
    0.8150403499603271,
    0.7913064956665039
  ],
  "energy_distribution": [
    0.25395891070365906,
    0.1798519641160965
  ],
  "motion_stability": [
    2.6516294479370117,
    2.65543794631958
  ],
  "freq_entropy": [
    10.120796203613281,
    10.010553359985352
  ]
}