{
  "dominant_freq": [
    0.14179354838709676,
    2.8140252631578946,
    0.30285473684210523
  ],
  "amp_mean_x": [
    1.7097474336624146,
    0.09192027896642685,
    0.06986868381500244
  ],
  "amp_mean_y": [
    4.717072486877441,
    0.19500738382339478,
    0.1380491852760315
  ],
  "symmetry_ratio": [
    0.3624594509601593,
    0.4713681936264038,
    0.5061144232749939
  ],
  "energy_distribution": [
    0.4006664454936981,
    0.27716144919395447,
    0.1924619823694229
  ],
  "motion_stability": [
    4.5529351234436035,
    1.7514970302581787,
    3.8717780113220215
  ],
  "freq_entropy": [
    8.377296447753906,
    8.768207550048828,
    9.410269737243652
  ]
}