{
  "dominant_freq": [
    1.448897522800525,
    0.11988011988011989
  ],
  "amp_mean_x": [
    0.08317124098539352,
    0.23679813742637634
  ],
  "amp_mean_y": [
    0.23061370849609375,
    0.8374537229537964
  ],
  "symmetry_ratio": [
    0.36065176129341125,
    0.2827596664428711
  ],
  "energy_distribution": [
    0.2142641395330429,
    0.279089093208313
  ],
  "motion_stability": [
    1.8596982955932617,
    2.1506190299987793
  ],
  "freq_entropy": [
    9.469148635864258,
    9.339611053466797
  ]
}