{
  "dominant_freq": [
    0.46678938053097335,
    3.0561682403433474
  ],
  "amp_mean_x": [
    2.707933187484741,
    1.4946544170379639
  ],
  "amp_mean_y": [
    3.2662627696990967,
    2.2109005451202393
  ],
  "symmetry_ratio": [
    0.8290616273880005,
    0.6760387420654297
  ],
  "energy_distribution": [
    0.21852922439575195,
    0.19864481687545776
  ],
  "motion_stability": [
    3.6945114135742188,
    4.071175575256348
  ],
  "freq_entropy": [
    10.27580738067627,
    10.32390022277832
  ]
}