{
  "dominant_freq": [
    5.6785263157894725,
    2.023291139240506,
    6.927802105263157
  ],
  "amp_mean_x": [
    0.2160387486219406,
    0.2546102702617645,
    0.21646471321582794
  ],
  "amp_mean_y": [
    0.671258807182312,
    0.7865461707115173,
    0.5126851797103882
  ],
  "symmetry_ratio": [
    0.32184121012687683,
    0.323706716299057,
    0.42221760749816895
  ],
  "energy_distribution": [
    0.20492170751094818,
    0.25083431601524353,
    0.22615313529968262
  ],
  "motion_stability": [
    1.5378479957580566,
    1.5311881303787231,
    1.6891331672668457
  ],
  "freq_entropy": [
    8.978082656860352,
    8.932682037353516,
    9.002909660339355
  ]
}